# Terranova — Avatar 1,63 m
# EXPLORER Stone-Age-Stil · flat shading · Maße in Metern · Y oben · Sohle auf y=0
mtllib terranova_avatar_referenz.mtl
v 0.12552 1.11928 0.10000
v 0.13081 1.12281 0.06667
v 0.13102 1.12295 0.03333
v 0.13102 1.12295 0.00000
v 0.13102 1.12295 -0.03333
v 0.13081 1.12281 -0.06667
v 0.12552 1.11928 -0.10000
v 0.14370 1.03560 0.10000
v 0.14975 1.03560 0.06667
v 0.15000 1.03560 0.03333
v 0.15000 1.03560 0.00000
v 0.15000 1.03560 -0.03333
v 0.14975 1.03560 -0.06667
v 0.14370 1.03560 -0.10000
v 0.12552 0.95192 0.10000
v 0.13081 0.94839 0.06667
v 0.13102 0.94825 0.03333
v 0.13102 0.94825 0.00000
v 0.13102 0.94825 -0.03333
v 0.13081 0.94839 -0.06667
v 0.12552 0.95192 -0.10000
v -0.12552 1.11928 -0.10000
v -0.13081 1.12281 -0.06667
v -0.13102 1.12295 -0.03333
v -0.13102 1.12295 0.00000
v -0.13102 1.12295 0.03333
v -0.13081 1.12281 0.06667
v -0.12552 1.11928 0.10000
v -0.14370 1.03560 -0.10000
v -0.14975 1.03560 -0.06667
v -0.15000 1.03560 -0.03333
v -0.15000 1.03560 0.00000
v -0.15000 1.03560 0.03333
v -0.14975 1.03560 0.06667
v -0.14370 1.03560 0.10000
v -0.12552 0.95192 -0.10000
v -0.13081 0.94839 -0.06667
v -0.13102 0.94825 -0.03333
v -0.13102 0.94825 0.00000
v -0.13102 0.94825 0.03333
v -0.13081 0.94839 0.06667
v -0.12552 0.95192 0.10000
v -0.12552 1.11928 -0.10000
v -0.08909 1.12469 -0.10000
v -0.04695 1.12950 -0.10000
v 0.00000 1.13140 -0.10000
v 0.04695 1.12950 -0.10000
v 0.08909 1.12469 -0.10000
v 0.12552 1.11928 -0.10000
v -0.13081 1.12281 -0.06667
v -0.09284 1.12844 -0.06667
v -0.04893 1.13345 -0.06667
v 0.00000 1.13544 -0.06667
v 0.04893 1.13345 -0.06667
v 0.09284 1.12844 -0.06667
v 0.13081 1.12281 -0.06667
v -0.13102 1.12295 -0.03333
v -0.09299 1.12859 -0.03333
v -0.04901 1.13361 -0.03333
v 0.00000 1.13560 -0.03333
v 0.04901 1.13361 -0.03333
v 0.09299 1.12859 -0.03333
v 0.13102 1.12295 -0.03333
v -0.13102 1.12295 0.00000
v -0.09299 1.12859 0.00000
v -0.04901 1.13361 0.00000
v 0.00000 1.13560 0.00000
v 0.04901 1.13361 0.00000
v 0.09299 1.12859 0.00000
v 0.13102 1.12295 0.00000
v -0.13102 1.12295 0.03333
v -0.09299 1.12859 0.03333
v -0.04901 1.13361 0.03333
v 0.00000 1.13560 0.03333
v 0.04901 1.13361 0.03333
v 0.09299 1.12859 0.03333
v 0.13102 1.12295 0.03333
v -0.13081 1.12281 0.06667
v -0.09284 1.12844 0.06667
v -0.04893 1.13345 0.06667
v 0.00000 1.13544 0.06667
v 0.04893 1.13345 0.06667
v 0.09284 1.12844 0.06667
v 0.13081 1.12281 0.06667
v -0.12552 1.11928 0.10000
v -0.08909 1.12469 0.10000
v -0.04695 1.12950 0.10000
v 0.00000 1.13140 0.10000
v 0.04695 1.12950 0.10000
v 0.08909 1.12469 0.10000
v 0.12552 1.11928 0.10000
v -0.12552 0.95192 0.10000
v -0.08909 0.94651 0.10000
v -0.04695 0.94170 0.10000
v 0.00000 0.93980 0.10000
v 0.04695 0.94170 0.10000
v 0.08909 0.94651 0.10000
v 0.12552 0.95192 0.10000
v -0.13081 0.94839 0.06667
v -0.09284 0.94276 0.06667
v -0.04893 0.93775 0.06667
v 0.00000 0.93576 0.06667
v 0.04893 0.93775 0.06667
v 0.09284 0.94276 0.06667
v 0.13081 0.94839 0.06667
v -0.13102 0.94825 0.03333
v -0.09299 0.94261 0.03333
v -0.04901 0.93759 0.03333
v 0.00000 0.93560 0.03333
v 0.04901 0.93759 0.03333
v 0.09299 0.94261 0.03333
v 0.13102 0.94825 0.03333
v -0.13102 0.94825 0.00000
v -0.09299 0.94261 0.00000
v -0.04901 0.93759 0.00000
v 0.00000 0.93560 0.00000
v 0.04901 0.93759 0.00000
v 0.09299 0.94261 0.00000
v 0.13102 0.94825 0.00000
v -0.13102 0.94825 -0.03333
v -0.09299 0.94261 -0.03333
v -0.04901 0.93759 -0.03333
v 0.00000 0.93560 -0.03333
v 0.04901 0.93759 -0.03333
v 0.09299 0.94261 -0.03333
v 0.13102 0.94825 -0.03333
v -0.13081 0.94839 -0.06667
v -0.09284 0.94276 -0.06667
v -0.04893 0.93775 -0.06667
v 0.00000 0.93576 -0.06667
v 0.04893 0.93775 -0.06667
v 0.09284 0.94276 -0.06667
v 0.13081 0.94839 -0.06667
v -0.12552 0.95192 -0.10000
v -0.08909 0.94651 -0.10000
v -0.04695 0.94170 -0.10000
v 0.00000 0.93980 -0.10000
v 0.04695 0.94170 -0.10000
v 0.08909 0.94651 -0.10000
v 0.12552 0.95192 -0.10000
v -0.12552 1.11928 0.10000
v -0.08909 1.12469 0.10000
v -0.04695 1.12950 0.10000
v 0.00000 1.13140 0.10000
v 0.04695 1.12950 0.10000
v 0.08909 1.12469 0.10000
v 0.12552 1.11928 0.10000
v -0.14370 1.03560 0.10000
v -0.09580 1.03560 0.10000
v -0.04790 1.03560 0.10000
v 0.00000 1.03560 0.10000
v 0.04790 1.03560 0.10000
v 0.09580 1.03560 0.10000
v 0.14370 1.03560 0.10000
v -0.12552 0.95192 0.10000
v -0.08909 0.94651 0.10000
v -0.04695 0.94170 0.10000
v 0.00000 0.93980 0.10000
v 0.04695 0.94170 0.10000
v 0.08909 0.94651 0.10000
v 0.12552 0.95192 0.10000
v 0.12552 1.11928 -0.10000
v 0.08909 1.12469 -0.10000
v 0.04695 1.12950 -0.10000
v 0.00000 1.13140 -0.10000
v -0.04695 1.12950 -0.10000
v -0.08909 1.12469 -0.10000
v -0.12552 1.11928 -0.10000
v 0.14370 1.03560 -0.10000
v 0.09580 1.03560 -0.10000
v 0.04790 1.03560 -0.10000
v 0.00000 1.03560 -0.10000
v -0.04790 1.03560 -0.10000
v -0.09580 1.03560 -0.10000
v -0.14370 1.03560 -0.10000
v 0.12552 0.95192 -0.10000
v 0.08909 0.94651 -0.10000
v 0.04695 0.94170 -0.10000
v 0.00000 0.93980 -0.10000
v -0.04695 0.94170 -0.10000
v -0.08909 0.94651 -0.10000
v -0.12552 0.95192 -0.10000
v 0.12428 1.30979 0.10250
v 0.12912 1.31485 0.06833
v 0.12932 1.31505 0.03417
v 0.12932 1.31505 0.00000
v 0.12932 1.31505 -0.03417
v 0.12912 1.31485 -0.06833
v 0.12428 1.30979 -0.10250
v 0.13945 1.22861 0.10250
v 0.14489 1.23050 0.06833
v 0.14511 1.23058 0.03417
v 0.14511 1.23058 0.00000
v 0.14511 1.23058 -0.03417
v 0.14489 1.23050 -0.06833
v 0.13945 1.22861 -0.10250
v 0.13945 1.13159 0.10250
v 0.14489 1.12970 0.06833
v 0.14511 1.12962 0.03417
v 0.14511 1.12962 0.00000
v 0.14511 1.12962 -0.03417
v 0.14489 1.12970 -0.06833
v 0.13945 1.13159 -0.10250
v 0.12428 1.05041 0.10250
v 0.12912 1.04535 0.06833
v 0.12932 1.04515 0.03417
v 0.12932 1.04515 0.00000
v 0.12932 1.04515 -0.03417
v 0.12912 1.04535 -0.06833
v 0.12428 1.05041 -0.10250
v -0.12428 1.30979 -0.10250
v -0.12912 1.31485 -0.06833
v -0.12932 1.31505 -0.03417
v -0.12932 1.31505 0.00000
v -0.12932 1.31505 0.03417
v -0.12912 1.31485 0.06833
v -0.12428 1.30979 0.10250
v -0.13945 1.22861 -0.10250
v -0.14489 1.23050 -0.06833
v -0.14511 1.23058 -0.03417
v -0.14511 1.23058 0.00000
v -0.14511 1.23058 0.03417
v -0.14489 1.23050 0.06833
v -0.13945 1.22861 0.10250
v -0.13945 1.13159 -0.10250
v -0.14489 1.12970 -0.06833
v -0.14511 1.12962 -0.03417
v -0.14511 1.12962 0.00000
v -0.14511 1.12962 0.03417
v -0.14489 1.12970 0.06833
v -0.13945 1.13159 0.10250
v -0.12428 1.05041 -0.10250
v -0.12912 1.04535 -0.06833
v -0.12932 1.04515 -0.03417
v -0.12932 1.04515 0.00000
v -0.12932 1.04515 0.03417
v -0.12912 1.04535 0.06833
v -0.12428 1.05041 0.10250
v -0.12428 1.30979 -0.10250
v 0.00000 1.32857 -0.10250
v 0.12428 1.30979 -0.10250
v -0.12912 1.31485 -0.06833
v 0.00000 1.33436 -0.06833
v 0.12912 1.31485 -0.06833
v -0.12932 1.31505 -0.03417
v 0.00000 1.33460 -0.03417
v 0.12932 1.31505 -0.03417
v -0.12932 1.31505 0.00000
v 0.00000 1.33460 0.00000
v 0.12932 1.31505 0.00000
v -0.12932 1.31505 0.03417
v 0.00000 1.33460 0.03417
v 0.12932 1.31505 0.03417
v -0.12912 1.31485 0.06833
v 0.00000 1.33436 0.06833
v 0.12912 1.31485 0.06833
v -0.12428 1.30979 0.10250
v 0.00000 1.32857 0.10250
v 0.12428 1.30979 0.10250
v -0.12428 1.05041 0.10250
v 0.00000 1.03163 0.10250
v 0.12428 1.05041 0.10250
v -0.12912 1.04535 0.06833
v 0.00000 1.02584 0.06833
v 0.12912 1.04535 0.06833
v -0.12932 1.04515 0.03417
v 0.00000 1.02560 0.03417
v 0.12932 1.04515 0.03417
v -0.12932 1.04515 0.00000
v 0.00000 1.02560 0.00000
v 0.12932 1.04515 0.00000
v -0.12932 1.04515 -0.03417
v 0.00000 1.02560 -0.03417
v 0.12932 1.04515 -0.03417
v -0.12912 1.04535 -0.06833
v 0.00000 1.02584 -0.06833
v 0.12912 1.04535 -0.06833
v -0.12428 1.05041 -0.10250
v 0.00000 1.03163 -0.10250
v 0.12428 1.05041 -0.10250
v -0.12428 1.30979 0.10250
v 0.00000 1.32857 0.10250
v 0.12428 1.30979 0.10250
v -0.13945 1.22861 0.10250
v 0.00000 1.22959 0.10250
v 0.13945 1.22861 0.10250
v -0.13945 1.13159 0.10250
v 0.00000 1.13061 0.10250
v 0.13945 1.13159 0.10250
v -0.12428 1.05041 0.10250
v 0.00000 1.03163 0.10250
v 0.12428 1.05041 0.10250
v 0.12428 1.30979 -0.10250
v 0.00000 1.32857 -0.10250
v -0.12428 1.30979 -0.10250
v 0.13945 1.22861 -0.10250
v 0.00000 1.22959 -0.10250
v -0.13945 1.22861 -0.10250
v 0.13945 1.13159 -0.10250
v 0.00000 1.13061 -0.10250
v -0.13945 1.13159 -0.10250
v 0.12428 1.05041 -0.10250
v 0.00000 1.03163 -0.10250
v -0.12428 1.05041 -0.10250
v 0.14390 1.26973 0.11750
v 0.15041 1.27539 0.07833
v 0.15068 1.27562 0.03917
v 0.15068 1.27562 0.00000
v 0.15068 1.27562 -0.03917
v 0.15041 1.27539 -0.07833
v 0.14390 1.26973 -0.11750
v 0.16474 1.14460 0.11750
v 0.17220 1.14460 0.07833
v 0.17250 1.14460 0.03917
v 0.17250 1.14460 0.00000
v 0.17250 1.14460 -0.03917
v 0.17220 1.14460 -0.07833
v 0.16474 1.14460 -0.11750
v 0.14390 1.01947 0.11750
v 0.15041 1.01381 0.07833
v 0.15068 1.01358 0.03917
v 0.15068 1.01358 0.00000
v 0.15068 1.01358 -0.03917
v 0.15041 1.01381 -0.07833
v 0.14390 1.01947 -0.11750
v -0.14390 1.26973 -0.11750
v -0.15041 1.27539 -0.07833
v -0.15068 1.27562 -0.03917
v -0.15068 1.27562 0.00000
v -0.15068 1.27562 0.03917
v -0.15041 1.27539 0.07833
v -0.14390 1.26973 0.11750
v -0.16474 1.14460 -0.11750
v -0.17220 1.14460 -0.07833
v -0.17250 1.14460 -0.03917
v -0.17250 1.14460 0.00000
v -0.17250 1.14460 0.03917
v -0.17220 1.14460 0.07833
v -0.16474 1.14460 0.11750
v -0.14390 1.01947 -0.11750
v -0.15041 1.01381 -0.07833
v -0.15068 1.01358 -0.03917
v -0.15068 1.01358 0.00000
v -0.15068 1.01358 0.03917
v -0.15041 1.01381 0.07833
v -0.14390 1.01947 0.11750
v -0.14390 1.26973 -0.11750
v -0.10213 1.27781 -0.11750
v -0.05382 1.28500 -0.11750
v 0.00000 1.28785 -0.11750
v 0.05382 1.28500 -0.11750
v 0.10213 1.27781 -0.11750
v 0.14390 1.26973 -0.11750
v -0.15041 1.27539 -0.07833
v -0.10675 1.28385 -0.07833
v -0.05626 1.29136 -0.07833
v 0.00000 1.29434 -0.07833
v 0.05626 1.29136 -0.07833
v 0.10675 1.28385 -0.07833
v 0.15041 1.27539 -0.07833
v -0.15068 1.27562 -0.03917
v -0.10694 1.28409 -0.03917
v -0.05636 1.29162 -0.03917
v 0.00000 1.29460 -0.03917
v 0.05636 1.29162 -0.03917
v 0.10694 1.28409 -0.03917
v 0.15068 1.27562 -0.03917
v -0.15068 1.27562 0.00000
v -0.10694 1.28409 0.00000
v -0.05636 1.29162 0.00000
v 0.00000 1.29460 0.00000
v 0.05636 1.29162 0.00000
v 0.10694 1.28409 0.00000
v 0.15068 1.27562 0.00000
v -0.15068 1.27562 0.03917
v -0.10694 1.28409 0.03917
v -0.05636 1.29162 0.03917
v 0.00000 1.29460 0.03917
v 0.05636 1.29162 0.03917
v 0.10694 1.28409 0.03917
v 0.15068 1.27562 0.03917
v -0.15041 1.27539 0.07833
v -0.10675 1.28385 0.07833
v -0.05626 1.29136 0.07833
v 0.00000 1.29434 0.07833
v 0.05626 1.29136 0.07833
v 0.10675 1.28385 0.07833
v 0.15041 1.27539 0.07833
v -0.14390 1.26973 0.11750
v -0.10213 1.27781 0.11750
v -0.05382 1.28500 0.11750
v 0.00000 1.28785 0.11750
v 0.05382 1.28500 0.11750
v 0.10213 1.27781 0.11750
v 0.14390 1.26973 0.11750
v -0.14390 1.01947 0.11750
v -0.10213 1.01139 0.11750
v -0.05382 1.00420 0.11750
v 0.00000 1.00135 0.11750
v 0.05382 1.00420 0.11750
v 0.10213 1.01139 0.11750
v 0.14390 1.01947 0.11750
v -0.15041 1.01381 0.07833
v -0.10675 1.00535 0.07833
v -0.05626 0.99784 0.07833
v 0.00000 0.99486 0.07833
v 0.05626 0.99784 0.07833
v 0.10675 1.00535 0.07833
v 0.15041 1.01381 0.07833
v -0.15068 1.01358 0.03917
v -0.10694 1.00511 0.03917
v -0.05636 0.99758 0.03917
v 0.00000 0.99460 0.03917
v 0.05636 0.99758 0.03917
v 0.10694 1.00511 0.03917
v 0.15068 1.01358 0.03917
v -0.15068 1.01358 0.00000
v -0.10694 1.00511 0.00000
v -0.05636 0.99758 0.00000
v 0.00000 0.99460 0.00000
v 0.05636 0.99758 0.00000
v 0.10694 1.00511 0.00000
v 0.15068 1.01358 0.00000
v -0.15068 1.01358 -0.03917
v -0.10694 1.00511 -0.03917
v -0.05636 0.99758 -0.03917
v 0.00000 0.99460 -0.03917
v 0.05636 0.99758 -0.03917
v 0.10694 1.00511 -0.03917
v 0.15068 1.01358 -0.03917
v -0.15041 1.01381 -0.07833
v -0.10675 1.00535 -0.07833
v -0.05626 0.99784 -0.07833
v 0.00000 0.99486 -0.07833
v 0.05626 0.99784 -0.07833
v 0.10675 1.00535 -0.07833
v 0.15041 1.01381 -0.07833
v -0.14390 1.01947 -0.11750
v -0.10213 1.01139 -0.11750
v -0.05382 1.00420 -0.11750
v 0.00000 1.00135 -0.11750
v 0.05382 1.00420 -0.11750
v 0.10213 1.01139 -0.11750
v 0.14390 1.01947 -0.11750
v -0.14390 1.26973 0.11750
v -0.10213 1.27781 0.11750
v -0.05382 1.28500 0.11750
v 0.00000 1.28785 0.11750
v 0.05382 1.28500 0.11750
v 0.10213 1.27781 0.11750
v 0.14390 1.26973 0.11750
v -0.16474 1.14460 0.11750
v -0.10983 1.14460 0.11750
v -0.05491 1.14460 0.11750
v 0.00000 1.14460 0.11750
v 0.05491 1.14460 0.11750
v 0.10983 1.14460 0.11750
v 0.16474 1.14460 0.11750
v -0.14390 1.01947 0.11750
v -0.10213 1.01139 0.11750
v -0.05382 1.00420 0.11750
v 0.00000 1.00135 0.11750
v 0.05382 1.00420 0.11750
v 0.10213 1.01139 0.11750
v 0.14390 1.01947 0.11750
v 0.14390 1.26973 -0.11750
v 0.10213 1.27781 -0.11750
v 0.05382 1.28500 -0.11750
v 0.00000 1.28785 -0.11750
v -0.05382 1.28500 -0.11750
v -0.10213 1.27781 -0.11750
v -0.14390 1.26973 -0.11750
v 0.16474 1.14460 -0.11750
v 0.10983 1.14460 -0.11750
v 0.05491 1.14460 -0.11750
v 0.00000 1.14460 -0.11750
v -0.05491 1.14460 -0.11750
v -0.10983 1.14460 -0.11750
v -0.16474 1.14460 -0.11750
v 0.14390 1.01947 -0.11750
v 0.10213 1.01139 -0.11750
v 0.05382 1.00420 -0.11750
v 0.00000 1.00135 -0.11750
v -0.05382 1.00420 -0.11750
v -0.10213 1.01139 -0.11750
v -0.14390 1.01947 -0.11750
v 0.15395 1.40608 0.10000
v 0.16340 1.40960 0.06667
v 0.16378 1.40974 0.03333
v 0.16378 1.40974 0.00000
v 0.16378 1.40974 -0.03333
v 0.16340 1.40960 -0.06667
v 0.15395 1.40608 -0.10000
v 0.16390 1.38939 0.10000
v 0.17395 1.39190 0.06667
v 0.17436 1.39200 0.03333
v 0.17436 1.39200 0.00000
v 0.17436 1.39200 -0.03333
v 0.17395 1.39190 -0.06667
v 0.16390 1.38939 -0.10000
v 0.17275 1.37010 0.10000
v 0.18334 1.37142 0.06667
v 0.18377 1.37147 0.03333
v 0.18377 1.37147 0.00000
v 0.18377 1.37147 -0.03333
v 0.18334 1.37142 -0.06667
v 0.17275 1.37010 -0.10000
v 0.17625 1.34860 0.10000
v 0.18706 1.34860 0.06667
v 0.18750 1.34860 0.03333
v 0.18750 1.34860 0.00000
v 0.18750 1.34860 -0.03333
v 0.18706 1.34860 -0.06667
v 0.17625 1.34860 -0.10000
v 0.17275 1.32710 0.10000
v 0.18334 1.32578 0.06667
v 0.18377 1.32573 0.03333
v 0.18377 1.32573 0.00000
v 0.18377 1.32573 -0.03333
v 0.18334 1.32578 -0.06667
v 0.17275 1.32710 -0.10000
v 0.16390 1.30781 0.10000
v 0.17395 1.30530 0.06667
v 0.17436 1.30520 0.03333
v 0.17436 1.30520 0.00000
v 0.17436 1.30520 -0.03333
v 0.17395 1.30530 -0.06667
v 0.16390 1.30781 -0.10000
v 0.15395 1.29112 0.10000
v 0.16340 1.28760 0.06667
v 0.16378 1.28746 0.03333
v 0.16378 1.28746 0.00000
v 0.16378 1.28746 -0.03333
v 0.16340 1.28760 -0.06667
v 0.15395 1.29112 -0.10000
v -0.15395 1.40608 -0.10000
v -0.16340 1.40960 -0.06667
v -0.16378 1.40974 -0.03333
v -0.16378 1.40974 0.00000
v -0.16378 1.40974 0.03333
v -0.16340 1.40960 0.06667
v -0.15395 1.40608 0.10000
v -0.16390 1.38939 -0.10000
v -0.17395 1.39190 -0.06667
v -0.17436 1.39200 -0.03333
v -0.17436 1.39200 0.00000
v -0.17436 1.39200 0.03333
v -0.17395 1.39190 0.06667
v -0.16390 1.38939 0.10000
v -0.17275 1.37010 -0.10000
v -0.18334 1.37142 -0.06667
v -0.18377 1.37147 -0.03333
v -0.18377 1.37147 0.00000
v -0.18377 1.37147 0.03333
v -0.18334 1.37142 0.06667
v -0.17275 1.37010 0.10000
v -0.17625 1.34860 -0.10000
v -0.18706 1.34860 -0.06667
v -0.18750 1.34860 -0.03333
v -0.18750 1.34860 0.00000
v -0.18750 1.34860 0.03333
v -0.18706 1.34860 0.06667
v -0.17625 1.34860 0.10000
v -0.17275 1.32710 -0.10000
v -0.18334 1.32578 -0.06667
v -0.18377 1.32573 -0.03333
v -0.18377 1.32573 0.00000
v -0.18377 1.32573 0.03333
v -0.18334 1.32578 0.06667
v -0.17275 1.32710 0.10000
v -0.16390 1.30781 -0.10000
v -0.17395 1.30530 -0.06667
v -0.17436 1.30520 -0.03333
v -0.17436 1.30520 0.00000
v -0.17436 1.30520 0.03333
v -0.17395 1.30530 0.06667
v -0.16390 1.30781 0.10000
v -0.15395 1.29112 -0.10000
v -0.16340 1.28760 -0.06667
v -0.16378 1.28746 -0.03333
v -0.16378 1.28746 0.00000
v -0.16378 1.28746 0.03333
v -0.16340 1.28760 0.06667
v -0.15395 1.29112 0.10000
v -0.15395 1.40608 -0.10000
v -0.10927 1.40979 -0.10000
v -0.05758 1.41309 -0.10000
v 0.00000 1.41440 -0.10000
v 0.05758 1.41309 -0.10000
v 0.10927 1.40979 -0.10000
v 0.15395 1.40608 -0.10000
v -0.16340 1.40960 -0.06667
v -0.11597 1.41354 -0.06667
v -0.06111 1.41705 -0.06667
v 0.00000 1.41844 -0.06667
v 0.06111 1.41705 -0.06667
v 0.11597 1.41354 -0.06667
v 0.16340 1.40960 -0.06667
v -0.16378 1.40974 -0.03333
v -0.11624 1.41369 -0.03333
v -0.06126 1.41721 -0.03333
v 0.00000 1.41860 -0.03333
v 0.06126 1.41721 -0.03333
v 0.11624 1.41369 -0.03333
v 0.16378 1.40974 -0.03333
v -0.16378 1.40974 0.00000
v -0.11624 1.41370 0.00000
v -0.06126 1.41721 0.00000
v 0.00000 1.41860 0.00000
v 0.06126 1.41721 0.00000
v 0.11624 1.41370 0.00000
v 0.16378 1.40974 0.00000
v -0.16378 1.40974 0.03333
v -0.11624 1.41369 0.03333
v -0.06126 1.41721 0.03333
v 0.00000 1.41860 0.03333
v 0.06126 1.41721 0.03333
v 0.11624 1.41369 0.03333
v 0.16378 1.40974 0.03333
v -0.16340 1.40960 0.06667
v -0.11597 1.41354 0.06667
v -0.06111 1.41705 0.06667
v 0.00000 1.41844 0.06667
v 0.06111 1.41705 0.06667
v 0.11597 1.41354 0.06667
v 0.16340 1.40960 0.06667
v -0.15395 1.40608 0.10000
v -0.10927 1.40979 0.10000
v -0.05758 1.41309 0.10000
v 0.00000 1.41440 0.10000
v 0.05758 1.41309 0.10000
v 0.10927 1.40979 0.10000
v 0.15395 1.40608 0.10000
v -0.15395 1.29112 0.10000
v -0.10927 1.28741 0.10000
v -0.05758 1.28411 0.10000
v 0.00000 1.28280 0.10000
v 0.05758 1.28411 0.10000
v 0.10927 1.28741 0.10000
v 0.15395 1.29112 0.10000
v -0.16340 1.28760 0.06667
v -0.11597 1.28366 0.06667
v -0.06111 1.28015 0.06667
v 0.00000 1.27876 0.06667
v 0.06111 1.28015 0.06667
v 0.11597 1.28366 0.06667
v 0.16340 1.28760 0.06667
v -0.16378 1.28746 0.03333
v -0.11624 1.28351 0.03333
v -0.06126 1.27999 0.03333
v 0.00000 1.27860 0.03333
v 0.06126 1.27999 0.03333
v 0.11624 1.28351 0.03333
v 0.16378 1.28746 0.03333
v -0.16378 1.28746 0.00000
v -0.11624 1.28350 0.00000
v -0.06126 1.27999 0.00000
v 0.00000 1.27860 0.00000
v 0.06126 1.27999 0.00000
v 0.11624 1.28350 0.00000
v 0.16378 1.28746 0.00000
v -0.16378 1.28746 -0.03333
v -0.11624 1.28351 -0.03333
v -0.06126 1.27999 -0.03333
v 0.00000 1.27860 -0.03333
v 0.06126 1.27999 -0.03333
v 0.11624 1.28351 -0.03333
v 0.16378 1.28746 -0.03333
v -0.16340 1.28760 -0.06667
v -0.11597 1.28366 -0.06667
v -0.06111 1.28015 -0.06667
v 0.00000 1.27876 -0.06667
v 0.06111 1.28015 -0.06667
v 0.11597 1.28366 -0.06667
v 0.16340 1.28760 -0.06667
v -0.15395 1.29112 -0.10000
v -0.10927 1.28741 -0.10000
v -0.05758 1.28411 -0.10000
v 0.00000 1.28280 -0.10000
v 0.05758 1.28411 -0.10000
v 0.10927 1.28741 -0.10000
v 0.15395 1.29112 -0.10000
v -0.15395 1.40608 0.10000
v -0.10927 1.40979 0.10000
v -0.05758 1.41309 0.10000
v 0.00000 1.41440 0.10000
v 0.05758 1.41309 0.10000
v 0.10927 1.40979 0.10000
v 0.15395 1.40608 0.10000
v -0.16390 1.38939 0.10000
v -0.10264 1.38692 0.10000
v -0.05624 1.39059 0.10000
v 0.00000 1.39247 0.10000
v 0.05624 1.39059 0.10000
v 0.10264 1.38692 0.10000
v 0.16390 1.38939 0.10000
v -0.17275 1.37010 0.10000
v -0.11248 1.36960 0.10000
v -0.05132 1.36776 0.10000
v 0.00000 1.37053 0.10000
v 0.05132 1.36776 0.10000
v 0.11248 1.36960 0.10000
v 0.17275 1.37010 0.10000
v -0.17625 1.34860 0.10000
v -0.11750 1.34860 0.10000
v -0.05875 1.34860 0.10000
v 0.00000 1.34860 0.10000
v 0.05875 1.34860 0.10000
v 0.11750 1.34860 0.10000
v 0.17625 1.34860 0.10000
v -0.17275 1.32710 0.10000
v -0.11248 1.32760 0.10000
v -0.05132 1.32944 0.10000
v 0.00000 1.32667 0.10000
v 0.05132 1.32944 0.10000
v 0.11248 1.32760 0.10000
v 0.17275 1.32710 0.10000
v -0.16390 1.30781 0.10000
v -0.10264 1.31028 0.10000
v -0.05624 1.30661 0.10000
v 0.00000 1.30473 0.10000
v 0.05624 1.30661 0.10000
v 0.10264 1.31028 0.10000
v 0.16390 1.30781 0.10000
v -0.15395 1.29112 0.10000
v -0.10927 1.28741 0.10000
v -0.05758 1.28411 0.10000
v 0.00000 1.28280 0.10000
v 0.05758 1.28411 0.10000
v 0.10927 1.28741 0.10000
v 0.15395 1.29112 0.10000
v 0.15395 1.40608 -0.10000
v 0.10927 1.40979 -0.10000
v 0.05758 1.41309 -0.10000
v 0.00000 1.41440 -0.10000
v -0.05758 1.41309 -0.10000
v -0.10927 1.40979 -0.10000
v -0.15395 1.40608 -0.10000
v 0.16390 1.38939 -0.10000
v 0.10264 1.38692 -0.10000
v 0.05624 1.39059 -0.10000
v 0.00000 1.39247 -0.10000
v -0.05624 1.39059 -0.10000
v -0.10264 1.38692 -0.10000
v -0.16390 1.38939 -0.10000
v 0.17275 1.37010 -0.10000
v 0.11248 1.36960 -0.10000
v 0.05132 1.36776 -0.10000
v 0.00000 1.37053 -0.10000
v -0.05132 1.36776 -0.10000
v -0.11248 1.36960 -0.10000
v -0.17275 1.37010 -0.10000
v 0.17625 1.34860 -0.10000
v 0.11750 1.34860 -0.10000
v 0.05875 1.34860 -0.10000
v 0.00000 1.34860 -0.10000
v -0.05875 1.34860 -0.10000
v -0.11750 1.34860 -0.10000
v -0.17625 1.34860 -0.10000
v 0.17275 1.32710 -0.10000
v 0.11248 1.32760 -0.10000
v 0.05132 1.32944 -0.10000
v 0.00000 1.32667 -0.10000
v -0.05132 1.32944 -0.10000
v -0.11248 1.32760 -0.10000
v -0.17275 1.32710 -0.10000
v 0.16390 1.30781 -0.10000
v 0.10264 1.31028 -0.10000
v 0.05624 1.30661 -0.10000
v 0.00000 1.30473 -0.10000
v -0.05624 1.30661 -0.10000
v -0.10264 1.31028 -0.10000
v -0.16390 1.30781 -0.10000
v 0.15395 1.29112 -0.10000
v 0.10927 1.28741 -0.10000
v 0.05758 1.28411 -0.10000
v 0.00000 1.28280 -0.10000
v -0.05758 1.28411 -0.10000
v -0.10927 1.28741 -0.10000
v -0.15395 1.29112 -0.10000
v 0.03490 1.40734 0.05350
v 0.03704 1.40910 0.03767
v 0.03712 1.40917 0.02183
v 0.03712 1.40917 0.00600
v 0.03712 1.40917 -0.00983
v 0.03704 1.40910 -0.02567
v 0.03490 1.40734 -0.04150
v 0.03715 1.39900 0.05350
v 0.03943 1.40025 0.03767
v 0.03952 1.40030 0.02183
v 0.03952 1.40030 0.00600
v 0.03952 1.40030 -0.00983
v 0.03943 1.40025 -0.02567
v 0.03715 1.39900 -0.04150
v 0.03916 1.38935 0.05350
v 0.04156 1.39001 0.03767
v 0.04165 1.39003 0.02183
v 0.04165 1.39003 0.00600
v 0.04165 1.39003 -0.00983
v 0.04156 1.39001 -0.02567
v 0.03916 1.38935 -0.04150
v 0.03995 1.37860 0.05350
v 0.04240 1.37860 0.03767
v 0.04250 1.37860 0.02183
v 0.04250 1.37860 0.00600
v 0.04250 1.37860 -0.00983
v 0.04240 1.37860 -0.02567
v 0.03995 1.37860 -0.04150
v 0.03916 1.36785 0.05350
v 0.04156 1.36719 0.03767
v 0.04165 1.36717 0.02183
v 0.04165 1.36717 0.00600
v 0.04165 1.36717 -0.00983
v 0.04156 1.36719 -0.02567
v 0.03916 1.36785 -0.04150
v 0.03715 1.35820 0.05350
v 0.03943 1.35695 0.03767
v 0.03952 1.35690 0.02183
v 0.03952 1.35690 0.00600
v 0.03952 1.35690 -0.00983
v 0.03943 1.35695 -0.02567
v 0.03715 1.35820 -0.04150
v 0.03490 1.34986 0.05350
v 0.03704 1.34810 0.03767
v 0.03712 1.34803 0.02183
v 0.03712 1.34803 0.00600
v 0.03712 1.34803 -0.00983
v 0.03704 1.34810 -0.02567
v 0.03490 1.34986 -0.04150
v -0.03490 1.40734 -0.04150
v -0.03704 1.40910 -0.02567
v -0.03712 1.40917 -0.00983
v -0.03712 1.40917 0.00600
v -0.03712 1.40917 0.02183
v -0.03704 1.40910 0.03767
v -0.03490 1.40734 0.05350
v -0.03715 1.39900 -0.04150
v -0.03943 1.40025 -0.02567
v -0.03952 1.40030 -0.00983
v -0.03952 1.40030 0.00600
v -0.03952 1.40030 0.02183
v -0.03943 1.40025 0.03767
v -0.03715 1.39900 0.05350
v -0.03916 1.38935 -0.04150
v -0.04156 1.39001 -0.02567
v -0.04165 1.39003 -0.00983
v -0.04165 1.39003 0.00600
v -0.04165 1.39003 0.02183
v -0.04156 1.39001 0.03767
v -0.03916 1.38935 0.05350
v -0.03995 1.37860 -0.04150
v -0.04240 1.37860 -0.02567
v -0.04250 1.37860 -0.00983
v -0.04250 1.37860 0.00600
v -0.04250 1.37860 0.02183
v -0.04240 1.37860 0.03767
v -0.03995 1.37860 0.05350
v -0.03916 1.36785 -0.04150
v -0.04156 1.36719 -0.02567
v -0.04165 1.36717 -0.00983
v -0.04165 1.36717 0.00600
v -0.04165 1.36717 0.02183
v -0.04156 1.36719 0.03767
v -0.03916 1.36785 0.05350
v -0.03715 1.35820 -0.04150
v -0.03943 1.35695 -0.02567
v -0.03952 1.35690 -0.00983
v -0.03952 1.35690 0.00600
v -0.03952 1.35690 0.02183
v -0.03943 1.35695 0.03767
v -0.03715 1.35820 0.05350
v -0.03490 1.34986 -0.04150
v -0.03704 1.34810 -0.02567
v -0.03712 1.34803 -0.00983
v -0.03712 1.34803 0.00600
v -0.03712 1.34803 0.02183
v -0.03704 1.34810 0.03767
v -0.03490 1.34986 0.05350
v -0.03490 1.40734 -0.04150
v -0.02477 1.40919 -0.04150
v -0.01305 1.41085 -0.04150
v 0.00000 1.41150 -0.04150
v 0.01305 1.41085 -0.04150
v 0.02477 1.40919 -0.04150
v 0.03490 1.40734 -0.04150
v -0.03704 1.40910 -0.02567
v -0.02629 1.41107 -0.02567
v -0.01385 1.41282 -0.02567
v 0.00000 1.41352 -0.02567
v 0.01385 1.41282 -0.02567
v 0.02629 1.41107 -0.02567
v 0.03704 1.40910 -0.02567
v -0.03712 1.40917 -0.00983
v -0.02635 1.41115 -0.00983
v -0.01388 1.41290 -0.00983
v 0.00000 1.41360 -0.00983
v 0.01388 1.41290 -0.00983
v 0.02635 1.41115 -0.00983
v 0.03712 1.40917 -0.00983
v -0.03712 1.40917 0.00600
v -0.02635 1.41115 0.00600
v -0.01388 1.41290 0.00600
v 0.00000 1.41360 0.00600
v 0.01388 1.41290 0.00600
v 0.02635 1.41115 0.00600
v 0.03712 1.40917 0.00600
v -0.03712 1.40917 0.02183
v -0.02635 1.41115 0.02183
v -0.01388 1.41290 0.02183
v 0.00000 1.41360 0.02183
v 0.01388 1.41290 0.02183
v 0.02635 1.41115 0.02183
v 0.03712 1.40917 0.02183
v -0.03704 1.40910 0.03767
v -0.02629 1.41107 0.03767
v -0.01385 1.41282 0.03767
v 0.00000 1.41352 0.03767
v 0.01385 1.41282 0.03767
v 0.02629 1.41107 0.03767
v 0.03704 1.40910 0.03767
v -0.03490 1.40734 0.05350
v -0.02477 1.40919 0.05350
v -0.01305 1.41085 0.05350
v 0.00000 1.41150 0.05350
v 0.01305 1.41085 0.05350
v 0.02477 1.40919 0.05350
v 0.03490 1.40734 0.05350
v -0.03490 1.34986 0.05350
v -0.02477 1.34801 0.05350
v -0.01305 1.34635 0.05350
v 0.00000 1.34570 0.05350
v 0.01305 1.34635 0.05350
v 0.02477 1.34801 0.05350
v 0.03490 1.34986 0.05350
v -0.03704 1.34810 0.03767
v -0.02629 1.34613 0.03767
v -0.01385 1.34438 0.03767
v 0.00000 1.34368 0.03767
v 0.01385 1.34438 0.03767
v 0.02629 1.34613 0.03767
v 0.03704 1.34810 0.03767
v -0.03712 1.34803 0.02183
v -0.02635 1.34605 0.02183
v -0.01388 1.34430 0.02183
v 0.00000 1.34360 0.02183
v 0.01388 1.34430 0.02183
v 0.02635 1.34605 0.02183
v 0.03712 1.34803 0.02183
v -0.03712 1.34803 0.00600
v -0.02635 1.34605 0.00600
v -0.01388 1.34430 0.00600
v 0.00000 1.34360 0.00600
v 0.01388 1.34430 0.00600
v 0.02635 1.34605 0.00600
v 0.03712 1.34803 0.00600
v -0.03712 1.34803 -0.00983
v -0.02635 1.34605 -0.00983
v -0.01388 1.34430 -0.00983
v 0.00000 1.34360 -0.00983
v 0.01388 1.34430 -0.00983
v 0.02635 1.34605 -0.00983
v 0.03712 1.34803 -0.00983
v -0.03704 1.34810 -0.02567
v -0.02629 1.34613 -0.02567
v -0.01385 1.34438 -0.02567
v 0.00000 1.34368 -0.02567
v 0.01385 1.34438 -0.02567
v 0.02629 1.34613 -0.02567
v 0.03704 1.34810 -0.02567
v -0.03490 1.34986 -0.04150
v -0.02477 1.34801 -0.04150
v -0.01305 1.34635 -0.04150
v 0.00000 1.34570 -0.04150
v 0.01305 1.34635 -0.04150
v 0.02477 1.34801 -0.04150
v 0.03490 1.34986 -0.04150
v -0.03490 1.40734 0.05350
v -0.02477 1.40919 0.05350
v -0.01305 1.41085 0.05350
v 0.00000 1.41150 0.05350
v 0.01305 1.41085 0.05350
v 0.02477 1.40919 0.05350
v 0.03490 1.40734 0.05350
v -0.03715 1.39900 0.05350
v -0.02326 1.39776 0.05350
v -0.01275 1.39960 0.05350
v 0.00000 1.40053 0.05350
v 0.01275 1.39960 0.05350
v 0.02326 1.39776 0.05350
v 0.03715 1.39900 0.05350
v -0.03916 1.38935 0.05350
v -0.02549 1.38910 0.05350
v -0.01163 1.38818 0.05350
v 0.00000 1.38957 0.05350
v 0.01163 1.38818 0.05350
v 0.02549 1.38910 0.05350
v 0.03916 1.38935 0.05350
v -0.03995 1.37860 0.05350
v -0.02663 1.37860 0.05350
v -0.01332 1.37860 0.05350
v 0.00000 1.37860 0.05350
v 0.01332 1.37860 0.05350
v 0.02663 1.37860 0.05350
v 0.03995 1.37860 0.05350
v -0.03916 1.36785 0.05350
v -0.02549 1.36810 0.05350
v -0.01163 1.36902 0.05350
v 0.00000 1.36763 0.05350
v 0.01163 1.36902 0.05350
v 0.02549 1.36810 0.05350
v 0.03916 1.36785 0.05350
v -0.03715 1.35820 0.05350
v -0.02326 1.35944 0.05350
v -0.01275 1.35760 0.05350
v 0.00000 1.35667 0.05350
v 0.01275 1.35760 0.05350
v 0.02326 1.35944 0.05350
v 0.03715 1.35820 0.05350
v -0.03490 1.34986 0.05350
v -0.02477 1.34801 0.05350
v -0.01305 1.34635 0.05350
v 0.00000 1.34570 0.05350
v 0.01305 1.34635 0.05350
v 0.02477 1.34801 0.05350
v 0.03490 1.34986 0.05350
v 0.03490 1.40734 -0.04150
v 0.02477 1.40919 -0.04150
v 0.01305 1.41085 -0.04150
v 0.00000 1.41150 -0.04150
v -0.01305 1.41085 -0.04150
v -0.02477 1.40919 -0.04150
v -0.03490 1.40734 -0.04150
v 0.03715 1.39900 -0.04150
v 0.02326 1.39776 -0.04150
v 0.01275 1.39960 -0.04150
v 0.00000 1.40053 -0.04150
v -0.01275 1.39960 -0.04150
v -0.02326 1.39776 -0.04150
v -0.03715 1.39900 -0.04150
v 0.03916 1.38935 -0.04150
v 0.02549 1.38910 -0.04150
v 0.01163 1.38818 -0.04150
v 0.00000 1.38957 -0.04150
v -0.01163 1.38818 -0.04150
v -0.02549 1.38910 -0.04150
v -0.03916 1.38935 -0.04150
v 0.03995 1.37860 -0.04150
v 0.02663 1.37860 -0.04150
v 0.01332 1.37860 -0.04150
v 0.00000 1.37860 -0.04150
v -0.01332 1.37860 -0.04150
v -0.02663 1.37860 -0.04150
v -0.03995 1.37860 -0.04150
v 0.03916 1.36785 -0.04150
v 0.02549 1.36810 -0.04150
v 0.01163 1.36902 -0.04150
v 0.00000 1.36763 -0.04150
v -0.01163 1.36902 -0.04150
v -0.02549 1.36810 -0.04150
v -0.03916 1.36785 -0.04150
v 0.03715 1.35820 -0.04150
v 0.02326 1.35944 -0.04150
v 0.01275 1.35760 -0.04150
v 0.00000 1.35667 -0.04150
v -0.01275 1.35760 -0.04150
v -0.02326 1.35944 -0.04150
v -0.03715 1.35820 -0.04150
v 0.03490 1.34986 -0.04150
v 0.02477 1.34801 -0.04150
v 0.01305 1.34635 -0.04150
v 0.00000 1.34570 -0.04150
v -0.01305 1.34635 -0.04150
v -0.02477 1.34801 -0.04150
v -0.03490 1.34986 -0.04150
v 0.07692 1.61405 0.10550
v 0.08065 1.61717 0.07300
v 0.08080 1.61730 0.04050
v 0.08080 1.61730 0.00800
v 0.08080 1.61730 -0.02450
v 0.08065 1.61717 -0.05700
v 0.07692 1.61405 -0.08950
v 0.08806 1.54960 0.10550
v 0.09233 1.54960 0.07300
v 0.09250 1.54960 0.04050
v 0.09250 1.54960 0.00800
v 0.09250 1.54960 -0.02450
v 0.09233 1.54960 -0.05700
v 0.08806 1.54960 -0.08950
v 0.07692 1.48515 0.10550
v 0.08065 1.48203 0.07300
v 0.08080 1.48190 0.04050
v 0.08080 1.48190 0.00800
v 0.08080 1.48190 -0.02450
v 0.08065 1.48203 -0.05700
v 0.07692 1.48515 -0.08950
v -0.07692 1.61405 -0.08950
v -0.08065 1.61717 -0.05700
v -0.08080 1.61730 -0.02450
v -0.08080 1.61730 0.00800
v -0.08080 1.61730 0.04050
v -0.08065 1.61717 0.07300
v -0.07692 1.61405 0.10550
v -0.08806 1.54960 -0.08950
v -0.09233 1.54960 -0.05700
v -0.09250 1.54960 -0.02450
v -0.09250 1.54960 0.00800
v -0.09250 1.54960 0.04050
v -0.09233 1.54960 0.07300
v -0.08806 1.54960 0.10550
v -0.07692 1.48515 -0.08950
v -0.08065 1.48203 -0.05700
v -0.08080 1.48190 -0.02450
v -0.08080 1.48190 0.00800
v -0.08080 1.48190 0.04050
v -0.08065 1.48203 0.07300
v -0.07692 1.48515 0.10550
v -0.07692 1.61405 -0.08950
v 0.00000 1.62338 -0.08950
v 0.07692 1.61405 -0.08950
v -0.08065 1.61717 -0.05700
v 0.00000 1.62695 -0.05700
v 0.08065 1.61717 -0.05700
v -0.08080 1.61730 -0.02450
v 0.00000 1.62710 -0.02450
v 0.08080 1.61730 -0.02450
v -0.08080 1.61730 0.00800
v 0.00000 1.62710 0.00800
v 0.08080 1.61730 0.00800
v -0.08080 1.61730 0.04050
v 0.00000 1.62710 0.04050
v 0.08080 1.61730 0.04050
v -0.08065 1.61717 0.07300
v 0.00000 1.62695 0.07300
v 0.08065 1.61717 0.07300
v -0.07692 1.61405 0.10550
v 0.00000 1.62338 0.10550
v 0.07692 1.61405 0.10550
v -0.07692 1.48515 0.10550
v 0.00000 1.47582 0.10550
v 0.07692 1.48515 0.10550
v -0.08065 1.48203 0.07300
v 0.00000 1.47225 0.07300
v 0.08065 1.48203 0.07300
v -0.08080 1.48190 0.04050
v 0.00000 1.47210 0.04050
v 0.08080 1.48190 0.04050
v -0.08080 1.48190 0.00800
v 0.00000 1.47210 0.00800
v 0.08080 1.48190 0.00800
v -0.08080 1.48190 -0.02450
v 0.00000 1.47210 -0.02450
v 0.08080 1.48190 -0.02450
v -0.08065 1.48203 -0.05700
v 0.00000 1.47225 -0.05700
v 0.08065 1.48203 -0.05700
v -0.07692 1.48515 -0.08950
v 0.00000 1.47582 -0.08950
v 0.07692 1.48515 -0.08950
v -0.07692 1.61405 0.10550
v 0.00000 1.62338 0.10550
v 0.07692 1.61405 0.10550
v -0.08806 1.54960 0.10550
v 0.00000 1.54960 0.10550
v 0.08806 1.54960 0.10550
v -0.07692 1.48515 0.10550
v 0.00000 1.47582 0.10550
v 0.07692 1.48515 0.10550
v 0.07692 1.61405 -0.08950
v 0.00000 1.62338 -0.08950
v -0.07692 1.61405 -0.08950
v 0.08806 1.54960 -0.08950
v 0.00000 1.54960 -0.08950
v -0.08806 1.54960 -0.08950
v 0.07692 1.48515 -0.08950
v 0.00000 1.47582 -0.08950
v -0.07692 1.48515 -0.08950
v 0.08470 1.62092 0.09650
v 0.08934 1.62318 0.06233
v 0.08953 1.62327 0.02817
v 0.08953 1.62327 -0.00600
v 0.08953 1.62327 -0.04017
v 0.08934 1.62318 -0.07433
v 0.08470 1.62092 -0.10850
v 0.09017 1.60892 0.09650
v 0.09512 1.61053 0.06233
v 0.09532 1.61060 0.02817
v 0.09532 1.61060 -0.00600
v 0.09532 1.61060 -0.04017
v 0.09512 1.61053 -0.07433
v 0.09017 1.60892 -0.10850
v 0.09504 1.59505 0.09650
v 0.10025 1.59590 0.06233
v 0.10046 1.59594 0.02817
v 0.10046 1.59594 -0.00600
v 0.10046 1.59594 -0.04017
v 0.10025 1.59590 -0.07433
v 0.09504 1.59505 -0.10850
v 0.09697 1.57960 0.09650
v 0.10228 1.57960 0.06233
v 0.10250 1.57960 0.02817
v 0.10250 1.57960 -0.00600
v 0.10250 1.57960 -0.04017
v 0.10228 1.57960 -0.07433
v 0.09697 1.57960 -0.10850
v 0.09504 1.56415 0.09650
v 0.10025 1.56330 0.06233
v 0.10046 1.56326 0.02817
v 0.10046 1.56326 -0.00600
v 0.10046 1.56326 -0.04017
v 0.10025 1.56330 -0.07433
v 0.09504 1.56415 -0.10850
v 0.09017 1.55028 0.09650
v 0.09512 1.54867 0.06233
v 0.09532 1.54860 0.02817
v 0.09532 1.54860 -0.00600
v 0.09532 1.54860 -0.04017
v 0.09512 1.54867 -0.07433
v 0.09017 1.55028 -0.10850
v 0.08470 1.53828 0.09650
v 0.08934 1.53602 0.06233
v 0.08953 1.53593 0.02817
v 0.08953 1.53593 -0.00600
v 0.08953 1.53593 -0.04017
v 0.08934 1.53602 -0.07433
v 0.08470 1.53828 -0.10850
v -0.08470 1.62092 -0.10850
v -0.08934 1.62318 -0.07433
v -0.08953 1.62327 -0.04017
v -0.08953 1.62327 -0.00600
v -0.08953 1.62327 0.02817
v -0.08934 1.62318 0.06233
v -0.08470 1.62092 0.09650
v -0.09017 1.60892 -0.10850
v -0.09512 1.61053 -0.07433
v -0.09532 1.61060 -0.04017
v -0.09532 1.61060 -0.00600
v -0.09532 1.61060 0.02817
v -0.09512 1.61053 0.06233
v -0.09017 1.60892 0.09650
v -0.09504 1.59505 -0.10850
v -0.10025 1.59590 -0.07433
v -0.10046 1.59594 -0.04017
v -0.10046 1.59594 -0.00600
v -0.10046 1.59594 0.02817
v -0.10025 1.59590 0.06233
v -0.09504 1.59505 0.09650
v -0.09697 1.57960 -0.10850
v -0.10228 1.57960 -0.07433
v -0.10250 1.57960 -0.04017
v -0.10250 1.57960 -0.00600
v -0.10250 1.57960 0.02817
v -0.10228 1.57960 0.06233
v -0.09697 1.57960 0.09650
v -0.09504 1.56415 -0.10850
v -0.10025 1.56330 -0.07433
v -0.10046 1.56326 -0.04017
v -0.10046 1.56326 -0.00600
v -0.10046 1.56326 0.02817
v -0.10025 1.56330 0.06233
v -0.09504 1.56415 0.09650
v -0.09017 1.55028 -0.10850
v -0.09512 1.54867 -0.07433
v -0.09532 1.54860 -0.04017
v -0.09532 1.54860 -0.00600
v -0.09532 1.54860 0.02817
v -0.09512 1.54867 0.06233
v -0.09017 1.55028 0.09650
v -0.08470 1.53828 -0.10850
v -0.08934 1.53602 -0.07433
v -0.08953 1.53593 -0.04017
v -0.08953 1.53593 -0.00600
v -0.08953 1.53593 0.02817
v -0.08934 1.53602 0.06233
v -0.08470 1.53828 0.09650
v -0.08470 1.62092 -0.10850
v -0.06011 1.62359 -0.10850
v -0.03168 1.62596 -0.10850
v 0.00000 1.62690 -0.10850
v 0.03168 1.62596 -0.10850
v 0.06011 1.62359 -0.10850
v 0.08470 1.62092 -0.10850
v -0.08934 1.62318 -0.07433
v -0.06341 1.62600 -0.07433
v -0.03342 1.62850 -0.07433
v 0.00000 1.62949 -0.07433
v 0.03342 1.62850 -0.07433
v 0.06341 1.62600 -0.07433
v 0.08934 1.62318 -0.07433
v -0.08953 1.62327 -0.04017
v -0.06354 1.62610 -0.04017
v -0.03349 1.62861 -0.04017
v 0.00000 1.62960 -0.04017
v 0.03349 1.62861 -0.04017
v 0.06354 1.62610 -0.04017
v 0.08953 1.62327 -0.04017
v -0.08953 1.62327 -0.00600
v -0.06355 1.62610 -0.00600
v -0.03349 1.62861 -0.00600
v 0.00000 1.62960 -0.00600
v 0.03349 1.62861 -0.00600
v 0.06355 1.62610 -0.00600
v 0.08953 1.62327 -0.00600
v -0.08953 1.62327 0.02817
v -0.06354 1.62610 0.02817
v -0.03349 1.62861 0.02817
v 0.00000 1.62960 0.02817
v 0.03349 1.62861 0.02817
v 0.06354 1.62610 0.02817
v 0.08953 1.62327 0.02817
v -0.08934 1.62318 0.06233
v -0.06341 1.62600 0.06233
v -0.03342 1.62850 0.06233
v 0.00000 1.62949 0.06233
v 0.03342 1.62850 0.06233
v 0.06341 1.62600 0.06233
v 0.08934 1.62318 0.06233
v -0.08470 1.62092 0.09650
v -0.06011 1.62359 0.09650
v -0.03168 1.62596 0.09650
v 0.00000 1.62690 0.09650
v 0.03168 1.62596 0.09650
v 0.06011 1.62359 0.09650
v 0.08470 1.62092 0.09650
v -0.08470 1.53828 0.09650
v -0.06011 1.53561 0.09650
v -0.03168 1.53324 0.09650
v 0.00000 1.53230 0.09650
v 0.03168 1.53324 0.09650
v 0.06011 1.53561 0.09650
v 0.08470 1.53828 0.09650
v -0.08934 1.53602 0.06233
v -0.06341 1.53320 0.06233
v -0.03342 1.53070 0.06233
v 0.00000 1.52971 0.06233
v 0.03342 1.53070 0.06233
v 0.06341 1.53320 0.06233
v 0.08934 1.53602 0.06233
v -0.08953 1.53593 0.02817
v -0.06354 1.53310 0.02817
v -0.03349 1.53059 0.02817
v 0.00000 1.52960 0.02817
v 0.03349 1.53059 0.02817
v 0.06354 1.53310 0.02817
v 0.08953 1.53593 0.02817
v -0.08953 1.53593 -0.00600
v -0.06355 1.53310 -0.00600
v -0.03349 1.53059 -0.00600
v 0.00000 1.52960 -0.00600
v 0.03349 1.53059 -0.00600
v 0.06355 1.53310 -0.00600
v 0.08953 1.53593 -0.00600
v -0.08953 1.53593 -0.04017
v -0.06354 1.53310 -0.04017
v -0.03349 1.53059 -0.04017
v 0.00000 1.52960 -0.04017
v 0.03349 1.53059 -0.04017
v 0.06354 1.53310 -0.04017
v 0.08953 1.53593 -0.04017
v -0.08934 1.53602 -0.07433
v -0.06341 1.53320 -0.07433
v -0.03342 1.53070 -0.07433
v 0.00000 1.52971 -0.07433
v 0.03342 1.53070 -0.07433
v 0.06341 1.53320 -0.07433
v 0.08934 1.53602 -0.07433
v -0.08470 1.53828 -0.10850
v -0.06011 1.53561 -0.10850
v -0.03168 1.53324 -0.10850
v 0.00000 1.53230 -0.10850
v 0.03168 1.53324 -0.10850
v 0.06011 1.53561 -0.10850
v 0.08470 1.53828 -0.10850
v -0.08470 1.62092 0.09650
v -0.06011 1.62359 0.09650
v -0.03168 1.62596 0.09650
v 0.00000 1.62690 0.09650
v 0.03168 1.62596 0.09650
v 0.06011 1.62359 0.09650
v 0.08470 1.62092 0.09650
v -0.09017 1.60892 0.09650
v -0.05647 1.60714 0.09650
v -0.03094 1.60979 0.09650
v 0.00000 1.61113 0.09650
v 0.03094 1.60979 0.09650
v 0.05647 1.60714 0.09650
v 0.09017 1.60892 0.09650
v -0.09504 1.59505 0.09650
v -0.06188 1.59469 0.09650
v -0.02823 1.59337 0.09650
v 0.00000 1.59537 0.09650
v 0.02823 1.59337 0.09650
v 0.06188 1.59469 0.09650
v 0.09504 1.59505 0.09650
v -0.09697 1.57960 0.09650
v -0.06464 1.57960 0.09650
v -0.03232 1.57960 0.09650
v 0.00000 1.57960 0.09650
v 0.03232 1.57960 0.09650
v 0.06464 1.57960 0.09650
v 0.09697 1.57960 0.09650
v -0.09504 1.56415 0.09650
v -0.06188 1.56451 0.09650
v -0.02823 1.56583 0.09650
v 0.00000 1.56383 0.09650
v 0.02823 1.56583 0.09650
v 0.06188 1.56451 0.09650
v 0.09504 1.56415 0.09650
v -0.09017 1.55028 0.09650
v -0.05647 1.55206 0.09650
v -0.03094 1.54941 0.09650
v 0.00000 1.54807 0.09650
v 0.03094 1.54941 0.09650
v 0.05647 1.55206 0.09650
v 0.09017 1.55028 0.09650
v -0.08470 1.53828 0.09650
v -0.06011 1.53561 0.09650
v -0.03168 1.53324 0.09650
v 0.00000 1.53230 0.09650
v 0.03168 1.53324 0.09650
v 0.06011 1.53561 0.09650
v 0.08470 1.53828 0.09650
v 0.08470 1.62092 -0.10850
v 0.06011 1.62359 -0.10850
v 0.03168 1.62596 -0.10850
v 0.00000 1.62690 -0.10850
v -0.03168 1.62596 -0.10850
v -0.06011 1.62359 -0.10850
v -0.08470 1.62092 -0.10850
v 0.09017 1.60892 -0.10850
v 0.05647 1.60714 -0.10850
v 0.03094 1.60979 -0.10850
v 0.00000 1.61113 -0.10850
v -0.03094 1.60979 -0.10850
v -0.05647 1.60714 -0.10850
v -0.09017 1.60892 -0.10850
v 0.09504 1.59505 -0.10850
v 0.06188 1.59469 -0.10850
v 0.02823 1.59337 -0.10850
v 0.00000 1.59537 -0.10850
v -0.02823 1.59337 -0.10850
v -0.06188 1.59469 -0.10850
v -0.09504 1.59505 -0.10850
v 0.09697 1.57960 -0.10850
v 0.06464 1.57960 -0.10850
v 0.03232 1.57960 -0.10850
v 0.00000 1.57960 -0.10850
v -0.03232 1.57960 -0.10850
v -0.06464 1.57960 -0.10850
v -0.09697 1.57960 -0.10850
v 0.09504 1.56415 -0.10850
v 0.06188 1.56451 -0.10850
v 0.02823 1.56583 -0.10850
v 0.00000 1.56383 -0.10850
v -0.02823 1.56583 -0.10850
v -0.06188 1.56451 -0.10850
v -0.09504 1.56415 -0.10850
v 0.09017 1.55028 -0.10850
v 0.05647 1.55206 -0.10850
v 0.03094 1.54941 -0.10850
v 0.00000 1.54807 -0.10850
v -0.03094 1.54941 -0.10850
v -0.05647 1.55206 -0.10850
v -0.09017 1.55028 -0.10850
v 0.08470 1.53828 -0.10850
v 0.06011 1.53561 -0.10850
v 0.03168 1.53324 -0.10850
v 0.00000 1.53230 -0.10850
v -0.03168 1.53324 -0.10850
v -0.06011 1.53561 -0.10850
v -0.08470 1.53828 -0.10850
v 0.04721 1.54150 0.11550
v 0.05011 1.54364 0.10633
v 0.05023 1.54372 0.09717
v 0.05023 1.54372 0.08800
v 0.05023 1.54372 0.07883
v 0.05011 1.54364 0.06967
v 0.04721 1.54150 0.06050
v 0.05026 1.53137 0.11550
v 0.05335 1.53289 0.10633
v 0.05347 1.53295 0.09717
v 0.05347 1.53295 0.08800
v 0.05347 1.53295 0.07883
v 0.05335 1.53289 0.06967
v 0.05026 1.53137 0.06050
v 0.05298 1.51965 0.11550
v 0.05622 1.52045 0.10633
v 0.05636 1.52048 0.09717
v 0.05636 1.52048 0.08800
v 0.05636 1.52048 0.07883
v 0.05622 1.52045 0.06967
v 0.05298 1.51965 0.06050
v 0.05405 1.50660 0.11550
v 0.05737 1.50660 0.10633
v 0.05750 1.50660 0.09717
v 0.05750 1.50660 0.08800
v 0.05750 1.50660 0.07883
v 0.05737 1.50660 0.06967
v 0.05405 1.50660 0.06050
v 0.05298 1.49355 0.11550
v 0.05622 1.49275 0.10633
v 0.05636 1.49272 0.09717
v 0.05636 1.49272 0.08800
v 0.05636 1.49272 0.07883
v 0.05622 1.49275 0.06967
v 0.05298 1.49355 0.06050
v 0.05026 1.48183 0.11550
v 0.05335 1.48031 0.10633
v 0.05347 1.48025 0.09717
v 0.05347 1.48025 0.08800
v 0.05347 1.48025 0.07883
v 0.05335 1.48031 0.06967
v 0.05026 1.48183 0.06050
v 0.04721 1.47170 0.11550
v 0.05011 1.46956 0.10633
v 0.05023 1.46948 0.09717
v 0.05023 1.46948 0.08800
v 0.05023 1.46948 0.07883
v 0.05011 1.46956 0.06967
v 0.04721 1.47170 0.06050
v -0.04721 1.54150 0.06050
v -0.05011 1.54364 0.06967
v -0.05023 1.54372 0.07883
v -0.05023 1.54372 0.08800
v -0.05023 1.54372 0.09717
v -0.05011 1.54364 0.10633
v -0.04721 1.54150 0.11550
v -0.05026 1.53137 0.06050
v -0.05335 1.53289 0.06967
v -0.05347 1.53295 0.07883
v -0.05347 1.53295 0.08800
v -0.05347 1.53295 0.09717
v -0.05335 1.53289 0.10633
v -0.05026 1.53137 0.11550
v -0.05298 1.51965 0.06050
v -0.05622 1.52045 0.06967
v -0.05636 1.52048 0.07883
v -0.05636 1.52048 0.08800
v -0.05636 1.52048 0.09717
v -0.05622 1.52045 0.10633
v -0.05298 1.51965 0.11550
v -0.05405 1.50660 0.06050
v -0.05737 1.50660 0.06967
v -0.05750 1.50660 0.07883
v -0.05750 1.50660 0.08800
v -0.05750 1.50660 0.09717
v -0.05737 1.50660 0.10633
v -0.05405 1.50660 0.11550
v -0.05298 1.49355 0.06050
v -0.05622 1.49275 0.06967
v -0.05636 1.49272 0.07883
v -0.05636 1.49272 0.08800
v -0.05636 1.49272 0.09717
v -0.05622 1.49275 0.10633
v -0.05298 1.49355 0.11550
v -0.05026 1.48183 0.06050
v -0.05335 1.48031 0.06967
v -0.05347 1.48025 0.07883
v -0.05347 1.48025 0.08800
v -0.05347 1.48025 0.09717
v -0.05335 1.48031 0.10633
v -0.05026 1.48183 0.11550
v -0.04721 1.47170 0.06050
v -0.05011 1.46956 0.06967
v -0.05023 1.46948 0.07883
v -0.05023 1.46948 0.08800
v -0.05023 1.46948 0.09717
v -0.05011 1.46956 0.10633
v -0.04721 1.47170 0.11550
v -0.04721 1.54150 0.06050
v -0.03351 1.54375 0.06050
v -0.01766 1.54576 0.06050
v 0.00000 1.54655 0.06050
v 0.01766 1.54576 0.06050
v 0.03351 1.54375 0.06050
v 0.04721 1.54150 0.06050
v -0.05011 1.54364 0.06967
v -0.03556 1.54603 0.06967
v -0.01874 1.54816 0.06967
v 0.00000 1.54900 0.06967
v 0.01874 1.54816 0.06967
v 0.03556 1.54603 0.06967
v 0.05011 1.54364 0.06967
v -0.05023 1.54372 0.07883
v -0.03565 1.54612 0.07883
v -0.01879 1.54825 0.07883
v 0.00000 1.54910 0.07883
v 0.01879 1.54825 0.07883
v 0.03565 1.54612 0.07883
v 0.05023 1.54372 0.07883
v -0.05023 1.54372 0.08800
v -0.03565 1.54612 0.08800
v -0.01879 1.54825 0.08800
v 0.00000 1.54910 0.08800
v 0.01879 1.54825 0.08800
v 0.03565 1.54612 0.08800
v 0.05023 1.54372 0.08800
v -0.05023 1.54372 0.09717
v -0.03565 1.54612 0.09717
v -0.01879 1.54825 0.09717
v 0.00000 1.54910 0.09717
v 0.01879 1.54825 0.09717
v 0.03565 1.54612 0.09717
v 0.05023 1.54372 0.09717
v -0.05011 1.54364 0.10633
v -0.03556 1.54603 0.10633
v -0.01874 1.54816 0.10633
v 0.00000 1.54900 0.10633
v 0.01874 1.54816 0.10633
v 0.03556 1.54603 0.10633
v 0.05011 1.54364 0.10633
v -0.04721 1.54150 0.11550
v -0.03351 1.54375 0.11550
v -0.01766 1.54576 0.11550
v 0.00000 1.54655 0.11550
v 0.01766 1.54576 0.11550
v 0.03351 1.54375 0.11550
v 0.04721 1.54150 0.11550
v -0.04721 1.47170 0.11550
v -0.03351 1.46945 0.11550
v -0.01766 1.46744 0.11550
v 0.00000 1.46665 0.11550
v 0.01766 1.46744 0.11550
v 0.03351 1.46945 0.11550
v 0.04721 1.47170 0.11550
v -0.05011 1.46956 0.10633
v -0.03556 1.46717 0.10633
v -0.01874 1.46504 0.10633
v 0.00000 1.46420 0.10633
v 0.01874 1.46504 0.10633
v 0.03556 1.46717 0.10633
v 0.05011 1.46956 0.10633
v -0.05023 1.46948 0.09717
v -0.03565 1.46708 0.09717
v -0.01879 1.46495 0.09717
v 0.00000 1.46410 0.09717
v 0.01879 1.46495 0.09717
v 0.03565 1.46708 0.09717
v 0.05023 1.46948 0.09717
v -0.05023 1.46948 0.08800
v -0.03565 1.46708 0.08800
v -0.01879 1.46495 0.08800
v 0.00000 1.46410 0.08800
v 0.01879 1.46495 0.08800
v 0.03565 1.46708 0.08800
v 0.05023 1.46948 0.08800
v -0.05023 1.46948 0.07883
v -0.03565 1.46708 0.07883
v -0.01879 1.46495 0.07883
v 0.00000 1.46410 0.07883
v 0.01879 1.46495 0.07883
v 0.03565 1.46708 0.07883
v 0.05023 1.46948 0.07883
v -0.05011 1.46956 0.06967
v -0.03556 1.46717 0.06967
v -0.01874 1.46504 0.06967
v 0.00000 1.46420 0.06967
v 0.01874 1.46504 0.06967
v 0.03556 1.46717 0.06967
v 0.05011 1.46956 0.06967
v -0.04721 1.47170 0.06050
v -0.03351 1.46945 0.06050
v -0.01766 1.46744 0.06050
v 0.00000 1.46665 0.06050
v 0.01766 1.46744 0.06050
v 0.03351 1.46945 0.06050
v 0.04721 1.47170 0.06050
v -0.04721 1.54150 0.11550
v -0.03351 1.54375 0.11550
v -0.01766 1.54576 0.11550
v 0.00000 1.54655 0.11550
v 0.01766 1.54576 0.11550
v 0.03351 1.54375 0.11550
v 0.04721 1.54150 0.11550
v -0.05026 1.53137 0.11550
v -0.03147 1.52986 0.11550
v -0.01725 1.53209 0.11550
v 0.00000 1.53323 0.11550
v 0.01725 1.53209 0.11550
v 0.03147 1.52986 0.11550
v 0.05026 1.53137 0.11550
v -0.05298 1.51965 0.11550
v -0.03449 1.51935 0.11550
v -0.01574 1.51823 0.11550
v 0.00000 1.51992 0.11550
v 0.01574 1.51823 0.11550
v 0.03449 1.51935 0.11550
v 0.05298 1.51965 0.11550
v -0.05405 1.50660 0.11550
v -0.03603 1.50660 0.11550
v -0.01802 1.50660 0.11550
v 0.00000 1.50660 0.11550
v 0.01802 1.50660 0.11550
v 0.03603 1.50660 0.11550
v 0.05405 1.50660 0.11550
v -0.05298 1.49355 0.11550
v -0.03449 1.49385 0.11550
v -0.01574 1.49497 0.11550
v 0.00000 1.49328 0.11550
v 0.01574 1.49497 0.11550
v 0.03449 1.49385 0.11550
v 0.05298 1.49355 0.11550
v -0.05026 1.48183 0.11550
v -0.03147 1.48334 0.11550
v -0.01725 1.48111 0.11550
v 0.00000 1.47997 0.11550
v 0.01725 1.48111 0.11550
v 0.03147 1.48334 0.11550
v 0.05026 1.48183 0.11550
v -0.04721 1.47170 0.11550
v -0.03351 1.46945 0.11550
v -0.01766 1.46744 0.11550
v 0.00000 1.46665 0.11550
v 0.01766 1.46744 0.11550
v 0.03351 1.46945 0.11550
v 0.04721 1.47170 0.11550
v 0.04721 1.54150 0.06050
v 0.03351 1.54375 0.06050
v 0.01766 1.54576 0.06050
v 0.00000 1.54655 0.06050
v -0.01766 1.54576 0.06050
v -0.03351 1.54375 0.06050
v -0.04721 1.54150 0.06050
v 0.05026 1.53137 0.06050
v 0.03147 1.52986 0.06050
v 0.01725 1.53209 0.06050
v 0.00000 1.53323 0.06050
v -0.01725 1.53209 0.06050
v -0.03147 1.52986 0.06050
v -0.05026 1.53137 0.06050
v 0.05298 1.51965 0.06050
v 0.03449 1.51935 0.06050
v 0.01574 1.51823 0.06050
v 0.00000 1.51992 0.06050
v -0.01574 1.51823 0.06050
v -0.03449 1.51935 0.06050
v -0.05298 1.51965 0.06050
v 0.05405 1.50660 0.06050
v 0.03603 1.50660 0.06050
v 0.01802 1.50660 0.06050
v 0.00000 1.50660 0.06050
v -0.01802 1.50660 0.06050
v -0.03603 1.50660 0.06050
v -0.05405 1.50660 0.06050
v 0.05298 1.49355 0.06050
v 0.03449 1.49385 0.06050
v 0.01574 1.49497 0.06050
v 0.00000 1.49328 0.06050
v -0.01574 1.49497 0.06050
v -0.03449 1.49385 0.06050
v -0.05298 1.49355 0.06050
v 0.05026 1.48183 0.06050
v 0.03147 1.48334 0.06050
v 0.01725 1.48111 0.06050
v 0.00000 1.47997 0.06050
v -0.01725 1.48111 0.06050
v -0.03147 1.48334 0.06050
v -0.05026 1.48183 0.06050
v 0.04721 1.47170 0.06050
v 0.03351 1.46945 0.06050
v 0.01766 1.46744 0.06050
v 0.00000 1.46665 0.06050
v -0.01766 1.46744 0.06050
v -0.03351 1.46945 0.06050
v -0.04721 1.47170 0.06050
v -0.01989 1.54046 0.10650
v -0.01989 1.54046 0.10350
v -0.01989 1.54046 0.10050
v -0.01989 1.54046 0.09750
v -0.01989 1.54046 0.09450
v -0.01989 1.54046 0.09150
v -0.01989 1.54046 0.08850
v -0.01927 1.53716 0.10650
v -0.01927 1.53716 0.10350
v -0.01927 1.53716 0.10050
v -0.01927 1.53716 0.09750
v -0.01927 1.53716 0.09450
v -0.01927 1.53716 0.09150
v -0.01927 1.53716 0.08850
v -0.01872 1.53335 0.10650
v -0.01872 1.53335 0.10350
v -0.01872 1.53335 0.10050
v -0.01872 1.53335 0.09750
v -0.01872 1.53335 0.09450
v -0.01872 1.53335 0.09150
v -0.01872 1.53335 0.08850
v -0.01850 1.52910 0.10650
v -0.01850 1.52910 0.10350
v -0.01850 1.52910 0.10050
v -0.01850 1.52910 0.09750
v -0.01850 1.52910 0.09450
v -0.01850 1.52910 0.09150
v -0.01850 1.52910 0.08850
v -0.01872 1.52485 0.10650
v -0.01872 1.52485 0.10350
v -0.01872 1.52485 0.10050
v -0.01872 1.52485 0.09750
v -0.01872 1.52485 0.09450
v -0.01872 1.52485 0.09150
v -0.01872 1.52485 0.08850
v -0.01927 1.52104 0.10650
v -0.01927 1.52104 0.10350
v -0.01927 1.52104 0.10050
v -0.01927 1.52104 0.09750
v -0.01927 1.52104 0.09450
v -0.01927 1.52104 0.09150
v -0.01927 1.52104 0.08850
v -0.01989 1.51774 0.10650
v -0.01989 1.51774 0.10350
v -0.01989 1.51774 0.10050
v -0.01989 1.51774 0.09750
v -0.01989 1.51774 0.09450
v -0.01989 1.51774 0.09150
v -0.01989 1.51774 0.08850
v -0.03911 1.54046 0.08850
v -0.03911 1.54046 0.09150
v -0.03911 1.54046 0.09450
v -0.03911 1.54046 0.09750
v -0.03911 1.54046 0.10050
v -0.03911 1.54046 0.10350
v -0.03911 1.54046 0.10650
v -0.03973 1.53716 0.08850
v -0.03973 1.53716 0.09150
v -0.03973 1.53716 0.09450
v -0.03973 1.53716 0.09750
v -0.03973 1.53716 0.10050
v -0.03973 1.53716 0.10350
v -0.03973 1.53716 0.10650
v -0.04028 1.53335 0.08850
v -0.04028 1.53335 0.09150
v -0.04028 1.53335 0.09450
v -0.04028 1.53335 0.09750
v -0.04028 1.53335 0.10050
v -0.04028 1.53335 0.10350
v -0.04028 1.53335 0.10650
v -0.04050 1.52910 0.08850
v -0.04050 1.52910 0.09150
v -0.04050 1.52910 0.09450
v -0.04050 1.52910 0.09750
v -0.04050 1.52910 0.10050
v -0.04050 1.52910 0.10350
v -0.04050 1.52910 0.10650
v -0.04028 1.52485 0.08850
v -0.04028 1.52485 0.09150
v -0.04028 1.52485 0.09450
v -0.04028 1.52485 0.09750
v -0.04028 1.52485 0.10050
v -0.04028 1.52485 0.10350
v -0.04028 1.52485 0.10650
v -0.03973 1.52104 0.08850
v -0.03973 1.52104 0.09150
v -0.03973 1.52104 0.09450
v -0.03973 1.52104 0.09750
v -0.03973 1.52104 0.10050
v -0.03973 1.52104 0.10350
v -0.03973 1.52104 0.10650
v -0.03911 1.51774 0.08850
v -0.03911 1.51774 0.09150
v -0.03911 1.51774 0.09450
v -0.03911 1.51774 0.09750
v -0.03911 1.51774 0.10050
v -0.03911 1.51774 0.10350
v -0.03911 1.51774 0.10650
v -0.03911 1.54046 0.08850
v -0.03632 1.54119 0.08850
v -0.03309 1.54184 0.08850
v -0.02950 1.54210 0.08850
v -0.02591 1.54184 0.08850
v -0.02268 1.54119 0.08850
v -0.01989 1.54046 0.08850
v -0.03911 1.54046 0.09150
v -0.03632 1.54119 0.09150
v -0.03309 1.54184 0.09150
v -0.02950 1.54210 0.09150
v -0.02591 1.54184 0.09150
v -0.02268 1.54119 0.09150
v -0.01989 1.54046 0.09150
v -0.03911 1.54046 0.09450
v -0.03632 1.54119 0.09450
v -0.03309 1.54184 0.09450
v -0.02950 1.54210 0.09450
v -0.02591 1.54184 0.09450
v -0.02268 1.54119 0.09450
v -0.01989 1.54046 0.09450
v -0.03911 1.54046 0.09750
v -0.03632 1.54119 0.09750
v -0.03309 1.54184 0.09750
v -0.02950 1.54210 0.09750
v -0.02591 1.54184 0.09750
v -0.02268 1.54119 0.09750
v -0.01989 1.54046 0.09750
v -0.03911 1.54046 0.10050
v -0.03632 1.54119 0.10050
v -0.03309 1.54184 0.10050
v -0.02950 1.54210 0.10050
v -0.02591 1.54184 0.10050
v -0.02268 1.54119 0.10050
v -0.01989 1.54046 0.10050
v -0.03911 1.54046 0.10350
v -0.03632 1.54119 0.10350
v -0.03309 1.54184 0.10350
v -0.02950 1.54210 0.10350
v -0.02591 1.54184 0.10350
v -0.02268 1.54119 0.10350
v -0.01989 1.54046 0.10350
v -0.03911 1.54046 0.10650
v -0.03632 1.54119 0.10650
v -0.03309 1.54184 0.10650
v -0.02950 1.54210 0.10650
v -0.02591 1.54184 0.10650
v -0.02268 1.54119 0.10650
v -0.01989 1.54046 0.10650
v -0.03911 1.51774 0.10650
v -0.03632 1.51701 0.10650
v -0.03309 1.51636 0.10650
v -0.02950 1.51610 0.10650
v -0.02591 1.51636 0.10650
v -0.02268 1.51701 0.10650
v -0.01989 1.51774 0.10650
v -0.03911 1.51774 0.10350
v -0.03632 1.51701 0.10350
v -0.03309 1.51636 0.10350
v -0.02950 1.51610 0.10350
v -0.02591 1.51636 0.10350
v -0.02268 1.51701 0.10350
v -0.01989 1.51774 0.10350
v -0.03911 1.51774 0.10050
v -0.03632 1.51701 0.10050
v -0.03309 1.51636 0.10050
v -0.02950 1.51610 0.10050
v -0.02591 1.51636 0.10050
v -0.02268 1.51701 0.10050
v -0.01989 1.51774 0.10050
v -0.03911 1.51774 0.09750
v -0.03632 1.51701 0.09750
v -0.03309 1.51636 0.09750
v -0.02950 1.51610 0.09750
v -0.02591 1.51636 0.09750
v -0.02268 1.51701 0.09750
v -0.01989 1.51774 0.09750
v -0.03911 1.51774 0.09450
v -0.03632 1.51701 0.09450
v -0.03309 1.51636 0.09450
v -0.02950 1.51610 0.09450
v -0.02591 1.51636 0.09450
v -0.02268 1.51701 0.09450
v -0.01989 1.51774 0.09450
v -0.03911 1.51774 0.09150
v -0.03632 1.51701 0.09150
v -0.03309 1.51636 0.09150
v -0.02950 1.51610 0.09150
v -0.02591 1.51636 0.09150
v -0.02268 1.51701 0.09150
v -0.01989 1.51774 0.09150
v -0.03911 1.51774 0.08850
v -0.03632 1.51701 0.08850
v -0.03309 1.51636 0.08850
v -0.02950 1.51610 0.08850
v -0.02591 1.51636 0.08850
v -0.02268 1.51701 0.08850
v -0.01989 1.51774 0.08850
v -0.03911 1.54046 0.10650
v -0.03632 1.54119 0.10650
v -0.03309 1.54184 0.10650
v -0.02950 1.54210 0.10650
v -0.02591 1.54184 0.10650
v -0.02268 1.54119 0.10650
v -0.01989 1.54046 0.10650
v -0.03973 1.53716 0.10650
v -0.03591 1.53667 0.10650
v -0.03301 1.53740 0.10650
v -0.02950 1.53777 0.10650
v -0.02599 1.53740 0.10650
v -0.02309 1.53667 0.10650
v -0.01927 1.53716 0.10650
v -0.04028 1.53335 0.10650
v -0.03652 1.53325 0.10650
v -0.03270 1.53289 0.10650
v -0.02950 1.53343 0.10650
v -0.02630 1.53289 0.10650
v -0.02248 1.53325 0.10650
v -0.01872 1.53335 0.10650
v -0.04050 1.52910 0.10650
v -0.03683 1.52910 0.10650
v -0.03317 1.52910 0.10650
v -0.02950 1.52910 0.10650
v -0.02583 1.52910 0.10650
v -0.02217 1.52910 0.10650
v -0.01850 1.52910 0.10650
v -0.04028 1.52485 0.10650
v -0.03652 1.52495 0.10650
v -0.03270 1.52531 0.10650
v -0.02950 1.52477 0.10650
v -0.02630 1.52531 0.10650
v -0.02248 1.52495 0.10650
v -0.01872 1.52485 0.10650
v -0.03973 1.52104 0.10650
v -0.03591 1.52153 0.10650
v -0.03301 1.52080 0.10650
v -0.02950 1.52043 0.10650
v -0.02599 1.52080 0.10650
v -0.02309 1.52153 0.10650
v -0.01927 1.52104 0.10650
v -0.03911 1.51774 0.10650
v -0.03632 1.51701 0.10650
v -0.03309 1.51636 0.10650
v -0.02950 1.51610 0.10650
v -0.02591 1.51636 0.10650
v -0.02268 1.51701 0.10650
v -0.01989 1.51774 0.10650
v -0.01989 1.54046 0.08850
v -0.02268 1.54119 0.08850
v -0.02591 1.54184 0.08850
v -0.02950 1.54210 0.08850
v -0.03309 1.54184 0.08850
v -0.03632 1.54119 0.08850
v -0.03911 1.54046 0.08850
v -0.01927 1.53716 0.08850
v -0.02309 1.53667 0.08850
v -0.02599 1.53740 0.08850
v -0.02950 1.53777 0.08850
v -0.03301 1.53740 0.08850
v -0.03591 1.53667 0.08850
v -0.03973 1.53716 0.08850
v -0.01872 1.53335 0.08850
v -0.02248 1.53325 0.08850
v -0.02630 1.53289 0.08850
v -0.02950 1.53343 0.08850
v -0.03270 1.53289 0.08850
v -0.03652 1.53325 0.08850
v -0.04028 1.53335 0.08850
v -0.01850 1.52910 0.08850
v -0.02217 1.52910 0.08850
v -0.02583 1.52910 0.08850
v -0.02950 1.52910 0.08850
v -0.03317 1.52910 0.08850
v -0.03683 1.52910 0.08850
v -0.04050 1.52910 0.08850
v -0.01872 1.52485 0.08850
v -0.02248 1.52495 0.08850
v -0.02630 1.52531 0.08850
v -0.02950 1.52477 0.08850
v -0.03270 1.52531 0.08850
v -0.03652 1.52495 0.08850
v -0.04028 1.52485 0.08850
v -0.01927 1.52104 0.08850
v -0.02309 1.52153 0.08850
v -0.02599 1.52080 0.08850
v -0.02950 1.52043 0.08850
v -0.03301 1.52080 0.08850
v -0.03591 1.52153 0.08850
v -0.03973 1.52104 0.08850
v -0.01989 1.51774 0.08850
v -0.02268 1.51701 0.08850
v -0.02591 1.51636 0.08850
v -0.02950 1.51610 0.08850
v -0.03309 1.51636 0.08850
v -0.03632 1.51701 0.08850
v -0.03911 1.51774 0.08850
v 0.03911 1.54046 0.10650
v 0.03911 1.54046 0.10350
v 0.03911 1.54046 0.10050
v 0.03911 1.54046 0.09750
v 0.03911 1.54046 0.09450
v 0.03911 1.54046 0.09150
v 0.03911 1.54046 0.08850
v 0.03973 1.53716 0.10650
v 0.03973 1.53716 0.10350
v 0.03973 1.53716 0.10050
v 0.03973 1.53716 0.09750
v 0.03973 1.53716 0.09450
v 0.03973 1.53716 0.09150
v 0.03973 1.53716 0.08850
v 0.04028 1.53335 0.10650
v 0.04028 1.53335 0.10350
v 0.04028 1.53335 0.10050
v 0.04028 1.53335 0.09750
v 0.04028 1.53335 0.09450
v 0.04028 1.53335 0.09150
v 0.04028 1.53335 0.08850
v 0.04050 1.52910 0.10650
v 0.04050 1.52910 0.10350
v 0.04050 1.52910 0.10050
v 0.04050 1.52910 0.09750
v 0.04050 1.52910 0.09450
v 0.04050 1.52910 0.09150
v 0.04050 1.52910 0.08850
v 0.04028 1.52485 0.10650
v 0.04028 1.52485 0.10350
v 0.04028 1.52485 0.10050
v 0.04028 1.52485 0.09750
v 0.04028 1.52485 0.09450
v 0.04028 1.52485 0.09150
v 0.04028 1.52485 0.08850
v 0.03973 1.52104 0.10650
v 0.03973 1.52104 0.10350
v 0.03973 1.52104 0.10050
v 0.03973 1.52104 0.09750
v 0.03973 1.52104 0.09450
v 0.03973 1.52104 0.09150
v 0.03973 1.52104 0.08850
v 0.03911 1.51774 0.10650
v 0.03911 1.51774 0.10350
v 0.03911 1.51774 0.10050
v 0.03911 1.51774 0.09750
v 0.03911 1.51774 0.09450
v 0.03911 1.51774 0.09150
v 0.03911 1.51774 0.08850
v 0.01989 1.54046 0.08850
v 0.01989 1.54046 0.09150
v 0.01989 1.54046 0.09450
v 0.01989 1.54046 0.09750
v 0.01989 1.54046 0.10050
v 0.01989 1.54046 0.10350
v 0.01989 1.54046 0.10650
v 0.01927 1.53716 0.08850
v 0.01927 1.53716 0.09150
v 0.01927 1.53716 0.09450
v 0.01927 1.53716 0.09750
v 0.01927 1.53716 0.10050
v 0.01927 1.53716 0.10350
v 0.01927 1.53716 0.10650
v 0.01872 1.53335 0.08850
v 0.01872 1.53335 0.09150
v 0.01872 1.53335 0.09450
v 0.01872 1.53335 0.09750
v 0.01872 1.53335 0.10050
v 0.01872 1.53335 0.10350
v 0.01872 1.53335 0.10650
v 0.01850 1.52910 0.08850
v 0.01850 1.52910 0.09150
v 0.01850 1.52910 0.09450
v 0.01850 1.52910 0.09750
v 0.01850 1.52910 0.10050
v 0.01850 1.52910 0.10350
v 0.01850 1.52910 0.10650
v 0.01872 1.52485 0.08850
v 0.01872 1.52485 0.09150
v 0.01872 1.52485 0.09450
v 0.01872 1.52485 0.09750
v 0.01872 1.52485 0.10050
v 0.01872 1.52485 0.10350
v 0.01872 1.52485 0.10650
v 0.01927 1.52104 0.08850
v 0.01927 1.52104 0.09150
v 0.01927 1.52104 0.09450
v 0.01927 1.52104 0.09750
v 0.01927 1.52104 0.10050
v 0.01927 1.52104 0.10350
v 0.01927 1.52104 0.10650
v 0.01989 1.51774 0.08850
v 0.01989 1.51774 0.09150
v 0.01989 1.51774 0.09450
v 0.01989 1.51774 0.09750
v 0.01989 1.51774 0.10050
v 0.01989 1.51774 0.10350
v 0.01989 1.51774 0.10650
v 0.01989 1.54046 0.08850
v 0.02268 1.54119 0.08850
v 0.02591 1.54184 0.08850
v 0.02950 1.54210 0.08850
v 0.03309 1.54184 0.08850
v 0.03632 1.54119 0.08850
v 0.03911 1.54046 0.08850
v 0.01989 1.54046 0.09150
v 0.02268 1.54119 0.09150
v 0.02591 1.54184 0.09150
v 0.02950 1.54210 0.09150
v 0.03309 1.54184 0.09150
v 0.03632 1.54119 0.09150
v 0.03911 1.54046 0.09150
v 0.01989 1.54046 0.09450
v 0.02268 1.54119 0.09450
v 0.02591 1.54184 0.09450
v 0.02950 1.54210 0.09450
v 0.03309 1.54184 0.09450
v 0.03632 1.54119 0.09450
v 0.03911 1.54046 0.09450
v 0.01989 1.54046 0.09750
v 0.02268 1.54119 0.09750
v 0.02591 1.54184 0.09750
v 0.02950 1.54210 0.09750
v 0.03309 1.54184 0.09750
v 0.03632 1.54119 0.09750
v 0.03911 1.54046 0.09750
v 0.01989 1.54046 0.10050
v 0.02268 1.54119 0.10050
v 0.02591 1.54184 0.10050
v 0.02950 1.54210 0.10050
v 0.03309 1.54184 0.10050
v 0.03632 1.54119 0.10050
v 0.03911 1.54046 0.10050
v 0.01989 1.54046 0.10350
v 0.02268 1.54119 0.10350
v 0.02591 1.54184 0.10350
v 0.02950 1.54210 0.10350
v 0.03309 1.54184 0.10350
v 0.03632 1.54119 0.10350
v 0.03911 1.54046 0.10350
v 0.01989 1.54046 0.10650
v 0.02268 1.54119 0.10650
v 0.02591 1.54184 0.10650
v 0.02950 1.54210 0.10650
v 0.03309 1.54184 0.10650
v 0.03632 1.54119 0.10650
v 0.03911 1.54046 0.10650
v 0.01989 1.51774 0.10650
v 0.02268 1.51701 0.10650
v 0.02591 1.51636 0.10650
v 0.02950 1.51610 0.10650
v 0.03309 1.51636 0.10650
v 0.03632 1.51701 0.10650
v 0.03911 1.51774 0.10650
v 0.01989 1.51774 0.10350
v 0.02268 1.51701 0.10350
v 0.02591 1.51636 0.10350
v 0.02950 1.51610 0.10350
v 0.03309 1.51636 0.10350
v 0.03632 1.51701 0.10350
v 0.03911 1.51774 0.10350
v 0.01989 1.51774 0.10050
v 0.02268 1.51701 0.10050
v 0.02591 1.51636 0.10050
v 0.02950 1.51610 0.10050
v 0.03309 1.51636 0.10050
v 0.03632 1.51701 0.10050
v 0.03911 1.51774 0.10050
v 0.01989 1.51774 0.09750
v 0.02268 1.51701 0.09750
v 0.02591 1.51636 0.09750
v 0.02950 1.51610 0.09750
v 0.03309 1.51636 0.09750
v 0.03632 1.51701 0.09750
v 0.03911 1.51774 0.09750
v 0.01989 1.51774 0.09450
v 0.02268 1.51701 0.09450
v 0.02591 1.51636 0.09450
v 0.02950 1.51610 0.09450
v 0.03309 1.51636 0.09450
v 0.03632 1.51701 0.09450
v 0.03911 1.51774 0.09450
v 0.01989 1.51774 0.09150
v 0.02268 1.51701 0.09150
v 0.02591 1.51636 0.09150
v 0.02950 1.51610 0.09150
v 0.03309 1.51636 0.09150
v 0.03632 1.51701 0.09150
v 0.03911 1.51774 0.09150
v 0.01989 1.51774 0.08850
v 0.02268 1.51701 0.08850
v 0.02591 1.51636 0.08850
v 0.02950 1.51610 0.08850
v 0.03309 1.51636 0.08850
v 0.03632 1.51701 0.08850
v 0.03911 1.51774 0.08850
v 0.01989 1.54046 0.10650
v 0.02268 1.54119 0.10650
v 0.02591 1.54184 0.10650
v 0.02950 1.54210 0.10650
v 0.03309 1.54184 0.10650
v 0.03632 1.54119 0.10650
v 0.03911 1.54046 0.10650
v 0.01927 1.53716 0.10650
v 0.02309 1.53667 0.10650
v 0.02599 1.53740 0.10650
v 0.02950 1.53777 0.10650
v 0.03301 1.53740 0.10650
v 0.03591 1.53667 0.10650
v 0.03973 1.53716 0.10650
v 0.01872 1.53335 0.10650
v 0.02248 1.53325 0.10650
v 0.02630 1.53289 0.10650
v 0.02950 1.53343 0.10650
v 0.03270 1.53289 0.10650
v 0.03652 1.53325 0.10650
v 0.04028 1.53335 0.10650
v 0.01850 1.52910 0.10650
v 0.02217 1.52910 0.10650
v 0.02583 1.52910 0.10650
v 0.02950 1.52910 0.10650
v 0.03317 1.52910 0.10650
v 0.03683 1.52910 0.10650
v 0.04050 1.52910 0.10650
v 0.01872 1.52485 0.10650
v 0.02248 1.52495 0.10650
v 0.02630 1.52531 0.10650
v 0.02950 1.52477 0.10650
v 0.03270 1.52531 0.10650
v 0.03652 1.52495 0.10650
v 0.04028 1.52485 0.10650
v 0.01927 1.52104 0.10650
v 0.02309 1.52153 0.10650
v 0.02599 1.52080 0.10650
v 0.02950 1.52043 0.10650
v 0.03301 1.52080 0.10650
v 0.03591 1.52153 0.10650
v 0.03973 1.52104 0.10650
v 0.01989 1.51774 0.10650
v 0.02268 1.51701 0.10650
v 0.02591 1.51636 0.10650
v 0.02950 1.51610 0.10650
v 0.03309 1.51636 0.10650
v 0.03632 1.51701 0.10650
v 0.03911 1.51774 0.10650
v 0.03911 1.54046 0.08850
v 0.03632 1.54119 0.08850
v 0.03309 1.54184 0.08850
v 0.02950 1.54210 0.08850
v 0.02591 1.54184 0.08850
v 0.02268 1.54119 0.08850
v 0.01989 1.54046 0.08850
v 0.03973 1.53716 0.08850
v 0.03591 1.53667 0.08850
v 0.03301 1.53740 0.08850
v 0.02950 1.53777 0.08850
v 0.02599 1.53740 0.08850
v 0.02309 1.53667 0.08850
v 0.01927 1.53716 0.08850
v 0.04028 1.53335 0.08850
v 0.03652 1.53325 0.08850
v 0.03270 1.53289 0.08850
v 0.02950 1.53343 0.08850
v 0.02630 1.53289 0.08850
v 0.02248 1.53325 0.08850
v 0.01872 1.53335 0.08850
v 0.04050 1.52910 0.08850
v 0.03683 1.52910 0.08850
v 0.03317 1.52910 0.08850
v 0.02950 1.52910 0.08850
v 0.02583 1.52910 0.08850
v 0.02217 1.52910 0.08850
v 0.01850 1.52910 0.08850
v 0.04028 1.52485 0.08850
v 0.03652 1.52495 0.08850
v 0.03270 1.52531 0.08850
v 0.02950 1.52477 0.08850
v 0.02630 1.52531 0.08850
v 0.02248 1.52495 0.08850
v 0.01872 1.52485 0.08850
v 0.03973 1.52104 0.08850
v 0.03591 1.52153 0.08850
v 0.03301 1.52080 0.08850
v 0.02950 1.52043 0.08850
v 0.02599 1.52080 0.08850
v 0.02309 1.52153 0.08850
v 0.01927 1.52104 0.08850
v 0.03911 1.51774 0.08850
v 0.03632 1.51701 0.08850
v 0.03309 1.51636 0.08850
v 0.02950 1.51610 0.08850
v 0.02591 1.51636 0.08850
v 0.02268 1.51701 0.08850
v 0.01989 1.51774 0.08850
v -0.01154 1.54998 0.10900
v -0.01097 1.55018 0.10400
v -0.01095 1.55019 0.09900
v -0.01095 1.55019 0.09400
v -0.01095 1.55019 0.08900
v -0.01097 1.55018 0.08400
v -0.01154 1.54998 0.07900
v -0.01030 1.54801 0.10900
v -0.00970 1.54815 0.10400
v -0.00968 1.54816 0.09900
v -0.00968 1.54816 0.09400
v -0.00968 1.54816 0.08900
v -0.00970 1.54815 0.08400
v -0.01030 1.54801 0.07900
v -0.00921 1.54574 0.10900
v -0.00857 1.54581 0.10400
v -0.00855 1.54581 0.09900
v -0.00855 1.54581 0.09400
v -0.00855 1.54581 0.08900
v -0.00857 1.54581 0.08400
v -0.00921 1.54574 0.07900
v -0.00877 1.54320 0.10900
v -0.00813 1.54320 0.10400
v -0.00810 1.54320 0.09900
v -0.00810 1.54320 0.09400
v -0.00810 1.54320 0.08900
v -0.00813 1.54320 0.08400
v -0.00877 1.54320 0.07900
v -0.00921 1.54066 0.10900
v -0.00857 1.54059 0.10400
v -0.00855 1.54059 0.09900
v -0.00855 1.54059 0.09400
v -0.00855 1.54059 0.08900
v -0.00857 1.54059 0.08400
v -0.00921 1.54066 0.07900
v -0.01030 1.53839 0.10900
v -0.00970 1.53825 0.10400
v -0.00968 1.53824 0.09900
v -0.00968 1.53824 0.09400
v -0.00968 1.53824 0.08900
v -0.00970 1.53825 0.08400
v -0.01030 1.53839 0.07900
v -0.01154 1.53642 0.10900
v -0.01097 1.53622 0.10400
v -0.01095 1.53621 0.09900
v -0.01095 1.53621 0.09400
v -0.01095 1.53621 0.08900
v -0.01097 1.53622 0.08400
v -0.01154 1.53642 0.07900
v -0.04966 1.54998 0.07900
v -0.05023 1.55018 0.08400
v -0.05025 1.55019 0.08900
v -0.05025 1.55019 0.09400
v -0.05025 1.55019 0.09900
v -0.05023 1.55018 0.10400
v -0.04966 1.54998 0.10900
v -0.05090 1.54801 0.07900
v -0.05150 1.54815 0.08400
v -0.05152 1.54816 0.08900
v -0.05152 1.54816 0.09400
v -0.05152 1.54816 0.09900
v -0.05150 1.54815 0.10400
v -0.05090 1.54801 0.10900
v -0.05199 1.54574 0.07900
v -0.05263 1.54581 0.08400
v -0.05265 1.54581 0.08900
v -0.05265 1.54581 0.09400
v -0.05265 1.54581 0.09900
v -0.05263 1.54581 0.10400
v -0.05199 1.54574 0.10900
v -0.05243 1.54320 0.07900
v -0.05307 1.54320 0.08400
v -0.05310 1.54320 0.08900
v -0.05310 1.54320 0.09400
v -0.05310 1.54320 0.09900
v -0.05307 1.54320 0.10400
v -0.05243 1.54320 0.10900
v -0.05199 1.54066 0.07900
v -0.05263 1.54059 0.08400
v -0.05265 1.54059 0.08900
v -0.05265 1.54059 0.09400
v -0.05265 1.54059 0.09900
v -0.05263 1.54059 0.10400
v -0.05199 1.54066 0.10900
v -0.05090 1.53839 0.07900
v -0.05150 1.53825 0.08400
v -0.05152 1.53824 0.08900
v -0.05152 1.53824 0.09400
v -0.05152 1.53824 0.09900
v -0.05150 1.53825 0.10400
v -0.05090 1.53839 0.10900
v -0.04966 1.53642 0.07900
v -0.05023 1.53622 0.08400
v -0.05025 1.53621 0.08900
v -0.05025 1.53621 0.09400
v -0.05025 1.53621 0.09900
v -0.05023 1.53622 0.10400
v -0.04966 1.53642 0.10900
v -0.04966 1.54998 0.07900
v -0.04413 1.55042 0.07900
v -0.03773 1.55081 0.07900
v -0.03060 1.55096 0.07900
v -0.02347 1.55081 0.07900
v -0.01707 1.55042 0.07900
v -0.01154 1.54998 0.07900
v -0.05023 1.55018 0.08400
v -0.04453 1.55063 0.08400
v -0.03794 1.55103 0.08400
v -0.03060 1.55119 0.08400
v -0.02326 1.55103 0.08400
v -0.01667 1.55063 0.08400
v -0.01097 1.55018 0.08400
v -0.05025 1.55019 0.08900
v -0.04455 1.55064 0.08900
v -0.03795 1.55104 0.08900
v -0.03060 1.55120 0.08900
v -0.02325 1.55104 0.08900
v -0.01665 1.55064 0.08900
v -0.01095 1.55019 0.08900
v -0.05025 1.55019 0.09400
v -0.04455 1.55064 0.09400
v -0.03795 1.55104 0.09400
v -0.03060 1.55120 0.09400
v -0.02325 1.55104 0.09400
v -0.01665 1.55064 0.09400
v -0.01095 1.55019 0.09400
v -0.05025 1.55019 0.09900
v -0.04455 1.55064 0.09900
v -0.03795 1.55104 0.09900
v -0.03060 1.55120 0.09900
v -0.02325 1.55104 0.09900
v -0.01665 1.55064 0.09900
v -0.01095 1.55019 0.09900
v -0.05023 1.55018 0.10400
v -0.04453 1.55063 0.10400
v -0.03794 1.55103 0.10400
v -0.03060 1.55119 0.10400
v -0.02326 1.55103 0.10400
v -0.01667 1.55063 0.10400
v -0.01097 1.55018 0.10400
v -0.04966 1.54998 0.10900
v -0.04413 1.55042 0.10900
v -0.03773 1.55081 0.10900
v -0.03060 1.55096 0.10900
v -0.02347 1.55081 0.10900
v -0.01707 1.55042 0.10900
v -0.01154 1.54998 0.10900
v -0.04966 1.53642 0.10900
v -0.04413 1.53598 0.10900
v -0.03773 1.53559 0.10900
v -0.03060 1.53544 0.10900
v -0.02347 1.53559 0.10900
v -0.01707 1.53598 0.10900
v -0.01154 1.53642 0.10900
v -0.05023 1.53622 0.10400
v -0.04453 1.53577 0.10400
v -0.03794 1.53537 0.10400
v -0.03060 1.53521 0.10400
v -0.02326 1.53537 0.10400
v -0.01667 1.53577 0.10400
v -0.01097 1.53622 0.10400
v -0.05025 1.53621 0.09900
v -0.04455 1.53576 0.09900
v -0.03795 1.53536 0.09900
v -0.03060 1.53520 0.09900
v -0.02325 1.53536 0.09900
v -0.01665 1.53576 0.09900
v -0.01095 1.53621 0.09900
v -0.05025 1.53621 0.09400
v -0.04455 1.53576 0.09400
v -0.03795 1.53536 0.09400
v -0.03060 1.53520 0.09400
v -0.02325 1.53536 0.09400
v -0.01665 1.53576 0.09400
v -0.01095 1.53621 0.09400
v -0.05025 1.53621 0.08900
v -0.04455 1.53576 0.08900
v -0.03795 1.53536 0.08900
v -0.03060 1.53520 0.08900
v -0.02325 1.53536 0.08900
v -0.01665 1.53576 0.08900
v -0.01095 1.53621 0.08900
v -0.05023 1.53622 0.08400
v -0.04453 1.53577 0.08400
v -0.03794 1.53537 0.08400
v -0.03060 1.53521 0.08400
v -0.02326 1.53537 0.08400
v -0.01667 1.53577 0.08400
v -0.01097 1.53622 0.08400
v -0.04966 1.53642 0.07900
v -0.04413 1.53598 0.07900
v -0.03773 1.53559 0.07900
v -0.03060 1.53544 0.07900
v -0.02347 1.53559 0.07900
v -0.01707 1.53598 0.07900
v -0.01154 1.53642 0.07900
v -0.04966 1.54998 0.10900
v -0.04413 1.55042 0.10900
v -0.03773 1.55081 0.10900
v -0.03060 1.55096 0.10900
v -0.02347 1.55081 0.10900
v -0.01707 1.55042 0.10900
v -0.01154 1.54998 0.10900
v -0.05090 1.54801 0.10900
v -0.04331 1.54772 0.10900
v -0.03756 1.54815 0.10900
v -0.03060 1.54837 0.10900
v -0.02364 1.54815 0.10900
v -0.01789 1.54772 0.10900
v -0.01030 1.54801 0.10900
v -0.05199 1.54574 0.10900
v -0.04453 1.54568 0.10900
v -0.03695 1.54546 0.10900
v -0.03060 1.54579 0.10900
v -0.02425 1.54546 0.10900
v -0.01667 1.54568 0.10900
v -0.00921 1.54574 0.10900
v -0.05243 1.54320 0.10900
v -0.04515 1.54320 0.10900
v -0.03787 1.54320 0.10900
v -0.03060 1.54320 0.10900
v -0.02333 1.54320 0.10900
v -0.01605 1.54320 0.10900
v -0.00877 1.54320 0.10900
v -0.05199 1.54066 0.10900
v -0.04453 1.54072 0.10900
v -0.03695 1.54094 0.10900
v -0.03060 1.54061 0.10900
v -0.02425 1.54094 0.10900
v -0.01667 1.54072 0.10900
v -0.00921 1.54066 0.10900
v -0.05090 1.53839 0.10900
v -0.04331 1.53868 0.10900
v -0.03756 1.53825 0.10900
v -0.03060 1.53803 0.10900
v -0.02364 1.53825 0.10900
v -0.01789 1.53868 0.10900
v -0.01030 1.53839 0.10900
v -0.04966 1.53642 0.10900
v -0.04413 1.53598 0.10900
v -0.03773 1.53559 0.10900
v -0.03060 1.53544 0.10900
v -0.02347 1.53559 0.10900
v -0.01707 1.53598 0.10900
v -0.01154 1.53642 0.10900
v -0.01154 1.54998 0.07900
v -0.01707 1.55042 0.07900
v -0.02347 1.55081 0.07900
v -0.03060 1.55096 0.07900
v -0.03773 1.55081 0.07900
v -0.04413 1.55042 0.07900
v -0.04966 1.54998 0.07900
v -0.01030 1.54801 0.07900
v -0.01789 1.54772 0.07900
v -0.02364 1.54815 0.07900
v -0.03060 1.54837 0.07900
v -0.03756 1.54815 0.07900
v -0.04331 1.54772 0.07900
v -0.05090 1.54801 0.07900
v -0.00921 1.54574 0.07900
v -0.01667 1.54568 0.07900
v -0.02425 1.54546 0.07900
v -0.03060 1.54579 0.07900
v -0.03695 1.54546 0.07900
v -0.04453 1.54568 0.07900
v -0.05199 1.54574 0.07900
v -0.00877 1.54320 0.07900
v -0.01605 1.54320 0.07900
v -0.02333 1.54320 0.07900
v -0.03060 1.54320 0.07900
v -0.03787 1.54320 0.07900
v -0.04515 1.54320 0.07900
v -0.05243 1.54320 0.07900
v -0.00921 1.54066 0.07900
v -0.01667 1.54072 0.07900
v -0.02425 1.54094 0.07900
v -0.03060 1.54061 0.07900
v -0.03695 1.54094 0.07900
v -0.04453 1.54072 0.07900
v -0.05199 1.54066 0.07900
v -0.01030 1.53839 0.07900
v -0.01789 1.53868 0.07900
v -0.02364 1.53825 0.07900
v -0.03060 1.53803 0.07900
v -0.03756 1.53825 0.07900
v -0.04331 1.53868 0.07900
v -0.05090 1.53839 0.07900
v -0.01154 1.53642 0.07900
v -0.01707 1.53598 0.07900
v -0.02347 1.53559 0.07900
v -0.03060 1.53544 0.07900
v -0.03773 1.53559 0.07900
v -0.04413 1.53598 0.07900
v -0.04966 1.53642 0.07900
v 0.04966 1.54998 0.10900
v 0.05023 1.55018 0.10400
v 0.05025 1.55019 0.09900
v 0.05025 1.55019 0.09400
v 0.05025 1.55019 0.08900
v 0.05023 1.55018 0.08400
v 0.04966 1.54998 0.07900
v 0.05090 1.54801 0.10900
v 0.05150 1.54815 0.10400
v 0.05152 1.54816 0.09900
v 0.05152 1.54816 0.09400
v 0.05152 1.54816 0.08900
v 0.05150 1.54815 0.08400
v 0.05090 1.54801 0.07900
v 0.05199 1.54574 0.10900
v 0.05263 1.54581 0.10400
v 0.05265 1.54581 0.09900
v 0.05265 1.54581 0.09400
v 0.05265 1.54581 0.08900
v 0.05263 1.54581 0.08400
v 0.05199 1.54574 0.07900
v 0.05243 1.54320 0.10900
v 0.05307 1.54320 0.10400
v 0.05310 1.54320 0.09900
v 0.05310 1.54320 0.09400
v 0.05310 1.54320 0.08900
v 0.05307 1.54320 0.08400
v 0.05243 1.54320 0.07900
v 0.05199 1.54066 0.10900
v 0.05263 1.54059 0.10400
v 0.05265 1.54059 0.09900
v 0.05265 1.54059 0.09400
v 0.05265 1.54059 0.08900
v 0.05263 1.54059 0.08400
v 0.05199 1.54066 0.07900
v 0.05090 1.53839 0.10900
v 0.05150 1.53825 0.10400
v 0.05152 1.53824 0.09900
v 0.05152 1.53824 0.09400
v 0.05152 1.53824 0.08900
v 0.05150 1.53825 0.08400
v 0.05090 1.53839 0.07900
v 0.04966 1.53642 0.10900
v 0.05023 1.53622 0.10400
v 0.05025 1.53621 0.09900
v 0.05025 1.53621 0.09400
v 0.05025 1.53621 0.08900
v 0.05023 1.53622 0.08400
v 0.04966 1.53642 0.07900
v 0.01154 1.54998 0.07900
v 0.01097 1.55018 0.08400
v 0.01095 1.55019 0.08900
v 0.01095 1.55019 0.09400
v 0.01095 1.55019 0.09900
v 0.01097 1.55018 0.10400
v 0.01154 1.54998 0.10900
v 0.01030 1.54801 0.07900
v 0.00970 1.54815 0.08400
v 0.00968 1.54816 0.08900
v 0.00968 1.54816 0.09400
v 0.00968 1.54816 0.09900
v 0.00970 1.54815 0.10400
v 0.01030 1.54801 0.10900
v 0.00921 1.54574 0.07900
v 0.00857 1.54581 0.08400
v 0.00855 1.54581 0.08900
v 0.00855 1.54581 0.09400
v 0.00855 1.54581 0.09900
v 0.00857 1.54581 0.10400
v 0.00921 1.54574 0.10900
v 0.00877 1.54320 0.07900
v 0.00813 1.54320 0.08400
v 0.00810 1.54320 0.08900
v 0.00810 1.54320 0.09400
v 0.00810 1.54320 0.09900
v 0.00813 1.54320 0.10400
v 0.00877 1.54320 0.10900
v 0.00921 1.54066 0.07900
v 0.00857 1.54059 0.08400
v 0.00855 1.54059 0.08900
v 0.00855 1.54059 0.09400
v 0.00855 1.54059 0.09900
v 0.00857 1.54059 0.10400
v 0.00921 1.54066 0.10900
v 0.01030 1.53839 0.07900
v 0.00970 1.53825 0.08400
v 0.00968 1.53824 0.08900
v 0.00968 1.53824 0.09400
v 0.00968 1.53824 0.09900
v 0.00970 1.53825 0.10400
v 0.01030 1.53839 0.10900
v 0.01154 1.53642 0.07900
v 0.01097 1.53622 0.08400
v 0.01095 1.53621 0.08900
v 0.01095 1.53621 0.09400
v 0.01095 1.53621 0.09900
v 0.01097 1.53622 0.10400
v 0.01154 1.53642 0.10900
v 0.01154 1.54998 0.07900
v 0.01707 1.55042 0.07900
v 0.02347 1.55081 0.07900
v 0.03060 1.55096 0.07900
v 0.03773 1.55081 0.07900
v 0.04413 1.55042 0.07900
v 0.04966 1.54998 0.07900
v 0.01097 1.55018 0.08400
v 0.01667 1.55063 0.08400
v 0.02326 1.55103 0.08400
v 0.03060 1.55119 0.08400
v 0.03794 1.55103 0.08400
v 0.04453 1.55063 0.08400
v 0.05023 1.55018 0.08400
v 0.01095 1.55019 0.08900
v 0.01665 1.55064 0.08900
v 0.02325 1.55104 0.08900
v 0.03060 1.55120 0.08900
v 0.03795 1.55104 0.08900
v 0.04455 1.55064 0.08900
v 0.05025 1.55019 0.08900
v 0.01095 1.55019 0.09400
v 0.01665 1.55064 0.09400
v 0.02325 1.55104 0.09400
v 0.03060 1.55120 0.09400
v 0.03795 1.55104 0.09400
v 0.04455 1.55064 0.09400
v 0.05025 1.55019 0.09400
v 0.01095 1.55019 0.09900
v 0.01665 1.55064 0.09900
v 0.02325 1.55104 0.09900
v 0.03060 1.55120 0.09900
v 0.03795 1.55104 0.09900
v 0.04455 1.55064 0.09900
v 0.05025 1.55019 0.09900
v 0.01097 1.55018 0.10400
v 0.01667 1.55063 0.10400
v 0.02326 1.55103 0.10400
v 0.03060 1.55119 0.10400
v 0.03794 1.55103 0.10400
v 0.04453 1.55063 0.10400
v 0.05023 1.55018 0.10400
v 0.01154 1.54998 0.10900
v 0.01707 1.55042 0.10900
v 0.02347 1.55081 0.10900
v 0.03060 1.55096 0.10900
v 0.03773 1.55081 0.10900
v 0.04413 1.55042 0.10900
v 0.04966 1.54998 0.10900
v 0.01154 1.53642 0.10900
v 0.01707 1.53598 0.10900
v 0.02347 1.53559 0.10900
v 0.03060 1.53544 0.10900
v 0.03773 1.53559 0.10900
v 0.04413 1.53598 0.10900
v 0.04966 1.53642 0.10900
v 0.01097 1.53622 0.10400
v 0.01667 1.53577 0.10400
v 0.02326 1.53537 0.10400
v 0.03060 1.53521 0.10400
v 0.03794 1.53537 0.10400
v 0.04453 1.53577 0.10400
v 0.05023 1.53622 0.10400
v 0.01095 1.53621 0.09900
v 0.01665 1.53576 0.09900
v 0.02325 1.53536 0.09900
v 0.03060 1.53520 0.09900
v 0.03795 1.53536 0.09900
v 0.04455 1.53576 0.09900
v 0.05025 1.53621 0.09900
v 0.01095 1.53621 0.09400
v 0.01665 1.53576 0.09400
v 0.02325 1.53536 0.09400
v 0.03060 1.53520 0.09400
v 0.03795 1.53536 0.09400
v 0.04455 1.53576 0.09400
v 0.05025 1.53621 0.09400
v 0.01095 1.53621 0.08900
v 0.01665 1.53576 0.08900
v 0.02325 1.53536 0.08900
v 0.03060 1.53520 0.08900
v 0.03795 1.53536 0.08900
v 0.04455 1.53576 0.08900
v 0.05025 1.53621 0.08900
v 0.01097 1.53622 0.08400
v 0.01667 1.53577 0.08400
v 0.02326 1.53537 0.08400
v 0.03060 1.53521 0.08400
v 0.03794 1.53537 0.08400
v 0.04453 1.53577 0.08400
v 0.05023 1.53622 0.08400
v 0.01154 1.53642 0.07900
v 0.01707 1.53598 0.07900
v 0.02347 1.53559 0.07900
v 0.03060 1.53544 0.07900
v 0.03773 1.53559 0.07900
v 0.04413 1.53598 0.07900
v 0.04966 1.53642 0.07900
v 0.01154 1.54998 0.10900
v 0.01707 1.55042 0.10900
v 0.02347 1.55081 0.10900
v 0.03060 1.55096 0.10900
v 0.03773 1.55081 0.10900
v 0.04413 1.55042 0.10900
v 0.04966 1.54998 0.10900
v 0.01030 1.54801 0.10900
v 0.01789 1.54772 0.10900
v 0.02364 1.54815 0.10900
v 0.03060 1.54837 0.10900
v 0.03756 1.54815 0.10900
v 0.04331 1.54772 0.10900
v 0.05090 1.54801 0.10900
v 0.00921 1.54574 0.10900
v 0.01667 1.54568 0.10900
v 0.02425 1.54546 0.10900
v 0.03060 1.54579 0.10900
v 0.03695 1.54546 0.10900
v 0.04453 1.54568 0.10900
v 0.05199 1.54574 0.10900
v 0.00877 1.54320 0.10900
v 0.01605 1.54320 0.10900
v 0.02333 1.54320 0.10900
v 0.03060 1.54320 0.10900
v 0.03787 1.54320 0.10900
v 0.04515 1.54320 0.10900
v 0.05243 1.54320 0.10900
v 0.00921 1.54066 0.10900
v 0.01667 1.54072 0.10900
v 0.02425 1.54094 0.10900
v 0.03060 1.54061 0.10900
v 0.03695 1.54094 0.10900
v 0.04453 1.54072 0.10900
v 0.05199 1.54066 0.10900
v 0.01030 1.53839 0.10900
v 0.01789 1.53868 0.10900
v 0.02364 1.53825 0.10900
v 0.03060 1.53803 0.10900
v 0.03756 1.53825 0.10900
v 0.04331 1.53868 0.10900
v 0.05090 1.53839 0.10900
v 0.01154 1.53642 0.10900
v 0.01707 1.53598 0.10900
v 0.02347 1.53559 0.10900
v 0.03060 1.53544 0.10900
v 0.03773 1.53559 0.10900
v 0.04413 1.53598 0.10900
v 0.04966 1.53642 0.10900
v 0.04966 1.54998 0.07900
v 0.04413 1.55042 0.07900
v 0.03773 1.55081 0.07900
v 0.03060 1.55096 0.07900
v 0.02347 1.55081 0.07900
v 0.01707 1.55042 0.07900
v 0.01154 1.54998 0.07900
v 0.05090 1.54801 0.07900
v 0.04331 1.54772 0.07900
v 0.03756 1.54815 0.07900
v 0.03060 1.54837 0.07900
v 0.02364 1.54815 0.07900
v 0.01789 1.54772 0.07900
v 0.01030 1.54801 0.07900
v 0.05199 1.54574 0.07900
v 0.04453 1.54568 0.07900
v 0.03695 1.54546 0.07900
v 0.03060 1.54579 0.07900
v 0.02425 1.54546 0.07900
v 0.01667 1.54568 0.07900
v 0.00921 1.54574 0.07900
v 0.05243 1.54320 0.07900
v 0.04515 1.54320 0.07900
v 0.03787 1.54320 0.07900
v 0.03060 1.54320 0.07900
v 0.02333 1.54320 0.07900
v 0.01605 1.54320 0.07900
v 0.00877 1.54320 0.07900
v 0.05199 1.54066 0.07900
v 0.04453 1.54072 0.07900
v 0.03695 1.54094 0.07900
v 0.03060 1.54061 0.07900
v 0.02425 1.54094 0.07900
v 0.01667 1.54072 0.07900
v 0.00921 1.54066 0.07900
v 0.05090 1.53839 0.07900
v 0.04331 1.53868 0.07900
v 0.03756 1.53825 0.07900
v 0.03060 1.53803 0.07900
v 0.02364 1.53825 0.07900
v 0.01789 1.53868 0.07900
v 0.01030 1.53839 0.07900
v 0.04966 1.53642 0.07900
v 0.04413 1.53598 0.07900
v 0.03773 1.53559 0.07900
v 0.03060 1.53544 0.07900
v 0.02347 1.53559 0.07900
v 0.01707 1.53598 0.07900
v 0.01154 1.53642 0.07900
v -0.13984 1.37741 0.04761
v -0.13840 1.38136 0.03366
v -0.13834 1.38234 0.01952
v -0.13834 1.38319 0.00538
v -0.13834 1.38403 -0.00876
v -0.13840 1.38476 -0.02291
v -0.13984 1.38251 -0.03724
v -0.13908 1.28901 0.04230
v -0.13761 1.28978 0.02816
v -0.13755 1.29063 0.01401
v -0.13755 1.29148 -0.00013
v -0.13755 1.29233 -0.01427
v -0.13761 1.29318 -0.02841
v -0.13908 1.29410 -0.04255
v -0.14868 1.20112 0.03702
v -0.14755 1.19874 0.02269
v -0.14751 1.19946 0.00854
v -0.14751 1.20031 -0.00560
v -0.14751 1.20116 -0.01975
v -0.14755 1.20214 -0.03388
v -0.14868 1.20622 -0.04783
v -0.21132 1.38608 -0.03702
v -0.21245 1.38846 -0.02269
v -0.21249 1.38774 -0.00854
v -0.21249 1.38689 0.00560
v -0.21249 1.38604 0.01975
v -0.21245 1.38506 0.03388
v -0.21132 1.38098 0.04783
v -0.22092 1.29819 -0.04230
v -0.22239 1.29742 -0.02816
v -0.22245 1.29657 -0.01401
v -0.22245 1.29572 0.00013
v -0.22245 1.29487 0.01427
v -0.22239 1.29402 0.02841
v -0.22092 1.29310 0.04255
v -0.22016 1.20979 -0.04761
v -0.22160 1.20584 -0.03366
v -0.22166 1.20486 -0.01952
v -0.22166 1.20401 -0.00538
v -0.22166 1.20317 0.00876
v -0.22160 1.20244 0.02291
v -0.22016 1.20469 0.03724
v -0.21132 1.38608 -0.03702
v -0.20066 1.39126 -0.03671
v -0.18841 1.39572 -0.03644
v -0.17494 1.39706 -0.03636
v -0.16167 1.39439 -0.03652
v -0.14993 1.38872 -0.03686
v -0.13984 1.38251 -0.03724
v -0.21245 1.38846 -0.02269
v -0.20140 1.39382 -0.02236
v -0.18871 1.39845 -0.02209
v -0.17476 1.39983 -0.02200
v -0.16102 1.39706 -0.02217
v -0.14885 1.39120 -0.02252
v -0.13840 1.38476 -0.02291
v -0.21249 1.38774 -0.00854
v -0.20143 1.39311 -0.00821
v -0.18872 1.39774 -0.00794
v -0.17475 1.39913 -0.00785
v -0.16099 1.39635 -0.00802
v -0.14880 1.39048 -0.00837
v -0.13834 1.38403 -0.00876
v -0.21249 1.38689 0.00560
v -0.20144 1.39226 0.00593
v -0.18872 1.39689 0.00620
v -0.17475 1.39828 0.00629
v -0.16099 1.39551 0.00612
v -0.14880 1.38963 0.00577
v -0.13834 1.38319 0.00538
v -0.21249 1.38604 0.01975
v -0.20143 1.39141 0.02007
v -0.18872 1.39604 0.02035
v -0.17475 1.39743 0.02043
v -0.16099 1.39466 0.02026
v -0.14880 1.38878 0.01991
v -0.13834 1.38234 0.01952
v -0.21245 1.38506 0.03388
v -0.20140 1.39042 0.03420
v -0.18871 1.39505 0.03448
v -0.17476 1.39643 0.03456
v -0.16102 1.39366 0.03440
v -0.14885 1.38780 0.03404
v -0.13840 1.38136 0.03366
v -0.21132 1.38098 0.04783
v -0.20066 1.38616 0.04814
v -0.18841 1.39062 0.04841
v -0.17494 1.39196 0.04849
v -0.16167 1.38929 0.04832
v -0.14993 1.38363 0.04798
v -0.13984 1.37741 0.04761
v -0.22016 1.20469 0.03724
v -0.21007 1.19848 0.03686
v -0.19833 1.19281 0.03652
v -0.18506 1.19014 0.03636
v -0.17159 1.19148 0.03644
v -0.15934 1.19594 0.03671
v -0.14868 1.20112 0.03702
v -0.22160 1.20244 0.02291
v -0.21115 1.19600 0.02252
v -0.19898 1.19014 0.02217
v -0.18524 1.18737 0.02200
v -0.17129 1.18875 0.02209
v -0.15860 1.19338 0.02236
v -0.14755 1.19874 0.02269
v -0.22166 1.20317 0.00876
v -0.21120 1.19672 0.00837
v -0.19901 1.19085 0.00802
v -0.18525 1.18807 0.00785
v -0.17128 1.18946 0.00794
v -0.15857 1.19409 0.00821
v -0.14751 1.19946 0.00854
v -0.22166 1.20401 -0.00538
v -0.21120 1.19757 -0.00577
v -0.19901 1.19169 -0.00612
v -0.18525 1.18892 -0.00629
v -0.17128 1.19031 -0.00620
v -0.15856 1.19494 -0.00593
v -0.14751 1.20031 -0.00560
v -0.22166 1.20486 -0.01952
v -0.21120 1.19842 -0.01991
v -0.19901 1.19254 -0.02026
v -0.18525 1.18977 -0.02043
v -0.17128 1.19116 -0.02035
v -0.15857 1.19579 -0.02007
v -0.14751 1.20116 -0.01975
v -0.22160 1.20584 -0.03366
v -0.21115 1.19940 -0.03404
v -0.19898 1.19354 -0.03440
v -0.18524 1.19077 -0.03456
v -0.17129 1.19215 -0.03448
v -0.15860 1.19678 -0.03420
v -0.14755 1.20214 -0.03388
v -0.22016 1.20979 -0.04761
v -0.21007 1.20357 -0.04798
v -0.19833 1.19791 -0.04832
v -0.18506 1.19524 -0.04849
v -0.17159 1.19658 -0.04841
v -0.15934 1.20104 -0.04814
v -0.14868 1.20622 -0.04783
v -0.21132 1.38098 0.04783
v -0.20066 1.38616 0.04814
v -0.18841 1.39062 0.04841
v -0.17494 1.39196 0.04849
v -0.16167 1.38929 0.04832
v -0.14993 1.38363 0.04798
v -0.13984 1.37741 0.04761
v -0.22092 1.29310 0.04255
v -0.20728 1.29241 0.04251
v -0.19364 1.29173 0.04246
v -0.18000 1.29105 0.04242
v -0.16636 1.29037 0.04238
v -0.15272 1.28969 0.04234
v -0.13908 1.28901 0.04230
v -0.22016 1.20469 0.03724
v -0.21007 1.19848 0.03686
v -0.19833 1.19281 0.03652
v -0.18506 1.19014 0.03636
v -0.17159 1.19148 0.03644
v -0.15934 1.19594 0.03671
v -0.14868 1.20112 0.03702
v -0.13984 1.38251 -0.03724
v -0.14993 1.38872 -0.03686
v -0.16167 1.39439 -0.03652
v -0.17494 1.39706 -0.03636
v -0.18841 1.39572 -0.03644
v -0.20066 1.39126 -0.03671
v -0.21132 1.38608 -0.03702
v -0.13908 1.29410 -0.04255
v -0.15272 1.29479 -0.04251
v -0.16636 1.29547 -0.04246
v -0.18000 1.29615 -0.04242
v -0.19364 1.29683 -0.04238
v -0.20728 1.29751 -0.04234
v -0.22092 1.29819 -0.04230
v -0.14868 1.20622 -0.04783
v -0.15934 1.20104 -0.04814
v -0.17159 1.19658 -0.04841
v -0.18506 1.19524 -0.04849
v -0.19833 1.19791 -0.04832
v -0.21007 1.20357 -0.04798
v -0.22016 1.20979 -0.04761
v 0.21132 1.38098 0.04783
v 0.21245 1.38506 0.03388
v 0.21249 1.38604 0.01975
v 0.21249 1.38689 0.00560
v 0.21249 1.38774 -0.00854
v 0.21245 1.38846 -0.02269
v 0.21132 1.38608 -0.03702
v 0.22092 1.29310 0.04255
v 0.22239 1.29402 0.02841
v 0.22245 1.29487 0.01427
v 0.22245 1.29572 0.00013
v 0.22245 1.29657 -0.01401
v 0.22239 1.29742 -0.02816
v 0.22092 1.29819 -0.04230
v 0.22016 1.20469 0.03724
v 0.22160 1.20244 0.02291
v 0.22166 1.20317 0.00876
v 0.22166 1.20401 -0.00538
v 0.22166 1.20486 -0.01952
v 0.22160 1.20584 -0.03366
v 0.22016 1.20979 -0.04761
v 0.13984 1.38251 -0.03724
v 0.13840 1.38476 -0.02291
v 0.13834 1.38403 -0.00876
v 0.13834 1.38319 0.00538
v 0.13834 1.38234 0.01952
v 0.13840 1.38136 0.03366
v 0.13984 1.37741 0.04761
v 0.13908 1.29410 -0.04255
v 0.13761 1.29318 -0.02841
v 0.13755 1.29233 -0.01427
v 0.13755 1.29148 -0.00013
v 0.13755 1.29063 0.01401
v 0.13761 1.28978 0.02816
v 0.13908 1.28901 0.04230
v 0.14868 1.20622 -0.04783
v 0.14755 1.20214 -0.03388
v 0.14751 1.20116 -0.01975
v 0.14751 1.20031 -0.00560
v 0.14751 1.19946 0.00854
v 0.14755 1.19874 0.02269
v 0.14868 1.20112 0.03702
v 0.13984 1.38251 -0.03724
v 0.14993 1.38872 -0.03686
v 0.16167 1.39439 -0.03652
v 0.17494 1.39706 -0.03636
v 0.18841 1.39572 -0.03644
v 0.20066 1.39126 -0.03671
v 0.21132 1.38608 -0.03702
v 0.13840 1.38476 -0.02291
v 0.14885 1.39120 -0.02252
v 0.16102 1.39706 -0.02217
v 0.17476 1.39983 -0.02200
v 0.18871 1.39845 -0.02209
v 0.20140 1.39382 -0.02236
v 0.21245 1.38846 -0.02269
v 0.13834 1.38403 -0.00876
v 0.14880 1.39048 -0.00837
v 0.16099 1.39635 -0.00802
v 0.17475 1.39913 -0.00785
v 0.18872 1.39774 -0.00794
v 0.20143 1.39311 -0.00821
v 0.21249 1.38774 -0.00854
v 0.13834 1.38319 0.00538
v 0.14880 1.38963 0.00577
v 0.16099 1.39551 0.00612
v 0.17475 1.39828 0.00629
v 0.18872 1.39689 0.00620
v 0.20144 1.39226 0.00593
v 0.21249 1.38689 0.00560
v 0.13834 1.38234 0.01952
v 0.14880 1.38878 0.01991
v 0.16099 1.39466 0.02026
v 0.17475 1.39743 0.02043
v 0.18872 1.39604 0.02035
v 0.20143 1.39141 0.02007
v 0.21249 1.38604 0.01975
v 0.13840 1.38136 0.03366
v 0.14885 1.38780 0.03404
v 0.16102 1.39366 0.03440
v 0.17476 1.39643 0.03456
v 0.18871 1.39505 0.03448
v 0.20140 1.39042 0.03420
v 0.21245 1.38506 0.03388
v 0.13984 1.37741 0.04761
v 0.14993 1.38363 0.04798
v 0.16167 1.38929 0.04832
v 0.17494 1.39196 0.04849
v 0.18841 1.39062 0.04841
v 0.20066 1.38616 0.04814
v 0.21132 1.38098 0.04783
v 0.14868 1.20112 0.03702
v 0.15934 1.19594 0.03671
v 0.17159 1.19148 0.03644
v 0.18506 1.19014 0.03636
v 0.19833 1.19281 0.03652
v 0.21007 1.19848 0.03686
v 0.22016 1.20469 0.03724
v 0.14755 1.19874 0.02269
v 0.15860 1.19338 0.02236
v 0.17129 1.18875 0.02209
v 0.18524 1.18737 0.02200
v 0.19898 1.19014 0.02217
v 0.21115 1.19600 0.02252
v 0.22160 1.20244 0.02291
v 0.14751 1.19946 0.00854
v 0.15857 1.19409 0.00821
v 0.17128 1.18946 0.00794
v 0.18525 1.18807 0.00785
v 0.19901 1.19085 0.00802
v 0.21120 1.19672 0.00837
v 0.22166 1.20317 0.00876
v 0.14751 1.20031 -0.00560
v 0.15856 1.19494 -0.00593
v 0.17128 1.19031 -0.00620
v 0.18525 1.18892 -0.00629
v 0.19901 1.19169 -0.00612
v 0.21120 1.19757 -0.00577
v 0.22166 1.20401 -0.00538
v 0.14751 1.20116 -0.01975
v 0.15857 1.19579 -0.02007
v 0.17128 1.19116 -0.02035
v 0.18525 1.18977 -0.02043
v 0.19901 1.19254 -0.02026
v 0.21120 1.19842 -0.01991
v 0.22166 1.20486 -0.01952
v 0.14755 1.20214 -0.03388
v 0.15860 1.19678 -0.03420
v 0.17129 1.19215 -0.03448
v 0.18524 1.19077 -0.03456
v 0.19898 1.19354 -0.03440
v 0.21115 1.19940 -0.03404
v 0.22160 1.20584 -0.03366
v 0.14868 1.20622 -0.04783
v 0.15934 1.20104 -0.04814
v 0.17159 1.19658 -0.04841
v 0.18506 1.19524 -0.04849
v 0.19833 1.19791 -0.04832
v 0.21007 1.20357 -0.04798
v 0.22016 1.20979 -0.04761
v 0.13984 1.37741 0.04761
v 0.14993 1.38363 0.04798
v 0.16167 1.38929 0.04832
v 0.17494 1.39196 0.04849
v 0.18841 1.39062 0.04841
v 0.20066 1.38616 0.04814
v 0.21132 1.38098 0.04783
v 0.13908 1.28901 0.04230
v 0.15272 1.28969 0.04234
v 0.16636 1.29037 0.04238
v 0.18000 1.29105 0.04242
v 0.19364 1.29173 0.04246
v 0.20728 1.29241 0.04251
v 0.22092 1.29310 0.04255
v 0.14868 1.20112 0.03702
v 0.15934 1.19594 0.03671
v 0.17159 1.19148 0.03644
v 0.18506 1.19014 0.03636
v 0.19833 1.19281 0.03652
v 0.21007 1.19848 0.03686
v 0.22016 1.20469 0.03724
v 0.21132 1.38608 -0.03702
v 0.20066 1.39126 -0.03671
v 0.18841 1.39572 -0.03644
v 0.17494 1.39706 -0.03636
v 0.16167 1.39439 -0.03652
v 0.14993 1.38872 -0.03686
v 0.13984 1.38251 -0.03724
v 0.22092 1.29819 -0.04230
v 0.20728 1.29751 -0.04234
v 0.19364 1.29683 -0.04238
v 0.18000 1.29615 -0.04242
v 0.16636 1.29547 -0.04246
v 0.15272 1.29479 -0.04251
v 0.13908 1.29410 -0.04255
v 0.22016 1.20979 -0.04761
v 0.21007 1.20357 -0.04798
v 0.19833 1.19791 -0.04832
v 0.18506 1.19524 -0.04849
v 0.17159 1.19658 -0.04841
v 0.15934 1.20104 -0.04814
v 0.14868 1.20622 -0.04783
v -0.15602 1.17061 0.04455
v -0.15473 1.17330 0.03129
v -0.15467 1.17241 0.01832
v -0.15467 1.17137 0.00536
v -0.15467 1.17033 -0.00760
v -0.15473 1.16914 -0.02054
v -0.15602 1.16437 -0.03320
v -0.15442 1.06559 0.05297
v -0.15307 1.06451 0.04001
v -0.15302 1.06347 0.02705
v -0.15302 1.06243 0.01409
v -0.15302 1.06140 0.00114
v -0.15307 1.06036 -0.01182
v -0.15442 1.05936 -0.02479
v -0.16233 0.96086 0.06136
v -0.16127 0.95603 0.04871
v -0.16122 0.95483 0.03576
v -0.16122 0.95379 0.02280
v -0.16122 0.95275 0.00984
v -0.16127 0.95187 -0.00313
v -0.16233 0.95463 -0.01639
v -0.22167 1.16634 -0.03336
v -0.22273 1.17117 -0.02071
v -0.22278 1.17237 -0.00776
v -0.22278 1.17341 0.00520
v -0.22278 1.17445 0.01816
v -0.22273 1.17533 0.03113
v -0.22167 1.17257 0.04439
v -0.22958 1.06161 -0.02497
v -0.23093 1.06269 -0.01201
v -0.23098 1.06373 0.00095
v -0.23098 1.06477 0.01391
v -0.23098 1.06580 0.02686
v -0.23093 1.06684 0.03982
v -0.22958 1.06784 0.05279
v -0.22798 0.95659 -0.01655
v -0.22927 0.95390 -0.00329
v -0.22933 0.95479 0.00968
v -0.22933 0.95583 0.02264
v -0.22933 0.95687 0.03560
v -0.22927 0.95806 0.04854
v -0.22798 0.96283 0.06120
v -0.22167 1.16634 -0.03336
v -0.21194 1.17283 -0.03388
v -0.20073 1.17852 -0.03434
v -0.18839 1.18054 -0.03450
v -0.17618 1.17779 -0.03428
v -0.16534 1.17143 -0.03377
v -0.15602 1.16437 -0.03320
v -0.22273 1.17117 -0.02071
v -0.21265 1.17790 -0.02125
v -0.20105 1.18380 -0.02172
v -0.18826 1.18589 -0.02189
v -0.17561 1.18304 -0.02166
v -0.16438 1.17646 -0.02113
v -0.15473 1.16914 -0.02054
v -0.22278 1.17237 -0.00776
v -0.21268 1.17910 -0.00830
v -0.20106 1.18501 -0.00878
v -0.18825 1.18710 -0.00894
v -0.17559 1.18425 -0.00871
v -0.16435 1.17766 -0.00819
v -0.15467 1.17033 -0.00760
v -0.22278 1.17341 0.00520
v -0.21268 1.18014 0.00466
v -0.20106 1.18605 0.00418
v -0.18825 1.18814 0.00402
v -0.17559 1.18529 0.00424
v -0.16435 1.17869 0.00477
v -0.15467 1.17137 0.00536
v -0.22278 1.17445 0.01816
v -0.21268 1.18118 0.01762
v -0.20106 1.18709 0.01714
v -0.18825 1.18918 0.01697
v -0.17559 1.18633 0.01720
v -0.16435 1.17973 0.01773
v -0.15467 1.17241 0.01832
v -0.22273 1.17533 0.03113
v -0.21265 1.18205 0.03059
v -0.20105 1.18795 0.03011
v -0.18826 1.19005 0.02995
v -0.17561 1.18719 0.03017
v -0.16438 1.18061 0.03070
v -0.15473 1.17330 0.03129
v -0.22167 1.17257 0.04439
v -0.21194 1.17906 0.04387
v -0.20073 1.18476 0.04341
v -0.18839 1.18678 0.04325
v -0.17618 1.18402 0.04347
v -0.16534 1.17767 0.04398
v -0.15602 1.17061 0.04455
v -0.22798 0.96283 0.06120
v -0.21866 0.95577 0.06177
v -0.20782 0.94941 0.06228
v -0.19561 0.94666 0.06250
v -0.18327 0.94868 0.06234
v -0.17206 0.95437 0.06188
v -0.16233 0.96086 0.06136
v -0.22927 0.95806 0.04854
v -0.21962 0.95074 0.04913
v -0.20839 0.94416 0.04966
v -0.19574 0.94131 0.04989
v -0.18295 0.94340 0.04972
v -0.17135 0.94930 0.04925
v -0.16127 0.95603 0.04871
v -0.22933 0.95687 0.03560
v -0.21965 0.94954 0.03619
v -0.20841 0.94295 0.03671
v -0.19575 0.94010 0.03694
v -0.18294 0.94219 0.03678
v -0.17132 0.94810 0.03630
v -0.16122 0.95483 0.03576
v -0.22933 0.95583 0.02264
v -0.21965 0.94851 0.02323
v -0.20841 0.94191 0.02376
v -0.19575 0.93906 0.02398
v -0.18294 0.94115 0.02382
v -0.17132 0.94706 0.02334
v -0.16122 0.95379 0.02280
v -0.22933 0.95479 0.00968
v -0.21965 0.94747 0.01027
v -0.20841 0.94087 0.01080
v -0.19575 0.93802 0.01103
v -0.18294 0.94011 0.01086
v -0.17132 0.94602 0.01038
v -0.16122 0.95275 0.00984
v -0.22927 0.95390 -0.00329
v -0.21962 0.94659 -0.00270
v -0.20839 0.94001 -0.00217
v -0.19574 0.93715 -0.00195
v -0.18295 0.93925 -0.00211
v -0.17135 0.94515 -0.00259
v -0.16127 0.95187 -0.00313
v -0.22798 0.95659 -0.01655
v -0.21866 0.94953 -0.01598
v -0.20782 0.94318 -0.01547
v -0.19561 0.94042 -0.01525
v -0.18327 0.94244 -0.01541
v -0.17206 0.94814 -0.01587
v -0.16233 0.95463 -0.01639
v -0.22167 1.17257 0.04439
v -0.21194 1.17906 0.04387
v -0.20073 1.18476 0.04341
v -0.18839 1.18678 0.04325
v -0.17618 1.18402 0.04347
v -0.16534 1.17767 0.04398
v -0.15602 1.17061 0.04455
v -0.22958 1.06784 0.05279
v -0.21705 1.06747 0.05282
v -0.20453 1.06709 0.05285
v -0.19200 1.06672 0.05288
v -0.17947 1.06634 0.05291
v -0.16695 1.06597 0.05294
v -0.15442 1.06559 0.05297
v -0.22798 0.96283 0.06120
v -0.21866 0.95577 0.06177
v -0.20782 0.94941 0.06228
v -0.19561 0.94666 0.06250
v -0.18327 0.94868 0.06234
v -0.17206 0.95437 0.06188
v -0.16233 0.96086 0.06136
v -0.15602 1.16437 -0.03320
v -0.16534 1.17143 -0.03377
v -0.17618 1.17779 -0.03428
v -0.18839 1.18054 -0.03450
v -0.20073 1.17852 -0.03434
v -0.21194 1.17283 -0.03388
v -0.22167 1.16634 -0.03336
v -0.15442 1.05936 -0.02479
v -0.16695 1.05973 -0.02482
v -0.17947 1.06011 -0.02485
v -0.19200 1.06048 -0.02488
v -0.20453 1.06086 -0.02491
v -0.21705 1.06123 -0.02494
v -0.22958 1.06161 -0.02497
v -0.16233 0.95463 -0.01639
v -0.17206 0.94814 -0.01587
v -0.18327 0.94244 -0.01541
v -0.19561 0.94042 -0.01525
v -0.20782 0.94318 -0.01547
v -0.21866 0.94953 -0.01598
v -0.22798 0.95659 -0.01655
v 0.22167 1.17257 0.04439
v 0.22273 1.17533 0.03113
v 0.22278 1.17445 0.01816
v 0.22278 1.17341 0.00520
v 0.22278 1.17237 -0.00776
v 0.22273 1.17117 -0.02071
v 0.22167 1.16634 -0.03336
v 0.22958 1.06784 0.05279
v 0.23093 1.06684 0.03982
v 0.23098 1.06580 0.02686
v 0.23098 1.06477 0.01391
v 0.23098 1.06373 0.00095
v 0.23093 1.06269 -0.01201
v 0.22958 1.06161 -0.02497
v 0.22798 0.96283 0.06120
v 0.22927 0.95806 0.04854
v 0.22933 0.95687 0.03560
v 0.22933 0.95583 0.02264
v 0.22933 0.95479 0.00968
v 0.22927 0.95390 -0.00329
v 0.22798 0.95659 -0.01655
v 0.15602 1.16437 -0.03320
v 0.15473 1.16914 -0.02054
v 0.15467 1.17033 -0.00760
v 0.15467 1.17137 0.00536
v 0.15467 1.17241 0.01832
v 0.15473 1.17330 0.03129
v 0.15602 1.17061 0.04455
v 0.15442 1.05936 -0.02479
v 0.15307 1.06036 -0.01182
v 0.15302 1.06140 0.00114
v 0.15302 1.06243 0.01409
v 0.15302 1.06347 0.02705
v 0.15307 1.06451 0.04001
v 0.15442 1.06559 0.05297
v 0.16233 0.95463 -0.01639
v 0.16127 0.95187 -0.00313
v 0.16122 0.95275 0.00984
v 0.16122 0.95379 0.02280
v 0.16122 0.95483 0.03576
v 0.16127 0.95603 0.04871
v 0.16233 0.96086 0.06136
v 0.15602 1.16437 -0.03320
v 0.16534 1.17143 -0.03377
v 0.17618 1.17779 -0.03428
v 0.18839 1.18054 -0.03450
v 0.20073 1.17852 -0.03434
v 0.21194 1.17283 -0.03388
v 0.22167 1.16634 -0.03336
v 0.15473 1.16914 -0.02054
v 0.16438 1.17646 -0.02113
v 0.17561 1.18304 -0.02166
v 0.18826 1.18589 -0.02189
v 0.20105 1.18380 -0.02172
v 0.21265 1.17790 -0.02125
v 0.22273 1.17117 -0.02071
v 0.15467 1.17033 -0.00760
v 0.16435 1.17766 -0.00819
v 0.17559 1.18425 -0.00871
v 0.18825 1.18710 -0.00894
v 0.20106 1.18501 -0.00878
v 0.21268 1.17910 -0.00830
v 0.22278 1.17237 -0.00776
v 0.15467 1.17137 0.00536
v 0.16435 1.17869 0.00477
v 0.17559 1.18529 0.00424
v 0.18825 1.18814 0.00402
v 0.20106 1.18605 0.00418
v 0.21268 1.18014 0.00466
v 0.22278 1.17341 0.00520
v 0.15467 1.17241 0.01832
v 0.16435 1.17973 0.01773
v 0.17559 1.18633 0.01720
v 0.18825 1.18918 0.01697
v 0.20106 1.18709 0.01714
v 0.21268 1.18118 0.01762
v 0.22278 1.17445 0.01816
v 0.15473 1.17330 0.03129
v 0.16438 1.18061 0.03070
v 0.17561 1.18719 0.03017
v 0.18826 1.19005 0.02995
v 0.20105 1.18795 0.03011
v 0.21265 1.18205 0.03059
v 0.22273 1.17533 0.03113
v 0.15602 1.17061 0.04455
v 0.16534 1.17767 0.04398
v 0.17618 1.18402 0.04347
v 0.18839 1.18678 0.04325
v 0.20073 1.18476 0.04341
v 0.21194 1.17906 0.04387
v 0.22167 1.17257 0.04439
v 0.16233 0.96086 0.06136
v 0.17206 0.95437 0.06188
v 0.18327 0.94868 0.06234
v 0.19561 0.94666 0.06250
v 0.20782 0.94941 0.06228
v 0.21866 0.95577 0.06177
v 0.22798 0.96283 0.06120
v 0.16127 0.95603 0.04871
v 0.17135 0.94930 0.04925
v 0.18295 0.94340 0.04972
v 0.19574 0.94131 0.04989
v 0.20839 0.94416 0.04966
v 0.21962 0.95074 0.04913
v 0.22927 0.95806 0.04854
v 0.16122 0.95483 0.03576
v 0.17132 0.94810 0.03630
v 0.18294 0.94219 0.03678
v 0.19575 0.94010 0.03694
v 0.20841 0.94295 0.03671
v 0.21965 0.94954 0.03619
v 0.22933 0.95687 0.03560
v 0.16122 0.95379 0.02280
v 0.17132 0.94706 0.02334
v 0.18294 0.94115 0.02382
v 0.19575 0.93906 0.02398
v 0.20841 0.94191 0.02376
v 0.21965 0.94851 0.02323
v 0.22933 0.95583 0.02264
v 0.16122 0.95275 0.00984
v 0.17132 0.94602 0.01038
v 0.18294 0.94011 0.01086
v 0.19575 0.93802 0.01103
v 0.20841 0.94087 0.01080
v 0.21965 0.94747 0.01027
v 0.22933 0.95479 0.00968
v 0.16127 0.95187 -0.00313
v 0.17135 0.94515 -0.00259
v 0.18295 0.93925 -0.00211
v 0.19574 0.93715 -0.00195
v 0.20839 0.94001 -0.00217
v 0.21962 0.94659 -0.00270
v 0.22927 0.95390 -0.00329
v 0.16233 0.95463 -0.01639
v 0.17206 0.94814 -0.01587
v 0.18327 0.94244 -0.01541
v 0.19561 0.94042 -0.01525
v 0.20782 0.94318 -0.01547
v 0.21866 0.94953 -0.01598
v 0.22798 0.95659 -0.01655
v 0.15602 1.17061 0.04455
v 0.16534 1.17767 0.04398
v 0.17618 1.18402 0.04347
v 0.18839 1.18678 0.04325
v 0.20073 1.18476 0.04341
v 0.21194 1.17906 0.04387
v 0.22167 1.17257 0.04439
v 0.15442 1.06559 0.05297
v 0.16695 1.06597 0.05294
v 0.17947 1.06634 0.05291
v 0.19200 1.06672 0.05288
v 0.20453 1.06709 0.05285
v 0.21705 1.06747 0.05282
v 0.22958 1.06784 0.05279
v 0.16233 0.96086 0.06136
v 0.17206 0.95437 0.06188
v 0.18327 0.94868 0.06234
v 0.19561 0.94666 0.06250
v 0.20782 0.94941 0.06228
v 0.21866 0.95577 0.06177
v 0.22798 0.96283 0.06120
v 0.22167 1.16634 -0.03336
v 0.21194 1.17283 -0.03388
v 0.20073 1.17852 -0.03434
v 0.18839 1.18054 -0.03450
v 0.17618 1.17779 -0.03428
v 0.16534 1.17143 -0.03377
v 0.15602 1.16437 -0.03320
v 0.22958 1.06161 -0.02497
v 0.21705 1.06123 -0.02494
v 0.20453 1.06086 -0.02491
v 0.19200 1.06048 -0.02488
v 0.17947 1.06011 -0.02485
v 0.16695 1.05973 -0.02482
v 0.15442 1.05936 -0.02479
v 0.22798 0.95659 -0.01655
v 0.21866 0.94953 -0.01598
v 0.20782 0.94318 -0.01547
v 0.19561 0.94042 -0.01525
v 0.18327 0.94244 -0.01541
v 0.17206 0.94814 -0.01587
v 0.16233 0.95463 -0.01639
v -0.17244 0.92889 0.05500
v -0.17063 0.93148 0.04533
v -0.17055 0.93158 0.03567
v -0.17055 0.93158 0.02600
v -0.17055 0.93158 0.01633
v -0.17063 0.93148 0.00667
v -0.17244 0.92889 -0.00300
v -0.17053 0.91661 0.05500
v -0.16860 0.91845 0.04533
v -0.16852 0.91853 0.03567
v -0.16852 0.91853 0.02600
v -0.16852 0.91853 0.01633
v -0.16860 0.91845 0.00667
v -0.17053 0.91661 -0.00300
v -0.16883 0.90242 0.05500
v -0.16680 0.90339 0.04533
v -0.16672 0.90343 0.03567
v -0.16672 0.90343 0.02600
v -0.16672 0.90343 0.01633
v -0.16680 0.90339 0.00667
v -0.16883 0.90242 -0.00300
v -0.16816 0.88660 0.05500
v -0.16608 0.88660 0.04533
v -0.16600 0.88660 0.03567
v -0.16600 0.88660 0.02600
v -0.16600 0.88660 0.01633
v -0.16608 0.88660 0.00667
v -0.16816 0.88660 -0.00300
v -0.16883 0.87078 0.05500
v -0.16680 0.86981 0.04533
v -0.16672 0.86977 0.03567
v -0.16672 0.86977 0.02600
v -0.16672 0.86977 0.01633
v -0.16680 0.86981 0.00667
v -0.16883 0.87078 -0.00300
v -0.17053 0.85659 0.05500
v -0.16860 0.85475 0.04533
v -0.16852 0.85467 0.03567
v -0.16852 0.85467 0.02600
v -0.16852 0.85467 0.01633
v -0.16860 0.85475 0.00667
v -0.17053 0.85659 -0.00300
v -0.17244 0.84431 0.05500
v -0.17063 0.84172 0.04533
v -0.17055 0.84162 0.03567
v -0.17055 0.84162 0.02600
v -0.17055 0.84162 0.01633
v -0.17063 0.84172 0.00667
v -0.17244 0.84431 -0.00300
v -0.23156 0.92889 -0.00300
v -0.23337 0.93148 0.00667
v -0.23345 0.93158 0.01633
v -0.23345 0.93158 0.02600
v -0.23345 0.93158 0.03567
v -0.23337 0.93148 0.04533
v -0.23156 0.92889 0.05500
v -0.23347 0.91661 -0.00300
v -0.23540 0.91845 0.00667
v -0.23548 0.91853 0.01633
v -0.23548 0.91853 0.02600
v -0.23548 0.91853 0.03567
v -0.23540 0.91845 0.04533
v -0.23347 0.91661 0.05500
v -0.23517 0.90242 -0.00300
v -0.23720 0.90339 0.00667
v -0.23728 0.90343 0.01633
v -0.23728 0.90343 0.02600
v -0.23728 0.90343 0.03567
v -0.23720 0.90339 0.04533
v -0.23517 0.90242 0.05500
v -0.23584 0.88660 -0.00300
v -0.23792 0.88660 0.00667
v -0.23800 0.88660 0.01633
v -0.23800 0.88660 0.02600
v -0.23800 0.88660 0.03567
v -0.23792 0.88660 0.04533
v -0.23584 0.88660 0.05500
v -0.23517 0.87078 -0.00300
v -0.23720 0.86981 0.00667
v -0.23728 0.86977 0.01633
v -0.23728 0.86977 0.02600
v -0.23728 0.86977 0.03567
v -0.23720 0.86981 0.04533
v -0.23517 0.87078 0.05500
v -0.23347 0.85659 -0.00300
v -0.23540 0.85475 0.00667
v -0.23548 0.85467 0.01633
v -0.23548 0.85467 0.02600
v -0.23548 0.85467 0.03567
v -0.23540 0.85475 0.04533
v -0.23347 0.85659 0.05500
v -0.23156 0.84431 -0.00300
v -0.23337 0.84172 0.00667
v -0.23345 0.84162 0.01633
v -0.23345 0.84162 0.02600
v -0.23345 0.84162 0.03567
v -0.23337 0.84172 0.04533
v -0.23156 0.84431 0.05500
v -0.23156 0.92889 -0.00300
v -0.22298 0.93162 -0.00300
v -0.21306 0.93405 -0.00300
v -0.20200 0.93501 -0.00300
v -0.19094 0.93405 -0.00300
v -0.18102 0.93162 -0.00300
v -0.17244 0.92889 -0.00300
v -0.23337 0.93148 0.00667
v -0.22427 0.93438 0.00667
v -0.21373 0.93696 0.00667
v -0.20200 0.93798 0.00667
v -0.19027 0.93696 0.00667
v -0.17973 0.93438 0.00667
v -0.17063 0.93148 0.00667
v -0.23345 0.93158 0.01633
v -0.22432 0.93449 0.01633
v -0.21376 0.93708 0.01633
v -0.20200 0.93810 0.01633
v -0.19024 0.93708 0.01633
v -0.17968 0.93449 0.01633
v -0.17055 0.93158 0.01633
v -0.23345 0.93158 0.02600
v -0.22432 0.93449 0.02600
v -0.21376 0.93708 0.02600
v -0.20200 0.93810 0.02600
v -0.19024 0.93708 0.02600
v -0.17968 0.93449 0.02600
v -0.17055 0.93158 0.02600
v -0.23345 0.93158 0.03567
v -0.22432 0.93449 0.03567
v -0.21376 0.93708 0.03567
v -0.20200 0.93810 0.03567
v -0.19024 0.93708 0.03567
v -0.17968 0.93449 0.03567
v -0.17055 0.93158 0.03567
v -0.23337 0.93148 0.04533
v -0.22427 0.93438 0.04533
v -0.21373 0.93696 0.04533
v -0.20200 0.93798 0.04533
v -0.19027 0.93696 0.04533
v -0.17973 0.93438 0.04533
v -0.17063 0.93148 0.04533
v -0.23156 0.92889 0.05500
v -0.22298 0.93162 0.05500
v -0.21306 0.93405 0.05500
v -0.20200 0.93501 0.05500
v -0.19094 0.93405 0.05500
v -0.18102 0.93162 0.05500
v -0.17244 0.92889 0.05500
v -0.23156 0.84431 0.05500
v -0.22298 0.84158 0.05500
v -0.21306 0.83915 0.05500
v -0.20200 0.83819 0.05500
v -0.19094 0.83915 0.05500
v -0.18102 0.84158 0.05500
v -0.17244 0.84431 0.05500
v -0.23337 0.84172 0.04533
v -0.22427 0.83882 0.04533
v -0.21373 0.83624 0.04533
v -0.20200 0.83522 0.04533
v -0.19027 0.83624 0.04533
v -0.17973 0.83882 0.04533
v -0.17063 0.84172 0.04533
v -0.23345 0.84162 0.03567
v -0.22432 0.83871 0.03567
v -0.21376 0.83612 0.03567
v -0.20200 0.83510 0.03567
v -0.19024 0.83612 0.03567
v -0.17968 0.83871 0.03567
v -0.17055 0.84162 0.03567
v -0.23345 0.84162 0.02600
v -0.22432 0.83871 0.02600
v -0.21376 0.83612 0.02600
v -0.20200 0.83510 0.02600
v -0.19024 0.83612 0.02600
v -0.17968 0.83871 0.02600
v -0.17055 0.84162 0.02600
v -0.23345 0.84162 0.01633
v -0.22432 0.83871 0.01633
v -0.21376 0.83612 0.01633
v -0.20200 0.83510 0.01633
v -0.19024 0.83612 0.01633
v -0.17968 0.83871 0.01633
v -0.17055 0.84162 0.01633
v -0.23337 0.84172 0.00667
v -0.22427 0.83882 0.00667
v -0.21373 0.83624 0.00667
v -0.20200 0.83522 0.00667
v -0.19027 0.83624 0.00667
v -0.17973 0.83882 0.00667
v -0.17063 0.84172 0.00667
v -0.23156 0.84431 -0.00300
v -0.22298 0.84158 -0.00300
v -0.21306 0.83915 -0.00300
v -0.20200 0.83819 -0.00300
v -0.19094 0.83915 -0.00300
v -0.18102 0.84158 -0.00300
v -0.17244 0.84431 -0.00300
v -0.23156 0.92889 0.05500
v -0.22298 0.93162 0.05500
v -0.21306 0.93405 0.05500
v -0.20200 0.93501 0.05500
v -0.19094 0.93405 0.05500
v -0.18102 0.93162 0.05500
v -0.17244 0.92889 0.05500
v -0.23347 0.91661 0.05500
v -0.22171 0.91479 0.05500
v -0.21280 0.91749 0.05500
v -0.20200 0.91887 0.05500
v -0.19120 0.91749 0.05500
v -0.18229 0.91479 0.05500
v -0.17053 0.91661 0.05500
v -0.23517 0.90242 0.05500
v -0.22360 0.90205 0.05500
v -0.21185 0.90070 0.05500
v -0.20200 0.90274 0.05500
v -0.19215 0.90070 0.05500
v -0.18040 0.90205 0.05500
v -0.16883 0.90242 0.05500
v -0.23584 0.88660 0.05500
v -0.22456 0.88660 0.05500
v -0.21328 0.88660 0.05500
v -0.20200 0.88660 0.05500
v -0.19072 0.88660 0.05500
v -0.17944 0.88660 0.05500
v -0.16816 0.88660 0.05500
v -0.23517 0.87078 0.05500
v -0.22360 0.87115 0.05500
v -0.21185 0.87250 0.05500
v -0.20200 0.87046 0.05500
v -0.19215 0.87250 0.05500
v -0.18040 0.87115 0.05500
v -0.16883 0.87078 0.05500
v -0.23347 0.85659 0.05500
v -0.22171 0.85841 0.05500
v -0.21280 0.85571 0.05500
v -0.20200 0.85433 0.05500
v -0.19120 0.85571 0.05500
v -0.18229 0.85841 0.05500
v -0.17053 0.85659 0.05500
v -0.23156 0.84431 0.05500
v -0.22298 0.84158 0.05500
v -0.21306 0.83915 0.05500
v -0.20200 0.83819 0.05500
v -0.19094 0.83915 0.05500
v -0.18102 0.84158 0.05500
v -0.17244 0.84431 0.05500
v -0.17244 0.92889 -0.00300
v -0.18102 0.93162 -0.00300
v -0.19094 0.93405 -0.00300
v -0.20200 0.93501 -0.00300
v -0.21306 0.93405 -0.00300
v -0.22298 0.93162 -0.00300
v -0.23156 0.92889 -0.00300
v -0.17053 0.91661 -0.00300
v -0.18229 0.91479 -0.00300
v -0.19120 0.91749 -0.00300
v -0.20200 0.91887 -0.00300
v -0.21280 0.91749 -0.00300
v -0.22171 0.91479 -0.00300
v -0.23347 0.91661 -0.00300
v -0.16883 0.90242 -0.00300
v -0.18040 0.90205 -0.00300
v -0.19215 0.90070 -0.00300
v -0.20200 0.90274 -0.00300
v -0.21185 0.90070 -0.00300
v -0.22360 0.90205 -0.00300
v -0.23517 0.90242 -0.00300
v -0.16816 0.88660 -0.00300
v -0.17944 0.88660 -0.00300
v -0.19072 0.88660 -0.00300
v -0.20200 0.88660 -0.00300
v -0.21328 0.88660 -0.00300
v -0.22456 0.88660 -0.00300
v -0.23584 0.88660 -0.00300
v -0.16883 0.87078 -0.00300
v -0.18040 0.87115 -0.00300
v -0.19215 0.87250 -0.00300
v -0.20200 0.87046 -0.00300
v -0.21185 0.87250 -0.00300
v -0.22360 0.87115 -0.00300
v -0.23517 0.87078 -0.00300
v -0.17053 0.85659 -0.00300
v -0.18229 0.85841 -0.00300
v -0.19120 0.85571 -0.00300
v -0.20200 0.85433 -0.00300
v -0.21280 0.85571 -0.00300
v -0.22171 0.85841 -0.00300
v -0.23347 0.85659 -0.00300
v -0.17244 0.84431 -0.00300
v -0.18102 0.84158 -0.00300
v -0.19094 0.83915 -0.00300
v -0.20200 0.83819 -0.00300
v -0.21306 0.83915 -0.00300
v -0.22298 0.84158 -0.00300
v -0.23156 0.84431 -0.00300
v 0.23156 0.92889 0.05500
v 0.23337 0.93148 0.04533
v 0.23345 0.93158 0.03567
v 0.23345 0.93158 0.02600
v 0.23345 0.93158 0.01633
v 0.23337 0.93148 0.00667
v 0.23156 0.92889 -0.00300
v 0.23347 0.91661 0.05500
v 0.23540 0.91845 0.04533
v 0.23548 0.91853 0.03567
v 0.23548 0.91853 0.02600
v 0.23548 0.91853 0.01633
v 0.23540 0.91845 0.00667
v 0.23347 0.91661 -0.00300
v 0.23517 0.90242 0.05500
v 0.23720 0.90339 0.04533
v 0.23728 0.90343 0.03567
v 0.23728 0.90343 0.02600
v 0.23728 0.90343 0.01633
v 0.23720 0.90339 0.00667
v 0.23517 0.90242 -0.00300
v 0.23584 0.88660 0.05500
v 0.23792 0.88660 0.04533
v 0.23800 0.88660 0.03567
v 0.23800 0.88660 0.02600
v 0.23800 0.88660 0.01633
v 0.23792 0.88660 0.00667
v 0.23584 0.88660 -0.00300
v 0.23517 0.87078 0.05500
v 0.23720 0.86981 0.04533
v 0.23728 0.86977 0.03567
v 0.23728 0.86977 0.02600
v 0.23728 0.86977 0.01633
v 0.23720 0.86981 0.00667
v 0.23517 0.87078 -0.00300
v 0.23347 0.85659 0.05500
v 0.23540 0.85475 0.04533
v 0.23548 0.85467 0.03567
v 0.23548 0.85467 0.02600
v 0.23548 0.85467 0.01633
v 0.23540 0.85475 0.00667
v 0.23347 0.85659 -0.00300
v 0.23156 0.84431 0.05500
v 0.23337 0.84172 0.04533
v 0.23345 0.84162 0.03567
v 0.23345 0.84162 0.02600
v 0.23345 0.84162 0.01633
v 0.23337 0.84172 0.00667
v 0.23156 0.84431 -0.00300
v 0.17244 0.92889 -0.00300
v 0.17063 0.93148 0.00667
v 0.17055 0.93158 0.01633
v 0.17055 0.93158 0.02600
v 0.17055 0.93158 0.03567
v 0.17063 0.93148 0.04533
v 0.17244 0.92889 0.05500
v 0.17053 0.91661 -0.00300
v 0.16860 0.91845 0.00667
v 0.16852 0.91853 0.01633
v 0.16852 0.91853 0.02600
v 0.16852 0.91853 0.03567
v 0.16860 0.91845 0.04533
v 0.17053 0.91661 0.05500
v 0.16883 0.90242 -0.00300
v 0.16680 0.90339 0.00667
v 0.16672 0.90343 0.01633
v 0.16672 0.90343 0.02600
v 0.16672 0.90343 0.03567
v 0.16680 0.90339 0.04533
v 0.16883 0.90242 0.05500
v 0.16816 0.88660 -0.00300
v 0.16608 0.88660 0.00667
v 0.16600 0.88660 0.01633
v 0.16600 0.88660 0.02600
v 0.16600 0.88660 0.03567
v 0.16608 0.88660 0.04533
v 0.16816 0.88660 0.05500
v 0.16883 0.87078 -0.00300
v 0.16680 0.86981 0.00667
v 0.16672 0.86977 0.01633
v 0.16672 0.86977 0.02600
v 0.16672 0.86977 0.03567
v 0.16680 0.86981 0.04533
v 0.16883 0.87078 0.05500
v 0.17053 0.85659 -0.00300
v 0.16860 0.85475 0.00667
v 0.16852 0.85467 0.01633
v 0.16852 0.85467 0.02600
v 0.16852 0.85467 0.03567
v 0.16860 0.85475 0.04533
v 0.17053 0.85659 0.05500
v 0.17244 0.84431 -0.00300
v 0.17063 0.84172 0.00667
v 0.17055 0.84162 0.01633
v 0.17055 0.84162 0.02600
v 0.17055 0.84162 0.03567
v 0.17063 0.84172 0.04533
v 0.17244 0.84431 0.05500
v 0.17244 0.92889 -0.00300
v 0.18102 0.93162 -0.00300
v 0.19094 0.93405 -0.00300
v 0.20200 0.93501 -0.00300
v 0.21306 0.93405 -0.00300
v 0.22298 0.93162 -0.00300
v 0.23156 0.92889 -0.00300
v 0.17063 0.93148 0.00667
v 0.17973 0.93438 0.00667
v 0.19027 0.93696 0.00667
v 0.20200 0.93798 0.00667
v 0.21373 0.93696 0.00667
v 0.22427 0.93438 0.00667
v 0.23337 0.93148 0.00667
v 0.17055 0.93158 0.01633
v 0.17968 0.93449 0.01633
v 0.19024 0.93708 0.01633
v 0.20200 0.93810 0.01633
v 0.21376 0.93708 0.01633
v 0.22432 0.93449 0.01633
v 0.23345 0.93158 0.01633
v 0.17055 0.93158 0.02600
v 0.17968 0.93449 0.02600
v 0.19024 0.93708 0.02600
v 0.20200 0.93810 0.02600
v 0.21376 0.93708 0.02600
v 0.22432 0.93449 0.02600
v 0.23345 0.93158 0.02600
v 0.17055 0.93158 0.03567
v 0.17968 0.93449 0.03567
v 0.19024 0.93708 0.03567
v 0.20200 0.93810 0.03567
v 0.21376 0.93708 0.03567
v 0.22432 0.93449 0.03567
v 0.23345 0.93158 0.03567
v 0.17063 0.93148 0.04533
v 0.17973 0.93438 0.04533
v 0.19027 0.93696 0.04533
v 0.20200 0.93798 0.04533
v 0.21373 0.93696 0.04533
v 0.22427 0.93438 0.04533
v 0.23337 0.93148 0.04533
v 0.17244 0.92889 0.05500
v 0.18102 0.93162 0.05500
v 0.19094 0.93405 0.05500
v 0.20200 0.93501 0.05500
v 0.21306 0.93405 0.05500
v 0.22298 0.93162 0.05500
v 0.23156 0.92889 0.05500
v 0.17244 0.84431 0.05500
v 0.18102 0.84158 0.05500
v 0.19094 0.83915 0.05500
v 0.20200 0.83819 0.05500
v 0.21306 0.83915 0.05500
v 0.22298 0.84158 0.05500
v 0.23156 0.84431 0.05500
v 0.17063 0.84172 0.04533
v 0.17973 0.83882 0.04533
v 0.19027 0.83624 0.04533
v 0.20200 0.83522 0.04533
v 0.21373 0.83624 0.04533
v 0.22427 0.83882 0.04533
v 0.23337 0.84172 0.04533
v 0.17055 0.84162 0.03567
v 0.17968 0.83871 0.03567
v 0.19024 0.83612 0.03567
v 0.20200 0.83510 0.03567
v 0.21376 0.83612 0.03567
v 0.22432 0.83871 0.03567
v 0.23345 0.84162 0.03567
v 0.17055 0.84162 0.02600
v 0.17968 0.83871 0.02600
v 0.19024 0.83612 0.02600
v 0.20200 0.83510 0.02600
v 0.21376 0.83612 0.02600
v 0.22432 0.83871 0.02600
v 0.23345 0.84162 0.02600
v 0.17055 0.84162 0.01633
v 0.17968 0.83871 0.01633
v 0.19024 0.83612 0.01633
v 0.20200 0.83510 0.01633
v 0.21376 0.83612 0.01633
v 0.22432 0.83871 0.01633
v 0.23345 0.84162 0.01633
v 0.17063 0.84172 0.00667
v 0.17973 0.83882 0.00667
v 0.19027 0.83624 0.00667
v 0.20200 0.83522 0.00667
v 0.21373 0.83624 0.00667
v 0.22427 0.83882 0.00667
v 0.23337 0.84172 0.00667
v 0.17244 0.84431 -0.00300
v 0.18102 0.84158 -0.00300
v 0.19094 0.83915 -0.00300
v 0.20200 0.83819 -0.00300
v 0.21306 0.83915 -0.00300
v 0.22298 0.84158 -0.00300
v 0.23156 0.84431 -0.00300
v 0.17244 0.92889 0.05500
v 0.18102 0.93162 0.05500
v 0.19094 0.93405 0.05500
v 0.20200 0.93501 0.05500
v 0.21306 0.93405 0.05500
v 0.22298 0.93162 0.05500
v 0.23156 0.92889 0.05500
v 0.17053 0.91661 0.05500
v 0.18229 0.91479 0.05500
v 0.19120 0.91749 0.05500
v 0.20200 0.91887 0.05500
v 0.21280 0.91749 0.05500
v 0.22171 0.91479 0.05500
v 0.23347 0.91661 0.05500
v 0.16883 0.90242 0.05500
v 0.18040 0.90205 0.05500
v 0.19215 0.90070 0.05500
v 0.20200 0.90274 0.05500
v 0.21185 0.90070 0.05500
v 0.22360 0.90205 0.05500
v 0.23517 0.90242 0.05500
v 0.16816 0.88660 0.05500
v 0.17944 0.88660 0.05500
v 0.19072 0.88660 0.05500
v 0.20200 0.88660 0.05500
v 0.21328 0.88660 0.05500
v 0.22456 0.88660 0.05500
v 0.23584 0.88660 0.05500
v 0.16883 0.87078 0.05500
v 0.18040 0.87115 0.05500
v 0.19215 0.87250 0.05500
v 0.20200 0.87046 0.05500
v 0.21185 0.87250 0.05500
v 0.22360 0.87115 0.05500
v 0.23517 0.87078 0.05500
v 0.17053 0.85659 0.05500
v 0.18229 0.85841 0.05500
v 0.19120 0.85571 0.05500
v 0.20200 0.85433 0.05500
v 0.21280 0.85571 0.05500
v 0.22171 0.85841 0.05500
v 0.23347 0.85659 0.05500
v 0.17244 0.84431 0.05500
v 0.18102 0.84158 0.05500
v 0.19094 0.83915 0.05500
v 0.20200 0.83819 0.05500
v 0.21306 0.83915 0.05500
v 0.22298 0.84158 0.05500
v 0.23156 0.84431 0.05500
v 0.23156 0.92889 -0.00300
v 0.22298 0.93162 -0.00300
v 0.21306 0.93405 -0.00300
v 0.20200 0.93501 -0.00300
v 0.19094 0.93405 -0.00300
v 0.18102 0.93162 -0.00300
v 0.17244 0.92889 -0.00300
v 0.23347 0.91661 -0.00300
v 0.22171 0.91479 -0.00300
v 0.21280 0.91749 -0.00300
v 0.20200 0.91887 -0.00300
v 0.19120 0.91749 -0.00300
v 0.18229 0.91479 -0.00300
v 0.17053 0.91661 -0.00300
v 0.23517 0.90242 -0.00300
v 0.22360 0.90205 -0.00300
v 0.21185 0.90070 -0.00300
v 0.20200 0.90274 -0.00300
v 0.19215 0.90070 -0.00300
v 0.18040 0.90205 -0.00300
v 0.16883 0.90242 -0.00300
v 0.23584 0.88660 -0.00300
v 0.22456 0.88660 -0.00300
v 0.21328 0.88660 -0.00300
v 0.20200 0.88660 -0.00300
v 0.19072 0.88660 -0.00300
v 0.17944 0.88660 -0.00300
v 0.16816 0.88660 -0.00300
v 0.23517 0.87078 -0.00300
v 0.22360 0.87115 -0.00300
v 0.21185 0.87250 -0.00300
v 0.20200 0.87046 -0.00300
v 0.19215 0.87250 -0.00300
v 0.18040 0.87115 -0.00300
v 0.16883 0.87078 -0.00300
v 0.23347 0.85659 -0.00300
v 0.22171 0.85841 -0.00300
v 0.21280 0.85571 -0.00300
v 0.20200 0.85433 -0.00300
v 0.19120 0.85571 -0.00300
v 0.18229 0.85841 -0.00300
v 0.17053 0.85659 -0.00300
v 0.23156 0.84431 -0.00300
v 0.22298 0.84158 -0.00300
v 0.21306 0.83915 -0.00300
v 0.20200 0.83819 -0.00300
v 0.19094 0.83915 -0.00300
v 0.18102 0.84158 -0.00300
v 0.17244 0.84431 -0.00300
v -0.17855 0.83338 0.05500
v -0.17699 0.83429 0.04667
v -0.17692 0.83432 0.03833
v -0.17692 0.83432 0.03000
v -0.17692 0.83432 0.02167
v -0.17699 0.83429 0.01333
v -0.17855 0.83338 0.00500
v -0.17690 0.82909 0.05500
v -0.17524 0.82973 0.04667
v -0.17517 0.82976 0.03833
v -0.17517 0.82976 0.03000
v -0.17517 0.82976 0.02167
v -0.17524 0.82973 0.01333
v -0.17690 0.82909 0.00500
v -0.17544 0.82413 0.05500
v -0.17369 0.82447 0.04667
v -0.17362 0.82448 0.03833
v -0.17362 0.82448 0.03000
v -0.17362 0.82448 0.02167
v -0.17369 0.82447 0.01333
v -0.17544 0.82413 0.00500
v -0.17486 0.81860 0.05500
v -0.17307 0.81860 0.04667
v -0.17300 0.81860 0.03833
v -0.17300 0.81860 0.03000
v -0.17300 0.81860 0.02167
v -0.17307 0.81860 0.01333
v -0.17486 0.81860 0.00500
v -0.17544 0.81307 0.05500
v -0.17369 0.81273 0.04667
v -0.17362 0.81272 0.03833
v -0.17362 0.81272 0.03000
v -0.17362 0.81272 0.02167
v -0.17369 0.81273 0.01333
v -0.17544 0.81307 0.00500
v -0.17690 0.80811 0.05500
v -0.17524 0.80747 0.04667
v -0.17517 0.80744 0.03833
v -0.17517 0.80744 0.03000
v -0.17517 0.80744 0.02167
v -0.17524 0.80747 0.01333
v -0.17690 0.80811 0.00500
v -0.17855 0.80382 0.05500
v -0.17699 0.80291 0.04667
v -0.17692 0.80288 0.03833
v -0.17692 0.80288 0.03000
v -0.17692 0.80288 0.02167
v -0.17699 0.80291 0.01333
v -0.17855 0.80382 0.00500
v -0.22945 0.83338 0.00500
v -0.23101 0.83429 0.01333
v -0.23108 0.83432 0.02167
v -0.23108 0.83432 0.03000
v -0.23108 0.83432 0.03833
v -0.23101 0.83429 0.04667
v -0.22945 0.83338 0.05500
v -0.23110 0.82909 0.00500
v -0.23276 0.82973 0.01333
v -0.23283 0.82976 0.02167
v -0.23283 0.82976 0.03000
v -0.23283 0.82976 0.03833
v -0.23276 0.82973 0.04667
v -0.23110 0.82909 0.05500
v -0.23256 0.82413 0.00500
v -0.23431 0.82447 0.01333
v -0.23438 0.82448 0.02167
v -0.23438 0.82448 0.03000
v -0.23438 0.82448 0.03833
v -0.23431 0.82447 0.04667
v -0.23256 0.82413 0.05500
v -0.23314 0.81860 0.00500
v -0.23493 0.81860 0.01333
v -0.23500 0.81860 0.02167
v -0.23500 0.81860 0.03000
v -0.23500 0.81860 0.03833
v -0.23493 0.81860 0.04667
v -0.23314 0.81860 0.05500
v -0.23256 0.81307 0.00500
v -0.23431 0.81273 0.01333
v -0.23438 0.81272 0.02167
v -0.23438 0.81272 0.03000
v -0.23438 0.81272 0.03833
v -0.23431 0.81273 0.04667
v -0.23256 0.81307 0.05500
v -0.23110 0.80811 0.00500
v -0.23276 0.80747 0.01333
v -0.23283 0.80744 0.02167
v -0.23283 0.80744 0.03000
v -0.23283 0.80744 0.03833
v -0.23276 0.80747 0.04667
v -0.23110 0.80811 0.05500
v -0.22945 0.80382 0.00500
v -0.23101 0.80291 0.01333
v -0.23108 0.80288 0.02167
v -0.23108 0.80288 0.03000
v -0.23108 0.80288 0.03833
v -0.23101 0.80291 0.04667
v -0.22945 0.80382 0.05500
v -0.22945 0.83338 0.00500
v -0.22207 0.83433 0.00500
v -0.21352 0.83518 0.00500
v -0.20400 0.83552 0.00500
v -0.19448 0.83518 0.00500
v -0.18593 0.83433 0.00500
v -0.17855 0.83338 0.00500
v -0.23101 0.83429 0.01333
v -0.22317 0.83530 0.01333
v -0.21410 0.83620 0.01333
v -0.20400 0.83656 0.01333
v -0.19390 0.83620 0.01333
v -0.18483 0.83530 0.01333
v -0.17699 0.83429 0.01333
v -0.23108 0.83432 0.02167
v -0.22322 0.83534 0.02167
v -0.21413 0.83624 0.02167
v -0.20400 0.83660 0.02167
v -0.19387 0.83624 0.02167
v -0.18478 0.83534 0.02167
v -0.17692 0.83432 0.02167
v -0.23108 0.83432 0.03000
v -0.22322 0.83534 0.03000
v -0.21413 0.83624 0.03000
v -0.20400 0.83660 0.03000
v -0.19387 0.83624 0.03000
v -0.18478 0.83534 0.03000
v -0.17692 0.83432 0.03000
v -0.23108 0.83432 0.03833
v -0.22322 0.83534 0.03833
v -0.21413 0.83624 0.03833
v -0.20400 0.83660 0.03833
v -0.19387 0.83624 0.03833
v -0.18478 0.83534 0.03833
v -0.17692 0.83432 0.03833
v -0.23101 0.83429 0.04667
v -0.22317 0.83530 0.04667
v -0.21410 0.83620 0.04667
v -0.20400 0.83656 0.04667
v -0.19390 0.83620 0.04667
v -0.18483 0.83530 0.04667
v -0.17699 0.83429 0.04667
v -0.22945 0.83338 0.05500
v -0.22207 0.83433 0.05500
v -0.21352 0.83518 0.05500
v -0.20400 0.83552 0.05500
v -0.19448 0.83518 0.05500
v -0.18593 0.83433 0.05500
v -0.17855 0.83338 0.05500
v -0.22945 0.80382 0.05500
v -0.22207 0.80287 0.05500
v -0.21352 0.80202 0.05500
v -0.20400 0.80168 0.05500
v -0.19448 0.80202 0.05500
v -0.18593 0.80287 0.05500
v -0.17855 0.80382 0.05500
v -0.23101 0.80291 0.04667
v -0.22317 0.80190 0.04667
v -0.21410 0.80100 0.04667
v -0.20400 0.80064 0.04667
v -0.19390 0.80100 0.04667
v -0.18483 0.80190 0.04667
v -0.17699 0.80291 0.04667
v -0.23108 0.80288 0.03833
v -0.22322 0.80186 0.03833
v -0.21413 0.80096 0.03833
v -0.20400 0.80060 0.03833
v -0.19387 0.80096 0.03833
v -0.18478 0.80186 0.03833
v -0.17692 0.80288 0.03833
v -0.23108 0.80288 0.03000
v -0.22322 0.80186 0.03000
v -0.21413 0.80096 0.03000
v -0.20400 0.80060 0.03000
v -0.19387 0.80096 0.03000
v -0.18478 0.80186 0.03000
v -0.17692 0.80288 0.03000
v -0.23108 0.80288 0.02167
v -0.22322 0.80186 0.02167
v -0.21413 0.80096 0.02167
v -0.20400 0.80060 0.02167
v -0.19387 0.80096 0.02167
v -0.18478 0.80186 0.02167
v -0.17692 0.80288 0.02167
v -0.23101 0.80291 0.01333
v -0.22317 0.80190 0.01333
v -0.21410 0.80100 0.01333
v -0.20400 0.80064 0.01333
v -0.19390 0.80100 0.01333
v -0.18483 0.80190 0.01333
v -0.17699 0.80291 0.01333
v -0.22945 0.80382 0.00500
v -0.22207 0.80287 0.00500
v -0.21352 0.80202 0.00500
v -0.20400 0.80168 0.00500
v -0.19448 0.80202 0.00500
v -0.18593 0.80287 0.00500
v -0.17855 0.80382 0.00500
v -0.22945 0.83338 0.05500
v -0.22207 0.83433 0.05500
v -0.21352 0.83518 0.05500
v -0.20400 0.83552 0.05500
v -0.19448 0.83518 0.05500
v -0.18593 0.83433 0.05500
v -0.17855 0.83338 0.05500
v -0.23110 0.82909 0.05500
v -0.22097 0.82845 0.05500
v -0.21330 0.82940 0.05500
v -0.20400 0.82988 0.05500
v -0.19470 0.82940 0.05500
v -0.18703 0.82845 0.05500
v -0.17690 0.82909 0.05500
v -0.23256 0.82413 0.05500
v -0.22260 0.82400 0.05500
v -0.21248 0.82353 0.05500
v -0.20400 0.82424 0.05500
v -0.19552 0.82353 0.05500
v -0.18540 0.82400 0.05500
v -0.17544 0.82413 0.05500
v -0.23314 0.81860 0.05500
v -0.22343 0.81860 0.05500
v -0.21371 0.81860 0.05500
v -0.20400 0.81860 0.05500
v -0.19429 0.81860 0.05500
v -0.18457 0.81860 0.05500
v -0.17486 0.81860 0.05500
v -0.23256 0.81307 0.05500
v -0.22260 0.81320 0.05500
v -0.21248 0.81367 0.05500
v -0.20400 0.81296 0.05500
v -0.19552 0.81367 0.05500
v -0.18540 0.81320 0.05500
v -0.17544 0.81307 0.05500
v -0.23110 0.80811 0.05500
v -0.22097 0.80875 0.05500
v -0.21330 0.80780 0.05500
v -0.20400 0.80732 0.05500
v -0.19470 0.80780 0.05500
v -0.18703 0.80875 0.05500
v -0.17690 0.80811 0.05500
v -0.22945 0.80382 0.05500
v -0.22207 0.80287 0.05500
v -0.21352 0.80202 0.05500
v -0.20400 0.80168 0.05500
v -0.19448 0.80202 0.05500
v -0.18593 0.80287 0.05500
v -0.17855 0.80382 0.05500
v -0.17855 0.83338 0.00500
v -0.18593 0.83433 0.00500
v -0.19448 0.83518 0.00500
v -0.20400 0.83552 0.00500
v -0.21352 0.83518 0.00500
v -0.22207 0.83433 0.00500
v -0.22945 0.83338 0.00500
v -0.17690 0.82909 0.00500
v -0.18703 0.82845 0.00500
v -0.19470 0.82940 0.00500
v -0.20400 0.82988 0.00500
v -0.21330 0.82940 0.00500
v -0.22097 0.82845 0.00500
v -0.23110 0.82909 0.00500
v -0.17544 0.82413 0.00500
v -0.18540 0.82400 0.00500
v -0.19552 0.82353 0.00500
v -0.20400 0.82424 0.00500
v -0.21248 0.82353 0.00500
v -0.22260 0.82400 0.00500
v -0.23256 0.82413 0.00500
v -0.17486 0.81860 0.00500
v -0.18457 0.81860 0.00500
v -0.19429 0.81860 0.00500
v -0.20400 0.81860 0.00500
v -0.21371 0.81860 0.00500
v -0.22343 0.81860 0.00500
v -0.23314 0.81860 0.00500
v -0.17544 0.81307 0.00500
v -0.18540 0.81320 0.00500
v -0.19552 0.81367 0.00500
v -0.20400 0.81296 0.00500
v -0.21248 0.81367 0.00500
v -0.22260 0.81320 0.00500
v -0.23256 0.81307 0.00500
v -0.17690 0.80811 0.00500
v -0.18703 0.80875 0.00500
v -0.19470 0.80780 0.00500
v -0.20400 0.80732 0.00500
v -0.21330 0.80780 0.00500
v -0.22097 0.80875 0.00500
v -0.23110 0.80811 0.00500
v -0.17855 0.80382 0.00500
v -0.18593 0.80287 0.00500
v -0.19448 0.80202 0.00500
v -0.20400 0.80168 0.00500
v -0.21352 0.80202 0.00500
v -0.22207 0.80287 0.00500
v -0.22945 0.80382 0.00500
v 0.22945 0.83338 0.05500
v 0.23101 0.83429 0.04667
v 0.23108 0.83432 0.03833
v 0.23108 0.83432 0.03000
v 0.23108 0.83432 0.02167
v 0.23101 0.83429 0.01333
v 0.22945 0.83338 0.00500
v 0.23110 0.82909 0.05500
v 0.23276 0.82973 0.04667
v 0.23283 0.82976 0.03833
v 0.23283 0.82976 0.03000
v 0.23283 0.82976 0.02167
v 0.23276 0.82973 0.01333
v 0.23110 0.82909 0.00500
v 0.23256 0.82413 0.05500
v 0.23431 0.82447 0.04667
v 0.23438 0.82448 0.03833
v 0.23438 0.82448 0.03000
v 0.23438 0.82448 0.02167
v 0.23431 0.82447 0.01333
v 0.23256 0.82413 0.00500
v 0.23314 0.81860 0.05500
v 0.23493 0.81860 0.04667
v 0.23500 0.81860 0.03833
v 0.23500 0.81860 0.03000
v 0.23500 0.81860 0.02167
v 0.23493 0.81860 0.01333
v 0.23314 0.81860 0.00500
v 0.23256 0.81307 0.05500
v 0.23431 0.81273 0.04667
v 0.23438 0.81272 0.03833
v 0.23438 0.81272 0.03000
v 0.23438 0.81272 0.02167
v 0.23431 0.81273 0.01333
v 0.23256 0.81307 0.00500
v 0.23110 0.80811 0.05500
v 0.23276 0.80747 0.04667
v 0.23283 0.80744 0.03833
v 0.23283 0.80744 0.03000
v 0.23283 0.80744 0.02167
v 0.23276 0.80747 0.01333
v 0.23110 0.80811 0.00500
v 0.22945 0.80382 0.05500
v 0.23101 0.80291 0.04667
v 0.23108 0.80288 0.03833
v 0.23108 0.80288 0.03000
v 0.23108 0.80288 0.02167
v 0.23101 0.80291 0.01333
v 0.22945 0.80382 0.00500
v 0.17855 0.83338 0.00500
v 0.17699 0.83429 0.01333
v 0.17692 0.83432 0.02167
v 0.17692 0.83432 0.03000
v 0.17692 0.83432 0.03833
v 0.17699 0.83429 0.04667
v 0.17855 0.83338 0.05500
v 0.17690 0.82909 0.00500
v 0.17524 0.82973 0.01333
v 0.17517 0.82976 0.02167
v 0.17517 0.82976 0.03000
v 0.17517 0.82976 0.03833
v 0.17524 0.82973 0.04667
v 0.17690 0.82909 0.05500
v 0.17544 0.82413 0.00500
v 0.17369 0.82447 0.01333
v 0.17362 0.82448 0.02167
v 0.17362 0.82448 0.03000
v 0.17362 0.82448 0.03833
v 0.17369 0.82447 0.04667
v 0.17544 0.82413 0.05500
v 0.17486 0.81860 0.00500
v 0.17307 0.81860 0.01333
v 0.17300 0.81860 0.02167
v 0.17300 0.81860 0.03000
v 0.17300 0.81860 0.03833
v 0.17307 0.81860 0.04667
v 0.17486 0.81860 0.05500
v 0.17544 0.81307 0.00500
v 0.17369 0.81273 0.01333
v 0.17362 0.81272 0.02167
v 0.17362 0.81272 0.03000
v 0.17362 0.81272 0.03833
v 0.17369 0.81273 0.04667
v 0.17544 0.81307 0.05500
v 0.17690 0.80811 0.00500
v 0.17524 0.80747 0.01333
v 0.17517 0.80744 0.02167
v 0.17517 0.80744 0.03000
v 0.17517 0.80744 0.03833
v 0.17524 0.80747 0.04667
v 0.17690 0.80811 0.05500
v 0.17855 0.80382 0.00500
v 0.17699 0.80291 0.01333
v 0.17692 0.80288 0.02167
v 0.17692 0.80288 0.03000
v 0.17692 0.80288 0.03833
v 0.17699 0.80291 0.04667
v 0.17855 0.80382 0.05500
v 0.17855 0.83338 0.00500
v 0.18593 0.83433 0.00500
v 0.19448 0.83518 0.00500
v 0.20400 0.83552 0.00500
v 0.21352 0.83518 0.00500
v 0.22207 0.83433 0.00500
v 0.22945 0.83338 0.00500
v 0.17699 0.83429 0.01333
v 0.18483 0.83530 0.01333
v 0.19390 0.83620 0.01333
v 0.20400 0.83656 0.01333
v 0.21410 0.83620 0.01333
v 0.22317 0.83530 0.01333
v 0.23101 0.83429 0.01333
v 0.17692 0.83432 0.02167
v 0.18478 0.83534 0.02167
v 0.19387 0.83624 0.02167
v 0.20400 0.83660 0.02167
v 0.21413 0.83624 0.02167
v 0.22322 0.83534 0.02167
v 0.23108 0.83432 0.02167
v 0.17692 0.83432 0.03000
v 0.18478 0.83534 0.03000
v 0.19387 0.83624 0.03000
v 0.20400 0.83660 0.03000
v 0.21413 0.83624 0.03000
v 0.22322 0.83534 0.03000
v 0.23108 0.83432 0.03000
v 0.17692 0.83432 0.03833
v 0.18478 0.83534 0.03833
v 0.19387 0.83624 0.03833
v 0.20400 0.83660 0.03833
v 0.21413 0.83624 0.03833
v 0.22322 0.83534 0.03833
v 0.23108 0.83432 0.03833
v 0.17699 0.83429 0.04667
v 0.18483 0.83530 0.04667
v 0.19390 0.83620 0.04667
v 0.20400 0.83656 0.04667
v 0.21410 0.83620 0.04667
v 0.22317 0.83530 0.04667
v 0.23101 0.83429 0.04667
v 0.17855 0.83338 0.05500
v 0.18593 0.83433 0.05500
v 0.19448 0.83518 0.05500
v 0.20400 0.83552 0.05500
v 0.21352 0.83518 0.05500
v 0.22207 0.83433 0.05500
v 0.22945 0.83338 0.05500
v 0.17855 0.80382 0.05500
v 0.18593 0.80287 0.05500
v 0.19448 0.80202 0.05500
v 0.20400 0.80168 0.05500
v 0.21352 0.80202 0.05500
v 0.22207 0.80287 0.05500
v 0.22945 0.80382 0.05500
v 0.17699 0.80291 0.04667
v 0.18483 0.80190 0.04667
v 0.19390 0.80100 0.04667
v 0.20400 0.80064 0.04667
v 0.21410 0.80100 0.04667
v 0.22317 0.80190 0.04667
v 0.23101 0.80291 0.04667
v 0.17692 0.80288 0.03833
v 0.18478 0.80186 0.03833
v 0.19387 0.80096 0.03833
v 0.20400 0.80060 0.03833
v 0.21413 0.80096 0.03833
v 0.22322 0.80186 0.03833
v 0.23108 0.80288 0.03833
v 0.17692 0.80288 0.03000
v 0.18478 0.80186 0.03000
v 0.19387 0.80096 0.03000
v 0.20400 0.80060 0.03000
v 0.21413 0.80096 0.03000
v 0.22322 0.80186 0.03000
v 0.23108 0.80288 0.03000
v 0.17692 0.80288 0.02167
v 0.18478 0.80186 0.02167
v 0.19387 0.80096 0.02167
v 0.20400 0.80060 0.02167
v 0.21413 0.80096 0.02167
v 0.22322 0.80186 0.02167
v 0.23108 0.80288 0.02167
v 0.17699 0.80291 0.01333
v 0.18483 0.80190 0.01333
v 0.19390 0.80100 0.01333
v 0.20400 0.80064 0.01333
v 0.21410 0.80100 0.01333
v 0.22317 0.80190 0.01333
v 0.23101 0.80291 0.01333
v 0.17855 0.80382 0.00500
v 0.18593 0.80287 0.00500
v 0.19448 0.80202 0.00500
v 0.20400 0.80168 0.00500
v 0.21352 0.80202 0.00500
v 0.22207 0.80287 0.00500
v 0.22945 0.80382 0.00500
v 0.17855 0.83338 0.05500
v 0.18593 0.83433 0.05500
v 0.19448 0.83518 0.05500
v 0.20400 0.83552 0.05500
v 0.21352 0.83518 0.05500
v 0.22207 0.83433 0.05500
v 0.22945 0.83338 0.05500
v 0.17690 0.82909 0.05500
v 0.18703 0.82845 0.05500
v 0.19470 0.82940 0.05500
v 0.20400 0.82988 0.05500
v 0.21330 0.82940 0.05500
v 0.22097 0.82845 0.05500
v 0.23110 0.82909 0.05500
v 0.17544 0.82413 0.05500
v 0.18540 0.82400 0.05500
v 0.19552 0.82353 0.05500
v 0.20400 0.82424 0.05500
v 0.21248 0.82353 0.05500
v 0.22260 0.82400 0.05500
v 0.23256 0.82413 0.05500
v 0.17486 0.81860 0.05500
v 0.18457 0.81860 0.05500
v 0.19429 0.81860 0.05500
v 0.20400 0.81860 0.05500
v 0.21371 0.81860 0.05500
v 0.22343 0.81860 0.05500
v 0.23314 0.81860 0.05500
v 0.17544 0.81307 0.05500
v 0.18540 0.81320 0.05500
v 0.19552 0.81367 0.05500
v 0.20400 0.81296 0.05500
v 0.21248 0.81367 0.05500
v 0.22260 0.81320 0.05500
v 0.23256 0.81307 0.05500
v 0.17690 0.80811 0.05500
v 0.18703 0.80875 0.05500
v 0.19470 0.80780 0.05500
v 0.20400 0.80732 0.05500
v 0.21330 0.80780 0.05500
v 0.22097 0.80875 0.05500
v 0.23110 0.80811 0.05500
v 0.17855 0.80382 0.05500
v 0.18593 0.80287 0.05500
v 0.19448 0.80202 0.05500
v 0.20400 0.80168 0.05500
v 0.21352 0.80202 0.05500
v 0.22207 0.80287 0.05500
v 0.22945 0.80382 0.05500
v 0.22945 0.83338 0.00500
v 0.22207 0.83433 0.00500
v 0.21352 0.83518 0.00500
v 0.20400 0.83552 0.00500
v 0.19448 0.83518 0.00500
v 0.18593 0.83433 0.00500
v 0.17855 0.83338 0.00500
v 0.23110 0.82909 0.00500
v 0.22097 0.82845 0.00500
v 0.21330 0.82940 0.00500
v 0.20400 0.82988 0.00500
v 0.19470 0.82940 0.00500
v 0.18703 0.82845 0.00500
v 0.17690 0.82909 0.00500
v 0.23256 0.82413 0.00500
v 0.22260 0.82400 0.00500
v 0.21248 0.82353 0.00500
v 0.20400 0.82424 0.00500
v 0.19552 0.82353 0.00500
v 0.18540 0.82400 0.00500
v 0.17544 0.82413 0.00500
v 0.23314 0.81860 0.00500
v 0.22343 0.81860 0.00500
v 0.21371 0.81860 0.00500
v 0.20400 0.81860 0.00500
v 0.19429 0.81860 0.00500
v 0.18457 0.81860 0.00500
v 0.17486 0.81860 0.00500
v 0.23256 0.81307 0.00500
v 0.22260 0.81320 0.00500
v 0.21248 0.81367 0.00500
v 0.20400 0.81296 0.00500
v 0.19552 0.81367 0.00500
v 0.18540 0.81320 0.00500
v 0.17544 0.81307 0.00500
v 0.23110 0.80811 0.00500
v 0.22097 0.80875 0.00500
v 0.21330 0.80780 0.00500
v 0.20400 0.80732 0.00500
v 0.19470 0.80780 0.00500
v 0.18703 0.80875 0.00500
v 0.17690 0.80811 0.00500
v 0.22945 0.80382 0.00500
v 0.22207 0.80287 0.00500
v 0.21352 0.80202 0.00500
v 0.20400 0.80168 0.00500
v 0.19448 0.80202 0.00500
v 0.18593 0.80287 0.00500
v 0.17855 0.80382 0.00500
v -0.03328 0.98069 0.06750
v -0.03082 0.98737 0.04500
v -0.03002 0.98764 0.02250
v -0.02929 0.98764 0.00000
v -0.02856 0.98764 -0.02250
v -0.02791 0.98737 -0.04500
v -0.02907 0.98069 -0.06750
v -0.02627 0.79460 0.06750
v -0.02345 0.79460 0.04500
v -0.02253 0.79460 0.02250
v -0.02170 0.79460 0.00000
v -0.02087 0.79460 -0.02250
v -0.02012 0.79460 -0.04500
v -0.02145 0.79460 -0.06750
v -0.03328 0.60851 0.06750
v -0.03082 0.60183 0.04500
v -0.03002 0.60156 0.02250
v -0.02929 0.60156 0.00000
v -0.02856 0.60156 -0.02250
v -0.02791 0.60183 -0.04500
v -0.02907 0.60851 -0.06750
v -0.13433 0.98069 -0.06750
v -0.13549 0.98737 -0.04500
v -0.13484 0.98764 -0.02250
v -0.13411 0.98764 0.00000
v -0.13338 0.98764 0.02250
v -0.13258 0.98737 0.04500
v -0.13012 0.98069 0.06750
v -0.14195 0.79460 -0.06750
v -0.14328 0.79460 -0.04500
v -0.14253 0.79460 -0.02250
v -0.14170 0.79460 0.00000
v -0.14087 0.79460 0.02250
v -0.13995 0.79460 0.04500
v -0.13713 0.79460 0.06750
v -0.13433 0.60851 -0.06750
v -0.13549 0.60183 -0.04500
v -0.13484 0.60156 -0.02250
v -0.13411 0.60156 0.00000
v -0.13338 0.60156 0.02250
v -0.13258 0.60183 0.04500
v -0.13012 0.60851 0.06750
v -0.13433 0.98069 -0.06750
v -0.11905 0.99272 -0.06750
v -0.10138 1.00341 -0.06750
v -0.08170 1.00764 -0.06750
v -0.06202 1.00341 -0.06750
v -0.04435 0.99272 -0.06750
v -0.02907 0.98069 -0.06750
v -0.13549 0.98737 -0.04500
v -0.11988 0.99983 -0.04500
v -0.10182 1.01090 -0.04500
v -0.08170 1.01529 -0.04500
v -0.06158 1.01090 -0.04500
v -0.04352 0.99983 -0.04500
v -0.02791 0.98737 -0.04500
v -0.13484 0.98764 -0.02250
v -0.11941 1.00011 -0.02250
v -0.10157 1.01120 -0.02250
v -0.08170 1.01560 -0.02250
v -0.06183 1.01120 -0.02250
v -0.04399 1.00011 -0.02250
v -0.02856 0.98764 -0.02250
v -0.13411 0.98764 0.00000
v -0.11890 1.00012 0.00000
v -0.10130 1.01121 0.00000
v -0.08170 1.01560 0.00000
v -0.06210 1.01121 0.00000
v -0.04450 1.00012 0.00000
v -0.02929 0.98764 0.00000
v -0.13338 0.98764 0.02250
v -0.11838 1.00011 0.02250
v -0.10103 1.01120 0.02250
v -0.08170 1.01560 0.02250
v -0.06237 1.01120 0.02250
v -0.04502 1.00011 0.02250
v -0.03002 0.98764 0.02250
v -0.13258 0.98737 0.04500
v -0.11781 0.99983 0.04500
v -0.10073 1.01090 0.04500
v -0.08170 1.01529 0.04500
v -0.06267 1.01090 0.04500
v -0.04559 0.99983 0.04500
v -0.03082 0.98737 0.04500
v -0.13012 0.98069 0.06750
v -0.11606 0.99272 0.06750
v -0.09981 1.00341 0.06750
v -0.08170 1.00764 0.06750
v -0.06359 1.00341 0.06750
v -0.04734 0.99272 0.06750
v -0.03328 0.98069 0.06750
v -0.13012 0.60851 0.06750
v -0.11606 0.59648 0.06750
v -0.09981 0.58579 0.06750
v -0.08170 0.58156 0.06750
v -0.06359 0.58579 0.06750
v -0.04734 0.59648 0.06750
v -0.03328 0.60851 0.06750
v -0.13258 0.60183 0.04500
v -0.11781 0.58937 0.04500
v -0.10073 0.57830 0.04500
v -0.08170 0.57391 0.04500
v -0.06267 0.57830 0.04500
v -0.04559 0.58937 0.04500
v -0.03082 0.60183 0.04500
v -0.13338 0.60156 0.02250
v -0.11838 0.58909 0.02250
v -0.10103 0.57800 0.02250
v -0.08170 0.57360 0.02250
v -0.06237 0.57800 0.02250
v -0.04502 0.58909 0.02250
v -0.03002 0.60156 0.02250
v -0.13411 0.60156 0.00000
v -0.11890 0.58908 0.00000
v -0.10130 0.57799 0.00000
v -0.08170 0.57360 0.00000
v -0.06210 0.57799 0.00000
v -0.04450 0.58908 0.00000
v -0.02929 0.60156 0.00000
v -0.13484 0.60156 -0.02250
v -0.11941 0.58909 -0.02250
v -0.10157 0.57800 -0.02250
v -0.08170 0.57360 -0.02250
v -0.06183 0.57800 -0.02250
v -0.04399 0.58909 -0.02250
v -0.02856 0.60156 -0.02250
v -0.13549 0.60183 -0.04500
v -0.11988 0.58937 -0.04500
v -0.10182 0.57830 -0.04500
v -0.08170 0.57391 -0.04500
v -0.06158 0.57830 -0.04500
v -0.04352 0.58937 -0.04500
v -0.02791 0.60183 -0.04500
v -0.13433 0.60851 -0.06750
v -0.11905 0.59648 -0.06750
v -0.10138 0.58579 -0.06750
v -0.08170 0.58156 -0.06750
v -0.06202 0.58579 -0.06750
v -0.04435 0.59648 -0.06750
v -0.02907 0.60851 -0.06750
v -0.13012 0.98069 0.06750
v -0.11606 0.99272 0.06750
v -0.09981 1.00341 0.06750
v -0.08170 1.00764 0.06750
v -0.06359 1.00341 0.06750
v -0.04734 0.99272 0.06750
v -0.03328 0.98069 0.06750
v -0.13713 0.79460 0.06750
v -0.11865 0.79460 0.06750
v -0.10018 0.79460 0.06750
v -0.08170 0.79460 0.06750
v -0.06322 0.79460 0.06750
v -0.04475 0.79460 0.06750
v -0.02627 0.79460 0.06750
v -0.13012 0.60851 0.06750
v -0.11606 0.59648 0.06750
v -0.09981 0.58579 0.06750
v -0.08170 0.58156 0.06750
v -0.06359 0.58579 0.06750
v -0.04734 0.59648 0.06750
v -0.03328 0.60851 0.06750
v -0.02907 0.98069 -0.06750
v -0.04435 0.99272 -0.06750
v -0.06202 1.00341 -0.06750
v -0.08170 1.00764 -0.06750
v -0.10138 1.00341 -0.06750
v -0.11905 0.99272 -0.06750
v -0.13433 0.98069 -0.06750
v -0.02145 0.79460 -0.06750
v -0.04153 0.79460 -0.06750
v -0.06162 0.79460 -0.06750
v -0.08170 0.79460 -0.06750
v -0.10178 0.79460 -0.06750
v -0.12187 0.79460 -0.06750
v -0.14195 0.79460 -0.06750
v -0.02907 0.60851 -0.06750
v -0.04435 0.59648 -0.06750
v -0.06202 0.58579 -0.06750
v -0.08170 0.58156 -0.06750
v -0.10138 0.58579 -0.06750
v -0.11905 0.59648 -0.06750
v -0.13433 0.60851 -0.06750
v 0.13012 0.98069 0.06750
v 0.13258 0.98737 0.04500
v 0.13338 0.98764 0.02250
v 0.13411 0.98764 0.00000
v 0.13484 0.98764 -0.02250
v 0.13549 0.98737 -0.04500
v 0.13433 0.98069 -0.06750
v 0.13713 0.79460 0.06750
v 0.13995 0.79460 0.04500
v 0.14087 0.79460 0.02250
v 0.14170 0.79460 0.00000
v 0.14253 0.79460 -0.02250
v 0.14328 0.79460 -0.04500
v 0.14195 0.79460 -0.06750
v 0.13012 0.60851 0.06750
v 0.13258 0.60183 0.04500
v 0.13338 0.60156 0.02250
v 0.13411 0.60156 0.00000
v 0.13484 0.60156 -0.02250
v 0.13549 0.60183 -0.04500
v 0.13433 0.60851 -0.06750
v 0.02907 0.98069 -0.06750
v 0.02791 0.98737 -0.04500
v 0.02856 0.98764 -0.02250
v 0.02929 0.98764 0.00000
v 0.03002 0.98764 0.02250
v 0.03082 0.98737 0.04500
v 0.03328 0.98069 0.06750
v 0.02145 0.79460 -0.06750
v 0.02012 0.79460 -0.04500
v 0.02087 0.79460 -0.02250
v 0.02170 0.79460 0.00000
v 0.02253 0.79460 0.02250
v 0.02345 0.79460 0.04500
v 0.02627 0.79460 0.06750
v 0.02907 0.60851 -0.06750
v 0.02791 0.60183 -0.04500
v 0.02856 0.60156 -0.02250
v 0.02929 0.60156 0.00000
v 0.03002 0.60156 0.02250
v 0.03082 0.60183 0.04500
v 0.03328 0.60851 0.06750
v 0.02907 0.98069 -0.06750
v 0.04435 0.99272 -0.06750
v 0.06202 1.00341 -0.06750
v 0.08170 1.00764 -0.06750
v 0.10138 1.00341 -0.06750
v 0.11905 0.99272 -0.06750
v 0.13433 0.98069 -0.06750
v 0.02791 0.98737 -0.04500
v 0.04352 0.99983 -0.04500
v 0.06158 1.01090 -0.04500
v 0.08170 1.01529 -0.04500
v 0.10182 1.01090 -0.04500
v 0.11988 0.99983 -0.04500
v 0.13549 0.98737 -0.04500
v 0.02856 0.98764 -0.02250
v 0.04399 1.00011 -0.02250
v 0.06183 1.01120 -0.02250
v 0.08170 1.01560 -0.02250
v 0.10157 1.01120 -0.02250
v 0.11941 1.00011 -0.02250
v 0.13484 0.98764 -0.02250
v 0.02929 0.98764 0.00000
v 0.04450 1.00012 0.00000
v 0.06210 1.01121 0.00000
v 0.08170 1.01560 0.00000
v 0.10130 1.01121 0.00000
v 0.11890 1.00012 0.00000
v 0.13411 0.98764 0.00000
v 0.03002 0.98764 0.02250
v 0.04502 1.00011 0.02250
v 0.06237 1.01120 0.02250
v 0.08170 1.01560 0.02250
v 0.10103 1.01120 0.02250
v 0.11838 1.00011 0.02250
v 0.13338 0.98764 0.02250
v 0.03082 0.98737 0.04500
v 0.04559 0.99983 0.04500
v 0.06267 1.01090 0.04500
v 0.08170 1.01529 0.04500
v 0.10073 1.01090 0.04500
v 0.11781 0.99983 0.04500
v 0.13258 0.98737 0.04500
v 0.03328 0.98069 0.06750
v 0.04734 0.99272 0.06750
v 0.06359 1.00341 0.06750
v 0.08170 1.00764 0.06750
v 0.09981 1.00341 0.06750
v 0.11606 0.99272 0.06750
v 0.13012 0.98069 0.06750
v 0.03328 0.60851 0.06750
v 0.04734 0.59648 0.06750
v 0.06359 0.58579 0.06750
v 0.08170 0.58156 0.06750
v 0.09981 0.58579 0.06750
v 0.11606 0.59648 0.06750
v 0.13012 0.60851 0.06750
v 0.03082 0.60183 0.04500
v 0.04559 0.58937 0.04500
v 0.06267 0.57830 0.04500
v 0.08170 0.57391 0.04500
v 0.10073 0.57830 0.04500
v 0.11781 0.58937 0.04500
v 0.13258 0.60183 0.04500
v 0.03002 0.60156 0.02250
v 0.04502 0.58909 0.02250
v 0.06237 0.57800 0.02250
v 0.08170 0.57360 0.02250
v 0.10103 0.57800 0.02250
v 0.11838 0.58909 0.02250
v 0.13338 0.60156 0.02250
v 0.02929 0.60156 0.00000
v 0.04450 0.58908 0.00000
v 0.06210 0.57799 0.00000
v 0.08170 0.57360 0.00000
v 0.10130 0.57799 0.00000
v 0.11890 0.58908 0.00000
v 0.13411 0.60156 0.00000
v 0.02856 0.60156 -0.02250
v 0.04399 0.58909 -0.02250
v 0.06183 0.57800 -0.02250
v 0.08170 0.57360 -0.02250
v 0.10157 0.57800 -0.02250
v 0.11941 0.58909 -0.02250
v 0.13484 0.60156 -0.02250
v 0.02791 0.60183 -0.04500
v 0.04352 0.58937 -0.04500
v 0.06158 0.57830 -0.04500
v 0.08170 0.57391 -0.04500
v 0.10182 0.57830 -0.04500
v 0.11988 0.58937 -0.04500
v 0.13549 0.60183 -0.04500
v 0.02907 0.60851 -0.06750
v 0.04435 0.59648 -0.06750
v 0.06202 0.58579 -0.06750
v 0.08170 0.58156 -0.06750
v 0.10138 0.58579 -0.06750
v 0.11905 0.59648 -0.06750
v 0.13433 0.60851 -0.06750
v 0.03328 0.98069 0.06750
v 0.04734 0.99272 0.06750
v 0.06359 1.00341 0.06750
v 0.08170 1.00764 0.06750
v 0.09981 1.00341 0.06750
v 0.11606 0.99272 0.06750
v 0.13012 0.98069 0.06750
v 0.02627 0.79460 0.06750
v 0.04475 0.79460 0.06750
v 0.06322 0.79460 0.06750
v 0.08170 0.79460 0.06750
v 0.10018 0.79460 0.06750
v 0.11865 0.79460 0.06750
v 0.13713 0.79460 0.06750
v 0.03328 0.60851 0.06750
v 0.04734 0.59648 0.06750
v 0.06359 0.58579 0.06750
v 0.08170 0.58156 0.06750
v 0.09981 0.58579 0.06750
v 0.11606 0.59648 0.06750
v 0.13012 0.60851 0.06750
v 0.13433 0.98069 -0.06750
v 0.11905 0.99272 -0.06750
v 0.10138 1.00341 -0.06750
v 0.08170 1.00764 -0.06750
v 0.06202 1.00341 -0.06750
v 0.04435 0.99272 -0.06750
v 0.02907 0.98069 -0.06750
v 0.14195 0.79460 -0.06750
v 0.12187 0.79460 -0.06750
v 0.10178 0.79460 -0.06750
v 0.08170 0.79460 -0.06750
v 0.06162 0.79460 -0.06750
v 0.04153 0.79460 -0.06750
v 0.02145 0.79460 -0.06750
v 0.13433 0.60851 -0.06750
v 0.11905 0.59648 -0.06750
v 0.10138 0.58579 -0.06750
v 0.08170 0.58156 -0.06750
v 0.06202 0.58579 -0.06750
v 0.04435 0.59648 -0.06750
v 0.02907 0.60851 -0.06750
v -0.03960 0.53778 0.05650
v -0.03809 0.54463 0.03900
v -0.03803 0.54491 0.02150
v -0.03803 0.54491 0.00400
v -0.03803 0.54491 -0.01350
v -0.03809 0.54463 -0.03100
v -0.03960 0.53778 -0.04850
v -0.03350 0.34680 0.05650
v -0.03177 0.34680 0.03900
v -0.03170 0.34680 0.02150
v -0.03170 0.34680 0.00400
v -0.03170 0.34680 -0.01350
v -0.03177 0.34680 -0.03100
v -0.03350 0.34680 -0.04850
v -0.03960 0.15582 0.05650
v -0.03809 0.14897 0.03900
v -0.03803 0.14869 0.02150
v -0.03803 0.14869 0.00400
v -0.03803 0.14869 -0.01350
v -0.03809 0.14897 -0.03100
v -0.03960 0.15582 -0.04850
v -0.12380 0.53778 -0.04850
v -0.12531 0.54463 -0.03100
v -0.12537 0.54491 -0.01350
v -0.12537 0.54491 0.00400
v -0.12537 0.54491 0.02150
v -0.12531 0.54463 0.03900
v -0.12380 0.53778 0.05650
v -0.12990 0.34680 -0.04850
v -0.13163 0.34680 -0.03100
v -0.13170 0.34680 -0.01350
v -0.13170 0.34680 0.00400
v -0.13170 0.34680 0.02150
v -0.13163 0.34680 0.03900
v -0.12990 0.34680 0.05650
v -0.12380 0.15582 -0.04850
v -0.12531 0.14897 -0.03100
v -0.12537 0.14869 -0.01350
v -0.12537 0.14869 0.00400
v -0.12537 0.14869 0.02150
v -0.12531 0.14897 0.03900
v -0.12380 0.15582 0.05650
v -0.12380 0.53778 -0.04850
v -0.11158 0.55012 -0.04850
v -0.09745 0.56109 -0.04850
v -0.08170 0.56544 -0.04850
v -0.06595 0.56109 -0.04850
v -0.05182 0.55012 -0.04850
v -0.03960 0.53778 -0.04850
v -0.12531 0.54463 -0.03100
v -0.11265 0.55741 -0.03100
v -0.09801 0.56878 -0.03100
v -0.08170 0.57328 -0.03100
v -0.06539 0.56878 -0.03100
v -0.05075 0.55741 -0.03100
v -0.03809 0.54463 -0.03100
v -0.12537 0.54491 -0.01350
v -0.11270 0.55771 -0.01350
v -0.09804 0.56909 -0.01350
v -0.08170 0.57360 -0.01350
v -0.06536 0.56909 -0.01350
v -0.05070 0.55771 -0.01350
v -0.03803 0.54491 -0.01350
v -0.12537 0.54491 0.00400
v -0.11270 0.55771 0.00400
v -0.09804 0.56909 0.00400
v -0.08170 0.57360 0.00400
v -0.06536 0.56909 0.00400
v -0.05070 0.55771 0.00400
v -0.03803 0.54491 0.00400
v -0.12537 0.54491 0.02150
v -0.11270 0.55771 0.02150
v -0.09804 0.56909 0.02150
v -0.08170 0.57360 0.02150
v -0.06536 0.56909 0.02150
v -0.05070 0.55771 0.02150
v -0.03803 0.54491 0.02150
v -0.12531 0.54463 0.03900
v -0.11265 0.55741 0.03900
v -0.09801 0.56878 0.03900
v -0.08170 0.57328 0.03900
v -0.06539 0.56878 0.03900
v -0.05075 0.55741 0.03900
v -0.03809 0.54463 0.03900
v -0.12380 0.53778 0.05650
v -0.11158 0.55012 0.05650
v -0.09745 0.56109 0.05650
v -0.08170 0.56544 0.05650
v -0.06595 0.56109 0.05650
v -0.05182 0.55012 0.05650
v -0.03960 0.53778 0.05650
v -0.12380 0.15582 0.05650
v -0.11158 0.14348 0.05650
v -0.09745 0.13251 0.05650
v -0.08170 0.12816 0.05650
v -0.06595 0.13251 0.05650
v -0.05182 0.14348 0.05650
v -0.03960 0.15582 0.05650
v -0.12531 0.14897 0.03900
v -0.11265 0.13619 0.03900
v -0.09801 0.12482 0.03900
v -0.08170 0.12032 0.03900
v -0.06539 0.12482 0.03900
v -0.05075 0.13619 0.03900
v -0.03809 0.14897 0.03900
v -0.12537 0.14869 0.02150
v -0.11270 0.13589 0.02150
v -0.09804 0.12451 0.02150
v -0.08170 0.12000 0.02150
v -0.06536 0.12451 0.02150
v -0.05070 0.13589 0.02150
v -0.03803 0.14869 0.02150
v -0.12537 0.14869 0.00400
v -0.11270 0.13589 0.00400
v -0.09804 0.12451 0.00400
v -0.08170 0.12000 0.00400
v -0.06536 0.12451 0.00400
v -0.05070 0.13589 0.00400
v -0.03803 0.14869 0.00400
v -0.12537 0.14869 -0.01350
v -0.11270 0.13589 -0.01350
v -0.09804 0.12451 -0.01350
v -0.08170 0.12000 -0.01350
v -0.06536 0.12451 -0.01350
v -0.05070 0.13589 -0.01350
v -0.03803 0.14869 -0.01350
v -0.12531 0.14897 -0.03100
v -0.11265 0.13619 -0.03100
v -0.09801 0.12482 -0.03100
v -0.08170 0.12032 -0.03100
v -0.06539 0.12482 -0.03100
v -0.05075 0.13619 -0.03100
v -0.03809 0.14897 -0.03100
v -0.12380 0.15582 -0.04850
v -0.11158 0.14348 -0.04850
v -0.09745 0.13251 -0.04850
v -0.08170 0.12816 -0.04850
v -0.06595 0.13251 -0.04850
v -0.05182 0.14348 -0.04850
v -0.03960 0.15582 -0.04850
v -0.12380 0.53778 0.05650
v -0.11158 0.55012 0.05650
v -0.09745 0.56109 0.05650
v -0.08170 0.56544 0.05650
v -0.06595 0.56109 0.05650
v -0.05182 0.55012 0.05650
v -0.03960 0.53778 0.05650
v -0.12990 0.34680 0.05650
v -0.11383 0.34680 0.05650
v -0.09777 0.34680 0.05650
v -0.08170 0.34680 0.05650
v -0.06563 0.34680 0.05650
v -0.04957 0.34680 0.05650
v -0.03350 0.34680 0.05650
v -0.12380 0.15582 0.05650
v -0.11158 0.14348 0.05650
v -0.09745 0.13251 0.05650
v -0.08170 0.12816 0.05650
v -0.06595 0.13251 0.05650
v -0.05182 0.14348 0.05650
v -0.03960 0.15582 0.05650
v -0.03960 0.53778 -0.04850
v -0.05182 0.55012 -0.04850
v -0.06595 0.56109 -0.04850
v -0.08170 0.56544 -0.04850
v -0.09745 0.56109 -0.04850
v -0.11158 0.55012 -0.04850
v -0.12380 0.53778 -0.04850
v -0.03350 0.34680 -0.04850
v -0.04957 0.34680 -0.04850
v -0.06563 0.34680 -0.04850
v -0.08170 0.34680 -0.04850
v -0.09777 0.34680 -0.04850
v -0.11383 0.34680 -0.04850
v -0.12990 0.34680 -0.04850
v -0.03960 0.15582 -0.04850
v -0.05182 0.14348 -0.04850
v -0.06595 0.13251 -0.04850
v -0.08170 0.12816 -0.04850
v -0.09745 0.13251 -0.04850
v -0.11158 0.14348 -0.04850
v -0.12380 0.15582 -0.04850
v 0.12380 0.53778 0.05650
v 0.12531 0.54463 0.03900
v 0.12537 0.54491 0.02150
v 0.12537 0.54491 0.00400
v 0.12537 0.54491 -0.01350
v 0.12531 0.54463 -0.03100
v 0.12380 0.53778 -0.04850
v 0.12990 0.34680 0.05650
v 0.13163 0.34680 0.03900
v 0.13170 0.34680 0.02150
v 0.13170 0.34680 0.00400
v 0.13170 0.34680 -0.01350
v 0.13163 0.34680 -0.03100
v 0.12990 0.34680 -0.04850
v 0.12380 0.15582 0.05650
v 0.12531 0.14897 0.03900
v 0.12537 0.14869 0.02150
v 0.12537 0.14869 0.00400
v 0.12537 0.14869 -0.01350
v 0.12531 0.14897 -0.03100
v 0.12380 0.15582 -0.04850
v 0.03960 0.53778 -0.04850
v 0.03809 0.54463 -0.03100
v 0.03803 0.54491 -0.01350
v 0.03803 0.54491 0.00400
v 0.03803 0.54491 0.02150
v 0.03809 0.54463 0.03900
v 0.03960 0.53778 0.05650
v 0.03350 0.34680 -0.04850
v 0.03177 0.34680 -0.03100
v 0.03170 0.34680 -0.01350
v 0.03170 0.34680 0.00400
v 0.03170 0.34680 0.02150
v 0.03177 0.34680 0.03900
v 0.03350 0.34680 0.05650
v 0.03960 0.15582 -0.04850
v 0.03809 0.14897 -0.03100
v 0.03803 0.14869 -0.01350
v 0.03803 0.14869 0.00400
v 0.03803 0.14869 0.02150
v 0.03809 0.14897 0.03900
v 0.03960 0.15582 0.05650
v 0.03960 0.53778 -0.04850
v 0.05182 0.55012 -0.04850
v 0.06595 0.56109 -0.04850
v 0.08170 0.56544 -0.04850
v 0.09745 0.56109 -0.04850
v 0.11158 0.55012 -0.04850
v 0.12380 0.53778 -0.04850
v 0.03809 0.54463 -0.03100
v 0.05075 0.55741 -0.03100
v 0.06539 0.56878 -0.03100
v 0.08170 0.57328 -0.03100
v 0.09801 0.56878 -0.03100
v 0.11265 0.55741 -0.03100
v 0.12531 0.54463 -0.03100
v 0.03803 0.54491 -0.01350
v 0.05070 0.55771 -0.01350
v 0.06536 0.56909 -0.01350
v 0.08170 0.57360 -0.01350
v 0.09804 0.56909 -0.01350
v 0.11270 0.55771 -0.01350
v 0.12537 0.54491 -0.01350
v 0.03803 0.54491 0.00400
v 0.05070 0.55771 0.00400
v 0.06536 0.56909 0.00400
v 0.08170 0.57360 0.00400
v 0.09804 0.56909 0.00400
v 0.11270 0.55771 0.00400
v 0.12537 0.54491 0.00400
v 0.03803 0.54491 0.02150
v 0.05070 0.55771 0.02150
v 0.06536 0.56909 0.02150
v 0.08170 0.57360 0.02150
v 0.09804 0.56909 0.02150
v 0.11270 0.55771 0.02150
v 0.12537 0.54491 0.02150
v 0.03809 0.54463 0.03900
v 0.05075 0.55741 0.03900
v 0.06539 0.56878 0.03900
v 0.08170 0.57328 0.03900
v 0.09801 0.56878 0.03900
v 0.11265 0.55741 0.03900
v 0.12531 0.54463 0.03900
v 0.03960 0.53778 0.05650
v 0.05182 0.55012 0.05650
v 0.06595 0.56109 0.05650
v 0.08170 0.56544 0.05650
v 0.09745 0.56109 0.05650
v 0.11158 0.55012 0.05650
v 0.12380 0.53778 0.05650
v 0.03960 0.15582 0.05650
v 0.05182 0.14348 0.05650
v 0.06595 0.13251 0.05650
v 0.08170 0.12816 0.05650
v 0.09745 0.13251 0.05650
v 0.11158 0.14348 0.05650
v 0.12380 0.15582 0.05650
v 0.03809 0.14897 0.03900
v 0.05075 0.13619 0.03900
v 0.06539 0.12482 0.03900
v 0.08170 0.12032 0.03900
v 0.09801 0.12482 0.03900
v 0.11265 0.13619 0.03900
v 0.12531 0.14897 0.03900
v 0.03803 0.14869 0.02150
v 0.05070 0.13589 0.02150
v 0.06536 0.12451 0.02150
v 0.08170 0.12000 0.02150
v 0.09804 0.12451 0.02150
v 0.11270 0.13589 0.02150
v 0.12537 0.14869 0.02150
v 0.03803 0.14869 0.00400
v 0.05070 0.13589 0.00400
v 0.06536 0.12451 0.00400
v 0.08170 0.12000 0.00400
v 0.09804 0.12451 0.00400
v 0.11270 0.13589 0.00400
v 0.12537 0.14869 0.00400
v 0.03803 0.14869 -0.01350
v 0.05070 0.13589 -0.01350
v 0.06536 0.12451 -0.01350
v 0.08170 0.12000 -0.01350
v 0.09804 0.12451 -0.01350
v 0.11270 0.13589 -0.01350
v 0.12537 0.14869 -0.01350
v 0.03809 0.14897 -0.03100
v 0.05075 0.13619 -0.03100
v 0.06539 0.12482 -0.03100
v 0.08170 0.12032 -0.03100
v 0.09801 0.12482 -0.03100
v 0.11265 0.13619 -0.03100
v 0.12531 0.14897 -0.03100
v 0.03960 0.15582 -0.04850
v 0.05182 0.14348 -0.04850
v 0.06595 0.13251 -0.04850
v 0.08170 0.12816 -0.04850
v 0.09745 0.13251 -0.04850
v 0.11158 0.14348 -0.04850
v 0.12380 0.15582 -0.04850
v 0.03960 0.53778 0.05650
v 0.05182 0.55012 0.05650
v 0.06595 0.56109 0.05650
v 0.08170 0.56544 0.05650
v 0.09745 0.56109 0.05650
v 0.11158 0.55012 0.05650
v 0.12380 0.53778 0.05650
v 0.03350 0.34680 0.05650
v 0.04957 0.34680 0.05650
v 0.06563 0.34680 0.05650
v 0.08170 0.34680 0.05650
v 0.09777 0.34680 0.05650
v 0.11383 0.34680 0.05650
v 0.12990 0.34680 0.05650
v 0.03960 0.15582 0.05650
v 0.05182 0.14348 0.05650
v 0.06595 0.13251 0.05650
v 0.08170 0.12816 0.05650
v 0.09745 0.13251 0.05650
v 0.11158 0.14348 0.05650
v 0.12380 0.15582 0.05650
v 0.12380 0.53778 -0.04850
v 0.11158 0.55012 -0.04850
v 0.09745 0.56109 -0.04850
v 0.08170 0.56544 -0.04850
v 0.06595 0.56109 -0.04850
v 0.05182 0.55012 -0.04850
v 0.03960 0.53778 -0.04850
v 0.12990 0.34680 -0.04850
v 0.11383 0.34680 -0.04850
v 0.09777 0.34680 -0.04850
v 0.08170 0.34680 -0.04850
v 0.06563 0.34680 -0.04850
v 0.04957 0.34680 -0.04850
v 0.03350 0.34680 -0.04850
v 0.12380 0.15582 -0.04850
v 0.11158 0.14348 -0.04850
v 0.09745 0.13251 -0.04850
v 0.08170 0.12816 -0.04850
v 0.06595 0.13251 -0.04850
v 0.05182 0.14348 -0.04850
v 0.03960 0.15582 -0.04850
v -0.03651 0.06888 0.12200
v -0.03461 0.07020 0.09300
v -0.03453 0.07026 0.06400
v -0.03453 0.07026 0.03500
v -0.03453 0.07026 0.00600
v -0.03461 0.07020 -0.02300
v -0.03651 0.06888 -0.05200
v -0.03359 0.05977 0.12200
v -0.03157 0.06071 0.09300
v -0.03148 0.06075 0.06400
v -0.03148 0.06075 0.03500
v -0.03148 0.06075 0.00600
v -0.03157 0.06071 -0.02300
v -0.03359 0.05977 -0.05200
v -0.03100 0.04924 0.12200
v -0.02886 0.04973 0.09300
v -0.02877 0.04975 0.06400
v -0.02877 0.04975 0.03500
v -0.02877 0.04975 0.00600
v -0.02886 0.04973 -0.02300
v -0.03100 0.04924 -0.05200
v -0.02997 0.03750 0.12200
v -0.02779 0.03750 0.09300
v -0.02770 0.03750 0.06400
v -0.02770 0.03750 0.03500
v -0.02770 0.03750 0.00600
v -0.02779 0.03750 -0.02300
v -0.02997 0.03750 -0.05200
v -0.03100 0.02576 0.12200
v -0.02886 0.02527 0.09300
v -0.02877 0.02525 0.06400
v -0.02877 0.02525 0.03500
v -0.02877 0.02525 0.00600
v -0.02886 0.02527 -0.02300
v -0.03100 0.02576 -0.05200
v -0.03359 0.01523 0.12200
v -0.03157 0.01429 0.09300
v -0.03148 0.01425 0.06400
v -0.03148 0.01425 0.03500
v -0.03148 0.01425 0.00600
v -0.03157 0.01429 -0.02300
v -0.03359 0.01523 -0.05200
v -0.03651 0.00612 0.12200
v -0.03461 0.00480 0.09300
v -0.03453 0.00474 0.06400
v -0.03453 0.00474 0.03500
v -0.03453 0.00474 0.00600
v -0.03461 0.00480 -0.02300
v -0.03651 0.00612 -0.05200
v -0.12689 0.06888 -0.05200
v -0.12879 0.07020 -0.02300
v -0.12887 0.07026 0.00600
v -0.12887 0.07026 0.03500
v -0.12887 0.07026 0.06400
v -0.12879 0.07020 0.09300
v -0.12689 0.06888 0.12200
v -0.12981 0.05977 -0.05200
v -0.13183 0.06071 -0.02300
v -0.13192 0.06075 0.00600
v -0.13192 0.06075 0.03500
v -0.13192 0.06075 0.06400
v -0.13183 0.06071 0.09300
v -0.12981 0.05977 0.12200
v -0.13240 0.04924 -0.05200
v -0.13454 0.04973 -0.02300
v -0.13463 0.04975 0.00600
v -0.13463 0.04975 0.03500
v -0.13463 0.04975 0.06400
v -0.13454 0.04973 0.09300
v -0.13240 0.04924 0.12200
v -0.13343 0.03750 -0.05200
v -0.13561 0.03750 -0.02300
v -0.13570 0.03750 0.00600
v -0.13570 0.03750 0.03500
v -0.13570 0.03750 0.06400
v -0.13561 0.03750 0.09300
v -0.13343 0.03750 0.12200
v -0.13240 0.02576 -0.05200
v -0.13454 0.02527 -0.02300
v -0.13463 0.02525 0.00600
v -0.13463 0.02525 0.03500
v -0.13463 0.02525 0.06400
v -0.13454 0.02527 0.09300
v -0.13240 0.02576 0.12200
v -0.12981 0.01523 -0.05200
v -0.13183 0.01429 -0.02300
v -0.13192 0.01425 0.00600
v -0.13192 0.01425 0.03500
v -0.13192 0.01425 0.06400
v -0.13183 0.01429 0.09300
v -0.12981 0.01523 0.12200
v -0.12689 0.00612 -0.05200
v -0.12879 0.00480 -0.02300
v -0.12887 0.00474 0.00600
v -0.12887 0.00474 0.03500
v -0.12887 0.00474 0.06400
v -0.12879 0.00480 0.09300
v -0.12689 0.00612 0.12200
v -0.12689 0.06888 -0.05200
v -0.11377 0.07091 -0.05200
v -0.09860 0.07271 -0.05200
v -0.08170 0.07343 -0.05200
v -0.06480 0.07271 -0.05200
v -0.04963 0.07091 -0.05200
v -0.03651 0.06888 -0.05200
v -0.12879 0.07020 -0.02300
v -0.11512 0.07232 -0.02300
v -0.09931 0.07419 -0.02300
v -0.08170 0.07494 -0.02300
v -0.06409 0.07419 -0.02300
v -0.04828 0.07232 -0.02300
v -0.03461 0.07020 -0.02300
v -0.12887 0.07026 0.00600
v -0.11518 0.07237 0.00600
v -0.09934 0.07425 0.00600
v -0.08170 0.07500 0.00600
v -0.06406 0.07425 0.00600
v -0.04822 0.07237 0.00600
v -0.03453 0.07026 0.00600
v -0.12887 0.07026 0.03500
v -0.11518 0.07237 0.03500
v -0.09934 0.07425 0.03500
v -0.08170 0.07500 0.03500
v -0.06406 0.07425 0.03500
v -0.04822 0.07237 0.03500
v -0.03453 0.07026 0.03500
v -0.12887 0.07026 0.06400
v -0.11518 0.07237 0.06400
v -0.09934 0.07425 0.06400
v -0.08170 0.07500 0.06400
v -0.06406 0.07425 0.06400
v -0.04822 0.07237 0.06400
v -0.03453 0.07026 0.06400
v -0.12879 0.07020 0.09300
v -0.11512 0.07232 0.09300
v -0.09931 0.07419 0.09300
v -0.08170 0.07494 0.09300
v -0.06409 0.07419 0.09300
v -0.04828 0.07232 0.09300
v -0.03461 0.07020 0.09300
v -0.12689 0.06888 0.12200
v -0.11377 0.07091 0.12200
v -0.09860 0.07271 0.12200
v -0.08170 0.07343 0.12200
v -0.06480 0.07271 0.12200
v -0.04963 0.07091 0.12200
v -0.03651 0.06888 0.12200
v -0.12689 0.00612 0.12200
v -0.11377 0.00409 0.12200
v -0.09860 0.00229 0.12200
v -0.08170 0.00157 0.12200
v -0.06480 0.00229 0.12200
v -0.04963 0.00409 0.12200
v -0.03651 0.00612 0.12200
v -0.12879 0.00480 0.09300
v -0.11512 0.00268 0.09300
v -0.09931 0.00081 0.09300
v -0.08170 0.00006 0.09300
v -0.06409 0.00081 0.09300
v -0.04828 0.00268 0.09300
v -0.03461 0.00480 0.09300
v -0.12887 0.00474 0.06400
v -0.11518 0.00263 0.06400
v -0.09934 0.00075 0.06400
v -0.08170 0.00000 0.06400
v -0.06406 0.00075 0.06400
v -0.04822 0.00263 0.06400
v -0.03453 0.00474 0.06400
v -0.12887 0.00474 0.03500
v -0.11518 0.00263 0.03500
v -0.09934 0.00075 0.03500
v -0.08170 0.00000 0.03500
v -0.06406 0.00075 0.03500
v -0.04822 0.00263 0.03500
v -0.03453 0.00474 0.03500
v -0.12887 0.00474 0.00600
v -0.11518 0.00263 0.00600
v -0.09934 0.00075 0.00600
v -0.08170 0.00000 0.00600
v -0.06406 0.00075 0.00600
v -0.04822 0.00263 0.00600
v -0.03453 0.00474 0.00600
v -0.12879 0.00480 -0.02300
v -0.11512 0.00268 -0.02300
v -0.09931 0.00081 -0.02300
v -0.08170 0.00006 -0.02300
v -0.06409 0.00081 -0.02300
v -0.04828 0.00268 -0.02300
v -0.03461 0.00480 -0.02300
v -0.12689 0.00612 -0.05200
v -0.11377 0.00409 -0.05200
v -0.09860 0.00229 -0.05200
v -0.08170 0.00157 -0.05200
v -0.06480 0.00229 -0.05200
v -0.04963 0.00409 -0.05200
v -0.03651 0.00612 -0.05200
v -0.12689 0.06888 0.12200
v -0.11377 0.07091 0.12200
v -0.09860 0.07271 0.12200
v -0.08170 0.07343 0.12200
v -0.06480 0.07271 0.12200
v -0.04963 0.07091 0.12200
v -0.03651 0.06888 0.12200
v -0.12981 0.05977 0.12200
v -0.11183 0.05842 0.12200
v -0.09821 0.06043 0.12200
v -0.08170 0.06145 0.12200
v -0.06519 0.06043 0.12200
v -0.05157 0.05842 0.12200
v -0.03359 0.05977 0.12200
v -0.13240 0.04924 0.12200
v -0.11471 0.04896 0.12200
v -0.09676 0.04796 0.12200
v -0.08170 0.04948 0.12200
v -0.06664 0.04796 0.12200
v -0.04869 0.04896 0.12200
v -0.03100 0.04924 0.12200
v -0.13343 0.03750 0.12200
v -0.11619 0.03750 0.12200
v -0.09894 0.03750 0.12200
v -0.08170 0.03750 0.12200
v -0.06446 0.03750 0.12200
v -0.04721 0.03750 0.12200
v -0.02997 0.03750 0.12200
v -0.13240 0.02576 0.12200
v -0.11471 0.02604 0.12200
v -0.09676 0.02704 0.12200
v -0.08170 0.02552 0.12200
v -0.06664 0.02704 0.12200
v -0.04869 0.02604 0.12200
v -0.03100 0.02576 0.12200
v -0.12981 0.01523 0.12200
v -0.11183 0.01658 0.12200
v -0.09821 0.01457 0.12200
v -0.08170 0.01355 0.12200
v -0.06519 0.01457 0.12200
v -0.05157 0.01658 0.12200
v -0.03359 0.01523 0.12200
v -0.12689 0.00612 0.12200
v -0.11377 0.00409 0.12200
v -0.09860 0.00229 0.12200
v -0.08170 0.00157 0.12200
v -0.06480 0.00229 0.12200
v -0.04963 0.00409 0.12200
v -0.03651 0.00612 0.12200
v -0.03651 0.06888 -0.05200
v -0.04963 0.07091 -0.05200
v -0.06480 0.07271 -0.05200
v -0.08170 0.07343 -0.05200
v -0.09860 0.07271 -0.05200
v -0.11377 0.07091 -0.05200
v -0.12689 0.06888 -0.05200
v -0.03359 0.05977 -0.05200
v -0.05157 0.05842 -0.05200
v -0.06519 0.06043 -0.05200
v -0.08170 0.06145 -0.05200
v -0.09821 0.06043 -0.05200
v -0.11183 0.05842 -0.05200
v -0.12981 0.05977 -0.05200
v -0.03100 0.04924 -0.05200
v -0.04869 0.04896 -0.05200
v -0.06664 0.04796 -0.05200
v -0.08170 0.04948 -0.05200
v -0.09676 0.04796 -0.05200
v -0.11471 0.04896 -0.05200
v -0.13240 0.04924 -0.05200
v -0.02997 0.03750 -0.05200
v -0.04721 0.03750 -0.05200
v -0.06446 0.03750 -0.05200
v -0.08170 0.03750 -0.05200
v -0.09894 0.03750 -0.05200
v -0.11619 0.03750 -0.05200
v -0.13343 0.03750 -0.05200
v -0.03100 0.02576 -0.05200
v -0.04869 0.02604 -0.05200
v -0.06664 0.02704 -0.05200
v -0.08170 0.02552 -0.05200
v -0.09676 0.02704 -0.05200
v -0.11471 0.02604 -0.05200
v -0.13240 0.02576 -0.05200
v -0.03359 0.01523 -0.05200
v -0.05157 0.01658 -0.05200
v -0.06519 0.01457 -0.05200
v -0.08170 0.01355 -0.05200
v -0.09821 0.01457 -0.05200
v -0.11183 0.01658 -0.05200
v -0.12981 0.01523 -0.05200
v -0.03651 0.00612 -0.05200
v -0.04963 0.00409 -0.05200
v -0.06480 0.00229 -0.05200
v -0.08170 0.00157 -0.05200
v -0.09860 0.00229 -0.05200
v -0.11377 0.00409 -0.05200
v -0.12689 0.00612 -0.05200
v 0.12689 0.06888 0.12200
v 0.12879 0.07020 0.09300
v 0.12887 0.07026 0.06400
v 0.12887 0.07026 0.03500
v 0.12887 0.07026 0.00600
v 0.12879 0.07020 -0.02300
v 0.12689 0.06888 -0.05200
v 0.12981 0.05977 0.12200
v 0.13183 0.06071 0.09300
v 0.13192 0.06075 0.06400
v 0.13192 0.06075 0.03500
v 0.13192 0.06075 0.00600
v 0.13183 0.06071 -0.02300
v 0.12981 0.05977 -0.05200
v 0.13240 0.04924 0.12200
v 0.13454 0.04973 0.09300
v 0.13463 0.04975 0.06400
v 0.13463 0.04975 0.03500
v 0.13463 0.04975 0.00600
v 0.13454 0.04973 -0.02300
v 0.13240 0.04924 -0.05200
v 0.13343 0.03750 0.12200
v 0.13561 0.03750 0.09300
v 0.13570 0.03750 0.06400
v 0.13570 0.03750 0.03500
v 0.13570 0.03750 0.00600
v 0.13561 0.03750 -0.02300
v 0.13343 0.03750 -0.05200
v 0.13240 0.02576 0.12200
v 0.13454 0.02527 0.09300
v 0.13463 0.02525 0.06400
v 0.13463 0.02525 0.03500
v 0.13463 0.02525 0.00600
v 0.13454 0.02527 -0.02300
v 0.13240 0.02576 -0.05200
v 0.12981 0.01523 0.12200
v 0.13183 0.01429 0.09300
v 0.13192 0.01425 0.06400
v 0.13192 0.01425 0.03500
v 0.13192 0.01425 0.00600
v 0.13183 0.01429 -0.02300
v 0.12981 0.01523 -0.05200
v 0.12689 0.00612 0.12200
v 0.12879 0.00480 0.09300
v 0.12887 0.00474 0.06400
v 0.12887 0.00474 0.03500
v 0.12887 0.00474 0.00600
v 0.12879 0.00480 -0.02300
v 0.12689 0.00612 -0.05200
v 0.03651 0.06888 -0.05200
v 0.03461 0.07020 -0.02300
v 0.03453 0.07026 0.00600
v 0.03453 0.07026 0.03500
v 0.03453 0.07026 0.06400
v 0.03461 0.07020 0.09300
v 0.03651 0.06888 0.12200
v 0.03359 0.05977 -0.05200
v 0.03157 0.06071 -0.02300
v 0.03148 0.06075 0.00600
v 0.03148 0.06075 0.03500
v 0.03148 0.06075 0.06400
v 0.03157 0.06071 0.09300
v 0.03359 0.05977 0.12200
v 0.03100 0.04924 -0.05200
v 0.02886 0.04973 -0.02300
v 0.02877 0.04975 0.00600
v 0.02877 0.04975 0.03500
v 0.02877 0.04975 0.06400
v 0.02886 0.04973 0.09300
v 0.03100 0.04924 0.12200
v 0.02997 0.03750 -0.05200
v 0.02779 0.03750 -0.02300
v 0.02770 0.03750 0.00600
v 0.02770 0.03750 0.03500
v 0.02770 0.03750 0.06400
v 0.02779 0.03750 0.09300
v 0.02997 0.03750 0.12200
v 0.03100 0.02576 -0.05200
v 0.02886 0.02527 -0.02300
v 0.02877 0.02525 0.00600
v 0.02877 0.02525 0.03500
v 0.02877 0.02525 0.06400
v 0.02886 0.02527 0.09300
v 0.03100 0.02576 0.12200
v 0.03359 0.01523 -0.05200
v 0.03157 0.01429 -0.02300
v 0.03148 0.01425 0.00600
v 0.03148 0.01425 0.03500
v 0.03148 0.01425 0.06400
v 0.03157 0.01429 0.09300
v 0.03359 0.01523 0.12200
v 0.03651 0.00612 -0.05200
v 0.03461 0.00480 -0.02300
v 0.03453 0.00474 0.00600
v 0.03453 0.00474 0.03500
v 0.03453 0.00474 0.06400
v 0.03461 0.00480 0.09300
v 0.03651 0.00612 0.12200
v 0.03651 0.06888 -0.05200
v 0.04963 0.07091 -0.05200
v 0.06480 0.07271 -0.05200
v 0.08170 0.07343 -0.05200
v 0.09860 0.07271 -0.05200
v 0.11377 0.07091 -0.05200
v 0.12689 0.06888 -0.05200
v 0.03461 0.07020 -0.02300
v 0.04828 0.07232 -0.02300
v 0.06409 0.07419 -0.02300
v 0.08170 0.07494 -0.02300
v 0.09931 0.07419 -0.02300
v 0.11512 0.07232 -0.02300
v 0.12879 0.07020 -0.02300
v 0.03453 0.07026 0.00600
v 0.04822 0.07237 0.00600
v 0.06406 0.07425 0.00600
v 0.08170 0.07500 0.00600
v 0.09934 0.07425 0.00600
v 0.11518 0.07237 0.00600
v 0.12887 0.07026 0.00600
v 0.03453 0.07026 0.03500
v 0.04822 0.07237 0.03500
v 0.06406 0.07425 0.03500
v 0.08170 0.07500 0.03500
v 0.09934 0.07425 0.03500
v 0.11518 0.07237 0.03500
v 0.12887 0.07026 0.03500
v 0.03453 0.07026 0.06400
v 0.04822 0.07237 0.06400
v 0.06406 0.07425 0.06400
v 0.08170 0.07500 0.06400
v 0.09934 0.07425 0.06400
v 0.11518 0.07237 0.06400
v 0.12887 0.07026 0.06400
v 0.03461 0.07020 0.09300
v 0.04828 0.07232 0.09300
v 0.06409 0.07419 0.09300
v 0.08170 0.07494 0.09300
v 0.09931 0.07419 0.09300
v 0.11512 0.07232 0.09300
v 0.12879 0.07020 0.09300
v 0.03651 0.06888 0.12200
v 0.04963 0.07091 0.12200
v 0.06480 0.07271 0.12200
v 0.08170 0.07343 0.12200
v 0.09860 0.07271 0.12200
v 0.11377 0.07091 0.12200
v 0.12689 0.06888 0.12200
v 0.03651 0.00612 0.12200
v 0.04963 0.00409 0.12200
v 0.06480 0.00229 0.12200
v 0.08170 0.00157 0.12200
v 0.09860 0.00229 0.12200
v 0.11377 0.00409 0.12200
v 0.12689 0.00612 0.12200
v 0.03461 0.00480 0.09300
v 0.04828 0.00268 0.09300
v 0.06409 0.00081 0.09300
v 0.08170 0.00006 0.09300
v 0.09931 0.00081 0.09300
v 0.11512 0.00268 0.09300
v 0.12879 0.00480 0.09300
v 0.03453 0.00474 0.06400
v 0.04822 0.00263 0.06400
v 0.06406 0.00075 0.06400
v 0.08170 0.00000 0.06400
v 0.09934 0.00075 0.06400
v 0.11518 0.00263 0.06400
v 0.12887 0.00474 0.06400
v 0.03453 0.00474 0.03500
v 0.04822 0.00263 0.03500
v 0.06406 0.00075 0.03500
v 0.08170 0.00000 0.03500
v 0.09934 0.00075 0.03500
v 0.11518 0.00263 0.03500
v 0.12887 0.00474 0.03500
v 0.03453 0.00474 0.00600
v 0.04822 0.00263 0.00600
v 0.06406 0.00075 0.00600
v 0.08170 0.00000 0.00600
v 0.09934 0.00075 0.00600
v 0.11518 0.00263 0.00600
v 0.12887 0.00474 0.00600
v 0.03461 0.00480 -0.02300
v 0.04828 0.00268 -0.02300
v 0.06409 0.00081 -0.02300
v 0.08170 0.00006 -0.02300
v 0.09931 0.00081 -0.02300
v 0.11512 0.00268 -0.02300
v 0.12879 0.00480 -0.02300
v 0.03651 0.00612 -0.05200
v 0.04963 0.00409 -0.05200
v 0.06480 0.00229 -0.05200
v 0.08170 0.00157 -0.05200
v 0.09860 0.00229 -0.05200
v 0.11377 0.00409 -0.05200
v 0.12689 0.00612 -0.05200
v 0.03651 0.06888 0.12200
v 0.04963 0.07091 0.12200
v 0.06480 0.07271 0.12200
v 0.08170 0.07343 0.12200
v 0.09860 0.07271 0.12200
v 0.11377 0.07091 0.12200
v 0.12689 0.06888 0.12200
v 0.03359 0.05977 0.12200
v 0.05157 0.05842 0.12200
v 0.06519 0.06043 0.12200
v 0.08170 0.06145 0.12200
v 0.09821 0.06043 0.12200
v 0.11183 0.05842 0.12200
v 0.12981 0.05977 0.12200
v 0.03100 0.04924 0.12200
v 0.04869 0.04896 0.12200
v 0.06664 0.04796 0.12200
v 0.08170 0.04948 0.12200
v 0.09676 0.04796 0.12200
v 0.11471 0.04896 0.12200
v 0.13240 0.04924 0.12200
v 0.02997 0.03750 0.12200
v 0.04721 0.03750 0.12200
v 0.06446 0.03750 0.12200
v 0.08170 0.03750 0.12200
v 0.09894 0.03750 0.12200
v 0.11619 0.03750 0.12200
v 0.13343 0.03750 0.12200
v 0.03100 0.02576 0.12200
v 0.04869 0.02604 0.12200
v 0.06664 0.02704 0.12200
v 0.08170 0.02552 0.12200
v 0.09676 0.02704 0.12200
v 0.11471 0.02604 0.12200
v 0.13240 0.02576 0.12200
v 0.03359 0.01523 0.12200
v 0.05157 0.01658 0.12200
v 0.06519 0.01457 0.12200
v 0.08170 0.01355 0.12200
v 0.09821 0.01457 0.12200
v 0.11183 0.01658 0.12200
v 0.12981 0.01523 0.12200
v 0.03651 0.00612 0.12200
v 0.04963 0.00409 0.12200
v 0.06480 0.00229 0.12200
v 0.08170 0.00157 0.12200
v 0.09860 0.00229 0.12200
v 0.11377 0.00409 0.12200
v 0.12689 0.00612 0.12200
v 0.12689 0.06888 -0.05200
v 0.11377 0.07091 -0.05200
v 0.09860 0.07271 -0.05200
v 0.08170 0.07343 -0.05200
v 0.06480 0.07271 -0.05200
v 0.04963 0.07091 -0.05200
v 0.03651 0.06888 -0.05200
v 0.12981 0.05977 -0.05200
v 0.11183 0.05842 -0.05200
v 0.09821 0.06043 -0.05200
v 0.08170 0.06145 -0.05200
v 0.06519 0.06043 -0.05200
v 0.05157 0.05842 -0.05200
v 0.03359 0.05977 -0.05200
v 0.13240 0.04924 -0.05200
v 0.11471 0.04896 -0.05200
v 0.09676 0.04796 -0.05200
v 0.08170 0.04948 -0.05200
v 0.06664 0.04796 -0.05200
v 0.04869 0.04896 -0.05200
v 0.03100 0.04924 -0.05200
v 0.13343 0.03750 -0.05200
v 0.11619 0.03750 -0.05200
v 0.09894 0.03750 -0.05200
v 0.08170 0.03750 -0.05200
v 0.06446 0.03750 -0.05200
v 0.04721 0.03750 -0.05200
v 0.02997 0.03750 -0.05200
v 0.13240 0.02576 -0.05200
v 0.11471 0.02604 -0.05200
v 0.09676 0.02704 -0.05200
v 0.08170 0.02552 -0.05200
v 0.06664 0.02704 -0.05200
v 0.04869 0.02604 -0.05200
v 0.03100 0.02576 -0.05200
v 0.12981 0.01523 -0.05200
v 0.11183 0.01658 -0.05200
v 0.09821 0.01457 -0.05200
v 0.08170 0.01355 -0.05200
v 0.06519 0.01457 -0.05200
v 0.05157 0.01658 -0.05200
v 0.03359 0.01523 -0.05200
v 0.12689 0.00612 -0.05200
v 0.11377 0.00409 -0.05200
v 0.09860 0.00229 -0.05200
v 0.08170 0.00157 -0.05200
v 0.06480 0.00229 -0.05200
v 0.04963 0.00409 -0.05200
v 0.03651 0.00612 -0.05200
v -0.04095 0.05037 0.20050
v -0.03898 0.05148 0.18433
v -0.03890 0.05152 0.16817
v -0.03890 0.05152 0.15200
v -0.03890 0.05152 0.13583
v -0.03898 0.05148 0.11967
v -0.04095 0.05037 0.10350
v -0.03832 0.04373 0.20050
v -0.03622 0.04452 0.18433
v -0.03613 0.04455 0.16817
v -0.03613 0.04455 0.15200
v -0.03613 0.04455 0.13583
v -0.03622 0.04452 0.11967
v -0.03832 0.04373 0.10350
v -0.03598 0.03605 0.20050
v -0.03376 0.03647 0.18433
v -0.03367 0.03648 0.16817
v -0.03367 0.03648 0.15200
v -0.03367 0.03648 0.13583
v -0.03376 0.03647 0.11967
v -0.03598 0.03605 0.10350
v -0.03505 0.02750 0.20050
v -0.03279 0.02750 0.18433
v -0.03270 0.02750 0.16817
v -0.03270 0.02750 0.15200
v -0.03270 0.02750 0.13583
v -0.03279 0.02750 0.11967
v -0.03505 0.02750 0.10350
v -0.03598 0.01895 0.20050
v -0.03376 0.01853 0.18433
v -0.03367 0.01852 0.16817
v -0.03367 0.01852 0.15200
v -0.03367 0.01852 0.13583
v -0.03376 0.01853 0.11967
v -0.03598 0.01895 0.10350
v -0.03832 0.01127 0.20050
v -0.03622 0.01048 0.18433
v -0.03613 0.01045 0.16817
v -0.03613 0.01045 0.15200
v -0.03613 0.01045 0.13583
v -0.03622 0.01048 0.11967
v -0.03832 0.01127 0.10350
v -0.04095 0.00463 0.20050
v -0.03898 0.00352 0.18433
v -0.03890 0.00348 0.16817
v -0.03890 0.00348 0.15200
v -0.03890 0.00348 0.13583
v -0.03898 0.00352 0.11967
v -0.04095 0.00463 0.10350
v -0.12245 0.05037 0.10350
v -0.12442 0.05148 0.11967
v -0.12450 0.05152 0.13583
v -0.12450 0.05152 0.15200
v -0.12450 0.05152 0.16817
v -0.12442 0.05148 0.18433
v -0.12245 0.05037 0.20050
v -0.12508 0.04373 0.10350
v -0.12718 0.04452 0.11967
v -0.12727 0.04455 0.13583
v -0.12727 0.04455 0.15200
v -0.12727 0.04455 0.16817
v -0.12718 0.04452 0.18433
v -0.12508 0.04373 0.20050
v -0.12742 0.03605 0.10350
v -0.12964 0.03647 0.11967
v -0.12973 0.03648 0.13583
v -0.12973 0.03648 0.15200
v -0.12973 0.03648 0.16817
v -0.12964 0.03647 0.18433
v -0.12742 0.03605 0.20050
v -0.12835 0.02750 0.10350
v -0.13061 0.02750 0.11967
v -0.13070 0.02750 0.13583
v -0.13070 0.02750 0.15200
v -0.13070 0.02750 0.16817
v -0.13061 0.02750 0.18433
v -0.12835 0.02750 0.20050
v -0.12742 0.01895 0.10350
v -0.12964 0.01853 0.11967
v -0.12973 0.01852 0.13583
v -0.12973 0.01852 0.15200
v -0.12973 0.01852 0.16817
v -0.12964 0.01853 0.18433
v -0.12742 0.01895 0.20050
v -0.12508 0.01127 0.10350
v -0.12718 0.01048 0.11967
v -0.12727 0.01045 0.13583
v -0.12727 0.01045 0.15200
v -0.12727 0.01045 0.16817
v -0.12718 0.01048 0.18433
v -0.12508 0.01127 0.20050
v -0.12245 0.00463 0.10350
v -0.12442 0.00352 0.11967
v -0.12450 0.00348 0.13583
v -0.12450 0.00348 0.15200
v -0.12450 0.00348 0.16817
v -0.12442 0.00352 0.18433
v -0.12245 0.00463 0.20050
v -0.12245 0.05037 0.10350
v -0.11062 0.05185 0.10350
v -0.09694 0.05316 0.10350
v -0.08170 0.05368 0.10350
v -0.06646 0.05316 0.10350
v -0.05278 0.05185 0.10350
v -0.04095 0.05037 0.10350
v -0.12442 0.05148 0.11967
v -0.11202 0.05303 0.11967
v -0.09768 0.05440 0.11967
v -0.08170 0.05495 0.11967
v -0.06572 0.05440 0.11967
v -0.05138 0.05303 0.11967
v -0.03898 0.05148 0.11967
v -0.12450 0.05152 0.13583
v -0.11208 0.05307 0.13583
v -0.09771 0.05445 0.13583
v -0.08170 0.05500 0.13583
v -0.06569 0.05445 0.13583
v -0.05132 0.05307 0.13583
v -0.03890 0.05152 0.13583
v -0.12450 0.05152 0.15200
v -0.11208 0.05307 0.15200
v -0.09771 0.05445 0.15200
v -0.08170 0.05500 0.15200
v -0.06569 0.05445 0.15200
v -0.05132 0.05307 0.15200
v -0.03890 0.05152 0.15200
v -0.12450 0.05152 0.16817
v -0.11208 0.05307 0.16817
v -0.09771 0.05445 0.16817
v -0.08170 0.05500 0.16817
v -0.06569 0.05445 0.16817
v -0.05132 0.05307 0.16817
v -0.03890 0.05152 0.16817
v -0.12442 0.05148 0.18433
v -0.11202 0.05303 0.18433
v -0.09768 0.05440 0.18433
v -0.08170 0.05495 0.18433
v -0.06572 0.05440 0.18433
v -0.05138 0.05303 0.18433
v -0.03898 0.05148 0.18433
v -0.12245 0.05037 0.20050
v -0.11062 0.05185 0.20050
v -0.09694 0.05316 0.20050
v -0.08170 0.05368 0.20050
v -0.06646 0.05316 0.20050
v -0.05278 0.05185 0.20050
v -0.04095 0.05037 0.20050
v -0.12245 0.00463 0.20050
v -0.11062 0.00315 0.20050
v -0.09694 0.00184 0.20050
v -0.08170 0.00132 0.20050
v -0.06646 0.00184 0.20050
v -0.05278 0.00315 0.20050
v -0.04095 0.00463 0.20050
v -0.12442 0.00352 0.18433
v -0.11202 0.00197 0.18433
v -0.09768 0.00060 0.18433
v -0.08170 0.00005 0.18433
v -0.06572 0.00060 0.18433
v -0.05138 0.00197 0.18433
v -0.03898 0.00352 0.18433
v -0.12450 0.00348 0.16817
v -0.11208 0.00193 0.16817
v -0.09771 0.00055 0.16817
v -0.08170 0.00000 0.16817
v -0.06569 0.00055 0.16817
v -0.05132 0.00193 0.16817
v -0.03890 0.00348 0.16817
v -0.12450 0.00348 0.15200
v -0.11208 0.00193 0.15200
v -0.09771 0.00055 0.15200
v -0.08170 0.00000 0.15200
v -0.06569 0.00055 0.15200
v -0.05132 0.00193 0.15200
v -0.03890 0.00348 0.15200
v -0.12450 0.00348 0.13583
v -0.11208 0.00193 0.13583
v -0.09771 0.00055 0.13583
v -0.08170 0.00000 0.13583
v -0.06569 0.00055 0.13583
v -0.05132 0.00193 0.13583
v -0.03890 0.00348 0.13583
v -0.12442 0.00352 0.11967
v -0.11202 0.00197 0.11967
v -0.09768 0.00060 0.11967
v -0.08170 0.00005 0.11967
v -0.06572 0.00060 0.11967
v -0.05138 0.00197 0.11967
v -0.03898 0.00352 0.11967
v -0.12245 0.00463 0.10350
v -0.11062 0.00315 0.10350
v -0.09694 0.00184 0.10350
v -0.08170 0.00132 0.10350
v -0.06646 0.00184 0.10350
v -0.05278 0.00315 0.10350
v -0.04095 0.00463 0.10350
v -0.12245 0.05037 0.20050
v -0.11062 0.05185 0.20050
v -0.09694 0.05316 0.20050
v -0.08170 0.05368 0.20050
v -0.06646 0.05316 0.20050
v -0.05278 0.05185 0.20050
v -0.04095 0.05037 0.20050
v -0.12508 0.04373 0.20050
v -0.10886 0.04275 0.20050
v -0.09658 0.04421 0.20050
v -0.08170 0.04495 0.20050
v -0.06682 0.04421 0.20050
v -0.05454 0.04275 0.20050
v -0.03832 0.04373 0.20050
v -0.12742 0.03605 0.20050
v -0.11147 0.03585 0.20050
v -0.09528 0.03512 0.20050
v -0.08170 0.03623 0.20050
v -0.06812 0.03512 0.20050
v -0.05193 0.03585 0.20050
v -0.03598 0.03605 0.20050
v -0.12835 0.02750 0.20050
v -0.11280 0.02750 0.20050
v -0.09725 0.02750 0.20050
v -0.08170 0.02750 0.20050
v -0.06615 0.02750 0.20050
v -0.05060 0.02750 0.20050
v -0.03505 0.02750 0.20050
v -0.12742 0.01895 0.20050
v -0.11147 0.01915 0.20050
v -0.09528 0.01988 0.20050
v -0.08170 0.01877 0.20050
v -0.06812 0.01988 0.20050
v -0.05193 0.01915 0.20050
v -0.03598 0.01895 0.20050
v -0.12508 0.01127 0.20050
v -0.10886 0.01225 0.20050
v -0.09658 0.01079 0.20050
v -0.08170 0.01005 0.20050
v -0.06682 0.01079 0.20050
v -0.05454 0.01225 0.20050
v -0.03832 0.01127 0.20050
v -0.12245 0.00463 0.20050
v -0.11062 0.00315 0.20050
v -0.09694 0.00184 0.20050
v -0.08170 0.00132 0.20050
v -0.06646 0.00184 0.20050
v -0.05278 0.00315 0.20050
v -0.04095 0.00463 0.20050
v -0.04095 0.05037 0.10350
v -0.05278 0.05185 0.10350
v -0.06646 0.05316 0.10350
v -0.08170 0.05368 0.10350
v -0.09694 0.05316 0.10350
v -0.11062 0.05185 0.10350
v -0.12245 0.05037 0.10350
v -0.03832 0.04373 0.10350
v -0.05454 0.04275 0.10350
v -0.06682 0.04421 0.10350
v -0.08170 0.04495 0.10350
v -0.09658 0.04421 0.10350
v -0.10886 0.04275 0.10350
v -0.12508 0.04373 0.10350
v -0.03598 0.03605 0.10350
v -0.05193 0.03585 0.10350
v -0.06812 0.03512 0.10350
v -0.08170 0.03623 0.10350
v -0.09528 0.03512 0.10350
v -0.11147 0.03585 0.10350
v -0.12742 0.03605 0.10350
v -0.03505 0.02750 0.10350
v -0.05060 0.02750 0.10350
v -0.06615 0.02750 0.10350
v -0.08170 0.02750 0.10350
v -0.09725 0.02750 0.10350
v -0.11280 0.02750 0.10350
v -0.12835 0.02750 0.10350
v -0.03598 0.01895 0.10350
v -0.05193 0.01915 0.10350
v -0.06812 0.01988 0.10350
v -0.08170 0.01877 0.10350
v -0.09528 0.01988 0.10350
v -0.11147 0.01915 0.10350
v -0.12742 0.01895 0.10350
v -0.03832 0.01127 0.10350
v -0.05454 0.01225 0.10350
v -0.06682 0.01079 0.10350
v -0.08170 0.01005 0.10350
v -0.09658 0.01079 0.10350
v -0.10886 0.01225 0.10350
v -0.12508 0.01127 0.10350
v -0.04095 0.00463 0.10350
v -0.05278 0.00315 0.10350
v -0.06646 0.00184 0.10350
v -0.08170 0.00132 0.10350
v -0.09694 0.00184 0.10350
v -0.11062 0.00315 0.10350
v -0.12245 0.00463 0.10350
v 0.12245 0.05037 0.20050
v 0.12442 0.05148 0.18433
v 0.12450 0.05152 0.16817
v 0.12450 0.05152 0.15200
v 0.12450 0.05152 0.13583
v 0.12442 0.05148 0.11967
v 0.12245 0.05037 0.10350
v 0.12508 0.04373 0.20050
v 0.12718 0.04452 0.18433
v 0.12727 0.04455 0.16817
v 0.12727 0.04455 0.15200
v 0.12727 0.04455 0.13583
v 0.12718 0.04452 0.11967
v 0.12508 0.04373 0.10350
v 0.12742 0.03605 0.20050
v 0.12964 0.03647 0.18433
v 0.12973 0.03648 0.16817
v 0.12973 0.03648 0.15200
v 0.12973 0.03648 0.13583
v 0.12964 0.03647 0.11967
v 0.12742 0.03605 0.10350
v 0.12835 0.02750 0.20050
v 0.13061 0.02750 0.18433
v 0.13070 0.02750 0.16817
v 0.13070 0.02750 0.15200
v 0.13070 0.02750 0.13583
v 0.13061 0.02750 0.11967
v 0.12835 0.02750 0.10350
v 0.12742 0.01895 0.20050
v 0.12964 0.01853 0.18433
v 0.12973 0.01852 0.16817
v 0.12973 0.01852 0.15200
v 0.12973 0.01852 0.13583
v 0.12964 0.01853 0.11967
v 0.12742 0.01895 0.10350
v 0.12508 0.01127 0.20050
v 0.12718 0.01048 0.18433
v 0.12727 0.01045 0.16817
v 0.12727 0.01045 0.15200
v 0.12727 0.01045 0.13583
v 0.12718 0.01048 0.11967
v 0.12508 0.01127 0.10350
v 0.12245 0.00463 0.20050
v 0.12442 0.00352 0.18433
v 0.12450 0.00348 0.16817
v 0.12450 0.00348 0.15200
v 0.12450 0.00348 0.13583
v 0.12442 0.00352 0.11967
v 0.12245 0.00463 0.10350
v 0.04095 0.05037 0.10350
v 0.03898 0.05148 0.11967
v 0.03890 0.05152 0.13583
v 0.03890 0.05152 0.15200
v 0.03890 0.05152 0.16817
v 0.03898 0.05148 0.18433
v 0.04095 0.05037 0.20050
v 0.03832 0.04373 0.10350
v 0.03622 0.04452 0.11967
v 0.03613 0.04455 0.13583
v 0.03613 0.04455 0.15200
v 0.03613 0.04455 0.16817
v 0.03622 0.04452 0.18433
v 0.03832 0.04373 0.20050
v 0.03598 0.03605 0.10350
v 0.03376 0.03647 0.11967
v 0.03367 0.03648 0.13583
v 0.03367 0.03648 0.15200
v 0.03367 0.03648 0.16817
v 0.03376 0.03647 0.18433
v 0.03598 0.03605 0.20050
v 0.03505 0.02750 0.10350
v 0.03279 0.02750 0.11967
v 0.03270 0.02750 0.13583
v 0.03270 0.02750 0.15200
v 0.03270 0.02750 0.16817
v 0.03279 0.02750 0.18433
v 0.03505 0.02750 0.20050
v 0.03598 0.01895 0.10350
v 0.03376 0.01853 0.11967
v 0.03367 0.01852 0.13583
v 0.03367 0.01852 0.15200
v 0.03367 0.01852 0.16817
v 0.03376 0.01853 0.18433
v 0.03598 0.01895 0.20050
v 0.03832 0.01127 0.10350
v 0.03622 0.01048 0.11967
v 0.03613 0.01045 0.13583
v 0.03613 0.01045 0.15200
v 0.03613 0.01045 0.16817
v 0.03622 0.01048 0.18433
v 0.03832 0.01127 0.20050
v 0.04095 0.00463 0.10350
v 0.03898 0.00352 0.11967
v 0.03890 0.00348 0.13583
v 0.03890 0.00348 0.15200
v 0.03890 0.00348 0.16817
v 0.03898 0.00352 0.18433
v 0.04095 0.00463 0.20050
v 0.04095 0.05037 0.10350
v 0.05278 0.05185 0.10350
v 0.06646 0.05316 0.10350
v 0.08170 0.05368 0.10350
v 0.09694 0.05316 0.10350
v 0.11062 0.05185 0.10350
v 0.12245 0.05037 0.10350
v 0.03898 0.05148 0.11967
v 0.05138 0.05303 0.11967
v 0.06572 0.05440 0.11967
v 0.08170 0.05495 0.11967
v 0.09768 0.05440 0.11967
v 0.11202 0.05303 0.11967
v 0.12442 0.05148 0.11967
v 0.03890 0.05152 0.13583
v 0.05132 0.05307 0.13583
v 0.06569 0.05445 0.13583
v 0.08170 0.05500 0.13583
v 0.09771 0.05445 0.13583
v 0.11208 0.05307 0.13583
v 0.12450 0.05152 0.13583
v 0.03890 0.05152 0.15200
v 0.05132 0.05307 0.15200
v 0.06569 0.05445 0.15200
v 0.08170 0.05500 0.15200
v 0.09771 0.05445 0.15200
v 0.11208 0.05307 0.15200
v 0.12450 0.05152 0.15200
v 0.03890 0.05152 0.16817
v 0.05132 0.05307 0.16817
v 0.06569 0.05445 0.16817
v 0.08170 0.05500 0.16817
v 0.09771 0.05445 0.16817
v 0.11208 0.05307 0.16817
v 0.12450 0.05152 0.16817
v 0.03898 0.05148 0.18433
v 0.05138 0.05303 0.18433
v 0.06572 0.05440 0.18433
v 0.08170 0.05495 0.18433
v 0.09768 0.05440 0.18433
v 0.11202 0.05303 0.18433
v 0.12442 0.05148 0.18433
v 0.04095 0.05037 0.20050
v 0.05278 0.05185 0.20050
v 0.06646 0.05316 0.20050
v 0.08170 0.05368 0.20050
v 0.09694 0.05316 0.20050
v 0.11062 0.05185 0.20050
v 0.12245 0.05037 0.20050
v 0.04095 0.00463 0.20050
v 0.05278 0.00315 0.20050
v 0.06646 0.00184 0.20050
v 0.08170 0.00132 0.20050
v 0.09694 0.00184 0.20050
v 0.11062 0.00315 0.20050
v 0.12245 0.00463 0.20050
v 0.03898 0.00352 0.18433
v 0.05138 0.00197 0.18433
v 0.06572 0.00060 0.18433
v 0.08170 0.00005 0.18433
v 0.09768 0.00060 0.18433
v 0.11202 0.00197 0.18433
v 0.12442 0.00352 0.18433
v 0.03890 0.00348 0.16817
v 0.05132 0.00193 0.16817
v 0.06569 0.00055 0.16817
v 0.08170 0.00000 0.16817
v 0.09771 0.00055 0.16817
v 0.11208 0.00193 0.16817
v 0.12450 0.00348 0.16817
v 0.03890 0.00348 0.15200
v 0.05132 0.00193 0.15200
v 0.06569 0.00055 0.15200
v 0.08170 0.00000 0.15200
v 0.09771 0.00055 0.15200
v 0.11208 0.00193 0.15200
v 0.12450 0.00348 0.15200
v 0.03890 0.00348 0.13583
v 0.05132 0.00193 0.13583
v 0.06569 0.00055 0.13583
v 0.08170 0.00000 0.13583
v 0.09771 0.00055 0.13583
v 0.11208 0.00193 0.13583
v 0.12450 0.00348 0.13583
v 0.03898 0.00352 0.11967
v 0.05138 0.00197 0.11967
v 0.06572 0.00060 0.11967
v 0.08170 0.00005 0.11967
v 0.09768 0.00060 0.11967
v 0.11202 0.00197 0.11967
v 0.12442 0.00352 0.11967
v 0.04095 0.00463 0.10350
v 0.05278 0.00315 0.10350
v 0.06646 0.00184 0.10350
v 0.08170 0.00132 0.10350
v 0.09694 0.00184 0.10350
v 0.11062 0.00315 0.10350
v 0.12245 0.00463 0.10350
v 0.04095 0.05037 0.20050
v 0.05278 0.05185 0.20050
v 0.06646 0.05316 0.20050
v 0.08170 0.05368 0.20050
v 0.09694 0.05316 0.20050
v 0.11062 0.05185 0.20050
v 0.12245 0.05037 0.20050
v 0.03832 0.04373 0.20050
v 0.05454 0.04275 0.20050
v 0.06682 0.04421 0.20050
v 0.08170 0.04495 0.20050
v 0.09658 0.04421 0.20050
v 0.10886 0.04275 0.20050
v 0.12508 0.04373 0.20050
v 0.03598 0.03605 0.20050
v 0.05193 0.03585 0.20050
v 0.06812 0.03512 0.20050
v 0.08170 0.03623 0.20050
v 0.09528 0.03512 0.20050
v 0.11147 0.03585 0.20050
v 0.12742 0.03605 0.20050
v 0.03505 0.02750 0.20050
v 0.05060 0.02750 0.20050
v 0.06615 0.02750 0.20050
v 0.08170 0.02750 0.20050
v 0.09725 0.02750 0.20050
v 0.11280 0.02750 0.20050
v 0.12835 0.02750 0.20050
v 0.03598 0.01895 0.20050
v 0.05193 0.01915 0.20050
v 0.06812 0.01988 0.20050
v 0.08170 0.01877 0.20050
v 0.09528 0.01988 0.20050
v 0.11147 0.01915 0.20050
v 0.12742 0.01895 0.20050
v 0.03832 0.01127 0.20050
v 0.05454 0.01225 0.20050
v 0.06682 0.01079 0.20050
v 0.08170 0.01005 0.20050
v 0.09658 0.01079 0.20050
v 0.10886 0.01225 0.20050
v 0.12508 0.01127 0.20050
v 0.04095 0.00463 0.20050
v 0.05278 0.00315 0.20050
v 0.06646 0.00184 0.20050
v 0.08170 0.00132 0.20050
v 0.09694 0.00184 0.20050
v 0.11062 0.00315 0.20050
v 0.12245 0.00463 0.20050
v 0.12245 0.05037 0.10350
v 0.11062 0.05185 0.10350
v 0.09694 0.05316 0.10350
v 0.08170 0.05368 0.10350
v 0.06646 0.05316 0.10350
v 0.05278 0.05185 0.10350
v 0.04095 0.05037 0.10350
v 0.12508 0.04373 0.10350
v 0.10886 0.04275 0.10350
v 0.09658 0.04421 0.10350
v 0.08170 0.04495 0.10350
v 0.06682 0.04421 0.10350
v 0.05454 0.04275 0.10350
v 0.03832 0.04373 0.10350
v 0.12742 0.03605 0.10350
v 0.11147 0.03585 0.10350
v 0.09528 0.03512 0.10350
v 0.08170 0.03623 0.10350
v 0.06812 0.03512 0.10350
v 0.05193 0.03585 0.10350
v 0.03598 0.03605 0.10350
v 0.12835 0.02750 0.10350
v 0.11280 0.02750 0.10350
v 0.09725 0.02750 0.10350
v 0.08170 0.02750 0.10350
v 0.06615 0.02750 0.10350
v 0.05060 0.02750 0.10350
v 0.03505 0.02750 0.10350
v 0.12742 0.01895 0.10350
v 0.11147 0.01915 0.10350
v 0.09528 0.01988 0.10350
v 0.08170 0.01877 0.10350
v 0.06812 0.01988 0.10350
v 0.05193 0.01915 0.10350
v 0.03598 0.01895 0.10350
v 0.12508 0.01127 0.10350
v 0.10886 0.01225 0.10350
v 0.09658 0.01079 0.10350
v 0.08170 0.01005 0.10350
v 0.06682 0.01079 0.10350
v 0.05454 0.01225 0.10350
v 0.03832 0.01127 0.10350
v 0.12245 0.00463 0.10350
v 0.11062 0.00315 0.10350
v 0.09694 0.00184 0.10350
v 0.08170 0.00132 0.10350
v 0.06646 0.00184 0.10350
v 0.05278 0.00315 0.10350
v 0.04095 0.00463 0.10350
v 0.28048 1.50674 0.07600
v 0.28219 1.53525 0.07067
v 0.28226 1.53640 0.06533
v 0.28226 1.53640 0.06000
v 0.28226 1.53640 0.05467
v 0.28219 1.53525 0.04933
v 0.28048 1.50674 0.04400
v 0.26515 1.08271 0.07600
v 0.26621 1.09336 0.07067
v 0.26625 1.09379 0.06533
v 0.26625 1.09379 0.06000
v 0.26625 1.09379 0.05467
v 0.26621 1.09336 0.04933
v 0.26515 1.08271 0.04400
v 0.24487 0.57609 0.07600
v 0.24508 0.56539 0.07067
v 0.24509 0.56495 0.06533
v 0.24509 0.56495 0.06000
v 0.24509 0.56495 0.05467
v 0.24508 0.56539 0.04933
v 0.24487 0.57609 0.04400
v 0.22627 0.15219 0.07600
v 0.22569 0.12364 0.07067
v 0.22567 0.12248 0.06533
v 0.22567 0.12248 0.06000
v 0.22567 0.12248 0.05467
v 0.22569 0.12364 0.04933
v 0.22627 0.15219 0.04400
v 0.25373 1.50781 0.04400
v 0.25431 1.53636 0.04933
v 0.25433 1.53752 0.05467
v 0.25433 1.53752 0.06000
v 0.25433 1.53752 0.06533
v 0.25431 1.53636 0.07067
v 0.25373 1.50781 0.07600
v 0.23513 1.08391 0.04400
v 0.23492 1.09461 0.04933
v 0.23491 1.09505 0.05467
v 0.23491 1.09505 0.06000
v 0.23491 1.09505 0.06533
v 0.23492 1.09461 0.07067
v 0.23513 1.08391 0.07600
v 0.21485 0.57729 0.04400
v 0.21379 0.56664 0.04933
v 0.21375 0.56621 0.05467
v 0.21375 0.56621 0.06000
v 0.21375 0.56621 0.06533
v 0.21379 0.56664 0.07067
v 0.21485 0.57729 0.07600
v 0.19952 0.15326 0.04400
v 0.19781 0.12475 0.04933
v 0.19774 0.12360 0.05467
v 0.19774 0.12360 0.06000
v 0.19774 0.12360 0.06533
v 0.19781 0.12475 0.07067
v 0.19952 0.15326 0.07600
v 0.25373 1.50781 0.04400
v 0.25936 1.55141 0.04400
v 0.26541 1.59014 0.04400
v 0.27103 1.60536 0.04400
v 0.27542 1.58974 0.04400
v 0.27835 1.55065 0.04400
v 0.28048 1.50674 0.04400
v 0.25431 1.53636 0.04933
v 0.26018 1.58181 0.04933
v 0.26648 1.62217 0.04933
v 0.27234 1.63803 0.04933
v 0.27691 1.62175 0.04933
v 0.27997 1.58101 0.04933
v 0.28219 1.53525 0.04933
v 0.25433 1.53752 0.05467
v 0.26021 1.58304 0.05467
v 0.26652 1.62346 0.05467
v 0.27239 1.63935 0.05467
v 0.27697 1.62305 0.05467
v 0.28003 1.58224 0.05467
v 0.28226 1.53640 0.05467
v 0.25433 1.53752 0.06000
v 0.26021 1.58304 0.06000
v 0.26652 1.62347 0.06000
v 0.27239 1.63935 0.06000
v 0.27697 1.62305 0.06000
v 0.28003 1.58225 0.06000
v 0.28226 1.53640 0.06000
v 0.25433 1.53752 0.06533
v 0.26021 1.58304 0.06533
v 0.26652 1.62346 0.06533
v 0.27239 1.63935 0.06533
v 0.27697 1.62305 0.06533
v 0.28003 1.58224 0.06533
v 0.28226 1.53640 0.06533
v 0.25431 1.53636 0.07067
v 0.26018 1.58181 0.07067
v 0.26648 1.62217 0.07067
v 0.27234 1.63803 0.07067
v 0.27691 1.62175 0.07067
v 0.27997 1.58101 0.07067
v 0.28219 1.53525 0.07067
v 0.25373 1.50781 0.07600
v 0.25936 1.55141 0.07600
v 0.26541 1.59014 0.07600
v 0.27103 1.60536 0.07600
v 0.27542 1.58974 0.07600
v 0.27835 1.55065 0.07600
v 0.28048 1.50674 0.07600
v 0.19952 0.15326 0.07600
v 0.20165 0.10935 0.07600
v 0.20458 0.07026 0.07600
v 0.20897 0.05464 0.07600
v 0.21459 0.06986 0.07600
v 0.22064 0.10859 0.07600
v 0.22627 0.15219 0.07600
v 0.19781 0.12475 0.07067
v 0.20003 0.07899 0.07067
v 0.20309 0.03825 0.07067
v 0.20766 0.02197 0.07067
v 0.21352 0.03783 0.07067
v 0.21982 0.07819 0.07067
v 0.22569 0.12364 0.07067
v 0.19774 0.12360 0.06533
v 0.19997 0.07776 0.06533
v 0.20303 0.03695 0.06533
v 0.20761 0.02065 0.06533
v 0.21348 0.03654 0.06533
v 0.21979 0.07696 0.06533
v 0.22567 0.12248 0.06533
v 0.19774 0.12360 0.06000
v 0.19997 0.07775 0.06000
v 0.20303 0.03695 0.06000
v 0.20761 0.02065 0.06000
v 0.21348 0.03653 0.06000
v 0.21979 0.07696 0.06000
v 0.22567 0.12248 0.06000
v 0.19774 0.12360 0.05467
v 0.19997 0.07776 0.05467
v 0.20303 0.03695 0.05467
v 0.20761 0.02065 0.05467
v 0.21348 0.03654 0.05467
v 0.21979 0.07696 0.05467
v 0.22567 0.12248 0.05467
v 0.19781 0.12475 0.04933
v 0.20003 0.07899 0.04933
v 0.20309 0.03825 0.04933
v 0.20766 0.02197 0.04933
v 0.21352 0.03783 0.04933
v 0.21982 0.07819 0.04933
v 0.22569 0.12364 0.04933
v 0.19952 0.15326 0.04400
v 0.20165 0.10935 0.04400
v 0.20458 0.07026 0.04400
v 0.20897 0.05464 0.04400
v 0.21459 0.06986 0.04400
v 0.22064 0.10859 0.04400
v 0.22627 0.15219 0.04400
v 0.25373 1.50781 0.07600
v 0.25936 1.55141 0.07600
v 0.26541 1.59014 0.07600
v 0.27103 1.60536 0.07600
v 0.27542 1.58974 0.07600
v 0.27835 1.55065 0.07600
v 0.28048 1.50674 0.07600
v 0.23513 1.08391 0.07600
v 0.24013 1.07779 0.07600
v 0.24458 1.05594 0.07600
v 0.25034 1.08845 0.07600
v 0.25349 1.05558 0.07600
v 0.25968 1.07701 0.07600
v 0.26515 1.08271 0.07600
v 0.21485 0.57729 0.07600
v 0.22032 0.58299 0.07600
v 0.22651 0.60442 0.07600
v 0.22966 0.57155 0.07600
v 0.23542 0.60406 0.07600
v 0.23987 0.58221 0.07600
v 0.24487 0.57609 0.07600
v 0.19952 0.15326 0.07600
v 0.20165 0.10935 0.07600
v 0.20458 0.07026 0.07600
v 0.20897 0.05464 0.07600
v 0.21459 0.06986 0.07600
v 0.22064 0.10859 0.07600
v 0.22627 0.15219 0.07600
v 0.28048 1.50674 0.04400
v 0.27835 1.55065 0.04400
v 0.27542 1.58974 0.04400
v 0.27103 1.60536 0.04400
v 0.26541 1.59014 0.04400
v 0.25936 1.55141 0.04400
v 0.25373 1.50781 0.04400
v 0.26515 1.08271 0.04400
v 0.25968 1.07701 0.04400
v 0.25349 1.05558 0.04400
v 0.25034 1.08845 0.04400
v 0.24458 1.05594 0.04400
v 0.24013 1.07779 0.04400
v 0.23513 1.08391 0.04400
v 0.24487 0.57609 0.04400
v 0.23987 0.58221 0.04400
v 0.23542 0.60406 0.04400
v 0.22966 0.57155 0.04400
v 0.22651 0.60442 0.04400
v 0.22032 0.58299 0.04400
v 0.21485 0.57729 0.04400
v 0.22627 0.15219 0.04400
v 0.22064 0.10859 0.04400
v 0.21459 0.06986 0.04400
v 0.20897 0.05464 0.04400
v 0.20458 0.07026 0.04400
v 0.20165 0.10935 0.04400
v 0.19952 0.15326 0.04400
v 0.21030 1.64090 0.07000
v 0.21410 1.65229 0.06667
v 0.21775 1.66325 0.06333
v 0.22139 1.67417 0.06000
v 0.22503 1.68510 0.05667
v 0.22865 1.69594 0.05333
v 0.23150 1.70450 0.05000
v 0.21041 1.63622 0.07000
v 0.21429 1.64425 0.06667
v 0.21802 1.65199 0.06333
v 0.22174 1.65970 0.06000
v 0.22547 1.66741 0.05667
v 0.22916 1.67506 0.05333
v 0.23207 1.68109 0.05000
v 0.21047 1.63081 0.07000
v 0.21438 1.63497 0.06667
v 0.21815 1.63897 0.06333
v 0.22190 1.64296 0.06000
v 0.22566 1.64695 0.05667
v 0.22939 1.65091 0.05333
v 0.23233 1.65404 0.05000
v 0.21033 1.62479 0.07000
v 0.21415 1.62463 0.06667
v 0.21782 1.62449 0.06333
v 0.22149 1.62434 0.06000
v 0.22515 1.62419 0.05667
v 0.22879 1.62405 0.05333
v 0.23165 1.62393 0.05000
v 0.20998 1.61877 0.07000
v 0.21355 1.61432 0.06667
v 0.21699 1.61002 0.06333
v 0.22041 1.60575 0.06000
v 0.22384 1.60147 0.05667
v 0.22724 1.59722 0.05333
v 0.22992 1.59387 0.05000
v 0.20950 1.61338 0.07000
v 0.21272 1.60507 0.06667
v 0.21583 1.59706 0.06333
v 0.21892 1.58908 0.06000
v 0.22201 1.58109 0.05667
v 0.22508 1.57317 0.05333
v 0.22750 1.56692 0.05000
v 0.20901 1.60873 0.07000
v 0.21189 1.59707 0.06667
v 0.21465 1.58586 0.06333
v 0.21741 1.57467 0.06000
v 0.22017 1.56349 0.05667
v 0.22290 1.55239 0.05333
v 0.22506 1.54364 0.05000
v 0.18494 1.70636 0.05000
v 0.18710 1.69761 0.05333
v 0.18983 1.68651 0.05667
v 0.19259 1.67533 0.06000
v 0.19535 1.66414 0.06333
v 0.19811 1.65293 0.06667
v 0.20099 1.64127 0.07000
v 0.18250 1.68308 0.05000
v 0.18492 1.67683 0.05333
v 0.18799 1.66891 0.05667
v 0.19108 1.66092 0.06000
v 0.19417 1.65294 0.06333
v 0.19728 1.64493 0.06667
v 0.20050 1.63662 0.07000
v 0.18008 1.65613 0.05000
v 0.18276 1.65278 0.05333
v 0.18616 1.64853 0.05667
v 0.18959 1.64425 0.06000
v 0.19301 1.63998 0.06333
v 0.19645 1.63568 0.06667
v 0.20002 1.63123 0.07000
v 0.17835 1.62607 0.05000
v 0.18121 1.62595 0.05333
v 0.18485 1.62581 0.05667
v 0.18851 1.62566 0.06000
v 0.19218 1.62551 0.06333
v 0.19585 1.62537 0.06667
v 0.19967 1.62521 0.07000
v 0.17767 1.59596 0.05000
v 0.18061 1.59909 0.05333
v 0.18434 1.60305 0.05667
v 0.18810 1.60704 0.06000
v 0.19185 1.61103 0.06333
v 0.19562 1.61503 0.06667
v 0.19953 1.61919 0.07000
v 0.17793 1.56891 0.05000
v 0.18084 1.57494 0.05333
v 0.18453 1.58259 0.05667
v 0.18826 1.59030 0.06000
v 0.19198 1.59801 0.06333
v 0.19571 1.60575 0.06667
v 0.19959 1.61378 0.07000
v 0.17850 1.54550 0.05000
v 0.18135 1.55406 0.05333
v 0.18497 1.56490 0.05667
v 0.18861 1.57583 0.06000
v 0.19225 1.58675 0.06333
v 0.19590 1.59771 0.06667
v 0.19970 1.60910 0.07000
v 0.18494 1.70636 0.05000
v 0.19190 1.71129 0.05000
v 0.19990 1.71559 0.05000
v 0.20869 1.71708 0.05000
v 0.21732 1.71490 0.05000
v 0.22495 1.70996 0.05000
v 0.23150 1.70450 0.05000
v 0.18710 1.69761 0.05333
v 0.19331 1.70200 0.05333
v 0.20045 1.70585 0.05333
v 0.20829 1.70717 0.05333
v 0.21599 1.70523 0.05333
v 0.22280 1.70082 0.05333
v 0.22865 1.69594 0.05333
v 0.18983 1.68651 0.05667
v 0.19510 1.69023 0.05667
v 0.20115 1.69349 0.05667
v 0.20779 1.69461 0.05667
v 0.21431 1.69296 0.05667
v 0.22008 1.68923 0.05667
v 0.22503 1.68510 0.05667
v 0.19259 1.67533 0.06000
v 0.19690 1.67837 0.06000
v 0.20185 1.68104 0.06000
v 0.20728 1.68195 0.06000
v 0.21262 1.68061 0.06000
v 0.21734 1.67755 0.06000
v 0.22139 1.67417 0.06000
v 0.19535 1.66414 0.06333
v 0.19870 1.66651 0.06333
v 0.20255 1.66858 0.06333
v 0.20677 1.66930 0.06333
v 0.21093 1.66825 0.06333
v 0.21460 1.66588 0.06333
v 0.21775 1.66325 0.06333
v 0.19811 1.65293 0.06667
v 0.20050 1.65462 0.06667
v 0.20325 1.65610 0.06667
v 0.20626 1.65660 0.06667
v 0.20923 1.65586 0.06667
v 0.21185 1.65416 0.06667
v 0.21410 1.65229 0.06667
v 0.20099 1.64127 0.07000
v 0.20238 1.64226 0.07000
v 0.20398 1.64312 0.07000
v 0.20574 1.64342 0.07000
v 0.20746 1.64298 0.07000
v 0.20899 1.64199 0.07000
v 0.21030 1.64090 0.07000
v 0.19970 1.60910 0.07000
v 0.20101 1.60801 0.07000
v 0.20254 1.60702 0.07000
v 0.20426 1.60658 0.07000
v 0.20602 1.60688 0.07000
v 0.20762 1.60774 0.07000
v 0.20901 1.60873 0.07000
v 0.19590 1.59771 0.06667
v 0.19815 1.59584 0.06667
v 0.20077 1.59414 0.06667
v 0.20374 1.59340 0.06667
v 0.20675 1.59390 0.06667
v 0.20950 1.59538 0.06667
v 0.21189 1.59707 0.06667
v 0.19225 1.58675 0.06333
v 0.19540 1.58412 0.06333
v 0.19907 1.58175 0.06333
v 0.20323 1.58070 0.06333
v 0.20745 1.58142 0.06333
v 0.21130 1.58349 0.06333
v 0.21465 1.58586 0.06333
v 0.18861 1.57583 0.06000
v 0.19266 1.57245 0.06000
v 0.19738 1.56939 0.06000
v 0.20272 1.56805 0.06000
v 0.20815 1.56896 0.06000
v 0.21310 1.57163 0.06000
v 0.21741 1.57467 0.06000
v 0.18497 1.56490 0.05667
v 0.18992 1.56077 0.05667
v 0.19569 1.55704 0.05667
v 0.20221 1.55539 0.05667
v 0.20885 1.55651 0.05667
v 0.21490 1.55977 0.05667
v 0.22017 1.56349 0.05667
v 0.18135 1.55406 0.05333
v 0.18720 1.54918 0.05333
v 0.19401 1.54477 0.05333
v 0.20171 1.54283 0.05333
v 0.20955 1.54415 0.05333
v 0.21669 1.54800 0.05333
v 0.22290 1.55239 0.05333
v 0.17850 1.54550 0.05000
v 0.18505 1.54004 0.05000
v 0.19268 1.53510 0.05000
v 0.20131 1.53292 0.05000
v 0.21010 1.53441 0.05000
v 0.21810 1.53871 0.05000
v 0.22506 1.54364 0.05000
v 0.20099 1.64127 0.07000
v 0.20238 1.64226 0.07000
v 0.20398 1.64312 0.07000
v 0.20574 1.64342 0.07000
v 0.20746 1.64298 0.07000
v 0.20899 1.64199 0.07000
v 0.21030 1.64090 0.07000
v 0.20050 1.63662 0.07000
v 0.20232 1.63585 0.07000
v 0.20377 1.63682 0.07000
v 0.20549 1.63728 0.07000
v 0.20717 1.63668 0.07000
v 0.20853 1.63560 0.07000
v 0.21041 1.63622 0.07000
v 0.20002 1.63123 0.07000
v 0.20183 1.63101 0.07000
v 0.20366 1.63042 0.07000
v 0.20525 1.63114 0.07000
v 0.20677 1.63030 0.07000
v 0.20864 1.63074 0.07000
v 0.21047 1.63081 0.07000
v 0.19967 1.62521 0.07000
v 0.20145 1.62514 0.07000
v 0.20322 1.62507 0.07000
v 0.20500 1.62500 0.07000
v 0.20678 1.62493 0.07000
v 0.20855 1.62486 0.07000
v 0.21033 1.62479 0.07000
v 0.19953 1.61919 0.07000
v 0.20136 1.61926 0.07000
v 0.20323 1.61970 0.07000
v 0.20475 1.61886 0.07000
v 0.20634 1.61958 0.07000
v 0.20817 1.61899 0.07000
v 0.20998 1.61877 0.07000
v 0.19959 1.61378 0.07000
v 0.20147 1.61440 0.07000
v 0.20283 1.61332 0.07000
v 0.20451 1.61272 0.07000
v 0.20623 1.61318 0.07000
v 0.20768 1.61415 0.07000
v 0.20950 1.61338 0.07000
v 0.19970 1.60910 0.07000
v 0.20101 1.60801 0.07000
v 0.20254 1.60702 0.07000
v 0.20426 1.60658 0.07000
v 0.20602 1.60688 0.07000
v 0.20762 1.60774 0.07000
v 0.20901 1.60873 0.07000
v 0.23150 1.70450 0.05000
v 0.22495 1.70996 0.05000
v 0.21732 1.71490 0.05000
v 0.20869 1.71708 0.05000
v 0.19990 1.71559 0.05000
v 0.19190 1.71129 0.05000
v 0.18494 1.70636 0.05000
v 0.23207 1.68109 0.05000
v 0.22267 1.67800 0.05000
v 0.21586 1.68342 0.05000
v 0.20746 1.68638 0.05000
v 0.19885 1.68410 0.05000
v 0.19162 1.67924 0.05000
v 0.18250 1.68308 0.05000
v 0.23233 1.65404 0.05000
v 0.22319 1.65370 0.05000
v 0.21383 1.65150 0.05000
v 0.20623 1.65569 0.05000
v 0.19831 1.65212 0.05000
v 0.18917 1.65506 0.05000
v 0.18008 1.65613 0.05000
v 0.23165 1.62393 0.05000
v 0.22277 1.62429 0.05000
v 0.21388 1.62464 0.05000
v 0.20500 1.62500 0.05000
v 0.19612 1.62536 0.05000
v 0.18723 1.62571 0.05000
v 0.17835 1.62607 0.05000
v 0.22992 1.59387 0.05000
v 0.22083 1.59494 0.05000
v 0.21169 1.59788 0.05000
v 0.20377 1.59431 0.05000
v 0.19617 1.59850 0.05000
v 0.18681 1.59630 0.05000
v 0.17767 1.59596 0.05000
v 0.22750 1.56692 0.05000
v 0.21838 1.57076 0.05000
v 0.21115 1.56590 0.05000
v 0.20254 1.56362 0.05000
v 0.19414 1.56658 0.05000
v 0.18733 1.57200 0.05000
v 0.17793 1.56891 0.05000
v 0.22506 1.54364 0.05000
v 0.21810 1.53871 0.05000
v 0.21010 1.53441 0.05000
v 0.20131 1.53292 0.05000
v 0.19268 1.53510 0.05000
v 0.18505 1.54004 0.05000
v 0.17850 1.54550 0.05000
vn 0.96217 0.20902 0.17475
vn 0.97718 0.21229 0.00718
vn 0.97721 0.21229 0.00003
vn 0.97721 0.21229 -0.00003
vn 0.97718 0.21229 -0.00718
vn 0.96217 0.20902 -0.17475
vn 0.96217 -0.20902 0.17475
vn 0.97718 -0.21229 0.00718
vn 0.97721 -0.21229 0.00003
vn 0.97721 -0.21229 -0.00003
vn 0.97718 -0.21229 -0.00718
vn 0.96217 -0.20902 -0.17475
vn -0.96217 0.20902 -0.17475
vn -0.97718 0.21229 -0.00718
vn -0.97721 0.21229 -0.00003
vn -0.97721 0.21229 0.00003
vn -0.97718 0.21229 0.00718
vn -0.96217 0.20902 0.17475
vn -0.96217 -0.20902 -0.17475
vn -0.97718 -0.21229 -0.00718
vn -0.97721 -0.21229 -0.00003
vn -0.97721 -0.21229 0.00003
vn -0.97718 -0.21229 0.00718
vn -0.96217 -0.20902 0.17475
vn -0.14562 0.98117 -0.12688
vn -0.11248 0.98593 -0.12368
vn -0.04025 0.99194 -0.12011
vn 0.04025 0.99194 -0.12011
vn 0.11248 0.98593 -0.12368
vn 0.14562 0.98117 -0.12688
vn -0.14680 0.98915 -0.00517
vn -0.11335 0.99354 -0.00504
vn -0.04054 0.99917 -0.00489
vn 0.04054 0.99917 -0.00489
vn 0.11335 0.99354 -0.00504
vn 0.14680 0.98915 -0.00517
vn -0.14680 0.98917 -0.00002
vn -0.11335 0.99356 -0.00002
vn -0.04054 0.99918 -0.00002
vn 0.04054 0.99918 -0.00002
vn 0.11335 0.99356 -0.00002
vn 0.14680 0.98917 -0.00002
vn -0.14680 0.98917 0.00002
vn -0.11335 0.99356 0.00002
vn -0.04054 0.99918 0.00002
vn 0.04054 0.99918 0.00002
vn 0.11335 0.99356 0.00002
vn 0.14680 0.98917 0.00002
vn -0.14680 0.98915 0.00517
vn -0.11335 0.99354 0.00504
vn -0.04054 0.99917 0.00489
vn 0.04054 0.99917 0.00489
vn 0.11335 0.99354 0.00504
vn 0.14680 0.98915 0.00517
vn -0.14562 0.98117 0.12688
vn -0.11248 0.98593 0.12368
vn -0.04025 0.99194 0.12011
vn 0.04025 0.99194 0.12011
vn 0.11248 0.98593 0.12368
vn 0.14562 0.98117 0.12688
vn -0.14562 -0.98117 0.12688
vn -0.11248 -0.98593 0.12368
vn -0.04025 -0.99194 0.12011
vn 0.04025 -0.99194 0.12011
vn 0.11248 -0.98593 0.12368
vn 0.14562 -0.98117 0.12688
vn -0.14680 -0.98915 0.00517
vn -0.11335 -0.99354 0.00504
vn -0.04054 -0.99917 0.00489
vn 0.04054 -0.99917 0.00489
vn 0.11335 -0.99354 0.00504
vn 0.14680 -0.98915 0.00517
vn -0.14680 -0.98917 0.00002
vn -0.11335 -0.99356 0.00002
vn -0.04054 -0.99918 0.00002
vn 0.04054 -0.99918 0.00002
vn 0.11335 -0.99356 0.00002
vn 0.14680 -0.98917 0.00002
vn -0.14680 -0.98917 -0.00002
vn -0.11335 -0.99356 -0.00002
vn -0.04054 -0.99918 -0.00002
vn 0.04054 -0.99918 -0.00002
vn 0.11335 -0.99356 -0.00002
vn 0.14680 -0.98917 -0.00002
vn -0.14680 -0.98915 -0.00517
vn -0.11335 -0.99354 -0.00504
vn -0.04054 -0.99917 -0.00489
vn 0.04054 -0.99917 -0.00489
vn 0.11335 -0.99354 -0.00504
vn 0.14680 -0.98915 -0.00517
vn -0.14562 -0.98117 -0.12688
vn -0.11248 -0.98593 -0.12368
vn -0.04025 -0.99194 -0.12011
vn 0.04025 -0.99194 -0.12011
vn 0.11248 -0.98593 -0.12368
vn 0.14562 -0.98117 -0.12688
vn 0.00000 0.00000 1.00000
vn 0.00000 0.00000 -1.00000
vn 0.96962 0.18118 0.16437
vn 0.98296 0.18368 0.00674
vn 0.98299 0.18368 0.00003
vn 0.98299 0.18368 -0.00003
vn 0.98296 0.18368 -0.00674
vn 0.96962 0.18118 -0.16437
vn 0.98757 0.00000 0.15719
vn 0.99998 0.00000 0.00644
vn 1.00000 0.00000 0.00003
vn 1.00000 0.00000 -0.00003
vn 0.99998 0.00000 -0.00644
vn 0.98757 0.00000 -0.15719
vn 0.96962 -0.18118 0.16437
vn 0.98296 -0.18368 0.00674
vn 0.98299 -0.18368 0.00003
vn 0.98299 -0.18368 -0.00003
vn 0.98296 -0.18368 -0.00674
vn 0.96962 -0.18118 -0.16437
vn -0.96962 0.18118 -0.16437
vn -0.98296 0.18368 -0.00674
vn -0.98299 0.18368 -0.00003
vn -0.98299 0.18368 0.00003
vn -0.98296 0.18368 0.00674
vn -0.96962 0.18118 0.16437
vn -0.98757 0.00000 -0.15719
vn -0.99998 0.00000 -0.00644
vn -1.00000 0.00000 -0.00003
vn -1.00000 0.00000 0.00003
vn -0.99998 0.00000 0.00644
vn -0.98757 0.00000 0.15719
vn -0.96962 -0.18118 -0.16437
vn -0.98296 -0.18368 -0.00674
vn -0.98299 -0.18368 -0.00003
vn -0.98299 -0.18368 0.00003
vn -0.98296 -0.18368 0.00674
vn -0.96962 -0.18118 0.16437
vn -0.14739 0.97517 -0.16527
vn 0.14739 0.97517 -0.16527
vn -0.14944 0.98875 -0.00678
vn 0.14944 0.98875 -0.00678
vn -0.14944 0.98877 -0.00003
vn 0.14944 0.98877 -0.00003
vn -0.14944 0.98877 0.00003
vn 0.14944 0.98877 0.00003
vn -0.14944 0.98875 0.00678
vn 0.14944 0.98875 0.00678
vn -0.14739 0.97517 0.16527
vn 0.14739 0.97517 0.16527
vn -0.14739 -0.97517 0.16527
vn 0.14739 -0.97517 0.16527
vn -0.14944 -0.98875 0.00678
vn 0.14944 -0.98875 0.00678
vn -0.14944 -0.98877 0.00003
vn 0.14944 -0.98877 0.00003
vn -0.14944 -0.98877 -0.00003
vn 0.14944 -0.98877 -0.00003
vn -0.14944 -0.98875 -0.00678
vn 0.14944 -0.98875 -0.00678
vn -0.14739 -0.97517 -0.16527
vn 0.14739 -0.97517 -0.16527
vn 0.96945 0.16147 0.18464
vn 0.98638 0.16429 0.00760
vn 0.98641 0.16429 0.00003
vn 0.98641 0.16429 -0.00003
vn 0.98638 0.16429 -0.00760
vn 0.96945 0.16147 -0.18464
vn 0.96945 -0.16147 0.18464
vn 0.98638 -0.16429 0.00760
vn 0.98641 -0.16429 0.00003
vn 0.98641 -0.16429 -0.00003
vn 0.98638 -0.16429 -0.00760
vn 0.96945 -0.16147 -0.18464
vn -0.96945 0.16147 -0.18464
vn -0.98638 0.16429 -0.00760
vn -0.98641 0.16429 -0.00003
vn -0.98641 0.16429 0.00003
vn -0.98638 0.16429 0.00760
vn -0.96945 0.16147 0.18464
vn -0.96945 -0.16147 -0.18464
vn -0.98638 -0.16429 -0.00760
vn -0.98641 -0.16429 -0.00003
vn -0.98641 -0.16429 0.00003
vn -0.98638 -0.16429 0.00760
vn -0.96945 -0.16147 0.18464
vn -0.18725 0.96730 -0.17109
vn -0.14511 0.97517 -0.16732
vn -0.05214 0.98522 -0.16317
vn 0.05214 0.98522 -0.16317
vn 0.14511 0.97517 -0.16732
vn 0.18725 0.96730 -0.17109
vn -0.19005 0.98175 -0.00702
vn -0.14718 0.98909 -0.00686
vn -0.05285 0.99858 -0.00669
vn 0.05285 0.99858 -0.00669
vn 0.14718 0.98909 -0.00686
vn 0.19005 0.98175 -0.00702
vn -0.19005 0.98177 -0.00003
vn -0.14718 0.98911 -0.00003
vn -0.05285 0.99860 -0.00003
vn 0.05285 0.99860 -0.00003
vn 0.14718 0.98911 -0.00003
vn 0.19005 0.98177 -0.00003
vn -0.19005 0.98177 0.00003
vn -0.14718 0.98911 0.00003
vn -0.05285 0.99860 0.00003
vn 0.05285 0.99860 0.00003
vn 0.14718 0.98911 0.00003
vn 0.19005 0.98177 0.00003
vn -0.19005 0.98175 0.00702
vn -0.14718 0.98909 0.00686
vn -0.05285 0.99858 0.00669
vn 0.05285 0.99858 0.00669
vn 0.14718 0.98909 0.00686
vn 0.19005 0.98175 0.00702
vn -0.18725 0.96730 0.17109
vn -0.14511 0.97517 0.16732
vn -0.05214 0.98522 0.16317
vn 0.05214 0.98522 0.16317
vn 0.14511 0.97517 0.16732
vn 0.18725 0.96730 0.17109
vn -0.18725 -0.96730 0.17109
vn -0.14511 -0.97517 0.16732
vn -0.05214 -0.98522 0.16317
vn 0.05214 -0.98522 0.16317
vn 0.14511 -0.97517 0.16732
vn 0.18725 -0.96730 0.17109
vn -0.19005 -0.98175 0.00702
vn -0.14718 -0.98909 0.00686
vn -0.05285 -0.99858 0.00669
vn 0.05285 -0.99858 0.00669
vn 0.14718 -0.98909 0.00686
vn 0.19005 -0.98175 0.00702
vn -0.19005 -0.98177 0.00003
vn -0.14718 -0.98911 0.00003
vn -0.05285 -0.99860 0.00003
vn 0.05285 -0.99860 0.00003
vn 0.14718 -0.98911 0.00003
vn 0.19005 -0.98177 0.00003
vn -0.19005 -0.98177 -0.00003
vn -0.14718 -0.98911 -0.00003
vn -0.05285 -0.99860 -0.00003
vn 0.05285 -0.99860 -0.00003
vn 0.14718 -0.98911 -0.00003
vn 0.19005 -0.98177 -0.00003
vn -0.19005 -0.98175 -0.00702
vn -0.14718 -0.98909 -0.00686
vn -0.05285 -0.99858 -0.00669
vn 0.05285 -0.99858 -0.00669
vn 0.14718 -0.98909 -0.00686
vn 0.19005 -0.98175 -0.00702
vn -0.18725 -0.96730 -0.17109
vn -0.14511 -0.97517 -0.16732
vn -0.05214 -0.98522 -0.16317
vn 0.05214 -0.98522 -0.16317
vn 0.14511 -0.97517 -0.16732
vn 0.18725 -0.96730 -0.17109
vn 0.82324 0.49089 0.28514
vn 0.85883 0.51212 0.01203
vn 0.85889 0.51215 0.00005
vn 0.85889 0.51215 -0.00005
vn 0.85883 0.51212 -0.01203
vn 0.82324 0.49089 -0.28514
vn 0.86940 0.39850 0.29213
vn 0.90898 0.41665 0.01235
vn 0.90905 0.41668 0.00005
vn 0.90905 0.41668 -0.00005
vn 0.90898 0.41665 -0.01235
vn 0.86940 0.39850 -0.29213
vn 0.93999 0.15324 0.30487
vn 0.98689 0.16088 0.01295
vn 0.98697 0.16089 0.00005
vn 0.98697 0.16090 0.00005
vn 0.98697 0.16090 -0.00005
vn 0.98697 0.16089 -0.00005
vn 0.98689 0.16088 -0.01295
vn 0.93999 0.15324 -0.30487
vn 0.93999 -0.15324 0.30487
vn 0.98689 -0.16088 0.01295
vn 0.98697 -0.16089 0.00005
vn 0.98697 -0.16090 0.00005
vn 0.98697 -0.16090 -0.00005
vn 0.98697 -0.16089 -0.00005
vn 0.98689 -0.16088 -0.01295
vn 0.93999 -0.15324 -0.30487
vn 0.86940 -0.39850 0.29213
vn 0.90898 -0.41665 0.01235
vn 0.90905 -0.41668 0.00005
vn 0.90905 -0.41668 -0.00005
vn 0.90898 -0.41665 -0.01235
vn 0.86940 -0.39850 -0.29213
vn 0.82324 -0.49089 0.28514
vn 0.85883 -0.51212 0.01203
vn 0.85889 -0.51215 0.00005
vn 0.85889 -0.51215 -0.00005
vn 0.85883 -0.51212 -0.01203
vn 0.82324 -0.49089 -0.28514
vn -0.82324 0.49089 -0.28514
vn -0.85883 0.51212 -0.01203
vn -0.85889 0.51215 -0.00005
vn -0.85889 0.51215 0.00005
vn -0.85883 0.51212 0.01203
vn -0.82324 0.49089 0.28514
vn -0.86940 0.39850 -0.29213
vn -0.90898 0.41665 -0.01235
vn -0.90905 0.41668 -0.00005
vn -0.90905 0.41668 0.00005
vn -0.90898 0.41665 0.01235
vn -0.86940 0.39850 0.29213
vn -0.93999 0.15324 -0.30487
vn -0.98689 0.16088 -0.01295
vn -0.98697 0.16089 -0.00005
vn -0.98697 0.16090 -0.00005
vn -0.98697 0.16090 0.00005
vn -0.98697 0.16089 0.00005
vn -0.98689 0.16088 0.01295
vn -0.93999 0.15324 0.30487
vn -0.93999 -0.15324 -0.30487
vn -0.98689 -0.16088 -0.01295
vn -0.98697 -0.16089 -0.00005
vn -0.98697 -0.16090 -0.00005
vn -0.98697 -0.16090 0.00005
vn -0.98697 -0.16089 0.00005
vn -0.98689 -0.16088 0.01295
vn -0.93999 -0.15324 0.30487
vn -0.86940 -0.39850 -0.29213
vn -0.90898 -0.41665 -0.01235
vn -0.90905 -0.41668 -0.00005
vn -0.90905 -0.41668 0.00005
vn -0.90898 -0.41665 0.01235
vn -0.86940 -0.39850 0.29213
vn -0.82324 -0.49089 -0.28514
vn -0.85883 -0.51212 -0.01203
vn -0.85889 -0.51215 -0.00005
vn -0.85889 -0.51215 0.00005
vn -0.85883 -0.51212 0.01203
vn -0.82324 -0.49089 0.28514
vn -0.08215 0.98839 -0.12781
vn -0.06326 0.99024 -0.12422
vn -0.02255 0.99250 -0.12018
vn 0.02255 0.99250 -0.12018
vn 0.06326 0.99024 -0.12422
vn 0.08215 0.98839 -0.12781
vn -0.08282 0.99655 -0.00521
vn -0.06376 0.99795 -0.00506
vn -0.02272 0.99973 -0.00490
vn 0.02272 0.99973 -0.00490
vn 0.06376 0.99795 -0.00506
vn 0.08282 0.99655 -0.00521
vn -0.08282 0.99656 -0.00002
vn -0.06376 0.99797 -0.00002
vn -0.02272 0.99974 -0.00002
vn 0.02272 0.99974 -0.00002
vn 0.06376 0.99797 -0.00002
vn 0.08282 0.99656 -0.00002
vn -0.08282 0.99656 0.00002
vn -0.06376 0.99797 0.00002
vn -0.02272 0.99974 0.00002
vn 0.02272 0.99974 0.00002
vn 0.06376 0.99797 0.00002
vn 0.08282 0.99656 0.00002
vn -0.08282 0.99655 0.00521
vn -0.06376 0.99795 0.00506
vn -0.02272 0.99973 0.00490
vn 0.02272 0.99973 0.00490
vn 0.06376 0.99795 0.00506
vn 0.08282 0.99655 0.00521
vn -0.08215 0.98839 0.12781
vn -0.06326 0.99024 0.12422
vn -0.02255 0.99250 0.12018
vn 0.02255 0.99250 0.12018
vn 0.06326 0.99024 0.12422
vn 0.08215 0.98839 0.12781
vn -0.08215 -0.98839 0.12781
vn -0.06326 -0.99024 0.12422
vn -0.02255 -0.99250 0.12018
vn 0.02255 -0.99250 0.12018
vn 0.06326 -0.99024 0.12422
vn 0.08215 -0.98839 0.12781
vn -0.08282 -0.99655 0.00521
vn -0.06376 -0.99795 0.00506
vn -0.02272 -0.99973 0.00490
vn 0.02272 -0.99973 0.00490
vn 0.06376 -0.99795 0.00506
vn 0.08282 -0.99655 0.00521
vn -0.08282 -0.99656 0.00002
vn -0.06376 -0.99797 0.00002
vn -0.02272 -0.99974 0.00002
vn 0.02272 -0.99974 0.00002
vn 0.06376 -0.99797 0.00002
vn 0.08282 -0.99656 0.00002
vn -0.08282 -0.99656 -0.00002
vn -0.06376 -0.99797 -0.00002
vn -0.02272 -0.99974 -0.00002
vn 0.02272 -0.99974 -0.00002
vn 0.06376 -0.99797 -0.00002
vn 0.08282 -0.99656 -0.00002
vn -0.08282 -0.99655 -0.00521
vn -0.06376 -0.99795 -0.00506
vn -0.02272 -0.99973 -0.00490
vn 0.02272 -0.99973 -0.00490
vn 0.06376 -0.99795 -0.00506
vn 0.08282 -0.99655 -0.00521
vn -0.08215 -0.98839 -0.12781
vn -0.06326 -0.99024 -0.12422
vn -0.02255 -0.99250 -0.12018
vn 0.02255 -0.99250 -0.12018
vn 0.06326 -0.99024 -0.12422
vn 0.08215 -0.98839 -0.12781
vn 0.95329 0.25769 0.15756
vn 0.96533 0.26095 0.00645
vn 0.96535 0.26095 0.00003
vn 0.96535 0.26095 -0.00003
vn 0.96533 0.26095 -0.00645
vn 0.95329 0.25769 -0.15756
vn 0.96724 0.20099 0.15509
vn 0.97907 0.20344 0.00635
vn 0.97909 0.20345 0.00002
vn 0.97909 0.20345 0.00003
vn 0.97909 0.20345 -0.00002
vn 0.97909 0.20345 -0.00003
vn 0.97907 0.20344 -0.00635
vn 0.96724 0.20099 -0.15509
vn 0.98561 0.07284 0.15254
vn 0.99726 0.07370 0.00624
vn 0.99728 0.07370 0.00002
vn 0.99728 0.07370 -0.00002
vn 0.99726 0.07370 -0.00624
vn 0.98561 0.07284 -0.15254
vn 0.98561 -0.07284 0.15254
vn 0.99726 -0.07370 0.00624
vn 0.99728 -0.07370 0.00002
vn 0.99728 -0.07370 -0.00002
vn 0.99726 -0.07370 -0.00624
vn 0.98561 -0.07284 -0.15254
vn 0.96724 -0.20099 0.15509
vn 0.97907 -0.20344 0.00635
vn 0.97909 -0.20345 0.00003
vn 0.97909 -0.20345 0.00002
vn 0.97909 -0.20345 -0.00003
vn 0.97909 -0.20345 -0.00002
vn 0.97907 -0.20344 -0.00635
vn 0.96724 -0.20099 -0.15509
vn 0.95329 -0.25769 0.15756
vn 0.96533 -0.26095 0.00645
vn 0.96535 -0.26095 0.00003
vn 0.96535 -0.26095 -0.00003
vn 0.96533 -0.26095 -0.00645
vn 0.95329 -0.25769 -0.15756
vn -0.95329 0.25769 -0.15756
vn -0.96533 0.26095 -0.00645
vn -0.96535 0.26095 -0.00003
vn -0.96535 0.26095 0.00003
vn -0.96533 0.26095 0.00645
vn -0.95329 0.25769 0.15756
vn -0.96724 0.20099 -0.15509
vn -0.97907 0.20344 -0.00635
vn -0.97909 0.20345 -0.00002
vn -0.97909 0.20345 -0.00003
vn -0.97909 0.20345 0.00002
vn -0.97909 0.20345 0.00003
vn -0.97907 0.20344 0.00635
vn -0.96724 0.20099 0.15509
vn -0.98561 0.07284 -0.15254
vn -0.99726 0.07370 -0.00624
vn -0.99728 0.07370 -0.00002
vn -0.99728 0.07370 0.00002
vn -0.99726 0.07370 0.00624
vn -0.98561 0.07284 0.15254
vn -0.98561 -0.07284 -0.15254
vn -0.99726 -0.07370 -0.00624
vn -0.99728 -0.07370 -0.00002
vn -0.99728 -0.07370 0.00002
vn -0.99726 -0.07370 0.00624
vn -0.98561 -0.07284 0.15254
vn -0.96724 -0.20099 -0.15509
vn -0.97907 -0.20344 -0.00635
vn -0.97909 -0.20345 -0.00003
vn -0.97909 -0.20345 -0.00002
vn -0.97909 -0.20345 0.00003
vn -0.97909 -0.20345 0.00002
vn -0.97907 -0.20344 0.00635
vn -0.96724 -0.20099 0.15509
vn -0.95329 -0.25769 -0.15756
vn -0.96533 -0.26095 -0.00645
vn -0.96535 -0.26095 -0.00003
vn -0.96535 -0.26095 0.00003
vn -0.96533 -0.26095 0.00645
vn -0.95329 -0.25769 0.15756
vn -0.17873 0.97491 -0.13270
vn -0.13837 0.98186 -0.12965
vn -0.04966 0.99075 -0.12628
vn 0.04966 0.99075 -0.12628
vn 0.13837 0.98186 -0.12965
vn 0.17873 0.97491 -0.13270
vn -0.18032 0.98359 -0.00541
vn -0.13954 0.99020 -0.00529
vn -0.05006 0.99873 -0.00515
vn 0.05006 0.99873 -0.00515
vn 0.13954 0.99020 -0.00529
vn 0.18032 0.98359 -0.00541
vn -0.18033 0.98361 -0.00002
vn -0.13955 0.99022 -0.00002
vn -0.05006 0.99875 -0.00002
vn 0.05006 0.99875 -0.00002
vn 0.13955 0.99022 -0.00002
vn 0.18033 0.98361 -0.00002
vn -0.18033 0.98361 0.00002
vn -0.13955 0.99022 0.00002
vn -0.05006 0.99875 0.00002
vn 0.05006 0.99875 0.00002
vn 0.13955 0.99022 0.00002
vn 0.18033 0.98361 0.00002
vn -0.18032 0.98359 0.00541
vn -0.13954 0.99020 0.00529
vn -0.05006 0.99873 0.00515
vn 0.05006 0.99873 0.00515
vn 0.13954 0.99020 0.00529
vn 0.18032 0.98359 0.00541
vn -0.17873 0.97491 0.13270
vn -0.13837 0.98186 0.12965
vn -0.04966 0.99075 0.12628
vn 0.04966 0.99075 0.12628
vn 0.13837 0.98186 0.12965
vn 0.17873 0.97491 0.13270
vn -0.17873 -0.97491 0.13270
vn -0.13837 -0.98186 0.12965
vn -0.04966 -0.99075 0.12628
vn 0.04966 -0.99075 0.12628
vn 0.13837 -0.98186 0.12965
vn 0.17873 -0.97491 0.13270
vn -0.18032 -0.98359 0.00541
vn -0.13954 -0.99020 0.00529
vn -0.05006 -0.99873 0.00515
vn 0.05006 -0.99873 0.00515
vn 0.13954 -0.99020 0.00529
vn 0.18032 -0.98359 0.00541
vn -0.18033 -0.98361 0.00002
vn -0.13955 -0.99022 0.00002
vn -0.05006 -0.99875 0.00002
vn 0.05006 -0.99875 0.00002
vn 0.13955 -0.99022 0.00002
vn 0.18033 -0.98361 0.00002
vn -0.18033 -0.98361 -0.00002
vn -0.13955 -0.99022 -0.00002
vn -0.05006 -0.99875 -0.00002
vn 0.05006 -0.99875 -0.00002
vn 0.13955 -0.99022 -0.00002
vn 0.18033 -0.98361 -0.00002
vn -0.18032 -0.98359 -0.00541
vn -0.13954 -0.99020 -0.00529
vn -0.05006 -0.99873 -0.00515
vn 0.05006 -0.99873 -0.00515
vn 0.13954 -0.99020 -0.00529
vn 0.18032 -0.98359 -0.00541
vn -0.17873 -0.97491 -0.13270
vn -0.13837 -0.98186 -0.12965
vn -0.04966 -0.99075 -0.12628
vn 0.04966 -0.99075 -0.12628
vn 0.13837 -0.98186 -0.12965
vn 0.17873 -0.97491 -0.13270
vn 0.97724 0.16893 0.12830
vn 0.98537 0.17033 0.00523
vn 0.98539 0.17033 0.00002
vn 0.98539 0.17033 -0.00002
vn 0.98537 0.17033 -0.00523
vn 0.97724 0.16893 -0.12830
vn 0.97724 -0.16893 0.12830
vn 0.98537 -0.17033 0.00523
vn 0.98539 -0.17033 0.00002
vn 0.98539 -0.17033 -0.00002
vn 0.98537 -0.17033 -0.00523
vn 0.97724 -0.16893 -0.12830
vn -0.97724 0.16893 -0.12830
vn -0.98537 0.17033 -0.00523
vn -0.98539 0.17033 -0.00002
vn -0.98539 0.17033 0.00002
vn -0.98537 0.17033 0.00523
vn -0.97724 0.16893 0.12830
vn -0.97724 -0.16893 -0.12830
vn -0.98537 -0.17033 -0.00523
vn -0.98539 -0.17033 -0.00002
vn -0.98539 -0.17033 0.00002
vn -0.98537 -0.17033 0.00523
vn -0.97724 -0.16893 0.12830
vn -0.11975 0.98685 -0.10855
vn 0.11975 0.98685 -0.10855
vn -0.12046 0.99271 -0.00442
vn 0.12046 0.99271 -0.00442
vn -0.12046 0.99272 -0.00002
vn 0.12046 0.99272 -0.00002
vn -0.12046 0.99272 0.00002
vn 0.12046 0.99272 0.00002
vn -0.12046 0.99271 0.00442
vn 0.12046 0.99271 0.00442
vn -0.11975 0.98685 0.10855
vn 0.11975 0.98685 0.10855
vn -0.11975 -0.98685 0.10855
vn 0.11975 -0.98685 0.10855
vn -0.12046 -0.99271 0.00442
vn 0.12046 -0.99271 0.00442
vn -0.12046 -0.99272 0.00002
vn 0.12046 -0.99272 0.00002
vn -0.12046 -0.99272 -0.00002
vn 0.12046 -0.99272 -0.00002
vn -0.12046 -0.99271 -0.00442
vn 0.12046 -0.99271 -0.00442
vn -0.11975 -0.98685 -0.10855
vn 0.11975 -0.98685 -0.10855
vn 0.89951 0.41050 0.14955
vn 0.90973 0.41516 0.00612
vn 0.90974 0.41517 0.00002
vn 0.90974 0.41517 -0.00002
vn 0.90973 0.41516 -0.00612
vn 0.89951 0.41050 -0.14955
vn 0.93288 0.32726 0.15046
vn 0.94360 0.33102 0.00616
vn 0.94362 0.33103 0.00002
vn 0.94362 0.33103 -0.00002
vn 0.94360 0.33102 -0.00616
vn 0.93288 0.32726 -0.15046
vn 0.98067 0.12235 0.15267
vn 0.99229 0.12380 0.00625
vn 0.99231 0.12380 0.00002
vn 0.99231 0.12380 -0.00002
vn 0.99229 0.12380 -0.00625
vn 0.98067 0.12235 -0.15267
vn 0.98067 -0.12235 0.15267
vn 0.99229 -0.12380 0.00625
vn 0.99231 -0.12380 0.00002
vn 0.99231 -0.12380 -0.00002
vn 0.99229 -0.12380 -0.00625
vn 0.98067 -0.12235 -0.15267
vn 0.93288 -0.32726 0.15046
vn 0.94360 -0.33102 0.00616
vn 0.94362 -0.33103 0.00002
vn 0.94362 -0.33103 -0.00002
vn 0.94360 -0.33102 -0.00616
vn 0.93288 -0.32726 -0.15046
vn 0.89951 -0.41050 0.14955
vn 0.90973 -0.41516 0.00612
vn 0.90974 -0.41517 0.00002
vn 0.90974 -0.41517 -0.00002
vn 0.90973 -0.41516 -0.00612
vn 0.89951 -0.41050 -0.14955
vn -0.89951 0.41050 -0.14955
vn -0.90973 0.41516 -0.00612
vn -0.90974 0.41517 -0.00002
vn -0.90974 0.41517 0.00002
vn -0.90973 0.41516 0.00612
vn -0.89951 0.41050 0.14955
vn -0.93288 0.32726 -0.15046
vn -0.94360 0.33102 -0.00616
vn -0.94362 0.33103 -0.00002
vn -0.94362 0.33103 0.00002
vn -0.94360 0.33102 0.00616
vn -0.93288 0.32726 0.15046
vn -0.98067 0.12235 -0.15267
vn -0.99229 0.12380 -0.00625
vn -0.99231 0.12380 -0.00002
vn -0.99231 0.12380 0.00002
vn -0.99229 0.12380 0.00625
vn -0.98067 0.12235 0.15267
vn -0.98067 -0.12235 -0.15267
vn -0.99229 -0.12380 -0.00625
vn -0.99231 -0.12380 -0.00002
vn -0.99231 -0.12380 0.00002
vn -0.99229 -0.12380 0.00625
vn -0.98067 -0.12235 0.15267
vn -0.93288 -0.32726 -0.15046
vn -0.94360 -0.33102 -0.00616
vn -0.94362 -0.33103 -0.00002
vn -0.94362 -0.33103 0.00002
vn -0.94360 -0.33102 0.00616
vn -0.93288 -0.32726 0.15046
vn -0.89951 -0.41050 -0.14955
vn -0.90973 -0.41516 -0.00612
vn -0.90974 -0.41517 -0.00002
vn -0.90974 -0.41517 0.00002
vn -0.90973 -0.41516 0.00612
vn -0.89951 -0.41050 0.14955
vn -0.10761 0.99094 -0.08037
vn -0.08293 0.99349 -0.07816
vn -0.02959 0.99669 -0.07569
vn 0.02959 0.99669 -0.07569
vn 0.08293 0.99349 -0.07816
vn 0.10761 0.99094 -0.08037
vn -0.10796 0.99415 -0.00326
vn -0.08319 0.99653 -0.00317
vn -0.02967 0.99955 -0.00307
vn 0.02967 0.99955 -0.00307
vn 0.08319 0.99653 -0.00317
vn 0.10796 0.99415 -0.00326
vn -0.10796 0.99416 -0.00001
vn -0.08319 0.99653 -0.00001
vn -0.02967 0.99956 -0.00001
vn 0.02967 0.99956 -0.00001
vn 0.08319 0.99653 -0.00001
vn 0.10796 0.99416 -0.00001
vn -0.10796 0.99416 0.00001
vn -0.08319 0.99653 0.00001
vn -0.02967 0.99956 0.00001
vn 0.02967 0.99956 0.00001
vn 0.08319 0.99653 0.00001
vn 0.10796 0.99416 0.00001
vn -0.10796 0.99415 0.00326
vn -0.08319 0.99653 0.00317
vn -0.02967 0.99955 0.00307
vn 0.02967 0.99955 0.00307
vn 0.08319 0.99653 0.00317
vn 0.10796 0.99415 0.00326
vn -0.10761 0.99094 0.08037
vn -0.08293 0.99349 0.07816
vn -0.02959 0.99669 0.07569
vn 0.02959 0.99669 0.07569
vn 0.08293 0.99349 0.07816
vn 0.10761 0.99094 0.08037
vn -0.10761 -0.99094 0.08037
vn -0.08293 -0.99349 0.07816
vn -0.02959 -0.99669 0.07569
vn 0.02959 -0.99669 0.07569
vn 0.08293 -0.99349 0.07816
vn 0.10761 -0.99094 0.08037
vn -0.10796 -0.99415 0.00326
vn -0.08319 -0.99653 0.00317
vn -0.02967 -0.99955 0.00307
vn 0.02967 -0.99955 0.00307
vn 0.08319 -0.99653 0.00317
vn 0.10796 -0.99415 0.00326
vn -0.10796 -0.99416 0.00001
vn -0.08319 -0.99653 0.00001
vn -0.02967 -0.99956 0.00001
vn 0.02967 -0.99956 0.00001
vn 0.08319 -0.99653 0.00001
vn 0.10796 -0.99416 0.00001
vn -0.10796 -0.99416 -0.00001
vn -0.08319 -0.99653 -0.00001
vn -0.02967 -0.99956 -0.00001
vn 0.02967 -0.99956 -0.00001
vn 0.08319 -0.99653 -0.00001
vn 0.10796 -0.99416 -0.00001
vn -0.10796 -0.99415 -0.00326
vn -0.08319 -0.99653 -0.00317
vn -0.02967 -0.99955 -0.00307
vn 0.02967 -0.99955 -0.00307
vn 0.08319 -0.99653 -0.00317
vn 0.10796 -0.99415 -0.00326
vn -0.10761 -0.99094 -0.08037
vn -0.08293 -0.99349 -0.07816
vn -0.02959 -0.99669 -0.07569
vn 0.02959 -0.99669 -0.07569
vn 0.08293 -0.99349 -0.07816
vn 0.10761 -0.99094 -0.08037
vn 0.89806 0.27048 0.34688
vn 0.95741 0.28836 0.01496
vn 0.95751 0.28839 0.00006
vn 0.95751 0.28839 -0.00006
vn 0.95741 0.28836 -0.01496
vn 0.89806 0.27048 -0.34688
vn 0.91516 0.21188 0.34292
vn 0.97412 0.22553 0.01476
vn 0.97423 0.22555 0.00006
vn 0.97423 0.22555 -0.00006
vn 0.97412 0.22553 -0.01476
vn 0.91516 0.21188 -0.34292
vn 0.93758 0.07720 0.33910
vn 0.99652 0.08205 0.01458
vn 0.99663 0.08206 0.00006
vn 0.99663 0.08206 -0.00006
vn 0.99652 0.08205 -0.01458
vn 0.93758 0.07720 -0.33910
vn 0.93758 -0.07720 0.33910
vn 0.99652 -0.08205 0.01458
vn 0.99663 -0.08206 0.00006
vn 0.99663 -0.08206 -0.00006
vn 0.99652 -0.08205 -0.01458
vn 0.93758 -0.07720 -0.33910
vn 0.91516 -0.21188 0.34292
vn 0.97412 -0.22553 0.01476
vn 0.97423 -0.22555 0.00006
vn 0.97423 -0.22555 -0.00006
vn 0.97412 -0.22553 -0.01476
vn 0.91516 -0.21188 -0.34292
vn 0.89806 -0.27048 0.34688
vn 0.95741 -0.28836 0.01496
vn 0.95751 -0.28839 0.00006
vn 0.95751 -0.28839 -0.00006
vn 0.95741 -0.28836 -0.01496
vn 0.89806 -0.27048 -0.34688
vn -0.89806 0.27048 -0.34688
vn -0.95741 0.28836 -0.01496
vn -0.95751 0.28839 -0.00006
vn -0.95751 0.28839 0.00006
vn -0.95741 0.28836 0.01496
vn -0.89806 0.27048 0.34688
vn -0.91516 0.21188 -0.34292
vn -0.97412 0.22553 -0.01476
vn -0.97423 0.22555 -0.00006
vn -0.97423 0.22555 0.00006
vn -0.97412 0.22553 0.01476
vn -0.91516 0.21188 0.34292
vn -0.93758 0.07720 -0.33910
vn -0.99652 0.08205 -0.01458
vn -0.99663 0.08206 -0.00006
vn -0.99663 0.08206 0.00006
vn -0.99652 0.08205 0.01458
vn -0.93758 0.07720 0.33910
vn -0.93758 -0.07720 -0.33910
vn -0.99652 -0.08205 -0.01458
vn -0.99663 -0.08206 -0.00006
vn -0.99663 -0.08206 0.00006
vn -0.99652 -0.08205 0.01458
vn -0.93758 -0.07720 0.33910
vn -0.91516 -0.21188 -0.34292
vn -0.97412 -0.22553 -0.01476
vn -0.97423 -0.22555 -0.00006
vn -0.97423 -0.22555 0.00006
vn -0.97412 -0.22553 0.01476
vn -0.91516 -0.21188 0.34292
vn -0.89806 -0.27048 -0.34688
vn -0.95741 -0.28836 -0.01496
vn -0.95751 -0.28839 -0.00006
vn -0.95751 -0.28839 0.00006
vn -0.95741 -0.28836 0.01496
vn -0.89806 -0.27048 0.34688
vn -0.15628 0.94977 -0.27115
vn -0.12100 0.95664 -0.26495
vn -0.04342 0.96516 -0.25801
vn 0.04342 0.96516 -0.25801
vn 0.12100 0.95664 -0.26495
vn 0.15628 0.94977 -0.27115
vn -0.16235 0.98667 -0.01139
vn -0.12548 0.99203 -0.01111
vn -0.04494 0.99893 -0.01080
vn 0.04494 0.99893 -0.01080
vn 0.12548 0.99203 -0.01111
vn 0.16235 0.98667 -0.01139
vn -0.16236 0.98673 -0.00004
vn -0.12548 0.99210 -0.00004
vn -0.04494 0.99899 -0.00004
vn 0.04494 0.99899 -0.00004
vn 0.12548 0.99210 -0.00004
vn 0.16236 0.98673 -0.00004
vn -0.16236 0.98673 0.00004
vn -0.12548 0.99210 0.00004
vn -0.04494 0.99899 0.00004
vn 0.04494 0.99899 0.00004
vn 0.12548 0.99210 0.00004
vn 0.16236 0.98673 0.00004
vn -0.16235 0.98667 0.01139
vn -0.12548 0.99203 0.01111
vn -0.04494 0.99893 0.01080
vn 0.04494 0.99893 0.01080
vn 0.12548 0.99203 0.01111
vn 0.16235 0.98667 0.01139
vn -0.15628 0.94977 0.27115
vn -0.12100 0.95664 0.26495
vn -0.04342 0.96516 0.25801
vn 0.04342 0.96516 0.25801
vn 0.12100 0.95664 0.26495
vn 0.15628 0.94977 0.27115
vn -0.15628 -0.94977 0.27115
vn -0.12100 -0.95664 0.26495
vn -0.04342 -0.96516 0.25801
vn 0.04342 -0.96516 0.25801
vn 0.12100 -0.95664 0.26495
vn 0.15628 -0.94977 0.27115
vn -0.16235 -0.98667 0.01139
vn -0.12548 -0.99203 0.01111
vn -0.04494 -0.99893 0.01080
vn 0.04494 -0.99893 0.01080
vn 0.12548 -0.99203 0.01111
vn 0.16235 -0.98667 0.01139
vn -0.16236 -0.98673 0.00004
vn -0.12548 -0.99210 0.00004
vn -0.04494 -0.99899 0.00004
vn 0.04494 -0.99899 0.00004
vn 0.12548 -0.99210 0.00004
vn 0.16236 -0.98673 0.00004
vn -0.16236 -0.98673 -0.00004
vn -0.12548 -0.99210 -0.00004
vn -0.04494 -0.99899 -0.00004
vn 0.04494 -0.99899 -0.00004
vn 0.12548 -0.99210 -0.00004
vn 0.16236 -0.98673 -0.00004
vn -0.16235 -0.98667 -0.01139
vn -0.12548 -0.99203 -0.01111
vn -0.04494 -0.99893 -0.01080
vn 0.04494 -0.99893 -0.01080
vn 0.12548 -0.99203 -0.01111
vn 0.16235 -0.98667 -0.01139
vn -0.15628 -0.94977 -0.27115
vn -0.12100 -0.95664 -0.26495
vn -0.04342 -0.96516 -0.25801
vn 0.04342 -0.96516 -0.25801
vn 0.12100 -0.95664 -0.26495
vn 0.15628 -0.94977 -0.27115
vn 0.98272 0.18511 0.00000
vn 0.98968 0.14330 0.00000
vn 0.99868 0.05143 0.00000
vn 0.99868 -0.05143 0.00000
vn 0.98968 -0.14330 0.00000
vn 0.98272 -0.18511 0.00000
vn -0.98272 0.18511 0.00000
vn -0.98968 0.14330 0.00000
vn -0.99868 0.05143 0.00000
vn -0.99868 -0.05143 0.00000
vn -0.98968 -0.14330 0.00000
vn -0.98272 -0.18511 0.00000
vn -0.25443 0.96709 0.00000
vn -0.19822 0.98016 0.00000
vn -0.07174 0.99742 0.00000
vn 0.07174 0.99742 0.00000
vn 0.19822 0.98016 0.00000
vn 0.25443 0.96709 0.00000
vn -0.25443 -0.96709 0.00000
vn -0.19822 -0.98016 0.00000
vn -0.07174 -0.99742 0.00000
vn 0.07174 -0.99742 0.00000
vn 0.19822 -0.98016 0.00000
vn 0.25443 -0.96709 0.00000
vn 0.84179 0.52705 0.11663
vn 0.84757 0.53067 0.00475
vn 0.84758 0.53067 0.00002
vn 0.84758 0.53067 -0.00002
vn 0.84757 0.53067 -0.00475
vn 0.84179 0.52705 -0.11663
vn 0.89453 0.43053 0.12023
vn 0.90106 0.43367 0.00490
vn 0.90107 0.43367 0.00002
vn 0.90107 0.43367 -0.00002
vn 0.90106 0.43367 -0.00490
vn 0.89453 0.43053 -0.12023
vn 0.97770 0.16735 0.12684
vn 0.98565 0.16871 0.00517
vn 0.98566 0.16872 0.00002
vn 0.98566 0.16872 -0.00002
vn 0.98565 0.16871 -0.00517
vn 0.97770 0.16735 -0.12684
vn 0.97770 -0.16735 0.12684
vn 0.98565 -0.16871 0.00517
vn 0.98566 -0.16872 0.00002
vn 0.98566 -0.16872 -0.00002
vn 0.98565 -0.16871 -0.00517
vn 0.97770 -0.16735 -0.12684
vn 0.89453 -0.43053 0.12023
vn 0.90106 -0.43367 0.00490
vn 0.90107 -0.43367 0.00002
vn 0.90107 -0.43367 -0.00002
vn 0.90106 -0.43367 -0.00490
vn 0.89453 -0.43053 -0.12023
vn 0.84179 -0.52705 0.11663
vn 0.84757 -0.53067 0.00475
vn 0.84758 -0.53067 0.00002
vn 0.84758 -0.53067 -0.00002
vn 0.84757 -0.53067 -0.00475
vn 0.84179 -0.52705 -0.11663
vn -0.84179 0.52705 -0.11663
vn -0.84757 0.53067 -0.00475
vn -0.84758 0.53067 -0.00002
vn -0.84758 0.53067 0.00002
vn -0.84757 0.53067 0.00475
vn -0.84179 0.52705 0.11663
vn -0.89453 0.43053 -0.12023
vn -0.90106 0.43367 -0.00490
vn -0.90107 0.43367 -0.00002
vn -0.90107 0.43367 0.00002
vn -0.90106 0.43367 0.00490
vn -0.89453 0.43053 0.12023
vn -0.97770 0.16735 -0.12684
vn -0.98565 0.16871 -0.00517
vn -0.98566 0.16872 -0.00002
vn -0.98566 0.16872 0.00002
vn -0.98565 0.16871 0.00517
vn -0.97770 0.16735 0.12684
vn -0.97770 -0.16735 -0.12684
vn -0.98565 -0.16871 -0.00517
vn -0.98566 -0.16872 -0.00002
vn -0.98566 -0.16872 0.00002
vn -0.98565 -0.16871 0.00517
vn -0.97770 -0.16735 0.12684
vn -0.89453 -0.43053 -0.12023
vn -0.90106 -0.43367 -0.00490
vn -0.90107 -0.43367 -0.00002
vn -0.90107 -0.43367 0.00002
vn -0.90106 -0.43367 0.00490
vn -0.89453 -0.43053 0.12023
vn -0.84179 -0.52705 -0.11663
vn -0.84757 -0.53067 -0.00475
vn -0.84758 -0.53067 -0.00002
vn -0.84758 -0.53067 0.00002
vn -0.84757 -0.53067 0.00475
vn -0.84179 -0.52705 0.11663
vn -0.07881 0.99568 -0.04905
vn -0.06066 0.99702 -0.04765
vn -0.02161 0.99870 -0.04607
vn 0.02161 0.99870 -0.04607
vn 0.06066 0.99702 -0.04765
vn 0.07881 0.99568 -0.04905
vn -0.07891 0.99688 -0.00199
vn -0.06073 0.99815 -0.00193
vn -0.02163 0.99976 -0.00187
vn 0.02163 0.99976 -0.00187
vn 0.06073 0.99815 -0.00193
vn 0.07891 0.99688 -0.00199
vn -0.07891 0.99688 -0.00001
vn -0.06073 0.99815 -0.00001
vn -0.02163 0.99977 -0.00001
vn 0.02163 0.99977 -0.00001
vn 0.06073 0.99815 -0.00001
vn 0.07891 0.99688 -0.00001
vn -0.07891 0.99688 0.00001
vn -0.06073 0.99815 0.00001
vn -0.02163 0.99977 0.00001
vn 0.02163 0.99977 0.00001
vn 0.06073 0.99815 0.00001
vn 0.07891 0.99688 0.00001
vn -0.07891 0.99688 0.00199
vn -0.06073 0.99815 0.00193
vn -0.02163 0.99976 0.00187
vn 0.02163 0.99976 0.00187
vn 0.06073 0.99815 0.00193
vn 0.07891 0.99688 0.00199
vn -0.07881 0.99568 0.04905
vn -0.06066 0.99702 0.04765
vn -0.02161 0.99870 0.04607
vn 0.02161 0.99870 0.04607
vn 0.06066 0.99702 0.04765
vn 0.07881 0.99568 0.04905
vn -0.07881 -0.99568 0.04905
vn -0.06066 -0.99702 0.04765
vn -0.02161 -0.99870 0.04607
vn 0.02161 -0.99870 0.04607
vn 0.06066 -0.99702 0.04765
vn 0.07881 -0.99568 0.04905
vn -0.07891 -0.99688 0.00199
vn -0.06073 -0.99815 0.00193
vn -0.02163 -0.99976 0.00187
vn 0.02163 -0.99976 0.00187
vn 0.06073 -0.99815 0.00193
vn 0.07891 -0.99688 0.00199
vn -0.07891 -0.99688 0.00001
vn -0.06073 -0.99815 0.00001
vn -0.02163 -0.99977 0.00001
vn 0.02163 -0.99977 0.00001
vn 0.06073 -0.99815 0.00001
vn 0.07891 -0.99688 0.00001
vn -0.07891 -0.99688 -0.00001
vn -0.06073 -0.99815 -0.00001
vn -0.02163 -0.99977 -0.00001
vn 0.02163 -0.99977 -0.00001
vn 0.06073 -0.99815 -0.00001
vn 0.07891 -0.99688 -0.00001
vn -0.07891 -0.99688 -0.00199
vn -0.06073 -0.99815 -0.00193
vn -0.02163 -0.99976 -0.00187
vn 0.02163 -0.99976 -0.00187
vn 0.06073 -0.99815 -0.00193
vn 0.07891 -0.99688 -0.00199
vn -0.07881 -0.99568 -0.04905
vn -0.06066 -0.99702 -0.04765
vn -0.02161 -0.99870 -0.04607
vn 0.02161 -0.99870 -0.04607
vn 0.06066 -0.99702 -0.04765
vn 0.07881 -0.99568 -0.04905
vn 0.99464 0.00231 0.10338
vn 0.99995 0.00829 0.00470
vn 0.99996 0.00854 0.00053
vn 0.99996 0.00854 0.00050
vn 0.99995 0.00879 -0.00367
vn 0.99464 0.01467 -0.10236
vn 0.98882 -0.11375 0.09641
vn 0.99411 -0.10840 -0.00231
vn 0.99411 -0.10815 -0.00648
vn 0.99411 -0.10815 -0.00651
vn 0.99411 -0.10789 -0.01068
vn 0.98882 -0.10139 -0.10933
vn -0.98882 0.11375 -0.09641
vn -0.99411 0.10840 0.00231
vn -0.99411 0.10815 0.00648
vn -0.99411 0.10815 0.00651
vn -0.99411 0.10789 0.01068
vn -0.98882 0.10139 0.10933
vn -0.99464 -0.00231 -0.10338
vn -0.99995 -0.00829 -0.00470
vn -0.99996 -0.00854 -0.00053
vn -0.99996 -0.00854 -0.00050
vn -0.99995 -0.00879 0.00367
vn -0.99464 -0.01467 0.10236
vn -0.42544 0.88681 -0.18047
vn -0.33306 0.92507 -0.18253
vn -0.09604 0.97756 -0.18750
vn 0.19186 0.96318 -0.18837
vn 0.42249 0.88733 -0.18479
vn 0.51061 0.84005 -0.18327
vn -0.43750 0.89813 0.04423
vn -0.34287 0.93823 0.04645
vn -0.09908 0.99385 0.04943
vn 0.19792 0.97902 0.04854
vn 0.43493 0.89938 0.04411
vn 0.52508 0.85005 0.04134
vn -0.43752 0.89759 0.05388
vn -0.34288 0.93769 0.05629
vn -0.09908 0.99329 0.05963
vn 0.19793 0.97846 0.05874
vn 0.43495 0.89884 0.05396
vn 0.52510 0.84951 0.05099
vn -0.43752 0.89759 0.05396
vn -0.34288 0.93768 0.05637
vn -0.09908 0.99329 0.05971
vn 0.19793 0.97845 0.05882
vn 0.43495 0.89883 0.05403
vn 0.52510 0.84950 0.05107
vn -0.43750 0.89697 0.06360
vn -0.34287 0.93705 0.06620
vn -0.09908 0.99262 0.06990
vn 0.19792 0.97779 0.06901
vn 0.43493 0.89820 0.06387
vn 0.52508 0.84888 0.06072
vn -0.42544 0.85883 0.28533
vn -0.33306 0.89657 0.29196
vn -0.09604 0.94808 0.30318
vn 0.19186 0.93370 0.30232
vn 0.42249 0.85883 0.28969
vn 0.51061 0.81207 0.28252
vn -0.51061 -0.84005 0.18327
vn -0.42249 -0.88733 0.18479
vn -0.19186 -0.96318 0.18837
vn 0.09604 -0.97756 0.18750
vn 0.33306 -0.92507 0.18253
vn 0.42544 -0.88681 0.18047
vn -0.52508 -0.85005 -0.04134
vn -0.43493 -0.89938 -0.04411
vn -0.19792 -0.97902 -0.04854
vn 0.09908 -0.99385 -0.04943
vn 0.34287 -0.93823 -0.04645
vn 0.43750 -0.89813 -0.04423
vn -0.52510 -0.84951 -0.05099
vn -0.43495 -0.89884 -0.05396
vn -0.19793 -0.97846 -0.05874
vn 0.09908 -0.99329 -0.05963
vn 0.34288 -0.93769 -0.05629
vn 0.43752 -0.89759 -0.05388
vn -0.52510 -0.84950 -0.05107
vn -0.43495 -0.89883 -0.05403
vn -0.19793 -0.97845 -0.05882
vn 0.09908 -0.99329 -0.05971
vn 0.34288 -0.93768 -0.05637
vn 0.34288 -0.93769 -0.05637
vn 0.43752 -0.89759 -0.05396
vn -0.52508 -0.84888 -0.06072
vn -0.43493 -0.89820 -0.06387
vn -0.19792 -0.97779 -0.06901
vn 0.09908 -0.99262 -0.06990
vn 0.34287 -0.93705 -0.06620
vn 0.43750 -0.89697 -0.06360
vn -0.51061 -0.81207 -0.28252
vn -0.42249 -0.85883 -0.28969
vn -0.19186 -0.93370 -0.30232
vn 0.09604 -0.94808 -0.30318
vn 0.33306 -0.89657 -0.29196
vn 0.42544 -0.85883 -0.28533
vn 0.00000 -0.05996 0.99820
vn 0.00000 0.05996 -0.99820
vn 0.98882 0.10139 0.10933
vn 0.99411 0.10789 0.01068
vn 0.99411 0.10815 0.00651
vn 0.99411 0.10815 0.00648
vn 0.99411 0.10840 0.00231
vn 0.98882 0.11375 -0.09641
vn 0.99464 -0.01467 0.10236
vn 0.99995 -0.00879 0.00367
vn 0.99996 -0.00854 -0.00050
vn 0.99996 -0.00854 -0.00053
vn 0.99995 -0.00829 -0.00470
vn 0.99464 -0.00231 -0.10338
vn -0.99464 0.01467 -0.10236
vn -0.99995 0.00879 -0.00367
vn -0.99996 0.00854 0.00050
vn -0.99996 0.00854 0.00053
vn -0.99995 0.00829 0.00470
vn -0.99464 0.00231 0.10338
vn -0.98882 -0.10139 -0.10933
vn -0.99411 -0.10789 -0.01068
vn -0.99411 -0.10815 -0.00651
vn -0.99411 -0.10815 -0.00648
vn -0.99411 -0.10840 -0.00231
vn -0.98882 -0.11375 0.09641
vn -0.51061 0.84005 -0.18327
vn -0.42249 0.88733 -0.18479
vn -0.19186 0.96318 -0.18837
vn 0.09604 0.97756 -0.18750
vn 0.33306 0.92507 -0.18253
vn 0.42544 0.88681 -0.18047
vn -0.52508 0.85005 0.04134
vn -0.43493 0.89938 0.04411
vn -0.19792 0.97902 0.04854
vn 0.09908 0.99385 0.04943
vn 0.34287 0.93823 0.04645
vn 0.43750 0.89813 0.04423
vn -0.52510 0.84951 0.05099
vn -0.43495 0.89884 0.05396
vn -0.19793 0.97846 0.05874
vn 0.09908 0.99329 0.05963
vn 0.34288 0.93769 0.05629
vn 0.43752 0.89759 0.05388
vn -0.52510 0.84950 0.05107
vn -0.43495 0.89883 0.05403
vn -0.19793 0.97845 0.05882
vn 0.09908 0.99329 0.05971
vn 0.34288 0.93768 0.05637
vn 0.34288 0.93769 0.05637
vn 0.43752 0.89759 0.05396
vn -0.52508 0.84888 0.06072
vn -0.43493 0.89820 0.06387
vn -0.19792 0.97779 0.06901
vn 0.09908 0.99262 0.06990
vn 0.34287 0.93705 0.06620
vn 0.43750 0.89697 0.06360
vn -0.51061 0.81207 0.28252
vn -0.42249 0.85883 0.28969
vn -0.19186 0.93370 0.30232
vn 0.09604 0.94808 0.30318
vn 0.33306 0.89657 0.29196
vn 0.42544 0.85883 0.28533
vn -0.42544 -0.88681 0.18047
vn -0.33306 -0.92507 0.18253
vn -0.09604 -0.97756 0.18750
vn 0.19186 -0.96318 0.18837
vn 0.42249 -0.88733 0.18479
vn 0.51061 -0.84005 0.18327
vn -0.43750 -0.89813 -0.04423
vn -0.34287 -0.93823 -0.04645
vn -0.09908 -0.99385 -0.04943
vn 0.19792 -0.97902 -0.04854
vn 0.43493 -0.89938 -0.04411
vn 0.52508 -0.85005 -0.04134
vn -0.43752 -0.89759 -0.05388
vn -0.34288 -0.93769 -0.05629
vn -0.09908 -0.99329 -0.05963
vn 0.19793 -0.97846 -0.05874
vn 0.43495 -0.89884 -0.05396
vn 0.52510 -0.84951 -0.05099
vn -0.43752 -0.89759 -0.05396
vn -0.34288 -0.93768 -0.05637
vn -0.09908 -0.99329 -0.05971
vn 0.19793 -0.97845 -0.05882
vn 0.43495 -0.89883 -0.05403
vn 0.52510 -0.84950 -0.05107
vn -0.43750 -0.89697 -0.06360
vn -0.34287 -0.93705 -0.06620
vn -0.09908 -0.99262 -0.06990
vn 0.19792 -0.97779 -0.06901
vn 0.43493 -0.89820 -0.06387
vn 0.52508 -0.84888 -0.06072
vn -0.42544 -0.85883 -0.28533
vn -0.33306 -0.89657 -0.29196
vn -0.09604 -0.94808 -0.30318
vn 0.19186 -0.93370 -0.30232
vn 0.42249 -0.85883 -0.28969
vn 0.51061 -0.81207 -0.28252
vn 0.99455 0.02327 0.10159
vn 0.99988 0.01544 0.00297
vn 0.99989 0.01511 -0.00119
vn 0.99989 0.01511 -0.00123
vn 0.99988 0.01477 -0.00539
vn 0.99455 0.00678 -0.10400
vn 0.99186 -0.06620 0.10877
vn 0.99717 -0.07451 0.01018
vn 0.99718 -0.07484 0.00602
vn 0.99718 -0.07485 0.00598
vn 0.99717 -0.07518 0.00182
vn 0.99186 -0.08269 -0.09683
vn -0.99186 0.06620 -0.10877
vn -0.99717 0.07451 -0.01018
vn -0.99718 0.07484 -0.00602
vn -0.99718 0.07485 -0.00598
vn -0.99717 0.07518 -0.00182
vn -0.99186 0.08269 0.09683
vn -0.99455 -0.02327 -0.10159
vn -0.99988 -0.01544 -0.00297
vn -0.99989 -0.01511 0.00119
vn -0.99989 -0.01511 0.00123
vn -0.99988 -0.01477 0.00539
vn -0.99455 -0.00678 0.10400
vn -0.53425 0.77362 -0.34071
vn -0.43495 0.82689 -0.35647
vn -0.15393 0.91027 -0.38434
vn 0.20991 0.89938 -0.38347
vn 0.48530 0.79936 -0.35426
vn 0.58116 0.74025 -0.33804
vn -0.55610 0.82744 -0.07807
vn -0.55611 0.82744 -0.07807
vn -0.45434 0.88692 -0.08336
vn -0.16192 0.98251 -0.09201
vn 0.22079 0.97106 -0.09110
vn 0.50694 0.85816 -0.08106
vn 0.60494 0.79271 -0.07528
vn -0.55614 0.82842 -0.06646
vn -0.55614 0.82843 -0.06646
vn -0.45438 0.88796 -0.07124
vn -0.16193 0.98364 -0.07891
vn 0.22081 0.97219 -0.07799
vn 0.50697 0.85920 -0.06893
vn 0.60498 0.79369 -0.06368
vn -0.55614 0.82843 -0.06637
vn -0.45438 0.88797 -0.07114
vn -0.16193 0.98365 -0.07881
vn 0.22081 0.97220 -0.07789
vn 0.50697 0.85921 -0.06884
vn 0.60498 0.79370 -0.06359
vn -0.55611 0.82931 -0.05475
vn -0.55610 0.82931 -0.05475
vn -0.45434 0.88887 -0.05900
vn -0.16192 0.98462 -0.06569
vn 0.22079 0.97317 -0.06477
vn 0.50694 0.86012 -0.05670
vn 0.60494 0.79458 -0.05197
vn -0.53425 0.81802 0.21311
vn -0.43495 0.87312 0.22018
vn -0.15393 0.95987 0.23441
vn 0.20991 0.94899 0.23528
vn 0.48530 0.84559 0.22239
vn 0.48530 0.84559 0.22238
vn 0.58116 0.78466 0.21579
vn -0.58116 -0.74025 0.33804
vn -0.48530 -0.79936 0.35426
vn -0.20991 -0.89938 0.38347
vn 0.15393 -0.91027 0.38434
vn 0.43495 -0.82689 0.35647
vn 0.53425 -0.77362 0.34071
vn -0.60494 -0.79271 0.07528
vn -0.50694 -0.85816 0.08106
vn -0.22079 -0.97106 0.09110
vn 0.16192 -0.98251 0.09201
vn 0.45434 -0.88692 0.08336
vn 0.55610 -0.82744 0.07807
vn 0.55611 -0.82744 0.07807
vn -0.60498 -0.79369 0.06368
vn -0.50697 -0.85920 0.06893
vn -0.22081 -0.97219 0.07799
vn 0.16193 -0.98364 0.07891
vn 0.45438 -0.88796 0.07124
vn 0.55614 -0.82842 0.06646
vn 0.55614 -0.82843 0.06646
vn -0.60498 -0.79370 0.06359
vn -0.50697 -0.85921 0.06884
vn -0.22081 -0.97220 0.07789
vn 0.16193 -0.98365 0.07881
vn 0.45438 -0.88797 0.07114
vn 0.55614 -0.82843 0.06637
vn -0.60494 -0.79458 0.05197
vn -0.50694 -0.86012 0.05670
vn -0.22079 -0.97317 0.06477
vn 0.16192 -0.98462 0.06569
vn 0.45434 -0.88887 0.05900
vn 0.55611 -0.82931 0.05475
vn 0.55610 -0.82931 0.05475
vn -0.58116 -0.78466 -0.21579
vn -0.48530 -0.84559 -0.22238
vn -0.48530 -0.84559 -0.22239
vn -0.20991 -0.94899 -0.23528
vn 0.15393 -0.95987 -0.23441
vn 0.43495 -0.87312 -0.22018
vn 0.53425 -0.81802 -0.21311
vn 0.00000 0.07991 0.99680
vn 0.00000 -0.07991 -0.99680
vn 0.99186 0.08269 0.09683
vn 0.99717 0.07518 -0.00182
vn 0.99718 0.07485 -0.00598
vn 0.99718 0.07484 -0.00602
vn 0.99717 0.07451 -0.01018
vn 0.99186 0.06620 -0.10877
vn 0.99455 -0.00678 0.10400
vn 0.99988 -0.01477 0.00539
vn 0.99989 -0.01511 0.00123
vn 0.99989 -0.01511 0.00119
vn 0.99988 -0.01544 -0.00297
vn 0.99455 -0.02327 -0.10159
vn -0.99455 0.00678 -0.10400
vn -0.99988 0.01477 -0.00539
vn -0.99989 0.01511 -0.00123
vn -0.99989 0.01511 -0.00119
vn -0.99988 0.01544 0.00297
vn -0.99455 0.02327 0.10159
vn -0.99186 -0.08269 -0.09683
vn -0.99717 -0.07518 0.00182
vn -0.99718 -0.07485 0.00598
vn -0.99718 -0.07484 0.00602
vn -0.99717 -0.07451 0.01018
vn -0.99186 -0.06620 0.10877
vn -0.58116 0.74025 -0.33804
vn -0.48530 0.79936 -0.35426
vn -0.20991 0.89938 -0.38347
vn 0.15393 0.91027 -0.38434
vn 0.43495 0.82689 -0.35647
vn 0.53425 0.77362 -0.34071
vn -0.60494 0.79271 -0.07528
vn -0.50694 0.85816 -0.08106
vn -0.22079 0.97106 -0.09110
vn 0.16192 0.98251 -0.09201
vn 0.45434 0.88692 -0.08336
vn 0.55610 0.82744 -0.07807
vn 0.55611 0.82744 -0.07807
vn -0.60498 0.79369 -0.06368
vn -0.50697 0.85920 -0.06893
vn -0.22081 0.97219 -0.07799
vn 0.16193 0.98364 -0.07891
vn 0.45438 0.88796 -0.07124
vn 0.55614 0.82842 -0.06646
vn 0.55614 0.82843 -0.06646
vn -0.60498 0.79370 -0.06359
vn -0.50697 0.85921 -0.06884
vn -0.22081 0.97220 -0.07789
vn 0.16193 0.98365 -0.07881
vn 0.45438 0.88797 -0.07114
vn 0.55614 0.82843 -0.06637
vn -0.60494 0.79458 -0.05197
vn -0.50694 0.86012 -0.05670
vn -0.22079 0.97317 -0.06477
vn 0.16192 0.98462 -0.06569
vn 0.45434 0.88887 -0.05900
vn 0.55611 0.82931 -0.05475
vn 0.55610 0.82931 -0.05475
vn -0.58116 0.78466 0.21579
vn -0.48530 0.84559 0.22238
vn -0.48530 0.84559 0.22239
vn -0.20991 0.94899 0.23528
vn 0.15393 0.95987 0.23441
vn 0.43495 0.87312 0.22018
vn 0.53425 0.81802 0.21311
vn -0.53425 -0.77362 0.34071
vn -0.43495 -0.82689 0.35647
vn -0.15393 -0.91027 0.38434
vn 0.20991 -0.89938 0.38347
vn 0.48530 -0.79936 0.35426
vn 0.58116 -0.74025 0.33804
vn -0.55610 -0.82744 0.07807
vn -0.55611 -0.82744 0.07807
vn -0.45434 -0.88692 0.08336
vn -0.16192 -0.98251 0.09201
vn 0.22079 -0.97106 0.09110
vn 0.50694 -0.85816 0.08106
vn 0.60494 -0.79271 0.07528
vn -0.55614 -0.82842 0.06646
vn -0.55614 -0.82843 0.06646
vn -0.45438 -0.88796 0.07124
vn -0.16193 -0.98364 0.07891
vn 0.22081 -0.97219 0.07799
vn 0.50697 -0.85920 0.06893
vn 0.60498 -0.79369 0.06368
vn -0.55614 -0.82843 0.06637
vn -0.45438 -0.88797 0.07114
vn -0.16193 -0.98365 0.07881
vn 0.22081 -0.97220 0.07789
vn 0.50697 -0.85921 0.06884
vn 0.60498 -0.79370 0.06359
vn -0.55611 -0.82931 0.05475
vn -0.55610 -0.82931 0.05475
vn -0.45434 -0.88887 0.05900
vn -0.16192 -0.98462 0.06569
vn 0.22079 -0.97317 0.06477
vn 0.50694 -0.86012 0.05670
vn 0.60494 -0.79458 0.05197
vn -0.53425 -0.81802 -0.21311
vn -0.43495 -0.87312 -0.22018
vn -0.15393 -0.95987 -0.23441
vn 0.20991 -0.94899 -0.23528
vn 0.48530 -0.84559 -0.22239
vn 0.48530 -0.84559 -0.22238
vn 0.58116 -0.78466 -0.21579
vn 0.96368 0.14996 0.22099
vn 0.98807 0.15376 0.00916
vn 0.98811 0.15376 0.00004
vn 0.98811 0.15376 -0.00004
vn 0.98807 0.15376 -0.00916
vn 0.96368 0.14996 -0.22099
vn 0.96955 0.11598 0.21569
vn 0.99288 0.11877 0.00893
vn 0.99292 0.11877 0.00003
vn 0.99292 0.11877 0.00004
vn 0.99292 0.11877 -0.00003
vn 0.99292 0.11877 -0.00004
vn 0.99288 0.11877 -0.00893
vn 0.96955 0.11598 -0.21569
vn 0.97687 0.04156 0.20976
vn 0.99906 0.04250 0.00868
vn 0.99910 0.04250 0.00003
vn 0.99910 0.04250 -0.00003
vn 0.99906 0.04250 -0.00868
vn 0.97687 0.04156 -0.20976
vn 0.97687 -0.04156 0.20976
vn 0.99906 -0.04250 0.00868
vn 0.99910 -0.04250 0.00003
vn 0.99910 -0.04250 -0.00003
vn 0.99906 -0.04250 -0.00868
vn 0.97687 -0.04156 -0.20976
vn 0.96955 -0.11598 0.21569
vn 0.99288 -0.11877 0.00893
vn 0.99292 -0.11877 0.00004
vn 0.99292 -0.11877 0.00003
vn 0.99292 -0.11877 -0.00004
vn 0.99292 -0.11877 -0.00003
vn 0.99288 -0.11877 -0.00893
vn 0.96955 -0.11598 -0.21569
vn 0.96368 -0.14996 0.22099
vn 0.98807 -0.15376 0.00916
vn 0.98811 -0.15376 0.00004
vn 0.98811 -0.15376 -0.00004
vn 0.98807 -0.15376 -0.00916
vn 0.96368 -0.14996 -0.22099
vn -0.96368 0.14996 -0.22099
vn -0.98807 0.15376 -0.00916
vn -0.98811 0.15376 -0.00004
vn -0.98811 0.15376 0.00004
vn -0.98807 0.15376 0.00916
vn -0.96368 0.14996 0.22099
vn -0.96955 0.11598 -0.21569
vn -0.99288 0.11877 -0.00893
vn -0.99292 0.11877 -0.00003
vn -0.99292 0.11877 -0.00004
vn -0.99292 0.11877 0.00003
vn -0.99292 0.11877 0.00004
vn -0.99288 0.11877 0.00893
vn -0.96955 0.11598 0.21569
vn -0.97687 0.04156 -0.20976
vn -0.99906 0.04250 -0.00868
vn -0.99910 0.04250 -0.00003
vn -0.99910 0.04250 0.00003
vn -0.99906 0.04250 0.00868
vn -0.97687 0.04156 0.20976
vn -0.97687 -0.04156 -0.20976
vn -0.99906 -0.04250 -0.00868
vn -0.99910 -0.04250 -0.00003
vn -0.99910 -0.04250 0.00003
vn -0.99906 -0.04250 0.00868
vn -0.97687 -0.04156 0.20976
vn -0.96955 -0.11598 -0.21569
vn -0.99288 -0.11877 -0.00893
vn -0.99292 -0.11877 -0.00004
vn -0.99292 -0.11877 -0.00003
vn -0.99292 -0.11877 0.00004
vn -0.99292 -0.11877 0.00003
vn -0.99288 -0.11877 0.00893
vn -0.96955 -0.11598 0.21569
vn -0.96368 -0.14996 -0.22099
vn -0.98807 -0.15376 -0.00916
vn -0.98811 -0.15376 -0.00004
vn -0.98811 -0.15376 0.00004
vn -0.98807 -0.15376 0.00916
vn -0.96368 -0.14996 0.22099
vn -0.28963 0.90945 -0.29835
vn -0.22717 0.92799 -0.29533
vn -0.08294 0.95262 -0.29263
vn 0.08294 0.95262 -0.29263
vn 0.22717 0.92799 -0.29533
vn 0.28963 0.90945 -0.29835
vn -0.30342 0.95277 -0.01264
vn -0.23776 0.97124 -0.01250
vn -0.08673 0.99616 -0.01238
vn 0.08673 0.99616 -0.01238
vn 0.23776 0.97124 -0.01250
vn 0.30342 0.95277 -0.01264
vn -0.30345 0.95285 -0.00005
vn -0.23778 0.97132 -0.00005
vn -0.08674 0.99623 -0.00005
vn 0.08674 0.99623 -0.00005
vn 0.23778 0.97132 -0.00005
vn 0.30345 0.95285 -0.00005
vn -0.30345 0.95285 0.00005
vn -0.23778 0.97132 0.00005
vn -0.08674 0.99623 0.00005
vn 0.08674 0.99623 0.00005
vn 0.23778 0.97132 0.00005
vn 0.30345 0.95285 0.00005
vn -0.30342 0.95277 0.01264
vn -0.23776 0.97124 0.01250
vn -0.08673 0.99616 0.01238
vn 0.08673 0.99616 0.01238
vn 0.23776 0.97124 0.01250
vn 0.30342 0.95277 0.01264
vn -0.28963 0.90945 0.29835
vn -0.22717 0.92799 0.29533
vn -0.08294 0.95262 0.29263
vn 0.08294 0.95262 0.29263
vn 0.22717 0.92799 0.29533
vn 0.28963 0.90945 0.29835
vn -0.28963 -0.90945 0.29835
vn -0.22717 -0.92799 0.29533
vn -0.08294 -0.95262 0.29263
vn 0.08294 -0.95262 0.29263
vn 0.22717 -0.92799 0.29533
vn 0.28963 -0.90945 0.29835
vn -0.30342 -0.95277 0.01264
vn -0.23776 -0.97124 0.01250
vn -0.08673 -0.99616 0.01238
vn 0.08673 -0.99616 0.01238
vn 0.23776 -0.97124 0.01250
vn 0.30342 -0.95277 0.01264
vn -0.30345 -0.95285 0.00005
vn -0.23778 -0.97132 0.00005
vn -0.08674 -0.99623 0.00005
vn 0.08674 -0.99623 0.00005
vn 0.23778 -0.97132 0.00005
vn 0.30345 -0.95285 0.00005
vn -0.30345 -0.95285 -0.00005
vn -0.23778 -0.97132 -0.00005
vn -0.08674 -0.99623 -0.00005
vn 0.08674 -0.99623 -0.00005
vn 0.23778 -0.97132 -0.00005
vn 0.30345 -0.95285 -0.00005
vn -0.30342 -0.95277 -0.01264
vn -0.23776 -0.97124 -0.01250
vn -0.08673 -0.99616 -0.01238
vn 0.08673 -0.99616 -0.01238
vn 0.23776 -0.97124 -0.01250
vn 0.30342 -0.95277 -0.01264
vn -0.28963 -0.90945 -0.29835
vn -0.22717 -0.92799 -0.29533
vn -0.08294 -0.95262 -0.29263
vn 0.08294 -0.95262 -0.29263
vn 0.22717 -0.92799 -0.29533
vn 0.28963 -0.90945 -0.29835
vn 0.91308 0.35007 0.20915
vn 0.93369 0.35797 0.00865
vn 0.93373 0.35799 0.00003
vn 0.93373 0.35799 -0.00003
vn 0.93369 0.35797 -0.00865
vn 0.91308 0.35007 -0.20915
vn 0.93814 0.27648 0.20847
vn 0.95918 0.28268 0.00862
vn 0.95917 0.28268 0.00862
vn 0.95921 0.28269 0.00003
vn 0.95921 0.28269 -0.00003
vn 0.95917 0.28268 -0.00862
vn 0.95918 0.28268 -0.00862
vn 0.93814 0.27648 -0.20847
vn 0.97267 0.10195 0.20863
vn 0.99451 0.10424 0.00863
vn 0.99455 0.10424 0.00003
vn 0.99455 0.10424 -0.00003
vn 0.99451 0.10424 -0.00863
vn 0.97267 0.10195 -0.20863
vn 0.97267 -0.10195 0.20863
vn 0.99451 -0.10424 0.00863
vn 0.99455 -0.10424 0.00003
vn 0.99455 -0.10424 -0.00003
vn 0.99451 -0.10424 -0.00863
vn 0.97267 -0.10195 -0.20863
vn 0.93814 -0.27648 0.20847
vn 0.95918 -0.28268 0.00862
vn 0.95917 -0.28268 0.00862
vn 0.95921 -0.28269 0.00003
vn 0.95921 -0.28269 -0.00003
vn 0.95917 -0.28268 -0.00862
vn 0.95918 -0.28268 -0.00862
vn 0.93814 -0.27648 -0.20847
vn 0.91308 -0.35007 0.20915
vn 0.93369 -0.35797 0.00865
vn 0.93373 -0.35799 0.00003
vn 0.93373 -0.35799 -0.00003
vn 0.93369 -0.35797 -0.00865
vn 0.91308 -0.35007 -0.20915
vn -0.91308 0.35007 -0.20915
vn -0.93369 0.35797 -0.00865
vn -0.93373 0.35799 -0.00003
vn -0.93373 0.35799 0.00003
vn -0.93369 0.35797 0.00865
vn -0.91308 0.35007 0.20915
vn -0.93814 0.27648 -0.20847
vn -0.95918 0.28268 -0.00862
vn -0.95917 0.28268 -0.00862
vn -0.95921 0.28269 -0.00003
vn -0.95921 0.28269 0.00003
vn -0.95917 0.28268 0.00862
vn -0.95918 0.28268 0.00862
vn -0.93814 0.27648 0.20847
vn -0.97267 0.10195 -0.20863
vn -0.99451 0.10424 -0.00863
vn -0.99455 0.10424 -0.00003
vn -0.99455 0.10424 0.00003
vn -0.99451 0.10424 0.00863
vn -0.97267 0.10195 0.20863
vn -0.97267 -0.10195 -0.20863
vn -0.99451 -0.10424 -0.00863
vn -0.99455 -0.10424 -0.00003
vn -0.99455 -0.10424 0.00003
vn -0.99451 -0.10424 0.00863
vn -0.97267 -0.10195 0.20863
vn -0.93814 -0.27648 -0.20847
vn -0.95918 -0.28268 -0.00862
vn -0.95917 -0.28268 -0.00862
vn -0.95921 -0.28269 -0.00003
vn -0.95921 -0.28269 0.00003
vn -0.95917 -0.28268 0.00862
vn -0.95918 -0.28268 0.00862
vn -0.93814 -0.27648 0.20847
vn -0.91308 -0.35007 -0.20915
vn -0.93369 -0.35797 -0.00865
vn -0.93373 -0.35799 -0.00003
vn -0.93373 -0.35799 0.00003
vn -0.93369 -0.35797 0.00865
vn -0.91308 -0.35007 0.20915
vn -0.12709 0.98323 -0.13078
vn -0.09807 0.98700 -0.12735
vn -0.03505 0.99172 -0.12351
vn 0.03505 0.99172 -0.12351
vn 0.09807 0.98700 -0.12735
vn 0.12709 0.98323 -0.13078
vn -0.12819 0.99173 -0.00533
vn -0.09887 0.99509 -0.00519
vn -0.03532 0.99936 -0.00503
vn 0.03532 0.99936 -0.00503
vn 0.09887 0.99509 -0.00519
vn 0.12819 0.99173 -0.00533
vn -0.12819 0.99175 -0.00002
vn -0.09888 0.99510 -0.00002
vn -0.03532 0.99938 -0.00002
vn 0.03532 0.99938 -0.00002
vn 0.09888 0.99510 -0.00002
vn 0.12819 0.99175 -0.00002
vn -0.12819 0.99175 0.00002
vn -0.09888 0.99510 0.00002
vn -0.03532 0.99938 0.00002
vn 0.03532 0.99938 0.00002
vn 0.09888 0.99510 0.00002
vn 0.12819 0.99175 0.00002
vn -0.12819 0.99173 0.00533
vn -0.09887 0.99509 0.00519
vn -0.03532 0.99936 0.00503
vn 0.03532 0.99936 0.00503
vn 0.09887 0.99509 0.00519
vn 0.12819 0.99173 0.00533
vn -0.12709 0.98323 0.13078
vn -0.09807 0.98700 0.12735
vn -0.03505 0.99172 0.12351
vn 0.03505 0.99172 0.12351
vn 0.09807 0.98700 0.12735
vn 0.12709 0.98323 0.13078
vn -0.12709 -0.98323 0.13078
vn -0.09807 -0.98700 0.12735
vn -0.03505 -0.99172 0.12351
vn 0.03505 -0.99172 0.12351
vn 0.09807 -0.98700 0.12735
vn 0.12709 -0.98323 0.13078
vn -0.12819 -0.99173 0.00533
vn -0.09887 -0.99509 0.00519
vn -0.03532 -0.99936 0.00503
vn 0.03532 -0.99936 0.00503
vn 0.09887 -0.99509 0.00519
vn 0.12819 -0.99173 0.00533
vn -0.12819 -0.99175 0.00002
vn -0.09888 -0.99510 0.00002
vn -0.03532 -0.99938 0.00002
vn 0.03532 -0.99938 0.00002
vn 0.09888 -0.99510 0.00002
vn 0.12819 -0.99175 0.00002
vn -0.12819 -0.99175 -0.00002
vn -0.09888 -0.99510 -0.00002
vn -0.03532 -0.99938 -0.00002
vn 0.03532 -0.99938 -0.00002
vn 0.09888 -0.99510 -0.00002
vn 0.12819 -0.99175 -0.00002
vn -0.12819 -0.99173 -0.00533
vn -0.09887 -0.99509 -0.00519
vn -0.03532 -0.99936 -0.00503
vn 0.03532 -0.99936 -0.00503
vn 0.09887 -0.99509 -0.00519
vn 0.12819 -0.99173 -0.00533
vn -0.12709 -0.98323 -0.13078
vn -0.09807 -0.98700 -0.12735
vn -0.03505 -0.99172 -0.12351
vn 0.03505 -0.99172 -0.12351
vn 0.09807 -0.98700 -0.12735
vn 0.12709 -0.98323 -0.13078
vn 0.99210 0.03738 0.11976
vn 0.99152 0.03790 0.12433
vn 0.99862 0.03818 0.03593
vn 0.99843 0.03871 0.04060
vn 0.99873 0.03872 0.03232
vn 0.99854 0.03926 0.03700
vn 0.99871 0.03927 0.03229
vn 0.99852 0.03981 0.03697
vn 0.99880 0.03982 0.02849
vn 0.99864 0.04036 0.03316
vn 0.99717 0.04030 -0.06345
vn 0.99742 0.04085 -0.05896
vn 0.99154 -0.03736 0.12433
vn 0.99206 -0.03792 0.11992
vn 0.99845 -0.03817 0.04060
vn 0.99860 -0.03872 0.03594
vn 0.99856 -0.03872 0.03700
vn 0.99871 -0.03927 0.03232
vn 0.99854 -0.03926 0.03697
vn 0.99869 -0.03981 0.03229
vn 0.99866 -0.03981 0.03316
vn 0.99878 -0.04036 0.02848
vn 0.99745 -0.04031 -0.05896
vn 0.99714 -0.04084 -0.06361
vn -0.99714 0.04084 -0.06361
vn -0.99745 0.04031 -0.05896
vn -0.99878 0.04036 0.02848
vn -0.99866 0.03981 0.03316
vn -0.99869 0.03981 0.03229
vn -0.99854 0.03926 0.03697
vn -0.99871 0.03927 0.03232
vn -0.99856 0.03872 0.03700
vn -0.99860 0.03872 0.03594
vn -0.99845 0.03817 0.04060
vn -0.99206 0.03792 0.11992
vn -0.99154 0.03736 0.12433
vn -0.99742 -0.04085 -0.05896
vn -0.99717 -0.04030 -0.06345
vn -0.99864 -0.04036 0.03316
vn -0.99880 -0.03982 0.02849
vn -0.99852 -0.03981 0.03697
vn -0.99871 -0.03927 0.03229
vn -0.99854 -0.03926 0.03700
vn -0.99873 -0.03872 0.03232
vn -0.99843 -0.03871 0.04060
vn -0.99862 -0.03818 0.03593
vn -0.99152 -0.03790 0.12433
vn -0.99210 -0.03738 0.11976
vn -0.59787 0.75951 -0.25631
vn -0.60211 0.75470 -0.26055
vn -0.49730 0.82186 -0.27793
vn -0.50156 0.81785 -0.28207
vn -0.19981 0.92847 -0.31308
vn -0.20225 0.92726 -0.31509
vn 0.19966 0.92777 -0.31526
vn 0.20240 0.92795 -0.31296
vn 0.49655 0.82062 -0.28289
vn 0.50230 0.81905 -0.27722
vn 0.59700 0.75841 -0.26153
vn 0.60296 0.75577 -0.25546
vn -0.62363 0.78167 0.00870
vn -0.62883 0.77754 0.00301
vn -0.52279 0.85246 -0.00013
vn -0.52796 0.84925 -0.00571
vn -0.21309 0.97697 -0.01085
vn -0.21587 0.97633 -0.01342
vn 0.21308 0.97694 -0.01343
vn 0.21587 0.97636 -0.01081
vn 0.52278 0.85245 -0.00581
vn 0.52796 0.84927 0.00001
vn 0.62365 0.78170 0.00285
vn 0.62880 0.77751 0.00890
vn -0.62870 0.77738 0.02029
vn -0.63400 0.77320 0.01451
vn -0.52793 0.84920 0.01207
vn -0.53321 0.84596 0.00641
vn -0.21588 0.97642 0.00256
vn -0.21874 0.97578 -0.00005
vn 0.21588 0.97642 -0.00005
vn 0.21874 0.97578 0.00259
vn 0.52795 0.84925 0.00634
vn 0.53318 0.84591 0.01220
vn 0.62876 0.77746 0.01439
vn 0.63393 0.77312 0.02046
vn -0.63393 0.77312 0.02055
vn -0.63929 0.76882 0.01472
vn -0.53318 0.84591 0.01229
vn -0.53855 0.84257 0.00656
vn -0.21874 0.97578 0.00270
vn -0.22167 0.97512 0.00005
vn 0.21874 0.97578 0.00005
vn 0.22167 0.97512 0.00273
vn 0.53321 0.84596 0.00650
vn 0.53852 0.84252 0.01241
vn 0.63400 0.77320 0.01460
vn 0.63922 0.76874 0.02072
vn -0.63903 0.76852 0.03192
vn -0.64449 0.76417 0.02601
vn -0.53841 0.84233 0.02434
vn -0.54390 0.83894 0.01853
vn -0.22164 0.97500 0.01608
vn -0.22466 0.97435 0.01339
vn 0.22165 0.97503 0.01340
vn 0.22465 0.97431 0.01611
vn 0.53847 0.84244 0.01850
vn 0.54383 0.83884 0.02443
vn 0.63915 0.76865 0.02594
vn 0.64438 0.76403 0.03206
vn -0.61794 0.73269 0.28516
vn -0.62429 0.72964 0.27909
vn -0.51998 0.80204 0.29386
vn -0.52622 0.80008 0.28802
vn -0.21312 0.92432 0.31657
vn -0.21624 0.92443 0.31412
vn 0.21329 0.92504 0.31433
vn 0.21606 0.92367 0.31648
vn 0.52080 0.80332 0.28888
vn 0.52535 0.79876 0.29324
vn 0.61892 0.73385 0.28001
vn 0.62326 0.72843 0.28448
vn -0.62326 -0.72843 0.28448
vn -0.61892 -0.73385 0.28001
vn -0.52535 -0.79876 0.29324
vn -0.52080 -0.80332 0.28888
vn -0.21606 -0.92367 0.31648
vn -0.21329 -0.92504 0.31433
vn 0.21624 -0.92443 0.31412
vn 0.21312 -0.92432 0.31657
vn 0.52622 -0.80008 0.28802
vn 0.51998 -0.80204 0.29386
vn 0.62429 -0.72964 0.27909
vn 0.61794 -0.73269 0.28516
vn -0.64438 -0.76403 0.03206
vn -0.63915 -0.76865 0.02594
vn -0.54383 -0.83884 0.02443
vn -0.53847 -0.84244 0.01850
vn -0.22465 -0.97431 0.01611
vn -0.22165 -0.97503 0.01340
vn 0.22466 -0.97435 0.01339
vn 0.22164 -0.97500 0.01608
vn 0.54390 -0.83894 0.01853
vn 0.53841 -0.84233 0.02434
vn 0.64449 -0.76417 0.02601
vn 0.63903 -0.76852 0.03192
vn -0.63922 -0.76874 0.02072
vn -0.63400 -0.77320 0.01460
vn -0.53852 -0.84252 0.01241
vn -0.53321 -0.84596 0.00650
vn -0.22167 -0.97512 0.00273
vn -0.21874 -0.97578 0.00005
vn 0.22167 -0.97512 0.00005
vn 0.21874 -0.97578 0.00270
vn 0.53855 -0.84257 0.00656
vn 0.53318 -0.84591 0.01229
vn 0.63929 -0.76882 0.01472
vn 0.63393 -0.77312 0.02055
vn -0.63393 -0.77312 0.02046
vn -0.62876 -0.77746 0.01439
vn -0.53318 -0.84591 0.01220
vn -0.52795 -0.84925 0.00634
vn -0.21874 -0.97578 0.00259
vn -0.21588 -0.97642 -0.00005
vn 0.21874 -0.97578 -0.00005
vn 0.21588 -0.97642 0.00256
vn 0.53321 -0.84596 0.00641
vn 0.52793 -0.84920 0.01207
vn 0.63400 -0.77320 0.01451
vn 0.62870 -0.77738 0.02029
vn -0.62880 -0.77751 0.00890
vn -0.62365 -0.78170 0.00285
vn -0.52796 -0.84927 0.00001
vn -0.52278 -0.85245 -0.00581
vn -0.21587 -0.97636 -0.01081
vn -0.21308 -0.97694 -0.01343
vn 0.21587 -0.97633 -0.01342
vn 0.21309 -0.97697 -0.01085
vn 0.52796 -0.84925 -0.00571
vn 0.52279 -0.85246 -0.00013
vn 0.62883 -0.77754 0.00301
vn 0.62363 -0.78167 0.00870
vn -0.60296 -0.75577 -0.25546
vn -0.59700 -0.75841 -0.26153
vn -0.50230 -0.81905 -0.27722
vn -0.49655 -0.82062 -0.28289
vn -0.20240 -0.92795 -0.31296
vn -0.19966 -0.92777 -0.31526
vn 0.20225 -0.92726 -0.31509
vn 0.19981 -0.92847 -0.31308
vn 0.50156 -0.81785 -0.28207
vn 0.49730 -0.82186 -0.27793
vn 0.60211 -0.75470 -0.26055
vn 0.59787 -0.75951 -0.25631
vn 0.99465 0.03176 0.09831
vn 0.99948 0.03191 0.00400
vn 0.99949 0.03191 0.00002
vn 0.99949 0.03191 -0.00002
vn 0.99948 0.03191 -0.00400
vn 0.99465 0.03176 -0.09831
vn 0.99465 -0.03176 0.09831
vn 0.99948 -0.03191 0.00400
vn 0.99949 -0.03191 0.00002
vn 0.99949 -0.03191 -0.00002
vn 0.99948 -0.03191 -0.00400
vn 0.99465 -0.03176 -0.09831
vn -0.99465 0.03176 -0.09831
vn -0.99948 0.03191 -0.00400
vn -0.99949 0.03191 -0.00002
vn -0.99949 0.03191 0.00002
vn -0.99948 0.03191 0.00400
vn -0.99465 0.03176 0.09831
vn -0.99465 -0.03176 -0.09831
vn -0.99948 -0.03191 -0.00400
vn -0.99949 -0.03191 -0.00002
vn -0.99949 -0.03191 0.00002
vn -0.99948 -0.03191 0.00400
vn -0.99465 -0.03176 0.09831
vn -0.67335 0.66682 -0.31929
vn -0.57564 0.74160 -0.34448
vn -0.24427 0.88484 -0.39672
vn 0.24427 0.88484 -0.39672
vn 0.57564 0.74160 -0.34448
vn 0.67335 0.66682 -0.31929
vn -0.71048 0.70359 -0.01363
vn -0.61311 0.78986 -0.01484
vn -0.61310 0.78986 -0.01484
vn -0.26607 0.96380 -0.01748
vn 0.26607 0.96380 -0.01748
vn 0.61311 0.78986 -0.01484
vn 0.61310 0.78986 -0.01484
vn 0.71048 0.70359 -0.01363
vn -0.71054 0.70366 -0.00005
vn -0.61317 0.78995 -0.00006
vn -0.26611 0.96394 -0.00007
vn 0.26611 0.96394 -0.00007
vn 0.61317 0.78995 -0.00006
vn 0.71054 0.70366 -0.00005
vn -0.71054 0.70366 0.00005
vn -0.61317 0.78995 0.00006
vn -0.26611 0.96394 0.00007
vn 0.26611 0.96394 0.00007
vn 0.61317 0.78995 0.00006
vn 0.71054 0.70366 0.00005
vn -0.71048 0.70359 0.01363
vn -0.61310 0.78986 0.01484
vn -0.61311 0.78986 0.01484
vn -0.26607 0.96380 0.01748
vn 0.26607 0.96380 0.01748
vn 0.61310 0.78986 0.01484
vn 0.61311 0.78986 0.01484
vn 0.71048 0.70359 0.01363
vn -0.67335 0.66682 0.31929
vn -0.57564 0.74160 0.34448
vn -0.24427 0.88484 0.39672
vn 0.24427 0.88484 0.39672
vn 0.57564 0.74160 0.34448
vn 0.67335 0.66682 0.31929
vn -0.67335 -0.66682 0.31929
vn -0.57564 -0.74160 0.34448
vn -0.24427 -0.88484 0.39672
vn 0.24427 -0.88484 0.39672
vn 0.57564 -0.74160 0.34448
vn 0.67335 -0.66682 0.31929
vn -0.71048 -0.70359 0.01363
vn -0.61311 -0.78986 0.01484
vn -0.61310 -0.78986 0.01484
vn -0.26607 -0.96380 0.01748
vn 0.26607 -0.96380 0.01748
vn 0.61311 -0.78986 0.01484
vn 0.61310 -0.78986 0.01484
vn 0.71048 -0.70359 0.01363
vn -0.71054 -0.70366 0.00005
vn -0.61317 -0.78995 0.00006
vn -0.26611 -0.96394 0.00007
vn 0.26611 -0.96394 0.00007
vn 0.61317 -0.78995 0.00006
vn 0.71054 -0.70366 0.00005
vn -0.71054 -0.70366 -0.00005
vn -0.61317 -0.78995 -0.00006
vn -0.26611 -0.96394 -0.00007
vn 0.26611 -0.96394 -0.00007
vn 0.61317 -0.78995 -0.00006
vn 0.71054 -0.70366 -0.00005
vn -0.71048 -0.70359 -0.01363
vn -0.61310 -0.78986 -0.01484
vn -0.61311 -0.78986 -0.01484
vn -0.26607 -0.96380 -0.01748
vn 0.26607 -0.96380 -0.01748
vn 0.61310 -0.78986 -0.01484
vn 0.61311 -0.78986 -0.01484
vn 0.71048 -0.70359 -0.01363
vn -0.67335 -0.66682 -0.31929
vn -0.57564 -0.74160 -0.34448
vn -0.24427 -0.88484 -0.39672
vn 0.24427 -0.88484 -0.39672
vn 0.57564 -0.74160 -0.34448
vn 0.67335 -0.66682 -0.31929
vn 0.94950 0.30438 0.07621
vn 0.95226 0.30526 0.00309
vn 0.95227 0.30527 0.00001
vn 0.95227 0.30527 -0.00001
vn 0.95226 0.30526 -0.00309
vn 0.94950 0.30438 -0.07621
vn 0.96819 0.23858 0.07539
vn 0.97095 0.23926 0.00306
vn 0.97096 0.23926 0.00001
vn 0.97096 0.23926 -0.00001
vn 0.97095 0.23926 -0.00306
vn 0.96819 0.23858 -0.07539
vn 0.99340 0.08706 0.07466
vn 0.99618 0.08730 0.00303
vn 0.99618 0.08730 0.00001
vn 0.99618 0.08730 -0.00001
vn 0.99618 0.08730 -0.00303
vn 0.99340 0.08706 -0.07466
vn 0.99340 -0.08706 0.07466
vn 0.99618 -0.08730 0.00303
vn 0.99618 -0.08730 0.00001
vn 0.99618 -0.08730 -0.00001
vn 0.99618 -0.08730 -0.00303
vn 0.99340 -0.08706 -0.07466
vn 0.96819 -0.23858 0.07539
vn 0.97095 -0.23926 0.00306
vn 0.97096 -0.23926 0.00001
vn 0.97096 -0.23926 -0.00001
vn 0.97095 -0.23926 -0.00306
vn 0.96819 -0.23858 -0.07539
vn 0.94950 -0.30438 0.07621
vn 0.95226 -0.30526 0.00309
vn 0.95227 -0.30527 0.00001
vn 0.95227 -0.30527 -0.00001
vn 0.95226 -0.30526 -0.00309
vn 0.94950 -0.30438 -0.07621
vn -0.94950 0.30438 -0.07621
vn -0.95226 0.30526 -0.00309
vn -0.95227 0.30527 -0.00001
vn -0.95227 0.30527 0.00001
vn -0.95226 0.30526 0.00309
vn -0.94950 0.30438 0.07621
vn -0.96819 0.23858 -0.07539
vn -0.97095 0.23926 -0.00306
vn -0.97096 0.23926 -0.00001
vn -0.97096 0.23926 0.00001
vn -0.97095 0.23926 0.00306
vn -0.96819 0.23858 0.07539
vn -0.99340 0.08706 -0.07466
vn -0.99618 0.08730 -0.00303
vn -0.99618 0.08730 -0.00001
vn -0.99618 0.08730 0.00001
vn -0.99618 0.08730 0.00303
vn -0.99340 0.08706 0.07466
vn -0.99340 -0.08706 -0.07466
vn -0.99618 -0.08730 -0.00303
vn -0.99618 -0.08730 -0.00001
vn -0.99618 -0.08730 0.00001
vn -0.99618 -0.08730 0.00303
vn -0.99340 -0.08706 0.07466
vn -0.96819 -0.23858 -0.07539
vn -0.97095 -0.23926 -0.00306
vn -0.97096 -0.23926 -0.00001
vn -0.97096 -0.23926 0.00001
vn -0.97095 -0.23926 0.00306
vn -0.96819 -0.23858 0.07539
vn -0.94950 -0.30438 -0.07621
vn -0.95226 -0.30526 -0.00309
vn -0.95227 -0.30527 -0.00001
vn -0.95227 -0.30527 0.00001
vn -0.95226 -0.30526 0.00309
vn -0.94950 -0.30438 0.07621
vn -0.15255 0.98676 -0.05500
vn -0.11784 0.99158 -0.05362
vn -0.04217 0.99775 -0.05207
vn 0.04217 0.99775 -0.05207
vn 0.11784 0.99158 -0.05362
vn 0.15255 0.98676 -0.05500
vn -0.15278 0.98826 -0.00223
vn -0.11801 0.99301 -0.00217
vn -0.04223 0.99911 -0.00211
vn 0.04223 0.99911 -0.00211
vn 0.11801 0.99301 -0.00217
vn 0.15278 0.98826 -0.00223
vn -0.15278 0.98826 -0.00001
vn -0.11801 0.99301 -0.00001
vn -0.04223 0.99911 -0.00001
vn 0.04223 0.99911 -0.00001
vn 0.11801 0.99301 -0.00001
vn 0.15278 0.98826 -0.00001
vn -0.15278 0.98826 0.00001
vn -0.11801 0.99301 0.00001
vn -0.04223 0.99911 0.00001
vn 0.04223 0.99911 0.00001
vn 0.11801 0.99301 0.00001
vn 0.15278 0.98826 0.00001
vn -0.15278 0.98826 0.00223
vn -0.11801 0.99301 0.00217
vn -0.04223 0.99911 0.00211
vn 0.04223 0.99911 0.00211
vn 0.11801 0.99301 0.00217
vn 0.15278 0.98826 0.00223
vn -0.15255 0.98676 0.05500
vn -0.11784 0.99158 0.05362
vn -0.04217 0.99775 0.05207
vn 0.04217 0.99775 0.05207
vn 0.11784 0.99158 0.05362
vn 0.15255 0.98676 0.05500
vn -0.15255 -0.98676 0.05500
vn -0.11784 -0.99158 0.05362
vn -0.04217 -0.99775 0.05207
vn 0.04217 -0.99775 0.05207
vn 0.11784 -0.99158 0.05362
vn 0.15255 -0.98676 0.05500
vn -0.15278 -0.98826 0.00223
vn -0.11801 -0.99301 0.00217
vn -0.04223 -0.99911 0.00211
vn 0.04223 -0.99911 0.00211
vn 0.11801 -0.99301 0.00217
vn 0.15278 -0.98826 0.00223
vn -0.15278 -0.98826 0.00001
vn -0.11801 -0.99301 0.00001
vn -0.04223 -0.99911 0.00001
vn 0.04223 -0.99911 0.00001
vn 0.11801 -0.99301 0.00001
vn 0.15278 -0.98826 0.00001
vn -0.15278 -0.98826 -0.00001
vn -0.11801 -0.99301 -0.00001
vn -0.04223 -0.99911 -0.00001
vn 0.04223 -0.99911 -0.00001
vn 0.11801 -0.99301 -0.00001
vn 0.15278 -0.98826 -0.00001
vn -0.15278 -0.98826 -0.00223
vn -0.11801 -0.99301 -0.00217
vn -0.04223 -0.99911 -0.00211
vn 0.04223 -0.99911 -0.00211
vn 0.11801 -0.99301 -0.00217
vn 0.15278 -0.98826 -0.00223
vn -0.15255 -0.98676 -0.05500
vn -0.11784 -0.99158 -0.05362
vn -0.04217 -0.99775 -0.05207
vn 0.04217 -0.99775 -0.05207
vn 0.11784 -0.99158 -0.05362
vn 0.15255 -0.98676 -0.05500
vn 0.92072 0.36521 0.13747
vn 0.92953 0.36871 0.00561
vn 0.92954 0.36871 0.00002
vn 0.92954 0.36871 -0.00002
vn 0.92953 0.36871 -0.00561
vn 0.92072 0.36521 -0.13747
vn 0.94747 0.28890 0.13724
vn 0.95651 0.29165 0.00560
vn 0.95652 0.29166 0.00002
vn 0.95652 0.29165 0.00002
vn 0.95652 0.29165 -0.00002
vn 0.95652 0.29166 -0.00002
vn 0.95651 0.29165 -0.00560
vn 0.94747 0.28890 -0.13724
vn 0.98471 0.10678 0.13767
vn 0.99416 0.10781 0.00562
vn 0.99417 0.10781 0.00002
vn 0.99417 0.10781 -0.00002
vn 0.99416 0.10781 -0.00562
vn 0.98471 0.10678 -0.13767
vn 0.98471 -0.10678 0.13767
vn 0.99416 -0.10781 0.00562
vn 0.99417 -0.10781 0.00002
vn 0.99417 -0.10781 -0.00002
vn 0.99416 -0.10781 -0.00562
vn 0.98471 -0.10678 -0.13767
vn 0.94747 -0.28890 0.13724
vn 0.95651 -0.29165 0.00560
vn 0.95652 -0.29166 0.00002
vn 0.95652 -0.29165 0.00002
vn 0.95652 -0.29165 -0.00002
vn 0.95652 -0.29166 -0.00002
vn 0.95651 -0.29165 -0.00560
vn 0.94747 -0.28890 -0.13724
vn 0.92072 -0.36521 0.13747
vn 0.92953 -0.36871 0.00561
vn 0.92954 -0.36871 0.00002
vn 0.92954 -0.36871 -0.00002
vn 0.92953 -0.36871 -0.00561
vn 0.92072 -0.36521 -0.13747
vn -0.92072 0.36521 -0.13747
vn -0.92953 0.36871 -0.00561
vn -0.92954 0.36871 -0.00002
vn -0.92954 0.36871 0.00002
vn -0.92953 0.36871 0.00561
vn -0.92072 0.36521 0.13747
vn -0.94747 0.28890 -0.13724
vn -0.95651 0.29165 -0.00560
vn -0.95652 0.29166 -0.00002
vn -0.95652 0.29165 -0.00002
vn -0.95652 0.29165 0.00002
vn -0.95652 0.29166 0.00002
vn -0.95651 0.29165 0.00560
vn -0.94747 0.28890 0.13724
vn -0.98471 0.10678 -0.13767
vn -0.99416 0.10781 -0.00562
vn -0.99417 0.10781 -0.00002
vn -0.99417 0.10781 0.00002
vn -0.99416 0.10781 0.00562
vn -0.98471 0.10678 0.13767
vn -0.98471 -0.10678 -0.13767
vn -0.99416 -0.10781 -0.00562
vn -0.99417 -0.10781 -0.00002
vn -0.99417 -0.10781 0.00002
vn -0.99416 -0.10781 0.00562
vn -0.98471 -0.10678 0.13767
vn -0.94747 -0.28890 -0.13724
vn -0.95651 -0.29165 -0.00560
vn -0.95652 -0.29166 -0.00002
vn -0.95652 -0.29165 -0.00002
vn -0.95652 -0.29165 0.00002
vn -0.95652 -0.29166 0.00002
vn -0.95651 -0.29165 0.00560
vn -0.94747 -0.28890 0.13724
vn -0.92072 -0.36521 -0.13747
vn -0.92953 -0.36871 -0.00561
vn -0.92954 -0.36871 -0.00002
vn -0.92954 -0.36871 0.00002
vn -0.92953 -0.36871 0.00561
vn -0.92072 -0.36521 0.13747
vn -0.12355 0.98887 -0.08286
vn -0.09529 0.99218 -0.08065
vn -0.03403 0.99636 -0.07818
vn 0.03403 0.99636 -0.07818
vn 0.09529 0.99218 -0.08065
vn 0.12355 0.98887 -0.08286
vn -0.12397 0.99228 -0.00336
vn -0.09560 0.99541 -0.00327
vn -0.03414 0.99941 -0.00317
vn 0.03414 0.99941 -0.00317
vn 0.09560 0.99541 -0.00327
vn 0.12397 0.99228 -0.00336
vn -0.12397 0.99229 -0.00001
vn -0.09560 0.99542 -0.00001
vn -0.03414 0.99942 -0.00001
vn 0.03414 0.99942 -0.00001
vn 0.09560 0.99542 -0.00001
vn 0.12397 0.99229 -0.00001
vn -0.12397 0.99229 0.00001
vn -0.09560 0.99542 0.00001
vn -0.03414 0.99942 0.00001
vn 0.03414 0.99942 0.00001
vn 0.09560 0.99542 0.00001
vn 0.12397 0.99229 0.00001
vn -0.12397 0.99228 0.00336
vn -0.09560 0.99541 0.00327
vn -0.03414 0.99941 0.00317
vn 0.03414 0.99941 0.00317
vn 0.09560 0.99541 0.00327
vn 0.12397 0.99228 0.00336
vn -0.12355 0.98887 0.08286
vn -0.09529 0.99218 0.08065
vn -0.03403 0.99636 0.07818
vn 0.03403 0.99636 0.07818
vn 0.09529 0.99218 0.08065
vn 0.12355 0.98887 0.08286
vn -0.12355 -0.98887 0.08286
vn -0.09529 -0.99218 0.08065
vn -0.03403 -0.99636 0.07818
vn 0.03403 -0.99636 0.07818
vn 0.09529 -0.99218 0.08065
vn 0.12355 -0.98887 0.08286
vn -0.12397 -0.99228 0.00336
vn -0.09560 -0.99541 0.00327
vn -0.03414 -0.99941 0.00317
vn 0.03414 -0.99941 0.00317
vn 0.09560 -0.99541 0.00327
vn 0.12397 -0.99228 0.00336
vn -0.12397 -0.99229 0.00001
vn -0.09560 -0.99542 0.00001
vn -0.03414 -0.99942 0.00001
vn 0.03414 -0.99942 0.00001
vn 0.09560 -0.99542 0.00001
vn 0.12397 -0.99229 0.00001
vn -0.12397 -0.99229 -0.00001
vn -0.09560 -0.99542 -0.00001
vn -0.03414 -0.99942 -0.00001
vn 0.03414 -0.99942 -0.00001
vn 0.09560 -0.99542 -0.00001
vn 0.12397 -0.99229 -0.00001
vn -0.12397 -0.99228 -0.00336
vn -0.09560 -0.99541 -0.00327
vn -0.03414 -0.99941 -0.00317
vn 0.03414 -0.99941 -0.00317
vn 0.09560 -0.99541 -0.00327
vn 0.12397 -0.99228 -0.00336
vn -0.12355 -0.98887 -0.08286
vn -0.09529 -0.99218 -0.08065
vn -0.03403 -0.99636 -0.07818
vn 0.03403 -0.99636 -0.07818
vn 0.09529 -0.99218 -0.08065
vn 0.12355 -0.98887 -0.08286
vn 0.99146 -0.03586 0.12539
vn 0.99933 -0.03614 0.00511
vn 0.99935 -0.03614 0.00002
vn 0.99935 -0.03614 -0.00002
vn 0.99933 -0.03614 -0.00511
vn 0.99146 -0.03586 -0.12539
vn 0.99224 -0.03971 0.11785
vn 0.99919 -0.03999 0.00480
vn 0.99920 -0.03999 0.00002
vn 0.99920 -0.03999 -0.00002
vn 0.99919 -0.03999 -0.00480
vn 0.99224 -0.03971 -0.11785
vn 0.99115 -0.04349 0.12539
vn 0.99903 -0.04384 0.00511
vn 0.99904 -0.04384 0.00002
vn 0.99904 -0.04384 -0.00002
vn 0.99903 -0.04384 -0.00511
vn 0.99115 -0.04349 -0.12539
vn -0.99115 0.04349 -0.12539
vn -0.99903 0.04384 -0.00511
vn -0.99904 0.04384 -0.00002
vn -0.99904 0.04384 0.00002
vn -0.99903 0.04384 0.00511
vn -0.99115 0.04349 0.12539
vn -0.99224 0.03971 -0.11785
vn -0.99919 0.03999 -0.00480
vn -0.99920 0.03999 -0.00002
vn -0.99920 0.03999 0.00002
vn -0.99919 0.03999 0.00480
vn -0.99224 0.03971 0.11785
vn -0.99146 0.03586 -0.12539
vn -0.99933 0.03614 -0.00511
vn -0.99935 0.03614 -0.00002
vn -0.99935 0.03614 0.00002
vn -0.99933 0.03614 0.00511
vn -0.99146 0.03586 0.12539
vn -0.85842 0.11092 -0.50081
vn -0.79869 0.12473 -0.58868
vn -0.43827 0.16189 -0.88414
vn 0.44981 0.12635 -0.88414
vn 0.80610 0.06051 -0.58868
vn 0.86454 0.04196 -0.50081
vn -0.99148 0.12811 -0.02339
vn -0.98760 0.15424 -0.02944
vn -0.93531 0.34549 -0.07631
vn 0.95993 0.26964 -0.07631
vn 0.99676 0.07482 -0.02944
vn 0.99855 0.04847 -0.02339
vn -0.99176 0.12815 -0.00009
vn -0.98802 0.15430 -0.00012
vn -0.93805 0.34650 -0.00030
vn 0.96274 0.27043 -0.00030
vn 0.99719 0.07485 -0.00012
vn 0.99882 0.04848 -0.00009
vn -0.99176 0.12815 0.00009
vn -0.98802 0.15430 0.00012
vn -0.93805 0.34650 0.00030
vn 0.96274 0.27043 0.00030
vn 0.99719 0.07485 0.00012
vn 0.99882 0.04848 0.00009
vn -0.99148 0.12811 0.02339
vn -0.98760 0.15424 0.02944
vn -0.93531 0.34549 0.07631
vn 0.95993 0.26964 0.07631
vn 0.99676 0.07482 0.02944
vn 0.99855 0.04847 0.02339
vn -0.85842 0.11092 0.50081
vn -0.79869 0.12473 0.58868
vn -0.43827 0.16189 0.88414
vn 0.44981 0.12635 0.88414
vn 0.80610 0.06051 0.58868
vn 0.86454 0.04196 0.50081
vn -0.86454 -0.04196 0.50081
vn -0.80610 -0.06051 0.58868
vn -0.44981 -0.12635 0.88414
vn 0.43827 -0.16189 0.88414
vn 0.79869 -0.12473 0.58868
vn 0.85842 -0.11092 0.50081
vn -0.99855 -0.04847 0.02339
vn -0.99676 -0.07482 0.02944
vn -0.95993 -0.26964 0.07631
vn 0.93531 -0.34549 0.07631
vn 0.98760 -0.15424 0.02944
vn 0.99148 -0.12811 0.02339
vn -0.99882 -0.04848 0.00009
vn -0.99719 -0.07485 0.00012
vn -0.96274 -0.27043 0.00030
vn 0.93805 -0.34650 0.00030
vn 0.98802 -0.15430 0.00012
vn 0.99176 -0.12815 0.00009
vn -0.99882 -0.04848 -0.00009
vn -0.99719 -0.07485 -0.00012
vn -0.96274 -0.27043 -0.00030
vn 0.93805 -0.34650 -0.00030
vn 0.98802 -0.15430 -0.00012
vn 0.99176 -0.12815 -0.00009
vn -0.99855 -0.04847 -0.02339
vn -0.99676 -0.07482 -0.02944
vn -0.95993 -0.26964 -0.07631
vn 0.93531 -0.34549 -0.07631
vn 0.98760 -0.15424 -0.02944
vn 0.99148 -0.12811 -0.02339
vn -0.86454 -0.04196 -0.50081
vn -0.80610 -0.06051 -0.58868
vn -0.44981 -0.12635 -0.88414
vn 0.43827 -0.16189 -0.88414
vn 0.79869 -0.12473 -0.58868
vn 0.85842 -0.11092 -0.50081
vn 0.63323 0.01542 0.77381
vn 0.64770 0.01578 0.76174
vn 0.64878 0.01580 0.76081
vn 0.64880 0.01580 0.76080
vn 0.65164 0.01587 0.75836
vn 0.73664 0.01794 0.67604
vn 0.64454 0.00612 0.76454
vn 0.65890 0.00626 0.75220
vn 0.65998 0.00627 0.75126
vn 0.66000 0.00627 0.75124
vn 0.66282 0.00629 0.74875
vn 0.74667 0.00709 0.66516
vn 0.65728 -0.01472 0.75350
vn 0.67149 -0.01503 0.74086
vn 0.67256 -0.01506 0.73989
vn 0.67257 -0.01506 0.73988
vn 0.67536 -0.01512 0.73733
vn 0.75772 -0.01696 0.65236
vn 0.65636 -0.03786 0.75350
vn 0.67054 -0.03868 0.74086
vn 0.67161 -0.03874 0.73989
vn 0.67162 -0.03874 0.73988
vn 0.67441 -0.03890 0.73733
vn 0.75665 -0.04364 0.65236
vn 0.64199 -0.05761 0.76454
vn 0.65630 -0.05889 0.75220
vn 0.65737 -0.05899 0.75126
vn 0.65738 -0.05899 0.75124
vn 0.66020 -0.05924 0.74875
vn 0.74372 -0.06674 0.66516
vn 0.62997 -0.06598 0.77381
vn 0.64436 -0.06749 0.76174
vn 0.64544 -0.06760 0.76081
vn 0.64546 -0.06760 0.76080
vn 0.64829 -0.06790 0.75836
vn 0.73285 -0.07675 0.67604
vn -0.73285 0.07675 0.67604
vn -0.64829 0.06790 0.75836
vn -0.64546 0.06760 0.76080
vn -0.64544 0.06760 0.76081
vn -0.64436 0.06749 0.76174
vn -0.62997 0.06598 0.77381
vn -0.74372 0.06674 0.66516
vn -0.66020 0.05924 0.74875
vn -0.65738 0.05899 0.75124
vn -0.65737 0.05899 0.75126
vn -0.65630 0.05889 0.75220
vn -0.64199 0.05761 0.76454
vn -0.75665 0.04364 0.65236
vn -0.67441 0.03890 0.73733
vn -0.67162 0.03874 0.73988
vn -0.67161 0.03874 0.73989
vn -0.67054 0.03868 0.74086
vn -0.65636 0.03786 0.75350
vn -0.75772 0.01696 0.65236
vn -0.67536 0.01512 0.73733
vn -0.67257 0.01506 0.73988
vn -0.67256 0.01506 0.73989
vn -0.67149 0.01503 0.74086
vn -0.65728 0.01472 0.75350
vn -0.74667 -0.00709 0.66516
vn -0.66282 -0.00629 0.74875
vn -0.66000 -0.00627 0.75124
vn -0.65998 -0.00627 0.75126
vn -0.65890 -0.00626 0.75220
vn -0.64454 -0.00612 0.76454
vn -0.73664 -0.01794 0.67604
vn -0.65164 -0.01587 0.75836
vn -0.64880 -0.01580 0.76080
vn -0.64878 -0.01580 0.76081
vn -0.64770 -0.01578 0.76174
vn -0.63323 -0.01542 0.77381
vn -0.21316 0.30139 0.92937
vn -0.16724 0.31063 0.93570
vn -0.05409 0.32043 0.94573
vn 0.07952 0.31508 0.94573
vn 0.19153 0.29627 0.93570
vn 0.23656 0.28339 0.92937
vn -0.17260 0.24404 0.95428
vn -0.13510 0.25094 0.95853
vn -0.04353 0.25789 0.96519
vn 0.06400 0.25358 0.96519
vn 0.15473 0.23934 0.95853
vn 0.19155 0.22947 0.95428
vn -0.17141 0.24236 0.95492
vn -0.13416 0.24919 0.95912
vn -0.04323 0.25607 0.96569
vn 0.06355 0.25180 0.96569
vn 0.15365 0.23767 0.95912
vn 0.19023 0.22789 0.95492
vn -0.17140 0.24235 0.95493
vn -0.13416 0.24918 0.95912
vn -0.04322 0.25606 0.96569
vn 0.06355 0.25179 0.96569
vn 0.15364 0.23767 0.95912
vn 0.19022 0.22788 0.95493
vn -0.17095 0.24171 0.95517
vn -0.13380 0.24852 0.95934
vn -0.04311 0.25537 0.96588
vn 0.06338 0.25111 0.96588
vn 0.15324 0.23703 0.95934
vn 0.18972 0.22728 0.95517
vn -0.16506 0.23339 0.95827
vn -0.12915 0.23989 0.96217
vn -0.04159 0.24638 0.96828
vn 0.06115 0.24227 0.96828
vn 0.14791 0.22880 0.96217
vn 0.18318 0.21945 0.95827
vn 0.18319 0.21945 0.95827
vn -0.18319 -0.21945 0.95827
vn -0.18318 -0.21945 0.95827
vn -0.14791 -0.22880 0.96217
vn -0.06115 -0.24227 0.96828
vn 0.04159 -0.24638 0.96828
vn 0.12915 -0.23989 0.96217
vn 0.16506 -0.23339 0.95827
vn -0.18972 -0.22728 0.95517
vn -0.15324 -0.23703 0.95934
vn -0.06338 -0.25111 0.96588
vn 0.04311 -0.25537 0.96588
vn 0.13380 -0.24852 0.95934
vn 0.17095 -0.24171 0.95517
vn -0.19022 -0.22788 0.95493
vn -0.15364 -0.23767 0.95912
vn -0.06355 -0.25179 0.96569
vn 0.04322 -0.25606 0.96569
vn 0.13416 -0.24918 0.95912
vn 0.17140 -0.24235 0.95493
vn -0.19023 -0.22789 0.95492
vn -0.15365 -0.23767 0.95912
vn -0.06355 -0.25180 0.96569
vn 0.04323 -0.25607 0.96569
vn 0.13416 -0.24919 0.95912
vn 0.17141 -0.24236 0.95492
vn -0.19155 -0.22947 0.95428
vn -0.15473 -0.23934 0.95853
vn -0.06400 -0.25358 0.96519
vn 0.04353 -0.25789 0.96519
vn 0.13510 -0.25094 0.95853
vn 0.17260 -0.24404 0.95428
vn -0.23656 -0.28339 0.92937
vn -0.19153 -0.29627 0.93570
vn -0.07952 -0.31508 0.94573
vn 0.05409 -0.32043 0.94573
vn 0.16724 -0.31063 0.93570
vn 0.21316 -0.30139 0.92937
o Prehistoric_Male_Hips_1A
usemtl hide_4
f 1//1 8//1 2//1
f 8//1 9//1 2//1
f 2//2 9//2 3//2
f 9//2 10//2 3//2
f 3//3 10//3 4//3
f 10//3 11//3 4//3
f 4//4 11//4 5//4
f 11//4 12//4 5//4
f 5//5 12//5 6//5
f 12//5 13//5 6//5
f 6//6 13//6 7//6
f 13//6 14//6 7//6
f 8//7 15//7 9//7
f 15//7 16//7 9//7
f 9//8 16//8 10//8
f 16//8 17//8 10//8
f 10//9 17//9 11//9
f 17//9 18//9 11//9
f 11//10 18//10 12//10
f 18//10 19//10 12//10
f 12//11 19//11 13//11
f 19//11 20//11 13//11
f 13//12 20//12 14//12
f 20//12 21//12 14//12
f 22//13 29//13 23//13
f 29//13 30//13 23//13
f 23//14 30//14 24//14
f 30//14 31//14 24//14
f 24//15 31//15 25//15
f 31//15 32//15 25//15
f 25//16 32//16 26//16
f 32//16 33//16 26//16
f 26//17 33//17 27//17
f 33//17 34//17 27//17
f 27//18 34//18 28//18
f 34//18 35//18 28//18
f 29//19 36//19 30//19
f 36//19 37//19 30//19
f 30//20 37//20 31//20
f 37//20 38//20 31//20
f 31//21 38//21 32//21
f 38//21 39//21 32//21
f 32//22 39//22 33//22
f 39//22 40//22 33//22
f 33//23 40//23 34//23
f 40//23 41//23 34//23
f 34//24 41//24 35//24
f 41//24 42//24 35//24
f 43//25 50//25 44//25
f 50//25 51//25 44//25
f 44//26 51//26 45//26
f 51//26 52//26 45//26
f 45//27 52//27 46//27
f 52//27 53//27 46//27
f 46//28 53//28 47//28
f 53//28 54//28 47//28
f 47//29 54//29 48//29
f 54//29 55//29 48//29
f 48//30 55//30 49//30
f 55//30 56//30 49//30
f 50//31 57//31 51//31
f 57//31 58//31 51//31
f 51//32 58//32 52//32
f 58//32 59//32 52//32
f 52//33 59//33 53//33
f 59//33 60//33 53//33
f 53//34 60//34 54//34
f 60//34 61//34 54//34
f 54//35 61//35 55//35
f 61//35 62//35 55//35
f 55//36 62//36 56//36
f 62//36 63//36 56//36
f 57//37 64//37 58//37
f 64//37 65//37 58//37
f 58//38 65//38 59//38
f 65//38 66//38 59//38
f 59//39 66//39 60//39
f 66//39 67//39 60//39
f 60//40 67//40 61//40
f 67//40 68//40 61//40
f 61//41 68//41 62//41
f 68//41 69//41 62//41
f 62//42 69//42 63//42
f 69//42 70//42 63//42
f 64//43 71//43 65//43
f 71//43 72//43 65//43
f 65//44 72//44 66//44
f 72//44 73//44 66//44
f 66//45 73//45 67//45
f 73//45 74//45 67//45
f 67//46 74//46 68//46
f 74//46 75//46 68//46
f 68//47 75//47 69//47
f 75//47 76//47 69//47
f 69//48 76//48 70//48
f 76//48 77//48 70//48
f 71//49 78//49 72//49
f 78//49 79//49 72//49
f 72//50 79//50 73//50
f 79//50 80//50 73//50
f 73//51 80//51 74//51
f 80//51 81//51 74//51
f 74//52 81//52 75//52
f 81//52 82//52 75//52
f 75//53 82//53 76//53
f 82//53 83//53 76//53
f 76//54 83//54 77//54
f 83//54 84//54 77//54
f 78//55 85//55 79//55
f 85//55 86//55 79//55
f 79//56 86//56 80//56
f 86//56 87//56 80//56
f 80//57 87//57 81//57
f 87//57 88//57 81//57
f 81//58 88//58 82//58
f 88//58 89//58 82//58
f 82//59 89//59 83//59
f 89//59 90//59 83//59
f 83//60 90//60 84//60
f 90//60 91//60 84//60
f 92//61 99//61 93//61
f 99//61 100//61 93//61
f 93//62 100//62 94//62
f 100//62 101//62 94//62
f 94//63 101//63 95//63
f 101//63 102//63 95//63
f 95//64 102//64 96//64
f 102//64 103//64 96//64
f 96//65 103//65 97//65
f 103//65 104//65 97//65
f 97//66 104//66 98//66
f 104//66 105//66 98//66
f 99//67 106//67 100//67
f 106//67 107//67 100//67
f 100//68 107//68 101//68
f 107//68 108//68 101//68
f 101//69 108//69 102//69
f 108//69 109//69 102//69
f 102//70 109//70 103//70
f 109//70 110//70 103//70
f 103//71 110//71 104//71
f 110//71 111//71 104//71
f 104//72 111//72 105//72
f 111//72 112//72 105//72
f 106//73 113//73 107//73
f 113//73 114//73 107//73
f 107//74 114//74 108//74
f 114//74 115//74 108//74
f 108//75 115//75 109//75
f 115//75 116//75 109//75
f 109//76 116//76 110//76
f 116//76 117//76 110//76
f 110//77 117//77 111//77
f 117//77 118//77 111//77
f 111//78 118//78 112//78
f 118//78 119//78 112//78
f 113//79 120//79 114//79
f 120//79 121//79 114//79
f 114//80 121//80 115//80
f 121//80 122//80 115//80
f 115//81 122//81 116//81
f 122//81 123//81 116//81
f 116//82 123//82 117//82
f 123//82 124//82 117//82
f 117//83 124//83 118//83
f 124//83 125//83 118//83
f 118//84 125//84 119//84
f 125//84 126//84 119//84
f 120//85 127//85 121//85
f 127//85 128//85 121//85
f 121//86 128//86 122//86
f 128//86 129//86 122//86
f 122//87 129//87 123//87
f 129//87 130//87 123//87
f 123//88 130//88 124//88
f 130//88 131//88 124//88
f 124//89 131//89 125//89
f 131//89 132//89 125//89
f 125//90 132//90 126//90
f 132//90 133//90 126//90
f 127//91 134//91 128//91
f 134//91 135//91 128//91
f 128//92 135//92 129//92
f 135//92 136//92 129//92
f 129//93 136//93 130//93
f 136//93 137//93 130//93
f 130//94 137//94 131//94
f 137//94 138//94 131//94
f 131//95 138//95 132//95
f 138//95 139//95 132//95
f 132//96 139//96 133//96
f 139//96 140//96 133//96
f 141//97 148//97 142//97
f 148//97 149//97 142//97
f 142//97 149//97 143//97
f 149//97 150//97 143//97
f 143//97 150//97 144//97
f 150//97 151//97 144//97
f 144//97 151//97 145//97
f 151//97 152//97 145//97
f 145//97 152//97 146//97
f 152//97 153//97 146//97
f 146//97 153//97 147//97
f 153//97 154//97 147//97
f 148//97 155//97 149//97
f 155//97 156//97 149//97
f 149//97 156//97 150//97
f 156//97 157//97 150//97
f 150//97 157//97 151//97
f 157//97 158//97 151//97
f 151//97 158//97 152//97
f 158//97 159//97 152//97
f 152//97 159//97 153//97
f 159//97 160//97 153//97
f 153//97 160//97 154//97
f 160//97 161//97 154//97
f 162//98 169//98 163//98
f 169//98 170//98 163//98
f 163//98 170//98 164//98
f 170//98 171//98 164//98
f 164//98 171//98 165//98
f 171//98 172//98 165//98
f 165//98 172//98 166//98
f 172//98 173//98 166//98
f 166//98 173//98 167//98
f 173//98 174//98 167//98
f 167//98 174//98 168//98
f 174//98 175//98 168//98
f 169//98 176//98 170//98
f 176//98 177//98 170//98
f 170//98 177//98 171//98
f 177//98 178//98 171//98
f 171//98 178//98 172//98
f 178//98 179//98 172//98
f 172//98 179//98 173//98
f 179//98 180//98 173//98
f 173//98 180//98 174//98
f 180//98 181//98 174//98
f 174//98 181//98 175//98
f 181//98 182//98 175//98
o Rumpf_(Spine_01–03)
usemtl skin_2
f 183//99 190//99 184//99
f 190//99 191//99 184//99
f 184//100 191//100 185//100
f 191//100 192//100 185//100
f 185//101 192//101 186//101
f 192//101 193//101 186//101
f 186//102 193//102 187//102
f 193//102 194//102 187//102
f 187//103 194//103 188//103
f 194//103 195//103 188//103
f 188//104 195//104 189//104
f 195//104 196//104 189//104
f 190//105 197//105 191//105
f 197//105 198//105 191//105
f 191//106 198//106 192//106
f 198//106 199//106 192//106
f 192//107 199//107 193//107
f 199//107 200//107 193//107
f 193//108 200//108 194//108
f 200//108 201//108 194//108
f 194//109 201//109 195//109
f 201//109 202//109 195//109
f 195//110 202//110 196//110
f 202//110 203//110 196//110
f 197//111 204//111 198//111
f 204//111 205//111 198//111
f 198//112 205//112 199//112
f 205//112 206//112 199//112
f 199//113 206//113 200//113
f 206//113 207//113 200//113
f 200//114 207//114 201//114
f 207//114 208//114 201//114
f 201//115 208//115 202//115
f 208//115 209//115 202//115
f 202//116 209//116 203//116
f 209//116 210//116 203//116
f 211//117 218//117 212//117
f 218//117 219//117 212//117
f 212//118 219//118 213//118
f 219//118 220//118 213//118
f 213//119 220//119 214//119
f 220//119 221//119 214//119
f 214//120 221//120 215//120
f 221//120 222//120 215//120
f 215//121 222//121 216//121
f 222//121 223//121 216//121
f 216//122 223//122 217//122
f 223//122 224//122 217//122
f 218//123 225//123 219//123
f 225//123 226//123 219//123
f 219//124 226//124 220//124
f 226//124 227//124 220//124
f 220//125 227//125 221//125
f 227//125 228//125 221//125
f 221//126 228//126 222//126
f 228//126 229//126 222//126
f 222//127 229//127 223//127
f 229//127 230//127 223//127
f 223//128 230//128 224//128
f 230//128 231//128 224//128
f 225//129 232//129 226//129
f 232//129 233//129 226//129
f 226//130 233//130 227//130
f 233//130 234//130 227//130
f 227//131 234//131 228//131
f 234//131 235//131 228//131
f 228//132 235//132 229//132
f 235//132 236//132 229//132
f 229//133 236//133 230//133
f 236//133 237//133 230//133
f 230//134 237//134 231//134
f 237//134 238//134 231//134
f 239//135 242//135 240//135
f 242//135 243//135 240//135
f 240//136 243//136 241//136
f 243//136 244//136 241//136
f 242//137 245//137 243//137
f 245//137 246//137 243//137
f 243//138 246//138 244//138
f 246//138 247//138 244//138
f 245//139 248//139 246//139
f 248//139 249//139 246//139
f 246//140 249//140 247//140
f 249//140 250//140 247//140
f 248//141 251//141 249//141
f 251//141 252//141 249//141
f 249//142 252//142 250//142
f 252//142 253//142 250//142
f 251//143 254//143 252//143
f 254//143 255//143 252//143
f 252//144 255//144 253//144
f 255//144 256//144 253//144
f 254//145 257//145 255//145
f 257//145 258//145 255//145
f 255//146 258//146 256//146
f 258//146 259//146 256//146
f 260//147 263//147 261//147
f 263//147 264//147 261//147
f 261//148 264//148 262//148
f 264//148 265//148 262//148
f 263//149 266//149 264//149
f 266//149 267//149 264//149
f 264//150 267//150 265//150
f 267//150 268//150 265//150
f 266//151 269//151 267//151
f 269//151 270//151 267//151
f 267//152 270//152 268//152
f 270//152 271//152 268//152
f 269//153 272//153 270//153
f 272//153 273//153 270//153
f 270//154 273//154 271//154
f 273//154 274//154 271//154
f 272//155 275//155 273//155
f 275//155 276//155 273//155
f 273//156 276//156 274//156
f 276//156 277//156 274//156
f 275//157 278//157 276//157
f 278//157 279//157 276//157
f 276//158 279//158 277//158
f 279//158 280//158 277//158
f 281//97 284//97 282//97
f 284//97 285//97 282//97
f 282//97 285//97 283//97
f 285//97 286//97 283//97
f 284//97 287//97 285//97
f 287//97 288//97 285//97
f 285//97 288//97 286//97
f 288//97 289//97 286//97
f 287//97 290//97 288//97
f 290//97 291//97 288//97
f 288//97 291//97 289//97
f 291//97 292//97 289//97
f 293//98 296//98 294//98
f 296//98 297//98 294//98
f 294//98 297//98 295//98
f 297//98 298//98 295//98
f 296//98 299//98 297//98
f 299//98 300//98 297//98
f 297//98 300//98 298//98
f 300//98 301//98 298//98
f 299//98 302//98 300//98
f 302//98 303//98 300//98
f 300//98 303//98 301//98
f 303//98 304//98 301//98
o Prehistoric_Male_Torso_Fur_1A
usemtl hide_3
f 305//159 312//159 306//159
f 312//159 313//159 306//159
f 306//160 313//160 307//160
f 313//160 314//160 307//160
f 307//161 314//161 308//161
f 314//161 315//161 308//161
f 308//162 315//162 309//162
f 315//162 316//162 309//162
f 309//163 316//163 310//163
f 316//163 317//163 310//163
f 310//164 317//164 311//164
f 317//164 318//164 311//164
f 312//165 319//165 313//165
f 319//165 320//165 313//165
f 313//166 320//166 314//166
f 320//166 321//166 314//166
f 314//167 321//167 315//167
f 321//167 322//167 315//167
f 315//168 322//168 316//168
f 322//168 323//168 316//168
f 316//169 323//169 317//169
f 323//169 324//169 317//169
f 317//170 324//170 318//170
f 324//170 325//170 318//170
f 326//171 333//171 327//171
f 333//171 334//171 327//171
f 327//172 334//172 328//172
f 334//172 335//172 328//172
f 328//173 335//173 329//173
f 335//173 336//173 329//173
f 329//174 336//174 330//174
f 336//174 337//174 330//174
f 330//175 337//175 331//175
f 337//175 338//175 331//175
f 331//176 338//176 332//176
f 338//176 339//176 332//176
f 333//177 340//177 334//177
f 340//177 341//177 334//177
f 334//178 341//178 335//178
f 341//178 342//178 335//178
f 335//179 342//179 336//179
f 342//179 343//179 336//179
f 336//180 343//180 337//180
f 343//180 344//180 337//180
f 337//181 344//181 338//181
f 344//181 345//181 338//181
f 338//182 345//182 339//182
f 345//182 346//182 339//182
f 347//183 354//183 348//183
f 354//183 355//183 348//183
f 348//184 355//184 349//184
f 355//184 356//184 349//184
f 349//185 356//185 350//185
f 356//185 357//185 350//185
f 350//186 357//186 351//186
f 357//186 358//186 351//186
f 351//187 358//187 352//187
f 358//187 359//187 352//187
f 352//188 359//188 353//188
f 359//188 360//188 353//188
f 354//189 361//189 355//189
f 361//189 362//189 355//189
f 355//190 362//190 356//190
f 362//190 363//190 356//190
f 356//191 363//191 357//191
f 363//191 364//191 357//191
f 357//192 364//192 358//192
f 364//192 365//192 358//192
f 358//193 365//193 359//193
f 365//193 366//193 359//193
f 359//194 366//194 360//194
f 366//194 367//194 360//194
f 361//195 368//195 362//195
f 368//195 369//195 362//195
f 362//196 369//196 363//196
f 369//196 370//196 363//196
f 363//197 370//197 364//197
f 370//197 371//197 364//197
f 364//198 371//198 365//198
f 371//198 372//198 365//198
f 365//199 372//199 366//199
f 372//199 373//199 366//199
f 366//200 373//200 367//200
f 373//200 374//200 367//200
f 368//201 375//201 369//201
f 375//201 376//201 369//201
f 369//202 376//202 370//202
f 376//202 377//202 370//202
f 370//203 377//203 371//203
f 377//203 378//203 371//203
f 371//204 378//204 372//204
f 378//204 379//204 372//204
f 372//205 379//205 373//205
f 379//205 380//205 373//205
f 373//206 380//206 374//206
f 380//206 381//206 374//206
f 375//207 382//207 376//207
f 382//207 383//207 376//207
f 376//208 383//208 377//208
f 383//208 384//208 377//208
f 377//209 384//209 378//209
f 384//209 385//209 378//209
f 378//210 385//210 379//210
f 385//210 386//210 379//210
f 379//211 386//211 380//211
f 386//211 387//211 380//211
f 380//212 387//212 381//212
f 387//212 388//212 381//212
f 382//213 389//213 383//213
f 389//213 390//213 383//213
f 383//214 390//214 384//214
f 390//214 391//214 384//214
f 384//215 391//215 385//215
f 391//215 392//215 385//215
f 385//216 392//216 386//216
f 392//216 393//216 386//216
f 386//217 393//217 387//217
f 393//217 394//217 387//217
f 387//218 394//218 388//218
f 394//218 395//218 388//218
f 396//219 403//219 397//219
f 403//219 404//219 397//219
f 397//220 404//220 398//220
f 404//220 405//220 398//220
f 398//221 405//221 399//221
f 405//221 406//221 399//221
f 399//222 406//222 400//222
f 406//222 407//222 400//222
f 400//223 407//223 401//223
f 407//223 408//223 401//223
f 401//224 408//224 402//224
f 408//224 409//224 402//224
f 403//225 410//225 404//225
f 410//225 411//225 404//225
f 404//226 411//226 405//226
f 411//226 412//226 405//226
f 405//227 412//227 406//227
f 412//227 413//227 406//227
f 406//228 413//228 407//228
f 413//228 414//228 407//228
f 407//229 414//229 408//229
f 414//229 415//229 408//229
f 408//230 415//230 409//230
f 415//230 416//230 409//230
f 410//231 417//231 411//231
f 417//231 418//231 411//231
f 411//232 418//232 412//232
f 418//232 419//232 412//232
f 412//233 419//233 413//233
f 419//233 420//233 413//233
f 413//234 420//234 414//234
f 420//234 421//234 414//234
f 414//235 421//235 415//235
f 421//235 422//235 415//235
f 415//236 422//236 416//236
f 422//236 423//236 416//236
f 417//237 424//237 418//237
f 424//237 425//237 418//237
f 418//238 425//238 419//238
f 425//238 426//238 419//238
f 419//239 426//239 420//239
f 426//239 427//239 420//239
f 420//240 427//240 421//240
f 427//240 428//240 421//240
f 421//241 428//241 422//241
f 428//241 429//241 422//241
f 422//242 429//242 423//242
f 429//242 430//242 423//242
f 424//243 431//243 425//243
f 431//243 432//243 425//243
f 425//244 432//244 426//244
f 432//244 433//244 426//244
f 426//245 433//245 427//245
f 433//245 434//245 427//245
f 427//246 434//246 428//246
f 434//246 435//246 428//246
f 428//247 435//247 429//247
f 435//247 436//247 429//247
f 429//248 436//248 430//248
f 436//248 437//248 430//248
f 431//249 438//249 432//249
f 438//249 439//249 432//249
f 432//250 439//250 433//250
f 439//250 440//250 433//250
f 433//251 440//251 434//251
f 440//251 441//251 434//251
f 434//252 441//252 435//252
f 441//252 442//252 435//252
f 435//253 442//253 436//253
f 442//253 443//253 436//253
f 436//254 443//254 437//254
f 443//254 444//254 437//254
f 445//97 452//97 446//97
f 452//97 453//97 446//97
f 446//97 453//97 447//97
f 453//97 454//97 447//97
f 447//97 454//97 448//97
f 454//97 455//97 448//97
f 448//97 455//97 449//97
f 455//97 456//97 449//97
f 449//97 456//97 450//97
f 456//97 457//97 450//97
f 450//97 457//97 451//97
f 457//97 458//97 451//97
f 452//97 459//97 453//97
f 459//97 460//97 453//97
f 453//97 460//97 454//97
f 460//97 461//97 454//97
f 454//97 461//97 455//97
f 461//97 462//97 455//97
f 455//97 462//97 456//97
f 462//97 463//97 456//97
f 456//97 463//97 457//97
f 463//97 464//97 457//97
f 457//97 464//97 458//97
f 464//97 465//97 458//97
f 466//98 473//98 467//98
f 473//98 474//98 467//98
f 467//98 474//98 468//98
f 474//98 475//98 468//98
f 468//98 475//98 469//98
f 475//98 476//98 469//98
f 469//98 476//98 470//98
f 476//98 477//98 470//98
f 470//98 477//98 471//98
f 477//98 478//98 471//98
f 471//98 478//98 472//98
f 478//98 479//98 472//98
f 473//98 480//98 474//98
f 480//98 481//98 474//98
f 474//98 481//98 475//98
f 481//98 482//98 475//98
f 475//98 482//98 476//98
f 482//98 483//98 476//98
f 476//98 483//98 477//98
f 483//98 484//98 477//98
f 477//98 484//98 478//98
f 484//98 485//98 478//98
f 478//98 485//98 479//98
f 485//98 486//98 479//98
o Brust_/_Clavicle
usemtl skin_2
f 487//255 494//255 488//255
f 494//255 495//255 488//255
f 488//256 495//256 489//256
f 495//256 496//256 489//256
f 489//257 496//257 490//257
f 496//257 497//257 490//257
f 490//258 497//258 491//258
f 497//258 498//258 491//258
f 491//259 498//259 492//259
f 498//259 499//259 492//259
f 492//260 499//260 493//260
f 499//260 500//260 493//260
f 494//261 501//261 495//261
f 501//261 502//261 495//261
f 495//262 502//262 496//262
f 502//262 503//262 496//262
f 496//263 503//263 497//263
f 503//263 504//263 497//263
f 497//264 504//264 498//264
f 504//264 505//264 498//264
f 498//265 505//265 499//265
f 505//265 506//265 499//265
f 499//266 506//266 500//266
f 506//266 507//266 500//266
f 501//267 508//267 502//267
f 508//267 509//267 502//267
f 502//268 509//268 503//268
f 509//268 510//268 503//268
f 503//269 510//269 504//269
f 510//270 511//270 504//270
f 504//271 511//271 505//271
f 511//272 512//272 505//272
f 505//273 512//273 506//273
f 512//273 513//273 506//273
f 506//274 513//274 507//274
f 513//274 514//274 507//274
f 508//275 515//275 509//275
f 515//275 516//275 509//275
f 509//276 516//276 510//276
f 516//276 517//276 510//276
f 510//277 517//277 511//277
f 517//278 518//278 511//278
f 511//279 518//279 512//279
f 518//280 519//280 512//280
f 512//281 519//281 513//281
f 519//281 520//281 513//281
f 513//282 520//282 514//282
f 520//282 521//282 514//282
f 515//283 522//283 516//283
f 522//283 523//283 516//283
f 516//284 523//284 517//284
f 523//284 524//284 517//284
f 517//285 524//285 518//285
f 524//285 525//285 518//285
f 518//286 525//286 519//286
f 525//286 526//286 519//286
f 519//287 526//287 520//287
f 526//287 527//287 520//287
f 520//288 527//288 521//288
f 527//288 528//288 521//288
f 522//289 529//289 523//289
f 529//289 530//289 523//289
f 523//290 530//290 524//290
f 530//290 531//290 524//290
f 524//291 531//291 525//291
f 531//291 532//291 525//291
f 525//292 532//292 526//292
f 532//292 533//292 526//292
f 526//293 533//293 527//293
f 533//293 534//293 527//293
f 527//294 534//294 528//294
f 534//294 535//294 528//294
f 536//295 543//295 537//295
f 543//295 544//295 537//295
f 537//296 544//296 538//296
f 544//296 545//296 538//296
f 538//297 545//297 539//297
f 545//297 546//297 539//297
f 539//298 546//298 540//298
f 546//298 547//298 540//298
f 540//299 547//299 541//299
f 547//299 548//299 541//299
f 541//300 548//300 542//300
f 548//300 549//300 542//300
f 543//301 550//301 544//301
f 550//301 551//301 544//301
f 544//302 551//302 545//302
f 551//302 552//302 545//302
f 545//303 552//303 546//303
f 552//303 553//303 546//303
f 546//304 553//304 547//304
f 553//304 554//304 547//304
f 547//305 554//305 548//305
f 554//305 555//305 548//305
f 548//306 555//306 549//306
f 555//306 556//306 549//306
f 550//307 557//307 551//307
f 557//307 558//307 551//307
f 551//308 558//308 552//308
f 558//308 559//308 552//308
f 552//309 559//309 553//309
f 559//310 560//310 553//310
f 553//311 560//311 554//311
f 560//312 561//312 554//312
f 554//313 561//313 555//313
f 561//313 562//313 555//313
f 555//314 562//314 556//314
f 562//314 563//314 556//314
f 557//315 564//315 558//315
f 564//315 565//315 558//315
f 558//316 565//316 559//316
f 565//316 566//316 559//316
f 559//317 566//317 560//317
f 566//318 567//318 560//318
f 560//319 567//319 561//319
f 567//320 568//320 561//320
f 561//321 568//321 562//321
f 568//321 569//321 562//321
f 562//322 569//322 563//322
f 569//322 570//322 563//322
f 564//323 571//323 565//323
f 571//323 572//323 565//323
f 565//324 572//324 566//324
f 572//324 573//324 566//324
f 566//325 573//325 567//325
f 573//325 574//325 567//325
f 567//326 574//326 568//326
f 574//326 575//326 568//326
f 568//327 575//327 569//327
f 575//327 576//327 569//327
f 569//328 576//328 570//328
f 576//328 577//328 570//328
f 571//329 578//329 572//329
f 578//329 579//329 572//329
f 572//330 579//330 573//330
f 579//330 580//330 573//330
f 573//331 580//331 574//331
f 580//331 581//331 574//331
f 574//332 581//332 575//332
f 581//332 582//332 575//332
f 575//333 582//333 576//333
f 582//333 583//333 576//333
f 576//334 583//334 577//334
f 583//334 584//334 577//334
f 585//335 592//335 586//335
f 592//335 593//335 586//335
f 586//336 593//336 587//336
f 593//336 594//336 587//336
f 587//337 594//337 588//337
f 594//337 595//337 588//337
f 588//338 595//338 589//338
f 595//338 596//338 589//338
f 589//339 596//339 590//339
f 596//339 597//339 590//339
f 590//340 597//340 591//340
f 597//340 598//340 591//340
f 592//341 599//341 593//341
f 599//341 600//341 593//341
f 593//342 600//342 594//342
f 600//342 601//342 594//342
f 594//343 601//343 595//343
f 601//343 602//343 595//343
f 595//344 602//344 596//344
f 602//344 603//344 596//344
f 596//345 603//345 597//345
f 603//345 604//345 597//345
f 597//346 604//346 598//346
f 604//346 605//346 598//346
f 599//347 606//347 600//347
f 606//347 607//347 600//347
f 600//348 607//348 601//348
f 607//348 608//348 601//348
f 601//349 608//349 602//349
f 608//349 609//349 602//349
f 602//350 609//350 603//350
f 609//350 610//350 603//350
f 603//351 610//351 604//351
f 610//351 611//351 604//351
f 604//352 611//352 605//352
f 611//352 612//352 605//352
f 606//353 613//353 607//353
f 613//353 614//353 607//353
f 607//354 614//354 608//354
f 614//354 615//354 608//354
f 608//355 615//355 609//355
f 615//355 616//355 609//355
f 609//356 616//356 610//356
f 616//356 617//356 610//356
f 610//357 617//357 611//357
f 617//357 618//357 611//357
f 611//358 618//358 612//358
f 618//358 619//358 612//358
f 613//359 620//359 614//359
f 620//359 621//359 614//359
f 614//360 621//360 615//360
f 621//360 622//360 615//360
f 615//361 622//361 616//361
f 622//361 623//361 616//361
f 616//362 623//362 617//362
f 623//362 624//362 617//362
f 617//363 624//363 618//363
f 624//363 625//363 618//363
f 618//364 625//364 619//364
f 625//364 626//364 619//364
f 620//365 627//365 621//365
f 627//365 628//365 621//365
f 621//366 628//366 622//366
f 628//366 629//366 622//366
f 622//367 629//367 623//367
f 629//367 630//367 623//367
f 623//368 630//368 624//368
f 630//368 631//368 624//368
f 624//369 631//369 625//369
f 631//369 632//369 625//369
f 625//370 632//370 626//370
f 632//370 633//370 626//370
f 634//371 641//371 635//371
f 641//371 642//371 635//371
f 635//372 642//372 636//372
f 642//372 643//372 636//372
f 636//373 643//373 637//373
f 643//373 644//373 637//373
f 637//374 644//374 638//374
f 644//374 645//374 638//374
f 638//375 645//375 639//375
f 645//375 646//375 639//375
f 639//376 646//376 640//376
f 646//376 647//376 640//376
f 641//377 648//377 642//377
f 648//377 649//377 642//377
f 642//378 649//378 643//378
f 649//378 650//378 643//378
f 643//379 650//379 644//379
f 650//379 651//379 644//379
f 644//380 651//380 645//380
f 651//380 652//380 645//380
f 645//381 652//381 646//381
f 652//381 653//381 646//381
f 646//382 653//382 647//382
f 653//382 654//382 647//382
f 648//383 655//383 649//383
f 655//383 656//383 649//383
f 649//384 656//384 650//384
f 656//384 657//384 650//384
f 650//385 657//385 651//385
f 657//385 658//385 651//385
f 651//386 658//386 652//386
f 658//386 659//386 652//386
f 652//387 659//387 653//387
f 659//387 660//387 653//387
f 653//388 660//388 654//388
f 660//388 661//388 654//388
f 655//389 662//389 656//389
f 662//389 663//389 656//389
f 656//390 663//390 657//390
f 663//390 664//390 657//390
f 657//391 664//391 658//391
f 664//391 665//391 658//391
f 658//392 665//392 659//392
f 665//392 666//392 659//392
f 659//393 666//393 660//393
f 666//393 667//393 660//393
f 660//394 667//394 661//394
f 667//394 668//394 661//394
f 662//395 669//395 663//395
f 669//395 670//395 663//395
f 663//396 670//396 664//396
f 670//396 671//396 664//396
f 664//397 671//397 665//397
f 671//397 672//397 665//397
f 665//398 672//398 666//398
f 672//398 673//398 666//398
f 666//399 673//399 667//399
f 673//399 674//399 667//399
f 667//400 674//400 668//400
f 674//400 675//400 668//400
f 669//401 676//401 670//401
f 676//401 677//401 670//401
f 670//402 677//402 671//402
f 677//402 678//402 671//402
f 671//403 678//403 672//403
f 678//403 679//403 672//403
f 672//404 679//404 673//404
f 679//404 680//404 673//404
f 673//405 680//405 674//405
f 680//405 681//405 674//405
f 674//406 681//406 675//406
f 681//406 682//406 675//406
f 683//97 690//97 684//97
f 690//97 691//97 684//97
f 684//97 691//97 685//97
f 691//97 692//97 685//97
f 685//97 692//97 686//97
f 692//97 693//97 686//97
f 686//97 693//97 687//97
f 693//97 694//97 687//97
f 687//97 694//97 688//97
f 694//97 695//97 688//97
f 688//97 695//97 689//97
f 695//97 696//97 689//97
f 690//97 697//97 691//97
f 697//97 698//97 691//97
f 691//97 698//97 692//97
f 698//97 699//97 692//97
f 692//97 699//97 693//97
f 699//97 700//97 693//97
f 693//97 700//97 694//97
f 700//97 701//97 694//97
f 694//97 701//97 695//97
f 701//97 702//97 695//97
f 695//97 702//97 696//97
f 702//97 703//97 696//97
f 697//97 704//97 698//97
f 704//97 705//97 698//97
f 698//97 705//97 699//97
f 705//97 706//97 699//97
f 699//97 706//97 700//97
f 706//97 707//97 700//97
f 700//97 707//97 701//97
f 707//97 708//97 701//97
f 701//97 708//97 702//97
f 708//97 709//97 702//97
f 702//97 709//97 703//97
f 709//97 710//97 703//97
f 704//97 711//97 705//97
f 711//97 712//97 705//97
f 705//97 712//97 706//97
f 712//97 713//97 706//97
f 706//97 713//97 707//97
f 713//97 714//97 707//97
f 707//97 714//97 708//97
f 714//97 715//97 708//97
f 708//97 715//97 709//97
f 715//97 716//97 709//97
f 709//97 716//97 710//97
f 716//97 717//97 710//97
f 711//97 718//97 712//97
f 718//97 719//97 712//97
f 712//97 719//97 713//97
f 719//97 720//97 713//97
f 713//97 720//97 714//97
f 720//97 721//97 714//97
f 714//97 721//97 715//97
f 721//97 722//97 715//97
f 715//97 722//97 716//97
f 722//97 723//97 716//97
f 716//97 723//97 717//97
f 723//97 724//97 717//97
f 718//97 725//97 719//97
f 725//97 726//97 719//97
f 719//97 726//97 720//97
f 726//97 727//97 720//97
f 720//97 727//97 721//97
f 727//97 728//97 721//97
f 721//97 728//97 722//97
f 728//97 729//97 722//97
f 722//97 729//97 723//97
f 729//97 730//97 723//97
f 723//97 730//97 724//97
f 730//97 731//97 724//97
f 732//98 739//98 733//98
f 739//98 740//98 733//98
f 733//98 740//98 734//98
f 740//98 741//98 734//98
f 734//98 741//98 735//98
f 741//98 742//98 735//98
f 735//98 742//98 736//98
f 742//98 743//98 736//98
f 736//98 743//98 737//98
f 743//98 744//98 737//98
f 737//98 744//98 738//98
f 744//98 745//98 738//98
f 739//98 746//98 740//98
f 746//98 747//98 740//98
f 740//98 747//98 741//98
f 747//98 748//98 741//98
f 741//98 748//98 742//98
f 748//98 749//98 742//98
f 742//98 749//98 743//98
f 749//98 750//98 743//98
f 743//98 750//98 744//98
f 750//98 751//98 744//98
f 744//98 751//98 745//98
f 751//98 752//98 745//98
f 746//98 753//98 747//98
f 753//98 754//98 747//98
f 747//98 754//98 748//98
f 754//98 755//98 748//98
f 748//98 755//98 749//98
f 755//98 756//98 749//98
f 749//98 756//98 750//98
f 756//98 757//98 750//98
f 750//98 757//98 751//98
f 757//98 758//98 751//98
f 751//98 758//98 752//98
f 758//98 759//98 752//98
f 753//98 760//98 754//98
f 760//98 761//98 754//98
f 754//98 761//98 755//98
f 761//98 762//98 755//98
f 755//98 762//98 756//98
f 762//98 763//98 756//98
f 756//98 763//98 757//98
f 763//98 764//98 757//98
f 757//98 764//98 758//98
f 764//98 765//98 758//98
f 758//98 765//98 759//98
f 765//98 766//98 759//98
f 760//98 767//98 761//98
f 767//98 768//98 761//98
f 761//98 768//98 762//98
f 768//98 769//98 762//98
f 762//98 769//98 763//98
f 769//98 770//98 763//98
f 763//98 770//98 764//98
f 770//98 771//98 764//98
f 764//98 771//98 765//98
f 771//98 772//98 765//98
f 765//98 772//98 766//98
f 772//98 773//98 766//98
f 767//98 774//98 768//98
f 774//98 775//98 768//98
f 768//98 775//98 769//98
f 775//98 776//98 769//98
f 769//98 776//98 770//98
f 776//98 777//98 770//98
f 770//98 777//98 771//98
f 777//98 778//98 771//98
f 771//98 778//98 772//98
f 778//98 779//98 772//98
f 772//98 779//98 773//98
f 779//98 780//98 773//98
o Neck
usemtl skin_1
f 781//407 788//407 782//407
f 788//407 789//407 782//407
f 782//408 789//408 783//408
f 789//408 790//408 783//408
f 783//409 790//409 784//409
f 790//409 791//409 784//409
f 784//410 791//410 785//410
f 791//410 792//410 785//410
f 785//411 792//411 786//411
f 792//411 793//411 786//411
f 786//412 793//412 787//412
f 793//412 794//412 787//412
f 788//413 795//413 789//413
f 795//413 796//413 789//413
f 789//414 796//414 790//414
f 796//414 797//414 790//414
f 790//415 797//415 791//415
f 797//416 798//416 791//416
f 791//417 798//417 792//417
f 798//418 799//418 792//418
f 792//419 799//419 793//419
f 799//419 800//419 793//419
f 793//420 800//420 794//420
f 800//420 801//420 794//420
f 795//421 802//421 796//421
f 802//421 803//421 796//421
f 796//422 803//422 797//422
f 803//422 804//422 797//422
f 797//423 804//423 798//423
f 804//423 805//423 798//423
f 798//424 805//424 799//424
f 805//424 806//424 799//424
f 799//425 806//425 800//425
f 806//425 807//425 800//425
f 800//426 807//426 801//426
f 807//426 808//426 801//426
f 802//427 809//427 803//427
f 809//427 810//427 803//427
f 803//428 810//428 804//428
f 810//428 811//428 804//428
f 804//429 811//429 805//429
f 811//429 812//429 805//429
f 805//430 812//430 806//430
f 812//430 813//430 806//430
f 806//431 813//431 807//431
f 813//431 814//431 807//431
f 807//432 814//432 808//432
f 814//432 815//432 808//432
f 809//433 816//433 810//433
f 816//433 817//433 810//433
f 810//434 817//434 811//434
f 817//434 818//434 811//434
f 811//435 818//435 812//435
f 818//436 819//436 812//436
f 812//437 819//437 813//437
f 819//438 820//438 813//438
f 813//439 820//439 814//439
f 820//439 821//439 814//439
f 814//440 821//440 815//440
f 821//440 822//440 815//440
f 816//441 823//441 817//441
f 823//441 824//441 817//441
f 817//442 824//442 818//442
f 824//442 825//442 818//442
f 818//443 825//443 819//443
f 825//443 826//443 819//443
f 819//444 826//444 820//444
f 826//444 827//444 820//444
f 820//445 827//445 821//445
f 827//445 828//445 821//445
f 821//446 828//446 822//446
f 828//446 829//446 822//446
f 830//447 837//447 831//447
f 837//447 838//447 831//447
f 831//448 838//448 832//448
f 838//448 839//448 832//448
f 832//449 839//449 833//449
f 839//449 840//449 833//449
f 833//450 840//450 834//450
f 840//450 841//450 834//450
f 834//451 841//451 835//451
f 841//451 842//451 835//451
f 835//452 842//452 836//452
f 842//452 843//452 836//452
f 837//453 844//453 838//453
f 844//453 845//453 838//453
f 838//454 845//454 839//454
f 845//454 846//454 839//454
f 839//455 846//455 840//455
f 846//456 847//456 840//456
f 840//457 847//457 841//457
f 847//458 848//458 841//458
f 841//459 848//459 842//459
f 848//459 849//459 842//459
f 842//460 849//460 843//460
f 849//460 850//460 843//460
f 844//461 851//461 845//461
f 851//461 852//461 845//461
f 845//462 852//462 846//462
f 852//462 853//462 846//462
f 846//463 853//463 847//463
f 853//463 854//463 847//463
f 847//464 854//464 848//464
f 854//464 855//464 848//464
f 848//465 855//465 849//465
f 855//465 856//465 849//465
f 849//466 856//466 850//466
f 856//466 857//466 850//466
f 851//467 858//467 852//467
f 858//467 859//467 852//467
f 852//468 859//468 853//468
f 859//468 860//468 853//468
f 853//469 860//469 854//469
f 860//469 861//469 854//469
f 854//470 861//470 855//470
f 861//470 862//470 855//470
f 855//471 862//471 856//471
f 862//471 863//471 856//471
f 856//472 863//472 857//472
f 863//472 864//472 857//472
f 858//473 865//473 859//473
f 865//473 866//473 859//473
f 859//474 866//474 860//474
f 866//474 867//474 860//474
f 860//475 867//475 861//475
f 867//476 868//476 861//476
f 861//477 868//477 862//477
f 868//478 869//478 862//478
f 862//479 869//479 863//479
f 869//479 870//479 863//479
f 863//480 870//480 864//480
f 870//480 871//480 864//480
f 865//481 872//481 866//481
f 872//481 873//481 866//481
f 866//482 873//482 867//482
f 873//482 874//482 867//482
f 867//483 874//483 868//483
f 874//483 875//483 868//483
f 868//484 875//484 869//484
f 875//484 876//484 869//484
f 869//485 876//485 870//485
f 876//485 877//485 870//485
f 870//486 877//486 871//486
f 877//486 878//486 871//486
f 879//487 886//487 880//487
f 886//487 887//487 880//487
f 880//488 887//488 881//488
f 887//488 888//488 881//488
f 881//489 888//489 882//489
f 888//489 889//489 882//489
f 882//490 889//490 883//490
f 889//490 890//490 883//490
f 883//491 890//491 884//491
f 890//491 891//491 884//491
f 884//492 891//492 885//492
f 891//492 892//492 885//492
f 886//493 893//493 887//493
f 893//493 894//493 887//493
f 887//494 894//494 888//494
f 894//494 895//494 888//494
f 888//495 895//495 889//495
f 895//495 896//495 889//495
f 889//496 896//496 890//496
f 896//496 897//496 890//496
f 890//497 897//497 891//497
f 897//497 898//497 891//497
f 891//498 898//498 892//498
f 898//498 899//498 892//498
f 893//499 900//499 894//499
f 900//499 901//499 894//499
f 894//500 901//500 895//500
f 901//500 902//500 895//500
f 895//501 902//501 896//501
f 902//501 903//501 896//501
f 896//502 903//502 897//502
f 903//502 904//502 897//502
f 897//503 904//503 898//503
f 904//503 905//503 898//503
f 898//504 905//504 899//504
f 905//504 906//504 899//504
f 900//505 907//505 901//505
f 907//505 908//505 901//505
f 901//506 908//506 902//506
f 908//506 909//506 902//506
f 902//507 909//507 903//507
f 909//507 910//507 903//507
f 903//508 910//508 904//508
f 910//508 911//508 904//508
f 904//509 911//509 905//509
f 911//509 912//509 905//509
f 905//510 912//510 906//510
f 912//510 913//510 906//510
f 907//511 914//511 908//511
f 914//511 915//511 908//511
f 908//512 915//512 909//512
f 915//512 916//512 909//512
f 909//513 916//513 910//513
f 916//513 917//513 910//513
f 910//514 917//514 911//514
f 917//514 918//514 911//514
f 911//515 918//515 912//515
f 918//515 919//515 912//515
f 912//516 919//516 913//516
f 919//516 920//516 913//516
f 914//517 921//517 915//517
f 921//517 922//517 915//517
f 915//518 922//518 916//518
f 922//518 923//518 916//518
f 916//519 923//519 917//519
f 923//519 924//519 917//519
f 917//520 924//520 918//520
f 924//520 925//520 918//520
f 918//521 925//521 919//521
f 925//521 926//521 919//521
f 919//522 926//522 920//522
f 926//522 927//522 920//522
f 928//523 935//523 929//523
f 935//523 936//523 929//523
f 929//524 936//524 930//524
f 936//524 937//524 930//524
f 930//525 937//525 931//525
f 937//525 938//525 931//525
f 931//526 938//526 932//526
f 938//526 939//526 932//526
f 932//527 939//527 933//527
f 939//527 940//527 933//527
f 933//528 940//528 934//528
f 940//528 941//528 934//528
f 935//529 942//529 936//529
f 942//529 943//529 936//529
f 936//530 943//530 937//530
f 943//530 944//530 937//530
f 937//531 944//531 938//531
f 944//531 945//531 938//531
f 938//532 945//532 939//532
f 945//532 946//532 939//532
f 939//533 946//533 940//533
f 946//533 947//533 940//533
f 940//534 947//534 941//534
f 947//534 948//534 941//534
f 942//535 949//535 943//535
f 949//535 950//535 943//535
f 943//536 950//536 944//536
f 950//536 951//536 944//536
f 944//537 951//537 945//537
f 951//537 952//537 945//537
f 945//538 952//538 946//538
f 952//538 953//538 946//538
f 946//539 953//539 947//539
f 953//539 954//539 947//539
f 947//540 954//540 948//540
f 954//540 955//540 948//540
f 949//541 956//541 950//541
f 956//541 957//541 950//541
f 950//542 957//542 951//542
f 957//542 958//542 951//542
f 951//543 958//543 952//543
f 958//543 959//543 952//543
f 952//544 959//544 953//544
f 959//544 960//544 953//544
f 953//545 960//545 954//545
f 960//545 961//545 954//545
f 954//546 961//546 955//546
f 961//546 962//546 955//546
f 956//547 963//547 957//547
f 963//547 964//547 957//547
f 957//548 964//548 958//548
f 964//548 965//548 958//548
f 958//549 965//549 959//549
f 965//549 966//549 959//549
f 959//550 966//550 960//550
f 966//550 967//550 960//550
f 960//551 967//551 961//551
f 967//551 968//551 961//551
f 961//552 968//552 962//552
f 968//552 969//552 962//552
f 963//553 970//553 964//553
f 970//553 971//553 964//553
f 964//554 971//554 965//554
f 971//554 972//554 965//554
f 965//555 972//555 966//555
f 972//555 973//555 966//555
f 966//556 973//556 967//556
f 973//556 974//556 967//556
f 967//557 974//557 968//557
f 974//557 975//557 968//557
f 968//558 975//558 969//558
f 975//558 976//558 969//558
f 977//97 984//97 978//97
f 984//97 985//97 978//97
f 978//97 985//97 979//97
f 985//97 986//97 979//97
f 979//97 986//97 980//97
f 986//97 987//97 980//97
f 980//97 987//97 981//97
f 987//97 988//97 981//97
f 981//97 988//97 982//97
f 988//97 989//97 982//97
f 982//97 989//97 983//97
f 989//97 990//97 983//97
f 984//97 991//97 985//97
f 991//97 992//97 985//97
f 985//97 992//97 986//97
f 992//97 993//97 986//97
f 986//97 993//97 987//97
f 993//97 994//97 987//97
f 987//97 994//97 988//97
f 994//97 995//97 988//97
f 988//97 995//97 989//97
f 995//97 996//97 989//97
f 989//97 996//97 990//97
f 996//97 997//97 990//97
f 991//97 998//97 992//97
f 998//97 999//97 992//97
f 992//97 999//97 993//97
f 999//97 1000//97 993//97
f 993//97 1000//97 994//97
f 1000//97 1001//97 994//97
f 994//97 1001//97 995//97
f 1001//97 1002//97 995//97
f 995//97 1002//97 996//97
f 1002//97 1003//97 996//97
f 996//97 1003//97 997//97
f 1003//97 1004//97 997//97
f 998//97 1005//97 999//97
f 1005//97 1006//97 999//97
f 999//97 1006//97 1000//97
f 1006//97 1007//97 1000//97
f 1000//97 1007//97 1001//97
f 1007//97 1008//97 1001//97
f 1001//97 1008//97 1002//97
f 1008//97 1009//97 1002//97
f 1002//97 1009//97 1003//97
f 1009//97 1010//97 1003//97
f 1003//97 1010//97 1004//97
f 1010//97 1011//97 1004//97
f 1005//97 1012//97 1006//97
f 1012//97 1013//97 1006//97
f 1006//97 1013//97 1007//97
f 1013//97 1014//97 1007//97
f 1007//97 1014//97 1008//97
f 1014//97 1015//97 1008//97
f 1008//97 1015//97 1009//97
f 1015//97 1016//97 1009//97
f 1009//97 1016//97 1010//97
f 1016//97 1017//97 1010//97
f 1010//97 1017//97 1011//97
f 1017//97 1018//97 1011//97
f 1012//97 1019//97 1013//97
f 1019//97 1020//97 1013//97
f 1013//97 1020//97 1014//97
f 1020//97 1021//97 1014//97
f 1014//97 1021//97 1015//97
f 1021//97 1022//97 1015//97
f 1015//97 1022//97 1016//97
f 1022//97 1023//97 1016//97
f 1016//97 1023//97 1017//97
f 1023//97 1024//97 1017//97
f 1017//97 1024//97 1018//97
f 1024//97 1025//97 1018//97
f 1026//98 1033//98 1027//98
f 1033//98 1034//98 1027//98
f 1027//98 1034//98 1028//98
f 1034//98 1035//98 1028//98
f 1028//98 1035//98 1029//98
f 1035//98 1036//98 1029//98
f 1029//98 1036//98 1030//98
f 1036//98 1037//98 1030//98
f 1030//98 1037//98 1031//98
f 1037//98 1038//98 1031//98
f 1031//98 1038//98 1032//98
f 1038//98 1039//98 1032//98
f 1033//98 1040//98 1034//98
f 1040//98 1041//98 1034//98
f 1034//98 1041//98 1035//98
f 1041//98 1042//98 1035//98
f 1035//98 1042//98 1036//98
f 1042//98 1043//98 1036//98
f 1036//98 1043//98 1037//98
f 1043//98 1044//98 1037//98
f 1037//98 1044//98 1038//98
f 1044//98 1045//98 1038//98
f 1038//98 1045//98 1039//98
f 1045//98 1046//98 1039//98
f 1040//98 1047//98 1041//98
f 1047//98 1048//98 1041//98
f 1041//98 1048//98 1042//98
f 1048//98 1049//98 1042//98
f 1042//98 1049//98 1043//98
f 1049//98 1050//98 1043//98
f 1043//98 1050//98 1044//98
f 1050//98 1051//98 1044//98
f 1044//98 1051//98 1045//98
f 1051//98 1052//98 1045//98
f 1045//98 1052//98 1046//98
f 1052//98 1053//98 1046//98
f 1047//98 1054//98 1048//98
f 1054//98 1055//98 1048//98
f 1048//98 1055//98 1049//98
f 1055//98 1056//98 1049//98
f 1049//98 1056//98 1050//98
f 1056//98 1057//98 1050//98
f 1050//98 1057//98 1051//98
f 1057//98 1058//98 1051//98
f 1051//98 1058//98 1052//98
f 1058//98 1059//98 1052//98
f 1052//98 1059//98 1053//98
f 1059//98 1060//98 1053//98
f 1054//98 1061//98 1055//98
f 1061//98 1062//98 1055//98
f 1055//98 1062//98 1056//98
f 1062//98 1063//98 1056//98
f 1056//98 1063//98 1057//98
f 1063//98 1064//98 1057//98
f 1057//98 1064//98 1058//98
f 1064//98 1065//98 1058//98
f 1058//98 1065//98 1059//98
f 1065//98 1066//98 1059//98
f 1059//98 1066//98 1060//98
f 1066//98 1067//98 1060//98
f 1061//98 1068//98 1062//98
f 1068//98 1069//98 1062//98
f 1062//98 1069//98 1063//98
f 1069//98 1070//98 1063//98
f 1063//98 1070//98 1064//98
f 1070//98 1071//98 1064//98
f 1064//98 1071//98 1065//98
f 1071//98 1072//98 1065//98
f 1065//98 1072//98 1066//98
f 1072//98 1073//98 1066//98
f 1066//98 1073//98 1067//98
f 1073//98 1074//98 1067//98
o Head
usemtl skin_1
f 1075//559 1082//559 1076//559
f 1082//559 1083//559 1076//559
f 1076//560 1083//560 1077//560
f 1083//560 1084//560 1077//560
f 1077//561 1084//561 1078//561
f 1084//561 1085//561 1078//561
f 1078//562 1085//562 1079//562
f 1085//562 1086//562 1079//562
f 1079//563 1086//563 1080//563
f 1086//563 1087//563 1080//563
f 1080//564 1087//564 1081//564
f 1087//564 1088//564 1081//564
f 1082//565 1089//565 1083//565
f 1089//565 1090//565 1083//565
f 1083//566 1090//566 1084//566
f 1090//566 1091//566 1084//566
f 1084//567 1091//567 1085//567
f 1091//567 1092//567 1085//567
f 1085//568 1092//568 1086//568
f 1092//568 1093//568 1086//568
f 1086//569 1093//569 1087//569
f 1093//569 1094//569 1087//569
f 1087//570 1094//570 1088//570
f 1094//570 1095//570 1088//570
f 1096//571 1103//571 1097//571
f 1103//571 1104//571 1097//571
f 1097//572 1104//572 1098//572
f 1104//572 1105//572 1098//572
f 1098//573 1105//573 1099//573
f 1105//573 1106//573 1099//573
f 1099//574 1106//574 1100//574
f 1106//574 1107//574 1100//574
f 1100//575 1107//575 1101//575
f 1107//575 1108//575 1101//575
f 1101//576 1108//576 1102//576
f 1108//576 1109//576 1102//576
f 1103//577 1110//577 1104//577
f 1110//577 1111//577 1104//577
f 1104//578 1111//578 1105//578
f 1111//578 1112//578 1105//578
f 1105//579 1112//579 1106//579
f 1112//579 1113//579 1106//579
f 1106//580 1113//580 1107//580
f 1113//580 1114//580 1107//580
f 1107//581 1114//581 1108//581
f 1114//581 1115//581 1108//581
f 1108//582 1115//582 1109//582
f 1115//582 1116//582 1109//582
f 1117//583 1120//583 1118//583
f 1120//583 1121//583 1118//583
f 1118//584 1121//584 1119//584
f 1121//584 1122//584 1119//584
f 1120//585 1123//585 1121//585
f 1123//585 1124//585 1121//585
f 1121//586 1124//586 1122//586
f 1124//586 1125//586 1122//586
f 1123//587 1126//587 1124//587
f 1126//587 1127//587 1124//587
f 1124//588 1127//588 1125//588
f 1127//588 1128//588 1125//588
f 1126//589 1129//589 1127//589
f 1129//589 1130//589 1127//589
f 1127//590 1130//590 1128//590
f 1130//590 1131//590 1128//590
f 1129//591 1132//591 1130//591
f 1132//591 1133//591 1130//591
f 1130//592 1133//592 1131//592
f 1133//592 1134//592 1131//592
f 1132//593 1135//593 1133//593
f 1135//593 1136//593 1133//593
f 1133//594 1136//594 1134//594
f 1136//594 1137//594 1134//594
f 1138//595 1141//595 1139//595
f 1141//595 1142//595 1139//595
f 1139//596 1142//596 1140//596
f 1142//596 1143//596 1140//596
f 1141//597 1144//597 1142//597
f 1144//597 1145//597 1142//597
f 1142//598 1145//598 1143//598
f 1145//598 1146//598 1143//598
f 1144//599 1147//599 1145//599
f 1147//599 1148//599 1145//599
f 1145//600 1148//600 1146//600
f 1148//600 1149//600 1146//600
f 1147//601 1150//601 1148//601
f 1150//601 1151//601 1148//601
f 1148//602 1151//602 1149//602
f 1151//602 1152//602 1149//602
f 1150//603 1153//603 1151//603
f 1153//603 1154//603 1151//603
f 1151//604 1154//604 1152//604
f 1154//604 1155//604 1152//604
f 1153//605 1156//605 1154//605
f 1156//605 1157//605 1154//605
f 1154//606 1157//606 1155//606
f 1157//606 1158//606 1155//606
f 1159//97 1162//97 1160//97
f 1162//97 1163//97 1160//97
f 1160//97 1163//97 1161//97
f 1163//97 1164//97 1161//97
f 1162//97 1165//97 1163//97
f 1165//97 1166//97 1163//97
f 1163//97 1166//97 1164//97
f 1166//97 1167//97 1164//97
f 1168//98 1171//98 1169//98
f 1171//98 1172//98 1169//98
f 1169//98 1172//98 1170//98
f 1172//98 1173//98 1170//98
f 1171//98 1174//98 1172//98
f 1174//98 1175//98 1172//98
f 1172//98 1175//98 1173//98
f 1175//98 1176//98 1173//98
o Prehistoric_Male_Hair_2A
usemtl dark_6
f 1177//607 1184//607 1178//607
f 1184//607 1185//607 1178//607
f 1178//608 1185//608 1179//608
f 1185//608 1186//608 1179//608
f 1179//609 1186//609 1180//609
f 1186//609 1187//609 1180//609
f 1180//610 1187//610 1181//610
f 1187//610 1188//610 1181//610
f 1181//611 1188//611 1182//611
f 1188//611 1189//611 1182//611
f 1182//612 1189//612 1183//612
f 1189//612 1190//612 1183//612
f 1184//613 1191//613 1185//613
f 1191//613 1192//613 1185//613
f 1185//614 1192//614 1186//614
f 1192//614 1193//614 1186//614
f 1186//615 1193//615 1187//615
f 1193//615 1194//615 1187//615
f 1187//616 1194//616 1188//616
f 1194//616 1195//616 1188//616
f 1188//617 1195//617 1189//617
f 1195//617 1196//617 1189//617
f 1189//618 1196//618 1190//618
f 1196//618 1197//618 1190//618
f 1191//619 1198//619 1192//619
f 1198//619 1199//619 1192//619
f 1192//620 1199//620 1193//620
f 1199//620 1200//620 1193//620
f 1193//621 1200//621 1194//621
f 1200//621 1201//621 1194//621
f 1194//622 1201//622 1195//622
f 1201//622 1202//622 1195//622
f 1195//623 1202//623 1196//623
f 1202//623 1203//623 1196//623
f 1196//624 1203//624 1197//624
f 1203//624 1204//624 1197//624
f 1198//625 1205//625 1199//625
f 1205//625 1206//625 1199//625
f 1199//626 1206//626 1200//626
f 1206//626 1207//626 1200//626
f 1200//627 1207//627 1201//627
f 1207//627 1208//627 1201//627
f 1201//628 1208//628 1202//628
f 1208//628 1209//628 1202//628
f 1202//629 1209//629 1203//629
f 1209//629 1210//629 1203//629
f 1203//630 1210//630 1204//630
f 1210//630 1211//630 1204//630
f 1205//631 1212//631 1206//631
f 1212//631 1213//631 1206//631
f 1206//632 1213//632 1207//632
f 1213//632 1214//632 1207//632
f 1207//633 1214//633 1208//633
f 1214//633 1215//633 1208//633
f 1208//634 1215//634 1209//634
f 1215//634 1216//634 1209//634
f 1209//635 1216//635 1210//635
f 1216//635 1217//635 1210//635
f 1210//636 1217//636 1211//636
f 1217//636 1218//636 1211//636
f 1212//637 1219//637 1213//637
f 1219//637 1220//637 1213//637
f 1213//638 1220//638 1214//638
f 1220//638 1221//638 1214//638
f 1214//639 1221//639 1215//639
f 1221//639 1222//639 1215//639
f 1215//640 1222//640 1216//640
f 1222//640 1223//640 1216//640
f 1216//641 1223//641 1217//641
f 1223//641 1224//641 1217//641
f 1217//642 1224//642 1218//642
f 1224//642 1225//642 1218//642
f 1226//643 1233//643 1227//643
f 1233//643 1234//643 1227//643
f 1227//644 1234//644 1228//644
f 1234//644 1235//644 1228//644
f 1228//645 1235//645 1229//645
f 1235//645 1236//645 1229//645
f 1229//646 1236//646 1230//646
f 1236//646 1237//646 1230//646
f 1230//647 1237//647 1231//647
f 1237//647 1238//647 1231//647
f 1231//648 1238//648 1232//648
f 1238//648 1239//648 1232//648
f 1233//649 1240//649 1234//649
f 1240//649 1241//649 1234//649
f 1234//650 1241//650 1235//650
f 1241//650 1242//650 1235//650
f 1235//651 1242//651 1236//651
f 1242//651 1243//651 1236//651
f 1236//652 1243//652 1237//652
f 1243//652 1244//652 1237//652
f 1237//653 1244//653 1238//653
f 1244//653 1245//653 1238//653
f 1238//654 1245//654 1239//654
f 1245//654 1246//654 1239//654
f 1240//655 1247//655 1241//655
f 1247//655 1248//655 1241//655
f 1241//656 1248//656 1242//656
f 1248//656 1249//656 1242//656
f 1242//657 1249//657 1243//657
f 1249//657 1250//657 1243//657
f 1243//658 1250//658 1244//658
f 1250//658 1251//658 1244//658
f 1244//659 1251//659 1245//659
f 1251//659 1252//659 1245//659
f 1245//660 1252//660 1246//660
f 1252//660 1253//660 1246//660
f 1247//661 1254//661 1248//661
f 1254//661 1255//661 1248//661
f 1248//662 1255//662 1249//662
f 1255//662 1256//662 1249//662
f 1249//663 1256//663 1250//663
f 1256//663 1257//663 1250//663
f 1250//664 1257//664 1251//664
f 1257//664 1258//664 1251//664
f 1251//665 1258//665 1252//665
f 1258//665 1259//665 1252//665
f 1252//666 1259//666 1253//666
f 1259//666 1260//666 1253//666
f 1254//667 1261//667 1255//667
f 1261//667 1262//667 1255//667
f 1255//668 1262//668 1256//668
f 1262//668 1263//668 1256//668
f 1256//669 1263//669 1257//669
f 1263//669 1264//669 1257//669
f 1257//670 1264//670 1258//670
f 1264//670 1265//670 1258//670
f 1258//671 1265//671 1259//671
f 1265//671 1266//671 1259//671
f 1259//672 1266//672 1260//672
f 1266//672 1267//672 1260//672
f 1261//673 1268//673 1262//673
f 1268//673 1269//673 1262//673
f 1262//674 1269//674 1263//674
f 1269//674 1270//674 1263//674
f 1263//675 1270//675 1264//675
f 1270//675 1271//675 1264//675
f 1264//676 1271//676 1265//676
f 1271//676 1272//676 1265//676
f 1265//677 1272//677 1266//677
f 1272//677 1273//677 1266//677
f 1266//678 1273//678 1267//678
f 1273//678 1274//678 1267//678
f 1275//679 1282//679 1276//679
f 1282//679 1283//679 1276//679
f 1276//680 1283//680 1277//680
f 1283//680 1284//680 1277//680
f 1277//681 1284//681 1278//681
f 1284//681 1285//681 1278//681
f 1278//682 1285//682 1279//682
f 1285//682 1286//682 1279//682
f 1279//683 1286//683 1280//683
f 1286//683 1287//683 1280//683
f 1280//684 1287//684 1281//684
f 1287//684 1288//684 1281//684
f 1282//685 1289//685 1283//685
f 1289//685 1290//685 1283//685
f 1283//686 1290//686 1284//686
f 1290//686 1291//686 1284//686
f 1284//687 1291//687 1285//687
f 1291//687 1292//687 1285//687
f 1285//688 1292//688 1286//688
f 1292//688 1293//688 1286//688
f 1286//689 1293//689 1287//689
f 1293//689 1294//689 1287//689
f 1287//690 1294//690 1288//690
f 1294//690 1295//690 1288//690
f 1289//691 1296//691 1290//691
f 1296//691 1297//691 1290//691
f 1290//692 1297//692 1291//692
f 1297//692 1298//692 1291//692
f 1291//693 1298//693 1292//693
f 1298//693 1299//693 1292//693
f 1292//694 1299//694 1293//694
f 1299//694 1300//694 1293//694
f 1293//695 1300//695 1294//695
f 1300//695 1301//695 1294//695
f 1294//696 1301//696 1295//696
f 1301//696 1302//696 1295//696
f 1296//697 1303//697 1297//697
f 1303//697 1304//697 1297//697
f 1297//698 1304//698 1298//698
f 1304//698 1305//698 1298//698
f 1298//699 1305//699 1299//699
f 1305//699 1306//699 1299//699
f 1299//700 1306//700 1300//700
f 1306//700 1307//700 1300//700
f 1300//701 1307//701 1301//701
f 1307//701 1308//701 1301//701
f 1301//702 1308//702 1302//702
f 1308//702 1309//702 1302//702
f 1303//703 1310//703 1304//703
f 1310//703 1311//703 1304//703
f 1304//704 1311//704 1305//704
f 1311//704 1312//704 1305//704
f 1305//705 1312//705 1306//705
f 1312//705 1313//705 1306//705
f 1306//706 1313//706 1307//706
f 1313//706 1314//706 1307//706
f 1307//707 1314//707 1308//707
f 1314//707 1315//707 1308//707
f 1308//708 1315//708 1309//708
f 1315//708 1316//708 1309//708
f 1310//709 1317//709 1311//709
f 1317//709 1318//709 1311//709
f 1311//710 1318//710 1312//710
f 1318//710 1319//710 1312//710
f 1312//711 1319//711 1313//711
f 1319//711 1320//711 1313//711
f 1313//712 1320//712 1314//712
f 1320//712 1321//712 1314//712
f 1314//713 1321//713 1315//713
f 1321//713 1322//713 1315//713
f 1315//714 1322//714 1316//714
f 1322//714 1323//714 1316//714
f 1324//715 1331//715 1325//715
f 1331//715 1332//715 1325//715
f 1325//716 1332//716 1326//716
f 1332//716 1333//716 1326//716
f 1326//717 1333//717 1327//717
f 1333//717 1334//717 1327//717
f 1327//718 1334//718 1328//718
f 1334//718 1335//718 1328//718
f 1328//719 1335//719 1329//719
f 1335//719 1336//719 1329//719
f 1329//720 1336//720 1330//720
f 1336//720 1337//720 1330//720
f 1331//721 1338//721 1332//721
f 1338//721 1339//721 1332//721
f 1332//722 1339//722 1333//722
f 1339//722 1340//722 1333//722
f 1333//723 1340//723 1334//723
f 1340//723 1341//723 1334//723
f 1334//724 1341//724 1335//724
f 1341//724 1342//724 1335//724
f 1335//725 1342//725 1336//725
f 1342//725 1343//725 1336//725
f 1336//726 1343//726 1337//726
f 1343//726 1344//726 1337//726
f 1338//727 1345//727 1339//727
f 1345//727 1346//727 1339//727
f 1339//728 1346//728 1340//728
f 1346//728 1347//728 1340//728
f 1340//729 1347//729 1341//729
f 1347//729 1348//729 1341//729
f 1341//730 1348//730 1342//730
f 1348//730 1349//730 1342//730
f 1342//731 1349//731 1343//731
f 1349//731 1350//731 1343//731
f 1343//732 1350//732 1344//732
f 1350//732 1351//732 1344//732
f 1345//733 1352//733 1346//733
f 1352//733 1353//733 1346//733
f 1346//734 1353//734 1347//734
f 1353//734 1354//734 1347//734
f 1347//735 1354//735 1348//735
f 1354//735 1355//735 1348//735
f 1348//736 1355//736 1349//736
f 1355//736 1356//736 1349//736
f 1349//737 1356//737 1350//737
f 1356//737 1357//737 1350//737
f 1350//738 1357//738 1351//738
f 1357//738 1358//738 1351//738
f 1352//739 1359//739 1353//739
f 1359//739 1360//739 1353//739
f 1353//740 1360//740 1354//740
f 1360//740 1361//740 1354//740
f 1354//741 1361//741 1355//741
f 1361//741 1362//741 1355//741
f 1355//742 1362//742 1356//742
f 1362//742 1363//742 1356//742
f 1356//743 1363//743 1357//743
f 1363//743 1364//743 1357//743
f 1357//744 1364//744 1358//744
f 1364//744 1365//744 1358//744
f 1359//745 1366//745 1360//745
f 1366//745 1367//745 1360//745
f 1360//746 1367//746 1361//746
f 1367//746 1368//746 1361//746
f 1361//747 1368//747 1362//747
f 1368//747 1369//747 1362//747
f 1362//748 1369//748 1363//748
f 1369//748 1370//748 1363//748
f 1363//749 1370//749 1364//749
f 1370//749 1371//749 1364//749
f 1364//750 1371//750 1365//750
f 1371//750 1372//750 1365//750
f 1373//97 1380//97 1374//97
f 1380//97 1381//97 1374//97
f 1374//97 1381//97 1375//97
f 1381//97 1382//97 1375//97
f 1375//97 1382//97 1376//97
f 1382//97 1383//97 1376//97
f 1376//97 1383//97 1377//97
f 1383//97 1384//97 1377//97
f 1377//97 1384//97 1378//97
f 1384//97 1385//97 1378//97
f 1378//97 1385//97 1379//97
f 1385//97 1386//97 1379//97
f 1380//97 1387//97 1381//97
f 1387//97 1388//97 1381//97
f 1381//97 1388//97 1382//97
f 1388//97 1389//97 1382//97
f 1382//97 1389//97 1383//97
f 1389//97 1390//97 1383//97
f 1383//97 1390//97 1384//97
f 1390//97 1391//97 1384//97
f 1384//97 1391//97 1385//97
f 1391//97 1392//97 1385//97
f 1385//97 1392//97 1386//97
f 1392//97 1393//97 1386//97
f 1387//97 1394//97 1388//97
f 1394//97 1395//97 1388//97
f 1388//97 1395//97 1389//97
f 1395//97 1396//97 1389//97
f 1389//97 1396//97 1390//97
f 1396//97 1397//97 1390//97
f 1390//97 1397//97 1391//97
f 1397//97 1398//97 1391//97
f 1391//97 1398//97 1392//97
f 1398//97 1399//97 1392//97
f 1392//97 1399//97 1393//97
f 1399//97 1400//97 1393//97
f 1394//97 1401//97 1395//97
f 1401//97 1402//97 1395//97
f 1395//97 1402//97 1396//97
f 1402//97 1403//97 1396//97
f 1396//97 1403//97 1397//97
f 1403//97 1404//97 1397//97
f 1397//97 1404//97 1398//97
f 1404//97 1405//97 1398//97
f 1398//97 1405//97 1399//97
f 1405//97 1406//97 1399//97
f 1399//97 1406//97 1400//97
f 1406//97 1407//97 1400//97
f 1401//97 1408//97 1402//97
f 1408//97 1409//97 1402//97
f 1402//97 1409//97 1403//97
f 1409//97 1410//97 1403//97
f 1403//97 1410//97 1404//97
f 1410//97 1411//97 1404//97
f 1404//97 1411//97 1405//97
f 1411//97 1412//97 1405//97
f 1405//97 1412//97 1406//97
f 1412//97 1413//97 1406//97
f 1406//97 1413//97 1407//97
f 1413//97 1414//97 1407//97
f 1408//97 1415//97 1409//97
f 1415//97 1416//97 1409//97
f 1409//97 1416//97 1410//97
f 1416//97 1417//97 1410//97
f 1410//97 1417//97 1411//97
f 1417//97 1418//97 1411//97
f 1411//97 1418//97 1412//97
f 1418//97 1419//97 1412//97
f 1412//97 1419//97 1413//97
f 1419//97 1420//97 1413//97
f 1413//97 1420//97 1414//97
f 1420//97 1421//97 1414//97
f 1422//98 1429//98 1423//98
f 1429//98 1430//98 1423//98
f 1423//98 1430//98 1424//98
f 1430//98 1431//98 1424//98
f 1424//98 1431//98 1425//98
f 1431//98 1432//98 1425//98
f 1425//98 1432//98 1426//98
f 1432//98 1433//98 1426//98
f 1426//98 1433//98 1427//98
f 1433//98 1434//98 1427//98
f 1427//98 1434//98 1428//98
f 1434//98 1435//98 1428//98
f 1429//98 1436//98 1430//98
f 1436//98 1437//98 1430//98
f 1430//98 1437//98 1431//98
f 1437//98 1438//98 1431//98
f 1431//98 1438//98 1432//98
f 1438//98 1439//98 1432//98
f 1432//98 1439//98 1433//98
f 1439//98 1440//98 1433//98
f 1433//98 1440//98 1434//98
f 1440//98 1441//98 1434//98
f 1434//98 1441//98 1435//98
f 1441//98 1442//98 1435//98
f 1436//98 1443//98 1437//98
f 1443//98 1444//98 1437//98
f 1437//98 1444//98 1438//98
f 1444//98 1445//98 1438//98
f 1438//98 1445//98 1439//98
f 1445//98 1446//98 1439//98
f 1439//98 1446//98 1440//98
f 1446//98 1447//98 1440//98
f 1440//98 1447//98 1441//98
f 1447//98 1448//98 1441//98
f 1441//98 1448//98 1442//98
f 1448//98 1449//98 1442//98
f 1443//98 1450//98 1444//98
f 1450//98 1451//98 1444//98
f 1444//98 1451//98 1445//98
f 1451//98 1452//98 1445//98
f 1445//98 1452//98 1446//98
f 1452//98 1453//98 1446//98
f 1446//98 1453//98 1447//98
f 1453//98 1454//98 1447//98
f 1447//98 1454//98 1448//98
f 1454//98 1455//98 1448//98
f 1448//98 1455//98 1449//98
f 1455//98 1456//98 1449//98
f 1450//98 1457//98 1451//98
f 1457//98 1458//98 1451//98
f 1451//98 1458//98 1452//98
f 1458//98 1459//98 1452//98
f 1452//98 1459//98 1453//98
f 1459//98 1460//98 1453//98
f 1453//98 1460//98 1454//98
f 1460//98 1461//98 1454//98
f 1454//98 1461//98 1455//98
f 1461//98 1462//98 1455//98
f 1455//98 1462//98 1456//98
f 1462//98 1463//98 1456//98
f 1457//98 1464//98 1458//98
f 1464//98 1465//98 1458//98
f 1458//98 1465//98 1459//98
f 1465//98 1466//98 1459//98
f 1459//98 1466//98 1460//98
f 1466//98 1467//98 1460//98
f 1460//98 1467//98 1461//98
f 1467//98 1468//98 1461//98
f 1461//98 1468//98 1462//98
f 1468//98 1469//98 1462//98
f 1462//98 1469//98 1463//98
f 1469//98 1470//98 1463//98
o Prehistoric_Male_Beard_2A
usemtl dark_5
f 1471//751 1478//751 1472//751
f 1478//751 1479//751 1472//751
f 1472//752 1479//752 1473//752
f 1479//752 1480//752 1473//752
f 1473//753 1480//753 1474//753
f 1480//753 1481//753 1474//753
f 1474//754 1481//754 1475//754
f 1481//754 1482//754 1475//754
f 1475//755 1482//755 1476//755
f 1482//755 1483//755 1476//755
f 1476//756 1483//756 1477//756
f 1483//756 1484//756 1477//756
f 1478//757 1485//757 1479//757
f 1485//757 1486//757 1479//757
f 1479//758 1486//758 1480//758
f 1486//758 1487//758 1480//758
f 1480//759 1487//759 1481//759
f 1487//759 1488//759 1481//759
f 1481//760 1488//760 1482//760
f 1488//760 1489//760 1482//760
f 1482//761 1489//761 1483//761
f 1489//761 1490//761 1483//761
f 1483//762 1490//762 1484//762
f 1490//762 1491//762 1484//762
f 1485//763 1492//763 1486//763
f 1492//763 1493//763 1486//763
f 1486//764 1493//764 1487//764
f 1493//764 1494//764 1487//764
f 1487//765 1494//765 1488//765
f 1494//765 1495//765 1488//765
f 1488//766 1495//766 1489//766
f 1495//766 1496//766 1489//766
f 1489//767 1496//767 1490//767
f 1496//767 1497//767 1490//767
f 1490//768 1497//768 1491//768
f 1497//768 1498//768 1491//768
f 1492//769 1499//769 1493//769
f 1499//769 1500//769 1493//769
f 1493//770 1500//770 1494//770
f 1500//770 1501//770 1494//770
f 1494//771 1501//771 1495//771
f 1501//771 1502//771 1495//771
f 1495//772 1502//772 1496//772
f 1502//772 1503//772 1496//772
f 1496//773 1503//773 1497//773
f 1503//773 1504//773 1497//773
f 1497//774 1504//774 1498//774
f 1504//774 1505//774 1498//774
f 1499//775 1506//775 1500//775
f 1506//775 1507//775 1500//775
f 1500//776 1507//776 1501//776
f 1507//776 1508//776 1501//776
f 1501//777 1508//777 1502//777
f 1508//777 1509//777 1502//777
f 1502//778 1509//778 1503//778
f 1509//778 1510//778 1503//778
f 1503//779 1510//779 1504//779
f 1510//779 1511//779 1504//779
f 1504//780 1511//780 1505//780
f 1511//780 1512//780 1505//780
f 1506//781 1513//781 1507//781
f 1513//781 1514//781 1507//781
f 1507//782 1514//782 1508//782
f 1514//782 1515//782 1508//782
f 1508//783 1515//783 1509//783
f 1515//783 1516//783 1509//783
f 1509//784 1516//784 1510//784
f 1516//784 1517//784 1510//784
f 1510//785 1517//785 1511//785
f 1517//785 1518//785 1511//785
f 1511//786 1518//786 1512//786
f 1518//786 1519//786 1512//786
f 1520//787 1527//787 1521//787
f 1527//787 1528//787 1521//787
f 1521//788 1528//788 1522//788
f 1528//788 1529//788 1522//788
f 1522//789 1529//789 1523//789
f 1529//789 1530//789 1523//789
f 1523//790 1530//790 1524//790
f 1530//790 1531//790 1524//790
f 1524//791 1531//791 1525//791
f 1531//791 1532//791 1525//791
f 1525//792 1532//792 1526//792
f 1532//792 1533//792 1526//792
f 1527//793 1534//793 1528//793
f 1534//793 1535//793 1528//793
f 1528//794 1535//794 1529//794
f 1535//794 1536//794 1529//794
f 1529//795 1536//795 1530//795
f 1536//795 1537//795 1530//795
f 1530//796 1537//796 1531//796
f 1537//796 1538//796 1531//796
f 1531//797 1538//797 1532//797
f 1538//797 1539//797 1532//797
f 1532//798 1539//798 1533//798
f 1539//798 1540//798 1533//798
f 1534//799 1541//799 1535//799
f 1541//799 1542//799 1535//799
f 1535//800 1542//800 1536//800
f 1542//800 1543//800 1536//800
f 1536//801 1543//801 1537//801
f 1543//801 1544//801 1537//801
f 1537//802 1544//802 1538//802
f 1544//802 1545//802 1538//802
f 1538//803 1545//803 1539//803
f 1545//803 1546//803 1539//803
f 1539//804 1546//804 1540//804
f 1546//804 1547//804 1540//804
f 1541//805 1548//805 1542//805
f 1548//805 1549//805 1542//805
f 1542//806 1549//806 1543//806
f 1549//806 1550//806 1543//806
f 1543//807 1550//807 1544//807
f 1550//807 1551//807 1544//807
f 1544//808 1551//808 1545//808
f 1551//808 1552//808 1545//808
f 1545//809 1552//809 1546//809
f 1552//809 1553//809 1546//809
f 1546//810 1553//810 1547//810
f 1553//810 1554//810 1547//810
f 1548//811 1555//811 1549//811
f 1555//811 1556//811 1549//811
f 1549//812 1556//812 1550//812
f 1556//812 1557//812 1550//812
f 1550//813 1557//813 1551//813
f 1557//813 1558//813 1551//813
f 1551//814 1558//814 1552//814
f 1558//814 1559//814 1552//814
f 1552//815 1559//815 1553//815
f 1559//815 1560//815 1553//815
f 1553//816 1560//816 1554//816
f 1560//816 1561//816 1554//816
f 1555//817 1562//817 1556//817
f 1562//817 1563//817 1556//817
f 1556//818 1563//818 1557//818
f 1563//818 1564//818 1557//818
f 1557//819 1564//819 1558//819
f 1564//819 1565//819 1558//819
f 1558//820 1565//820 1559//820
f 1565//820 1566//820 1559//820
f 1559//821 1566//821 1560//821
f 1566//821 1567//821 1560//821
f 1560//822 1567//822 1561//822
f 1567//822 1568//822 1561//822
f 1569//823 1576//823 1570//823
f 1576//823 1577//823 1570//823
f 1570//824 1577//824 1571//824
f 1577//824 1578//824 1571//824
f 1571//825 1578//825 1572//825
f 1578//825 1579//825 1572//825
f 1572//826 1579//826 1573//826
f 1579//826 1580//826 1573//826
f 1573//827 1580//827 1574//827
f 1580//827 1581//827 1574//827
f 1574//828 1581//828 1575//828
f 1581//828 1582//828 1575//828
f 1576//829 1583//829 1577//829
f 1583//829 1584//829 1577//829
f 1577//830 1584//830 1578//830
f 1584//830 1585//830 1578//830
f 1578//831 1585//831 1579//831
f 1585//831 1586//831 1579//831
f 1579//832 1586//832 1580//832
f 1586//832 1587//832 1580//832
f 1580//833 1587//833 1581//833
f 1587//833 1588//833 1581//833
f 1581//834 1588//834 1582//834
f 1588//834 1589//834 1582//834
f 1583//835 1590//835 1584//835
f 1590//835 1591//835 1584//835
f 1584//836 1591//836 1585//836
f 1591//836 1592//836 1585//836
f 1585//837 1592//837 1586//837
f 1592//837 1593//837 1586//837
f 1586//838 1593//838 1587//838
f 1593//838 1594//838 1587//838
f 1587//839 1594//839 1588//839
f 1594//839 1595//839 1588//839
f 1588//840 1595//840 1589//840
f 1595//840 1596//840 1589//840
f 1590//841 1597//841 1591//841
f 1597//841 1598//841 1591//841
f 1591//842 1598//842 1592//842
f 1598//842 1599//842 1592//842
f 1592//843 1599//843 1593//843
f 1599//843 1600//843 1593//843
f 1593//844 1600//844 1594//844
f 1600//844 1601//844 1594//844
f 1594//845 1601//845 1595//845
f 1601//845 1602//845 1595//845
f 1595//846 1602//846 1596//846
f 1602//846 1603//846 1596//846
f 1597//847 1604//847 1598//847
f 1604//847 1605//847 1598//847
f 1598//848 1605//848 1599//848
f 1605//848 1606//848 1599//848
f 1599//849 1606//849 1600//849
f 1606//849 1607//849 1600//849
f 1600//850 1607//850 1601//850
f 1607//850 1608//850 1601//850
f 1601//851 1608//851 1602//851
f 1608//851 1609//851 1602//851
f 1602//852 1609//852 1603//852
f 1609//852 1610//852 1603//852
f 1604//853 1611//853 1605//853
f 1611//853 1612//853 1605//853
f 1605//854 1612//854 1606//854
f 1612//854 1613//854 1606//854
f 1606//855 1613//855 1607//855
f 1613//855 1614//855 1607//855
f 1607//856 1614//856 1608//856
f 1614//856 1615//856 1608//856
f 1608//857 1615//857 1609//857
f 1615//857 1616//857 1609//857
f 1609//858 1616//858 1610//858
f 1616//858 1617//858 1610//858
f 1618//859 1625//859 1619//859
f 1625//859 1626//859 1619//859
f 1619//860 1626//860 1620//860
f 1626//860 1627//860 1620//860
f 1620//861 1627//861 1621//861
f 1627//861 1628//861 1621//861
f 1621//862 1628//862 1622//862
f 1628//862 1629//862 1622//862
f 1622//863 1629//863 1623//863
f 1629//863 1630//863 1623//863
f 1623//864 1630//864 1624//864
f 1630//864 1631//864 1624//864
f 1625//865 1632//865 1626//865
f 1632//865 1633//865 1626//865
f 1626//866 1633//866 1627//866
f 1633//866 1634//866 1627//866
f 1627//867 1634//867 1628//867
f 1634//867 1635//867 1628//867
f 1628//868 1635//868 1629//868
f 1635//868 1636//868 1629//868
f 1629//869 1636//869 1630//869
f 1636//869 1637//869 1630//869
f 1630//870 1637//870 1631//870
f 1637//870 1638//870 1631//870
f 1632//871 1639//871 1633//871
f 1639//871 1640//871 1633//871
f 1633//872 1640//872 1634//872
f 1640//872 1641//872 1634//872
f 1634//873 1641//873 1635//873
f 1641//873 1642//873 1635//873
f 1635//874 1642//874 1636//874
f 1642//874 1643//874 1636//874
f 1636//875 1643//875 1637//875
f 1643//875 1644//875 1637//875
f 1637//876 1644//876 1638//876
f 1644//876 1645//876 1638//876
f 1639//877 1646//877 1640//877
f 1646//877 1647//877 1640//877
f 1640//878 1647//878 1641//878
f 1647//878 1648//878 1641//878
f 1641//879 1648//879 1642//879
f 1648//879 1649//879 1642//879
f 1642//880 1649//880 1643//880
f 1649//880 1650//880 1643//880
f 1643//881 1650//881 1644//881
f 1650//881 1651//881 1644//881
f 1644//882 1651//882 1645//882
f 1651//882 1652//882 1645//882
f 1646//883 1653//883 1647//883
f 1653//883 1654//883 1647//883
f 1647//884 1654//884 1648//884
f 1654//884 1655//884 1648//884
f 1648//885 1655//885 1649//885
f 1655//885 1656//885 1649//885
f 1649//886 1656//886 1650//886
f 1656//886 1657//886 1650//886
f 1650//887 1657//887 1651//887
f 1657//887 1658//887 1651//887
f 1651//888 1658//888 1652//888
f 1658//888 1659//888 1652//888
f 1653//889 1660//889 1654//889
f 1660//889 1661//889 1654//889
f 1654//890 1661//890 1655//890
f 1661//890 1662//890 1655//890
f 1655//891 1662//891 1656//891
f 1662//891 1663//891 1656//891
f 1656//892 1663//892 1657//892
f 1663//892 1664//892 1657//892
f 1657//893 1664//893 1658//893
f 1664//893 1665//893 1658//893
f 1658//894 1665//894 1659//894
f 1665//894 1666//894 1659//894
f 1667//97 1674//97 1668//97
f 1674//97 1675//97 1668//97
f 1668//97 1675//97 1669//97
f 1675//97 1676//97 1669//97
f 1669//97 1676//97 1670//97
f 1676//97 1677//97 1670//97
f 1670//97 1677//97 1671//97
f 1677//97 1678//97 1671//97
f 1671//97 1678//97 1672//97
f 1678//97 1679//97 1672//97
f 1672//97 1679//97 1673//97
f 1679//97 1680//97 1673//97
f 1674//97 1681//97 1675//97
f 1681//97 1682//97 1675//97
f 1675//97 1682//97 1676//97
f 1682//97 1683//97 1676//97
f 1676//97 1683//97 1677//97
f 1683//97 1684//97 1677//97
f 1677//97 1684//97 1678//97
f 1684//97 1685//97 1678//97
f 1678//97 1685//97 1679//97
f 1685//97 1686//97 1679//97
f 1679//97 1686//97 1680//97
f 1686//97 1687//97 1680//97
f 1681//97 1688//97 1682//97
f 1688//97 1689//97 1682//97
f 1682//97 1689//97 1683//97
f 1689//97 1690//97 1683//97
f 1683//97 1690//97 1684//97
f 1690//97 1691//97 1684//97
f 1684//97 1691//97 1685//97
f 1691//97 1692//97 1685//97
f 1685//97 1692//97 1686//97
f 1692//97 1693//97 1686//97
f 1686//97 1693//97 1687//97
f 1693//97 1694//97 1687//97
f 1688//97 1695//97 1689//97
f 1695//97 1696//97 1689//97
f 1689//97 1696//97 1690//97
f 1696//97 1697//97 1690//97
f 1690//97 1697//97 1691//97
f 1697//97 1698//97 1691//97
f 1691//97 1698//97 1692//97
f 1698//97 1699//97 1692//97
f 1692//97 1699//97 1693//97
f 1699//97 1700//97 1693//97
f 1693//97 1700//97 1694//97
f 1700//97 1701//97 1694//97
f 1695//97 1702//97 1696//97
f 1702//97 1703//97 1696//97
f 1696//97 1703//97 1697//97
f 1703//97 1704//97 1697//97
f 1697//97 1704//97 1698//97
f 1704//97 1705//97 1698//97
f 1698//97 1705//97 1699//97
f 1705//97 1706//97 1699//97
f 1699//97 1706//97 1700//97
f 1706//97 1707//97 1700//97
f 1700//97 1707//97 1701//97
f 1707//97 1708//97 1701//97
f 1702//97 1709//97 1703//97
f 1709//97 1710//97 1703//97
f 1703//97 1710//97 1704//97
f 1710//97 1711//97 1704//97
f 1704//97 1711//97 1705//97
f 1711//97 1712//97 1705//97
f 1705//97 1712//97 1706//97
f 1712//97 1713//97 1706//97
f 1706//97 1713//97 1707//97
f 1713//97 1714//97 1707//97
f 1707//97 1714//97 1708//97
f 1714//97 1715//97 1708//97
f 1716//98 1723//98 1717//98
f 1723//98 1724//98 1717//98
f 1717//98 1724//98 1718//98
f 1724//98 1725//98 1718//98
f 1718//98 1725//98 1719//98
f 1725//98 1726//98 1719//98
f 1719//98 1726//98 1720//98
f 1726//98 1727//98 1720//98
f 1720//98 1727//98 1721//98
f 1727//98 1728//98 1721//98
f 1721//98 1728//98 1722//98
f 1728//98 1729//98 1722//98
f 1723//98 1730//98 1724//98
f 1730//98 1731//98 1724//98
f 1724//98 1731//98 1725//98
f 1731//98 1732//98 1725//98
f 1725//98 1732//98 1726//98
f 1732//98 1733//98 1726//98
f 1726//98 1733//98 1727//98
f 1733//98 1734//98 1727//98
f 1727//98 1734//98 1728//98
f 1734//98 1735//98 1728//98
f 1728//98 1735//98 1729//98
f 1735//98 1736//98 1729//98
f 1730//98 1737//98 1731//98
f 1737//98 1738//98 1731//98
f 1731//98 1738//98 1732//98
f 1738//98 1739//98 1732//98
f 1732//98 1739//98 1733//98
f 1739//98 1740//98 1733//98
f 1733//98 1740//98 1734//98
f 1740//98 1741//98 1734//98
f 1734//98 1741//98 1735//98
f 1741//98 1742//98 1735//98
f 1735//98 1742//98 1736//98
f 1742//98 1743//98 1736//98
f 1737//98 1744//98 1738//98
f 1744//98 1745//98 1738//98
f 1738//98 1745//98 1739//98
f 1745//98 1746//98 1739//98
f 1739//98 1746//98 1740//98
f 1746//98 1747//98 1740//98
f 1740//98 1747//98 1741//98
f 1747//98 1748//98 1741//98
f 1741//98 1748//98 1742//98
f 1748//98 1749//98 1742//98
f 1742//98 1749//98 1743//98
f 1749//98 1750//98 1743//98
f 1744//98 1751//98 1745//98
f 1751//98 1752//98 1745//98
f 1745//98 1752//98 1746//98
f 1752//98 1753//98 1746//98
f 1746//98 1753//98 1747//98
f 1753//98 1754//98 1747//98
f 1747//98 1754//98 1748//98
f 1754//98 1755//98 1748//98
f 1748//98 1755//98 1749//98
f 1755//98 1756//98 1749//98
f 1749//98 1756//98 1750//98
f 1756//98 1757//98 1750//98
f 1751//98 1758//98 1752//98
f 1758//98 1759//98 1752//98
f 1752//98 1759//98 1753//98
f 1759//98 1760//98 1753//98
f 1753//98 1760//98 1754//98
f 1760//98 1761//98 1754//98
f 1754//98 1761//98 1755//98
f 1761//98 1762//98 1755//98
f 1755//98 1762//98 1756//98
f 1762//98 1763//98 1756//98
f 1756//98 1763//98 1757//98
f 1763//98 1764//98 1757//98
o Eye
usemtl dark_7
f 1765//895 1772//895 1766//895
f 1772//895 1773//895 1766//895
f 1766//895 1773//895 1767//895
f 1773//895 1774//895 1767//895
f 1767//895 1774//895 1768//895
f 1774//895 1775//895 1768//895
f 1768//895 1775//895 1769//895
f 1775//895 1776//895 1769//895
f 1769//895 1776//895 1770//895
f 1776//895 1777//895 1770//895
f 1770//895 1777//895 1771//895
f 1777//895 1778//895 1771//895
f 1772//896 1779//896 1773//896
f 1779//896 1780//896 1773//896
f 1773//896 1780//896 1774//896
f 1780//896 1781//896 1774//896
f 1774//896 1781//896 1775//896
f 1781//896 1782//896 1775//896
f 1775//896 1782//896 1776//896
f 1782//896 1783//896 1776//896
f 1776//896 1783//896 1777//896
f 1783//896 1784//896 1777//896
f 1777//896 1784//896 1778//896
f 1784//896 1785//896 1778//896
f 1779//897 1786//897 1780//897
f 1786//897 1787//897 1780//897
f 1780//897 1787//897 1781//897
f 1787//897 1788//897 1781//897
f 1781//897 1788//897 1782//897
f 1788//897 1789//897 1782//897
f 1782//897 1789//897 1783//897
f 1789//897 1790//897 1783//897
f 1783//897 1790//897 1784//897
f 1790//897 1791//897 1784//897
f 1784//897 1791//897 1785//897
f 1791//897 1792//897 1785//897
f 1786//898 1793//898 1787//898
f 1793//898 1794//898 1787//898
f 1787//898 1794//898 1788//898
f 1794//898 1795//898 1788//898
f 1788//898 1795//898 1789//898
f 1795//898 1796//898 1789//898
f 1789//898 1796//898 1790//898
f 1796//898 1797//898 1790//898
f 1790//898 1797//898 1791//898
f 1797//898 1798//898 1791//898
f 1791//898 1798//898 1792//898
f 1798//898 1799//898 1792//898
f 1793//899 1800//899 1794//899
f 1800//899 1801//899 1794//899
f 1794//899 1801//899 1795//899
f 1801//899 1802//899 1795//899
f 1795//899 1802//899 1796//899
f 1802//899 1803//899 1796//899
f 1796//899 1803//899 1797//899
f 1803//899 1804//899 1797//899
f 1797//899 1804//899 1798//899
f 1804//899 1805//899 1798//899
f 1798//899 1805//899 1799//899
f 1805//899 1806//899 1799//899
f 1800//900 1807//900 1801//900
f 1807//900 1808//900 1801//900
f 1801//900 1808//900 1802//900
f 1808//900 1809//900 1802//900
f 1802//900 1809//900 1803//900
f 1809//900 1810//900 1803//900
f 1803//900 1810//900 1804//900
f 1810//900 1811//900 1804//900
f 1804//900 1811//900 1805//900
f 1811//900 1812//900 1805//900
f 1805//900 1812//900 1806//900
f 1812//900 1813//900 1806//900
f 1814//901 1821//901 1815//901
f 1821//901 1822//901 1815//901
f 1815//901 1822//901 1816//901
f 1822//901 1823//901 1816//901
f 1816//901 1823//901 1817//901
f 1823//901 1824//901 1817//901
f 1817//901 1824//901 1818//901
f 1824//901 1825//901 1818//901
f 1818//901 1825//901 1819//901
f 1825//901 1826//901 1819//901
f 1819//901 1826//901 1820//901
f 1826//901 1827//901 1820//901
f 1821//902 1828//902 1822//902
f 1828//902 1829//902 1822//902
f 1822//902 1829//902 1823//902
f 1829//902 1830//902 1823//902
f 1823//902 1830//902 1824//902
f 1830//902 1831//902 1824//902
f 1824//902 1831//902 1825//902
f 1831//902 1832//902 1825//902
f 1825//902 1832//902 1826//902
f 1832//902 1833//902 1826//902
f 1826//902 1833//902 1827//902
f 1833//902 1834//902 1827//902
f 1828//903 1835//903 1829//903
f 1835//903 1836//903 1829//903
f 1829//903 1836//903 1830//903
f 1836//903 1837//903 1830//903
f 1830//903 1837//903 1831//903
f 1837//903 1838//903 1831//903
f 1831//903 1838//903 1832//903
f 1838//903 1839//903 1832//903
f 1832//903 1839//903 1833//903
f 1839//903 1840//903 1833//903
f 1833//903 1840//903 1834//903
f 1840//903 1841//903 1834//903
f 1835//904 1842//904 1836//904
f 1842//904 1843//904 1836//904
f 1836//904 1843//904 1837//904
f 1843//904 1844//904 1837//904
f 1837//904 1844//904 1838//904
f 1844//904 1845//904 1838//904
f 1838//904 1845//904 1839//904
f 1845//904 1846//904 1839//904
f 1839//904 1846//904 1840//904
f 1846//904 1847//904 1840//904
f 1840//904 1847//904 1841//904
f 1847//904 1848//904 1841//904
f 1842//905 1849//905 1843//905
f 1849//905 1850//905 1843//905
f 1843//905 1850//905 1844//905
f 1850//905 1851//905 1844//905
f 1844//905 1851//905 1845//905
f 1851//905 1852//905 1845//905
f 1845//905 1852//905 1846//905
f 1852//905 1853//905 1846//905
f 1846//905 1853//905 1847//905
f 1853//905 1854//905 1847//905
f 1847//905 1854//905 1848//905
f 1854//905 1855//905 1848//905
f 1849//906 1856//906 1850//906
f 1856//906 1857//906 1850//906
f 1850//906 1857//906 1851//906
f 1857//906 1858//906 1851//906
f 1851//906 1858//906 1852//906
f 1858//906 1859//906 1852//906
f 1852//906 1859//906 1853//906
f 1859//906 1860//906 1853//906
f 1853//906 1860//906 1854//906
f 1860//906 1861//906 1854//906
f 1854//906 1861//906 1855//906
f 1861//906 1862//906 1855//906
f 1863//907 1870//907 1864//907
f 1870//907 1871//907 1864//907
f 1864//908 1871//908 1865//908
f 1871//908 1872//908 1865//908
f 1865//909 1872//909 1866//909
f 1872//909 1873//909 1866//909
f 1866//910 1873//910 1867//910
f 1873//910 1874//910 1867//910
f 1867//911 1874//911 1868//911
f 1874//911 1875//911 1868//911
f 1868//912 1875//912 1869//912
f 1875//912 1876//912 1869//912
f 1870//907 1877//907 1871//907
f 1877//907 1878//907 1871//907
f 1871//908 1878//908 1872//908
f 1878//908 1879//908 1872//908
f 1872//909 1879//909 1873//909
f 1879//909 1880//909 1873//909
f 1873//910 1880//910 1874//910
f 1880//910 1881//910 1874//910
f 1874//911 1881//911 1875//911
f 1881//911 1882//911 1875//911
f 1875//912 1882//912 1876//912
f 1882//912 1883//912 1876//912
f 1877//907 1884//907 1878//907
f 1884//907 1885//907 1878//907
f 1878//908 1885//908 1879//908
f 1885//908 1886//908 1879//908
f 1879//909 1886//909 1880//909
f 1886//909 1887//909 1880//909
f 1880//910 1887//910 1881//910
f 1887//910 1888//910 1881//910
f 1881//911 1888//911 1882//911
f 1888//911 1889//911 1882//911
f 1882//912 1889//912 1883//912
f 1889//912 1890//912 1883//912
f 1884//907 1891//907 1885//907
f 1891//907 1892//907 1885//907
f 1885//908 1892//908 1886//908
f 1892//908 1893//908 1886//908
f 1886//909 1893//909 1887//909
f 1893//909 1894//909 1887//909
f 1887//910 1894//910 1888//910
f 1894//910 1895//910 1888//910
f 1888//911 1895//911 1889//911
f 1895//911 1896//911 1889//911
f 1889//912 1896//912 1890//912
f 1896//912 1897//912 1890//912
f 1891//907 1898//907 1892//907
f 1898//907 1899//907 1892//907
f 1892//908 1899//908 1893//908
f 1899//908 1900//908 1893//908
f 1893//909 1900//909 1894//909
f 1900//909 1901//909 1894//909
f 1894//910 1901//910 1895//910
f 1901//910 1902//910 1895//910
f 1895//911 1902//911 1896//911
f 1902//911 1903//911 1896//911
f 1896//912 1903//912 1897//912
f 1903//912 1904//912 1897//912
f 1898//907 1905//907 1899//907
f 1905//907 1906//907 1899//907
f 1899//908 1906//908 1900//908
f 1906//908 1907//908 1900//908
f 1900//909 1907//909 1901//909
f 1907//909 1908//909 1901//909
f 1901//910 1908//910 1902//910
f 1908//910 1909//910 1902//910
f 1902//911 1909//911 1903//911
f 1909//911 1910//911 1903//911
f 1903//912 1910//912 1904//912
f 1910//912 1911//912 1904//912
f 1912//913 1919//913 1913//913
f 1919//913 1920//913 1913//913
f 1913//914 1920//914 1914//914
f 1920//914 1921//914 1914//914
f 1914//915 1921//915 1915//915
f 1921//915 1922//915 1915//915
f 1915//916 1922//916 1916//916
f 1922//916 1923//916 1916//916
f 1916//917 1923//917 1917//917
f 1923//917 1924//917 1917//917
f 1917//918 1924//918 1918//918
f 1924//918 1925//918 1918//918
f 1919//913 1926//913 1920//913
f 1926//913 1927//913 1920//913
f 1920//914 1927//914 1921//914
f 1927//914 1928//914 1921//914
f 1921//915 1928//915 1922//915
f 1928//915 1929//915 1922//915
f 1922//916 1929//916 1923//916
f 1929//916 1930//916 1923//916
f 1923//917 1930//917 1924//917
f 1930//917 1931//917 1924//917
f 1924//918 1931//918 1925//918
f 1931//918 1932//918 1925//918
f 1926//913 1933//913 1927//913
f 1933//913 1934//913 1927//913
f 1927//914 1934//914 1928//914
f 1934//914 1935//914 1928//914
f 1928//915 1935//915 1929//915
f 1935//915 1936//915 1929//915
f 1929//916 1936//916 1930//916
f 1936//916 1937//916 1930//916
f 1930//917 1937//917 1931//917
f 1937//917 1938//917 1931//917
f 1931//918 1938//918 1932//918
f 1938//918 1939//918 1932//918
f 1933//913 1940//913 1934//913
f 1940//913 1941//913 1934//913
f 1934//914 1941//914 1935//914
f 1941//914 1942//914 1935//914
f 1935//915 1942//915 1936//915
f 1942//915 1943//915 1936//915
f 1936//916 1943//916 1937//916
f 1943//916 1944//916 1937//916
f 1937//917 1944//917 1938//917
f 1944//917 1945//917 1938//917
f 1938//918 1945//918 1939//918
f 1945//918 1946//918 1939//918
f 1940//913 1947//913 1941//913
f 1947//913 1948//913 1941//913
f 1941//914 1948//914 1942//914
f 1948//914 1949//914 1942//914
f 1942//915 1949//915 1943//915
f 1949//915 1950//915 1943//915
f 1943//916 1950//916 1944//916
f 1950//916 1951//916 1944//916
f 1944//917 1951//917 1945//917
f 1951//917 1952//917 1945//917
f 1945//918 1952//918 1946//918
f 1952//918 1953//918 1946//918
f 1947//913 1954//913 1948//913
f 1954//913 1955//913 1948//913
f 1948//914 1955//914 1949//914
f 1955//914 1956//914 1949//914
f 1949//915 1956//915 1950//915
f 1956//915 1957//915 1950//915
f 1950//916 1957//916 1951//916
f 1957//916 1958//916 1951//916
f 1951//917 1958//917 1952//917
f 1958//917 1959//917 1952//917
f 1952//918 1959//918 1953//918
f 1959//918 1960//918 1953//918
f 1961//97 1968//97 1962//97
f 1968//97 1969//97 1962//97
f 1962//97 1969//97 1963//97
f 1969//97 1970//97 1963//97
f 1963//97 1970//97 1964//97
f 1970//97 1971//97 1964//97
f 1964//97 1971//97 1965//97
f 1971//97 1972//97 1965//97
f 1965//97 1972//97 1966//97
f 1972//97 1973//97 1966//97
f 1966//97 1973//97 1967//97
f 1973//97 1974//97 1967//97
f 1968//97 1975//97 1969//97
f 1975//97 1976//97 1969//97
f 1969//97 1976//97 1970//97
f 1976//97 1977//97 1970//97
f 1970//97 1977//97 1971//97
f 1977//97 1978//97 1971//97
f 1971//97 1978//97 1972//97
f 1978//97 1979//97 1972//97
f 1972//97 1979//97 1973//97
f 1979//97 1980//97 1973//97
f 1973//97 1980//97 1974//97
f 1980//97 1981//97 1974//97
f 1975//97 1982//97 1976//97
f 1982//97 1983//97 1976//97
f 1976//97 1983//97 1977//97
f 1983//97 1984//97 1977//97
f 1977//97 1984//97 1978//97
f 1984//97 1985//97 1978//97
f 1978//97 1985//97 1979//97
f 1985//97 1986//97 1979//97
f 1979//97 1986//97 1980//97
f 1986//97 1987//97 1980//97
f 1980//97 1987//97 1981//97
f 1987//97 1988//97 1981//97
f 1982//97 1989//97 1983//97
f 1989//97 1990//97 1983//97
f 1983//97 1990//97 1984//97
f 1990//97 1991//97 1984//97
f 1984//97 1991//97 1985//97
f 1991//97 1992//97 1985//97
f 1985//97 1992//97 1986//97
f 1992//97 1993//97 1986//97
f 1986//97 1993//97 1987//97
f 1993//97 1994//97 1987//97
f 1987//97 1994//97 1988//97
f 1994//97 1995//97 1988//97
f 1989//97 1996//97 1990//97
f 1996//97 1997//97 1990//97
f 1990//97 1997//97 1991//97
f 1997//97 1998//97 1991//97
f 1991//97 1998//97 1992//97
f 1998//97 1999//97 1992//97
f 1992//97 1999//97 1993//97
f 1999//97 2000//97 1993//97
f 1993//97 2000//97 1994//97
f 2000//97 2001//97 1994//97
f 1994//97 2001//97 1995//97
f 2001//97 2002//97 1995//97
f 1996//97 2003//97 1997//97
f 2003//97 2004//97 1997//97
f 1997//97 2004//97 1998//97
f 2004//97 2005//97 1998//97
f 1998//97 2005//97 1999//97
f 2005//97 2006//97 1999//97
f 1999//97 2006//97 2000//97
f 2006//97 2007//97 2000//97
f 2000//97 2007//97 2001//97
f 2007//97 2008//97 2001//97
f 2001//97 2008//97 2002//97
f 2008//97 2009//97 2002//97
f 2010//98 2017//98 2011//98
f 2017//98 2018//98 2011//98
f 2011//98 2018//98 2012//98
f 2018//98 2019//98 2012//98
f 2012//98 2019//98 2013//98
f 2019//98 2020//98 2013//98
f 2013//98 2020//98 2014//98
f 2020//98 2021//98 2014//98
f 2014//98 2021//98 2015//98
f 2021//98 2022//98 2015//98
f 2015//98 2022//98 2016//98
f 2022//98 2023//98 2016//98
f 2017//98 2024//98 2018//98
f 2024//98 2025//98 2018//98
f 2018//98 2025//98 2019//98
f 2025//98 2026//98 2019//98
f 2019//98 2026//98 2020//98
f 2026//98 2027//98 2020//98
f 2020//98 2027//98 2021//98
f 2027//98 2028//98 2021//98
f 2021//98 2028//98 2022//98
f 2028//98 2029//98 2022//98
f 2022//98 2029//98 2023//98
f 2029//98 2030//98 2023//98
f 2024//98 2031//98 2025//98
f 2031//98 2032//98 2025//98
f 2025//98 2032//98 2026//98
f 2032//98 2033//98 2026//98
f 2026//98 2033//98 2027//98
f 2033//98 2034//98 2027//98
f 2027//98 2034//98 2028//98
f 2034//98 2035//98 2028//98
f 2028//98 2035//98 2029//98
f 2035//98 2036//98 2029//98
f 2029//98 2036//98 2030//98
f 2036//98 2037//98 2030//98
f 2031//98 2038//98 2032//98
f 2038//98 2039//98 2032//98
f 2032//98 2039//98 2033//98
f 2039//98 2040//98 2033//98
f 2033//98 2040//98 2034//98
f 2040//98 2041//98 2034//98
f 2034//98 2041//98 2035//98
f 2041//98 2042//98 2035//98
f 2035//98 2042//98 2036//98
f 2042//98 2043//98 2036//98
f 2036//98 2043//98 2037//98
f 2043//98 2044//98 2037//98
f 2038//98 2045//98 2039//98
f 2045//98 2046//98 2039//98
f 2039//98 2046//98 2040//98
f 2046//98 2047//98 2040//98
f 2040//98 2047//98 2041//98
f 2047//98 2048//98 2041//98
f 2041//98 2048//98 2042//98
f 2048//98 2049//98 2042//98
f 2042//98 2049//98 2043//98
f 2049//98 2050//98 2043//98
f 2043//98 2050//98 2044//98
f 2050//98 2051//98 2044//98
f 2045//98 2052//98 2046//98
f 2052//98 2053//98 2046//98
f 2046//98 2053//98 2047//98
f 2053//98 2054//98 2047//98
f 2047//98 2054//98 2048//98
f 2054//98 2055//98 2048//98
f 2048//98 2055//98 2049//98
f 2055//98 2056//98 2049//98
f 2049//98 2056//98 2050//98
f 2056//98 2057//98 2050//98
f 2050//98 2057//98 2051//98
f 2057//98 2058//98 2051//98
f 2059//895 2066//895 2060//895
f 2066//895 2067//895 2060//895
f 2060//895 2067//895 2061//895
f 2067//895 2068//895 2061//895
f 2061//895 2068//895 2062//895
f 2068//895 2069//895 2062//895
f 2062//895 2069//895 2063//895
f 2069//895 2070//895 2063//895
f 2063//895 2070//895 2064//895
f 2070//895 2071//895 2064//895
f 2064//895 2071//895 2065//895
f 2071//895 2072//895 2065//895
f 2066//896 2073//896 2067//896
f 2073//896 2074//896 2067//896
f 2067//896 2074//896 2068//896
f 2074//896 2075//896 2068//896
f 2068//896 2075//896 2069//896
f 2075//896 2076//896 2069//896
f 2069//896 2076//896 2070//896
f 2076//896 2077//896 2070//896
f 2070//896 2077//896 2071//896
f 2077//896 2078//896 2071//896
f 2071//896 2078//896 2072//896
f 2078//896 2079//896 2072//896
f 2073//897 2080//897 2074//897
f 2080//897 2081//897 2074//897
f 2074//897 2081//897 2075//897
f 2081//897 2082//897 2075//897
f 2075//897 2082//897 2076//897
f 2082//897 2083//897 2076//897
f 2076//897 2083//897 2077//897
f 2083//897 2084//897 2077//897
f 2077//897 2084//897 2078//897
f 2084//897 2085//897 2078//897
f 2078//897 2085//897 2079//897
f 2085//897 2086//897 2079//897
f 2080//898 2087//898 2081//898
f 2087//898 2088//898 2081//898
f 2081//898 2088//898 2082//898
f 2088//898 2089//898 2082//898
f 2082//898 2089//898 2083//898
f 2089//898 2090//898 2083//898
f 2083//898 2090//898 2084//898
f 2090//898 2091//898 2084//898
f 2084//898 2091//898 2085//898
f 2091//898 2092//898 2085//898
f 2085//898 2092//898 2086//898
f 2092//898 2093//898 2086//898
f 2087//899 2094//899 2088//899
f 2094//899 2095//899 2088//899
f 2088//899 2095//899 2089//899
f 2095//899 2096//899 2089//899
f 2089//899 2096//899 2090//899
f 2096//899 2097//899 2090//899
f 2090//899 2097//899 2091//899
f 2097//899 2098//899 2091//899
f 2091//899 2098//899 2092//899
f 2098//899 2099//899 2092//899
f 2092//899 2099//899 2093//899
f 2099//899 2100//899 2093//899
f 2094//900 2101//900 2095//900
f 2101//900 2102//900 2095//900
f 2095//900 2102//900 2096//900
f 2102//900 2103//900 2096//900
f 2096//900 2103//900 2097//900
f 2103//900 2104//900 2097//900
f 2097//900 2104//900 2098//900
f 2104//900 2105//900 2098//900
f 2098//900 2105//900 2099//900
f 2105//900 2106//900 2099//900
f 2099//900 2106//900 2100//900
f 2106//900 2107//900 2100//900
f 2108//901 2115//901 2109//901
f 2115//901 2116//901 2109//901
f 2109//901 2116//901 2110//901
f 2116//901 2117//901 2110//901
f 2110//901 2117//901 2111//901
f 2117//901 2118//901 2111//901
f 2111//901 2118//901 2112//901
f 2118//901 2119//901 2112//901
f 2112//901 2119//901 2113//901
f 2119//901 2120//901 2113//901
f 2113//901 2120//901 2114//901
f 2120//901 2121//901 2114//901
f 2115//902 2122//902 2116//902
f 2122//902 2123//902 2116//902
f 2116//902 2123//902 2117//902
f 2123//902 2124//902 2117//902
f 2117//902 2124//902 2118//902
f 2124//902 2125//902 2118//902
f 2118//902 2125//902 2119//902
f 2125//902 2126//902 2119//902
f 2119//902 2126//902 2120//902
f 2126//902 2127//902 2120//902
f 2120//902 2127//902 2121//902
f 2127//902 2128//902 2121//902
f 2122//903 2129//903 2123//903
f 2129//903 2130//903 2123//903
f 2123//903 2130//903 2124//903
f 2130//903 2131//903 2124//903
f 2124//903 2131//903 2125//903
f 2131//903 2132//903 2125//903
f 2125//903 2132//903 2126//903
f 2132//903 2133//903 2126//903
f 2126//903 2133//903 2127//903
f 2133//903 2134//903 2127//903
f 2127//903 2134//903 2128//903
f 2134//903 2135//903 2128//903
f 2129//904 2136//904 2130//904
f 2136//904 2137//904 2130//904
f 2130//904 2137//904 2131//904
f 2137//904 2138//904 2131//904
f 2131//904 2138//904 2132//904
f 2138//904 2139//904 2132//904
f 2132//904 2139//904 2133//904
f 2139//904 2140//904 2133//904
f 2133//904 2140//904 2134//904
f 2140//904 2141//904 2134//904
f 2134//904 2141//904 2135//904
f 2141//904 2142//904 2135//904
f 2136//905 2143//905 2137//905
f 2143//905 2144//905 2137//905
f 2137//905 2144//905 2138//905
f 2144//905 2145//905 2138//905
f 2138//905 2145//905 2139//905
f 2145//905 2146//905 2139//905
f 2139//905 2146//905 2140//905
f 2146//905 2147//905 2140//905
f 2140//905 2147//905 2141//905
f 2147//905 2148//905 2141//905
f 2141//905 2148//905 2142//905
f 2148//905 2149//905 2142//905
f 2143//906 2150//906 2144//906
f 2150//906 2151//906 2144//906
f 2144//906 2151//906 2145//906
f 2151//906 2152//906 2145//906
f 2145//906 2152//906 2146//906
f 2152//906 2153//906 2146//906
f 2146//906 2153//906 2147//906
f 2153//906 2154//906 2147//906
f 2147//906 2154//906 2148//906
f 2154//906 2155//906 2148//906
f 2148//906 2155//906 2149//906
f 2155//906 2156//906 2149//906
f 2157//907 2164//907 2158//907
f 2164//907 2165//907 2158//907
f 2158//908 2165//908 2159//908
f 2165//908 2166//908 2159//908
f 2159//909 2166//909 2160//909
f 2166//909 2167//909 2160//909
f 2160//910 2167//910 2161//910
f 2167//910 2168//910 2161//910
f 2161//911 2168//911 2162//911
f 2168//911 2169//911 2162//911
f 2162//912 2169//912 2163//912
f 2169//912 2170//912 2163//912
f 2164//907 2171//907 2165//907
f 2171//907 2172//907 2165//907
f 2165//908 2172//908 2166//908
f 2172//908 2173//908 2166//908
f 2166//909 2173//909 2167//909
f 2173//909 2174//909 2167//909
f 2167//910 2174//910 2168//910
f 2174//910 2175//910 2168//910
f 2168//911 2175//911 2169//911
f 2175//911 2176//911 2169//911
f 2169//912 2176//912 2170//912
f 2176//912 2177//912 2170//912
f 2171//907 2178//907 2172//907
f 2178//907 2179//907 2172//907
f 2172//908 2179//908 2173//908
f 2179//908 2180//908 2173//908
f 2173//909 2180//909 2174//909
f 2180//909 2181//909 2174//909
f 2174//910 2181//910 2175//910
f 2181//910 2182//910 2175//910
f 2175//911 2182//911 2176//911
f 2182//911 2183//911 2176//911
f 2176//912 2183//912 2177//912
f 2183//912 2184//912 2177//912
f 2178//907 2185//907 2179//907
f 2185//907 2186//907 2179//907
f 2179//908 2186//908 2180//908
f 2186//908 2187//908 2180//908
f 2180//909 2187//909 2181//909
f 2187//909 2188//909 2181//909
f 2181//910 2188//910 2182//910
f 2188//910 2189//910 2182//910
f 2182//911 2189//911 2183//911
f 2189//911 2190//911 2183//911
f 2183//912 2190//912 2184//912
f 2190//912 2191//912 2184//912
f 2185//907 2192//907 2186//907
f 2192//907 2193//907 2186//907
f 2186//908 2193//908 2187//908
f 2193//908 2194//908 2187//908
f 2187//909 2194//909 2188//909
f 2194//909 2195//909 2188//909
f 2188//910 2195//910 2189//910
f 2195//910 2196//910 2189//910
f 2189//911 2196//911 2190//911
f 2196//911 2197//911 2190//911
f 2190//912 2197//912 2191//912
f 2197//912 2198//912 2191//912
f 2192//907 2199//907 2193//907
f 2199//907 2200//907 2193//907
f 2193//908 2200//908 2194//908
f 2200//908 2201//908 2194//908
f 2194//909 2201//909 2195//909
f 2201//909 2202//909 2195//909
f 2195//910 2202//910 2196//910
f 2202//910 2203//910 2196//910
f 2196//911 2203//911 2197//911
f 2203//911 2204//911 2197//911
f 2197//912 2204//912 2198//912
f 2204//912 2205//912 2198//912
f 2206//913 2213//913 2207//913
f 2213//913 2214//913 2207//913
f 2207//914 2214//914 2208//914
f 2214//914 2215//914 2208//914
f 2208//915 2215//915 2209//915
f 2215//915 2216//915 2209//915
f 2209//916 2216//916 2210//916
f 2216//916 2217//916 2210//916
f 2210//917 2217//917 2211//917
f 2217//917 2218//917 2211//917
f 2211//918 2218//918 2212//918
f 2218//918 2219//918 2212//918
f 2213//913 2220//913 2214//913
f 2220//913 2221//913 2214//913
f 2214//914 2221//914 2215//914
f 2221//914 2222//914 2215//914
f 2215//915 2222//915 2216//915
f 2222//915 2223//915 2216//915
f 2216//916 2223//916 2217//916
f 2223//916 2224//916 2217//916
f 2217//917 2224//917 2218//917
f 2224//917 2225//917 2218//917
f 2218//918 2225//918 2219//918
f 2225//918 2226//918 2219//918
f 2220//913 2227//913 2221//913
f 2227//913 2228//913 2221//913
f 2221//914 2228//914 2222//914
f 2228//914 2229//914 2222//914
f 2222//915 2229//915 2223//915
f 2229//915 2230//915 2223//915
f 2223//916 2230//916 2224//916
f 2230//916 2231//916 2224//916
f 2224//917 2231//917 2225//917
f 2231//917 2232//917 2225//917
f 2225//918 2232//918 2226//918
f 2232//918 2233//918 2226//918
f 2227//913 2234//913 2228//913
f 2234//913 2235//913 2228//913
f 2228//914 2235//914 2229//914
f 2235//914 2236//914 2229//914
f 2229//915 2236//915 2230//915
f 2236//915 2237//915 2230//915
f 2230//916 2237//916 2231//916
f 2237//916 2238//916 2231//916
f 2231//917 2238//917 2232//917
f 2238//917 2239//917 2232//917
f 2232//918 2239//918 2233//918
f 2239//918 2240//918 2233//918
f 2234//913 2241//913 2235//913
f 2241//913 2242//913 2235//913
f 2235//914 2242//914 2236//914
f 2242//914 2243//914 2236//914
f 2236//915 2243//915 2237//915
f 2243//915 2244//915 2237//915
f 2237//916 2244//916 2238//916
f 2244//916 2245//916 2238//916
f 2238//917 2245//917 2239//917
f 2245//917 2246//917 2239//917
f 2239//918 2246//918 2240//918
f 2246//918 2247//918 2240//918
f 2241//913 2248//913 2242//913
f 2248//913 2249//913 2242//913
f 2242//914 2249//914 2243//914
f 2249//914 2250//914 2243//914
f 2243//915 2250//915 2244//915
f 2250//915 2251//915 2244//915
f 2244//916 2251//916 2245//916
f 2251//916 2252//916 2245//916
f 2245//917 2252//917 2246//917
f 2252//917 2253//917 2246//917
f 2246//918 2253//918 2247//918
f 2253//918 2254//918 2247//918
f 2255//97 2262//97 2256//97
f 2262//97 2263//97 2256//97
f 2256//97 2263//97 2257//97
f 2263//97 2264//97 2257//97
f 2257//97 2264//97 2258//97
f 2264//97 2265//97 2258//97
f 2258//97 2265//97 2259//97
f 2265//97 2266//97 2259//97
f 2259//97 2266//97 2260//97
f 2266//97 2267//97 2260//97
f 2260//97 2267//97 2261//97
f 2267//97 2268//97 2261//97
f 2262//97 2269//97 2263//97
f 2269//97 2270//97 2263//97
f 2263//97 2270//97 2264//97
f 2270//97 2271//97 2264//97
f 2264//97 2271//97 2265//97
f 2271//97 2272//97 2265//97
f 2265//97 2272//97 2266//97
f 2272//97 2273//97 2266//97
f 2266//97 2273//97 2267//97
f 2273//97 2274//97 2267//97
f 2267//97 2274//97 2268//97
f 2274//97 2275//97 2268//97
f 2269//97 2276//97 2270//97
f 2276//97 2277//97 2270//97
f 2270//97 2277//97 2271//97
f 2277//97 2278//97 2271//97
f 2271//97 2278//97 2272//97
f 2278//97 2279//97 2272//97
f 2272//97 2279//97 2273//97
f 2279//97 2280//97 2273//97
f 2273//97 2280//97 2274//97
f 2280//97 2281//97 2274//97
f 2274//97 2281//97 2275//97
f 2281//97 2282//97 2275//97
f 2276//97 2283//97 2277//97
f 2283//97 2284//97 2277//97
f 2277//97 2284//97 2278//97
f 2284//97 2285//97 2278//97
f 2278//97 2285//97 2279//97
f 2285//97 2286//97 2279//97
f 2279//97 2286//97 2280//97
f 2286//97 2287//97 2280//97
f 2280//97 2287//97 2281//97
f 2287//97 2288//97 2281//97
f 2281//97 2288//97 2282//97
f 2288//97 2289//97 2282//97
f 2283//97 2290//97 2284//97
f 2290//97 2291//97 2284//97
f 2284//97 2291//97 2285//97
f 2291//97 2292//97 2285//97
f 2285//97 2292//97 2286//97
f 2292//97 2293//97 2286//97
f 2286//97 2293//97 2287//97
f 2293//97 2294//97 2287//97
f 2287//97 2294//97 2288//97
f 2294//97 2295//97 2288//97
f 2288//97 2295//97 2289//97
f 2295//97 2296//97 2289//97
f 2290//97 2297//97 2291//97
f 2297//97 2298//97 2291//97
f 2291//97 2298//97 2292//97
f 2298//97 2299//97 2292//97
f 2292//97 2299//97 2293//97
f 2299//97 2300//97 2293//97
f 2293//97 2300//97 2294//97
f 2300//97 2301//97 2294//97
f 2294//97 2301//97 2295//97
f 2301//97 2302//97 2295//97
f 2295//97 2302//97 2296//97
f 2302//97 2303//97 2296//97
f 2304//98 2311//98 2305//98
f 2311//98 2312//98 2305//98
f 2305//98 2312//98 2306//98
f 2312//98 2313//98 2306//98
f 2306//98 2313//98 2307//98
f 2313//98 2314//98 2307//98
f 2307//98 2314//98 2308//98
f 2314//98 2315//98 2308//98
f 2308//98 2315//98 2309//98
f 2315//98 2316//98 2309//98
f 2309//98 2316//98 2310//98
f 2316//98 2317//98 2310//98
f 2311//98 2318//98 2312//98
f 2318//98 2319//98 2312//98
f 2312//98 2319//98 2313//98
f 2319//98 2320//98 2313//98
f 2313//98 2320//98 2314//98
f 2320//98 2321//98 2314//98
f 2314//98 2321//98 2315//98
f 2321//98 2322//98 2315//98
f 2315//98 2322//98 2316//98
f 2322//98 2323//98 2316//98
f 2316//98 2323//98 2317//98
f 2323//98 2324//98 2317//98
f 2318//98 2325//98 2319//98
f 2325//98 2326//98 2319//98
f 2319//98 2326//98 2320//98
f 2326//98 2327//98 2320//98
f 2320//98 2327//98 2321//98
f 2327//98 2328//98 2321//98
f 2321//98 2328//98 2322//98
f 2328//98 2329//98 2322//98
f 2322//98 2329//98 2323//98
f 2329//98 2330//98 2323//98
f 2323//98 2330//98 2324//98
f 2330//98 2331//98 2324//98
f 2325//98 2332//98 2326//98
f 2332//98 2333//98 2326//98
f 2326//98 2333//98 2327//98
f 2333//98 2334//98 2327//98
f 2327//98 2334//98 2328//98
f 2334//98 2335//98 2328//98
f 2328//98 2335//98 2329//98
f 2335//98 2336//98 2329//98
f 2329//98 2336//98 2330//98
f 2336//98 2337//98 2330//98
f 2330//98 2337//98 2331//98
f 2337//98 2338//98 2331//98
f 2332//98 2339//98 2333//98
f 2339//98 2340//98 2333//98
f 2333//98 2340//98 2334//98
f 2340//98 2341//98 2334//98
f 2334//98 2341//98 2335//98
f 2341//98 2342//98 2335//98
f 2335//98 2342//98 2336//98
f 2342//98 2343//98 2336//98
f 2336//98 2343//98 2337//98
f 2343//98 2344//98 2337//98
f 2337//98 2344//98 2338//98
f 2344//98 2345//98 2338//98
f 2339//98 2346//98 2340//98
f 2346//98 2347//98 2340//98
f 2340//98 2347//98 2341//98
f 2347//98 2348//98 2341//98
f 2341//98 2348//98 2342//98
f 2348//98 2349//98 2342//98
f 2342//98 2349//98 2343//98
f 2349//98 2350//98 2343//98
f 2343//98 2350//98 2344//98
f 2350//98 2351//98 2344//98
f 2344//98 2351//98 2345//98
f 2351//98 2352//98 2345//98
o Brow
usemtl skin_4
f 2353//919 2360//919 2354//919
f 2360//919 2361//919 2354//919
f 2354//920 2361//920 2355//920
f 2361//920 2362//920 2355//920
f 2355//921 2362//921 2356//921
f 2362//921 2363//921 2356//921
f 2356//922 2363//922 2357//922
f 2363//922 2364//922 2357//922
f 2357//923 2364//923 2358//923
f 2364//923 2365//923 2358//923
f 2358//924 2365//924 2359//924
f 2365//924 2366//924 2359//924
f 2360//925 2367//925 2361//925
f 2367//925 2368//925 2361//925
f 2361//926 2368//926 2362//926
f 2368//926 2369//926 2362//926
f 2362//927 2369//927 2363//927
f 2369//927 2370//927 2363//927
f 2363//928 2370//928 2364//928
f 2370//928 2371//928 2364//928
f 2364//929 2371//929 2365//929
f 2371//929 2372//929 2365//929
f 2365//930 2372//930 2366//930
f 2372//930 2373//930 2366//930
f 2367//931 2374//931 2368//931
f 2374//931 2375//931 2368//931
f 2368//932 2375//932 2369//932
f 2375//932 2376//932 2369//932
f 2369//933 2376//933 2370//933
f 2376//933 2377//933 2370//933
f 2370//934 2377//934 2371//934
f 2377//934 2378//934 2371//934
f 2371//935 2378//935 2372//935
f 2378//935 2379//935 2372//935
f 2372//936 2379//936 2373//936
f 2379//936 2380//936 2373//936
f 2374//937 2381//937 2375//937
f 2381//937 2382//937 2375//937
f 2375//938 2382//938 2376//938
f 2382//938 2383//938 2376//938
f 2376//939 2383//939 2377//939
f 2383//939 2384//939 2377//939
f 2377//940 2384//940 2378//940
f 2384//940 2385//940 2378//940
f 2378//941 2385//941 2379//941
f 2385//941 2386//941 2379//941
f 2379//942 2386//942 2380//942
f 2386//942 2387//942 2380//942
f 2381//943 2388//943 2382//943
f 2388//943 2389//943 2382//943
f 2382//944 2389//944 2383//944
f 2389//944 2390//944 2383//944
f 2383//945 2390//945 2384//945
f 2390//945 2391//945 2384//945
f 2384//946 2391//946 2385//946
f 2391//946 2392//946 2385//946
f 2385//947 2392//947 2386//947
f 2392//947 2393//947 2386//947
f 2386//948 2393//948 2387//948
f 2393//948 2394//948 2387//948
f 2388//949 2395//949 2389//949
f 2395//949 2396//949 2389//949
f 2389//950 2396//950 2390//950
f 2396//950 2397//950 2390//950
f 2390//951 2397//951 2391//951
f 2397//951 2398//951 2391//951
f 2391//952 2398//952 2392//952
f 2398//952 2399//952 2392//952
f 2392//953 2399//953 2393//953
f 2399//953 2400//953 2393//953
f 2393//954 2400//954 2394//954
f 2400//954 2401//954 2394//954
f 2402//955 2409//955 2403//955
f 2409//955 2410//955 2403//955
f 2403//956 2410//956 2404//956
f 2410//956 2411//956 2404//956
f 2404//957 2411//957 2405//957
f 2411//957 2412//957 2405//957
f 2405//958 2412//958 2406//958
f 2412//958 2413//958 2406//958
f 2406//959 2413//959 2407//959
f 2413//959 2414//959 2407//959
f 2407//960 2414//960 2408//960
f 2414//960 2415//960 2408//960
f 2409//961 2416//961 2410//961
f 2416//961 2417//961 2410//961
f 2410//962 2417//962 2411//962
f 2417//962 2418//962 2411//962
f 2411//963 2418//963 2412//963
f 2418//963 2419//963 2412//963
f 2412//964 2419//964 2413//964
f 2419//964 2420//964 2413//964
f 2413//965 2420//965 2414//965
f 2420//965 2421//965 2414//965
f 2414//966 2421//966 2415//966
f 2421//966 2422//966 2415//966
f 2416//967 2423//967 2417//967
f 2423//967 2424//967 2417//967
f 2417//968 2424//968 2418//968
f 2424//968 2425//968 2418//968
f 2418//969 2425//969 2419//969
f 2425//969 2426//969 2419//969
f 2419//970 2426//970 2420//970
f 2426//970 2427//970 2420//970
f 2420//971 2427//971 2421//971
f 2427//971 2428//971 2421//971
f 2421//972 2428//972 2422//972
f 2428//972 2429//972 2422//972
f 2423//973 2430//973 2424//973
f 2430//973 2431//973 2424//973
f 2424//974 2431//974 2425//974
f 2431//974 2432//974 2425//974
f 2425//975 2432//975 2426//975
f 2432//975 2433//975 2426//975
f 2426//976 2433//976 2427//976
f 2433//976 2434//976 2427//976
f 2427//977 2434//977 2428//977
f 2434//977 2435//977 2428//977
f 2428//978 2435//978 2429//978
f 2435//978 2436//978 2429//978
f 2430//979 2437//979 2431//979
f 2437//979 2438//979 2431//979
f 2431//980 2438//980 2432//980
f 2438//980 2439//980 2432//980
f 2432//981 2439//981 2433//981
f 2439//981 2440//981 2433//981
f 2433//982 2440//982 2434//982
f 2440//982 2441//982 2434//982
f 2434//983 2441//983 2435//983
f 2441//983 2442//983 2435//983
f 2435//984 2442//984 2436//984
f 2442//984 2443//984 2436//984
f 2437//985 2444//985 2438//985
f 2444//985 2445//985 2438//985
f 2438//986 2445//986 2439//986
f 2445//986 2446//986 2439//986
f 2439//987 2446//987 2440//987
f 2446//987 2447//987 2440//987
f 2440//988 2447//988 2441//988
f 2447//988 2448//988 2441//988
f 2441//989 2448//989 2442//989
f 2448//989 2449//989 2442//989
f 2442//990 2449//990 2443//990
f 2449//990 2450//990 2443//990
f 2451//991 2458//991 2452//991
f 2458//991 2459//991 2452//991
f 2452//992 2459//992 2453//992
f 2459//992 2460//992 2453//992
f 2453//993 2460//993 2454//993
f 2460//993 2461//993 2454//993
f 2454//994 2461//994 2455//994
f 2461//994 2462//994 2455//994
f 2455//995 2462//995 2456//995
f 2462//995 2463//995 2456//995
f 2456//996 2463//996 2457//996
f 2463//996 2464//996 2457//996
f 2458//997 2465//997 2459//997
f 2465//997 2466//997 2459//997
f 2459//998 2466//998 2460//998
f 2466//998 2467//998 2460//998
f 2460//999 2467//999 2461//999
f 2467//999 2468//999 2461//999
f 2461//1000 2468//1000 2462//1000
f 2468//1000 2469//1000 2462//1000
f 2462//1001 2469//1001 2463//1001
f 2469//1001 2470//1001 2463//1001
f 2463//1002 2470//1002 2464//1002
f 2470//1002 2471//1002 2464//1002
f 2465//1003 2472//1003 2466//1003
f 2472//1003 2473//1003 2466//1003
f 2466//1004 2473//1004 2467//1004
f 2473//1004 2474//1004 2467//1004
f 2467//1005 2474//1005 2468//1005
f 2474//1005 2475//1005 2468//1005
f 2468//1006 2475//1006 2469//1006
f 2475//1006 2476//1006 2469//1006
f 2469//1007 2476//1007 2470//1007
f 2476//1007 2477//1007 2470//1007
f 2470//1008 2477//1008 2471//1008
f 2477//1008 2478//1008 2471//1008
f 2472//1009 2479//1009 2473//1009
f 2479//1009 2480//1009 2473//1009
f 2473//1010 2480//1010 2474//1010
f 2480//1010 2481//1010 2474//1010
f 2474//1011 2481//1011 2475//1011
f 2481//1011 2482//1011 2475//1011
f 2475//1012 2482//1012 2476//1012
f 2482//1012 2483//1012 2476//1012
f 2476//1013 2483//1013 2477//1013
f 2483//1013 2484//1013 2477//1013
f 2477//1014 2484//1014 2478//1014
f 2484//1014 2485//1014 2478//1014
f 2479//1015 2486//1015 2480//1015
f 2486//1015 2487//1015 2480//1015
f 2480//1016 2487//1016 2481//1016
f 2487//1016 2488//1016 2481//1016
f 2481//1017 2488//1017 2482//1017
f 2488//1017 2489//1017 2482//1017
f 2482//1018 2489//1018 2483//1018
f 2489//1018 2490//1018 2483//1018
f 2483//1019 2490//1019 2484//1019
f 2490//1019 2491//1019 2484//1019
f 2484//1020 2491//1020 2485//1020
f 2491//1020 2492//1020 2485//1020
f 2486//1021 2493//1021 2487//1021
f 2493//1021 2494//1021 2487//1021
f 2487//1022 2494//1022 2488//1022
f 2494//1022 2495//1022 2488//1022
f 2488//1023 2495//1023 2489//1023
f 2495//1023 2496//1023 2489//1023
f 2489//1024 2496//1024 2490//1024
f 2496//1024 2497//1024 2490//1024
f 2490//1025 2497//1025 2491//1025
f 2497//1025 2498//1025 2491//1025
f 2491//1026 2498//1026 2492//1026
f 2498//1026 2499//1026 2492//1026
f 2500//1027 2507//1027 2501//1027
f 2507//1027 2508//1027 2501//1027
f 2501//1028 2508//1028 2502//1028
f 2508//1028 2509//1028 2502//1028
f 2502//1029 2509//1029 2503//1029
f 2509//1029 2510//1029 2503//1029
f 2503//1030 2510//1030 2504//1030
f 2510//1030 2511//1030 2504//1030
f 2504//1031 2511//1031 2505//1031
f 2511//1031 2512//1031 2505//1031
f 2505//1032 2512//1032 2506//1032
f 2512//1032 2513//1032 2506//1032
f 2507//1033 2514//1033 2508//1033
f 2514//1033 2515//1033 2508//1033
f 2508//1034 2515//1034 2509//1034
f 2515//1034 2516//1034 2509//1034
f 2509//1035 2516//1035 2510//1035
f 2516//1035 2517//1035 2510//1035
f 2510//1036 2517//1036 2511//1036
f 2517//1036 2518//1036 2511//1036
f 2511//1037 2518//1037 2512//1037
f 2518//1037 2519//1037 2512//1037
f 2512//1038 2519//1038 2513//1038
f 2519//1038 2520//1038 2513//1038
f 2514//1039 2521//1039 2515//1039
f 2521//1039 2522//1039 2515//1039
f 2515//1040 2522//1040 2516//1040
f 2522//1040 2523//1040 2516//1040
f 2516//1041 2523//1041 2517//1041
f 2523//1041 2524//1041 2517//1041
f 2517//1042 2524//1042 2518//1042
f 2524//1042 2525//1042 2518//1042
f 2518//1043 2525//1043 2519//1043
f 2525//1043 2526//1043 2519//1043
f 2519//1044 2526//1044 2520//1044
f 2526//1044 2527//1044 2520//1044
f 2521//1045 2528//1045 2522//1045
f 2528//1045 2529//1045 2522//1045
f 2522//1046 2529//1046 2523//1046
f 2529//1046 2530//1046 2523//1046
f 2523//1047 2530//1047 2524//1047
f 2530//1047 2531//1047 2524//1047
f 2524//1048 2531//1048 2525//1048
f 2531//1048 2532//1048 2525//1048
f 2525//1049 2532//1049 2526//1049
f 2532//1049 2533//1049 2526//1049
f 2526//1050 2533//1050 2527//1050
f 2533//1050 2534//1050 2527//1050
f 2528//1051 2535//1051 2529//1051
f 2535//1051 2536//1051 2529//1051
f 2529//1052 2536//1052 2530//1052
f 2536//1052 2537//1052 2530//1052
f 2530//1053 2537//1053 2531//1053
f 2537//1053 2538//1053 2531//1053
f 2531//1054 2538//1054 2532//1054
f 2538//1054 2539//1054 2532//1054
f 2532//1055 2539//1055 2533//1055
f 2539//1055 2540//1055 2533//1055
f 2533//1056 2540//1056 2534//1056
f 2540//1056 2541//1056 2534//1056
f 2535//1057 2542//1057 2536//1057
f 2542//1057 2543//1057 2536//1057
f 2536//1058 2543//1058 2537//1058
f 2543//1058 2544//1058 2537//1058
f 2537//1059 2544//1059 2538//1059
f 2544//1059 2545//1059 2538//1059
f 2538//1060 2545//1060 2539//1060
f 2545//1060 2546//1060 2539//1060
f 2539//1061 2546//1061 2540//1061
f 2546//1061 2547//1061 2540//1061
f 2540//1062 2547//1062 2541//1062
f 2547//1062 2548//1062 2541//1062
f 2549//97 2556//97 2550//97
f 2556//97 2557//97 2550//97
f 2550//97 2557//97 2551//97
f 2557//97 2558//97 2551//97
f 2551//97 2558//97 2552//97
f 2558//97 2559//97 2552//97
f 2552//97 2559//97 2553//97
f 2559//97 2560//97 2553//97
f 2553//97 2560//97 2554//97
f 2560//97 2561//97 2554//97
f 2554//97 2561//97 2555//97
f 2561//97 2562//97 2555//97
f 2556//97 2563//97 2557//97
f 2563//97 2564//97 2557//97
f 2557//97 2564//97 2558//97
f 2564//97 2565//97 2558//97
f 2558//97 2565//97 2559//97
f 2565//97 2566//97 2559//97
f 2559//97 2566//97 2560//97
f 2566//97 2567//97 2560//97
f 2560//97 2567//97 2561//97
f 2567//97 2568//97 2561//97
f 2561//97 2568//97 2562//97
f 2568//97 2569//97 2562//97
f 2563//97 2570//97 2564//97
f 2570//97 2571//97 2564//97
f 2564//97 2571//97 2565//97
f 2571//97 2572//97 2565//97
f 2565//97 2572//97 2566//97
f 2572//97 2573//97 2566//97
f 2566//97 2573//97 2567//97
f 2573//97 2574//97 2567//97
f 2567//97 2574//97 2568//97
f 2574//97 2575//97 2568//97
f 2568//97 2575//97 2569//97
f 2575//97 2576//97 2569//97
f 2570//97 2577//97 2571//97
f 2577//97 2578//97 2571//97
f 2571//97 2578//97 2572//97
f 2578//97 2579//97 2572//97
f 2572//97 2579//97 2573//97
f 2579//97 2580//97 2573//97
f 2573//97 2580//97 2574//97
f 2580//97 2581//97 2574//97
f 2574//97 2581//97 2575//97
f 2581//97 2582//97 2575//97
f 2575//97 2582//97 2576//97
f 2582//97 2583//97 2576//97
f 2577//97 2584//97 2578//97
f 2584//97 2585//97 2578//97
f 2578//97 2585//97 2579//97
f 2585//97 2586//97 2579//97
f 2579//97 2586//97 2580//97
f 2586//97 2587//97 2580//97
f 2580//97 2587//97 2581//97
f 2587//97 2588//97 2581//97
f 2581//97 2588//97 2582//97
f 2588//97 2589//97 2582//97
f 2582//97 2589//97 2583//97
f 2589//97 2590//97 2583//97
f 2584//97 2591//97 2585//97
f 2591//97 2592//97 2585//97
f 2585//97 2592//97 2586//97
f 2592//97 2593//97 2586//97
f 2586//97 2593//97 2587//97
f 2593//97 2594//97 2587//97
f 2587//97 2594//97 2588//97
f 2594//97 2595//97 2588//97
f 2588//97 2595//97 2589//97
f 2595//97 2596//97 2589//97
f 2589//97 2596//97 2590//97
f 2596//97 2597//97 2590//97
f 2598//98 2605//98 2599//98
f 2605//98 2606//98 2599//98
f 2599//98 2606//98 2600//98
f 2606//98 2607//98 2600//98
f 2600//98 2607//98 2601//98
f 2607//98 2608//98 2601//98
f 2601//98 2608//98 2602//98
f 2608//98 2609//98 2602//98
f 2602//98 2609//98 2603//98
f 2609//98 2610//98 2603//98
f 2603//98 2610//98 2604//98
f 2610//98 2611//98 2604//98
f 2605//98 2612//98 2606//98
f 2612//98 2613//98 2606//98
f 2606//98 2613//98 2607//98
f 2613//98 2614//98 2607//98
f 2607//98 2614//98 2608//98
f 2614//98 2615//98 2608//98
f 2608//98 2615//98 2609//98
f 2615//98 2616//98 2609//98
f 2609//98 2616//98 2610//98
f 2616//98 2617//98 2610//98
f 2610//98 2617//98 2611//98
f 2617//98 2618//98 2611//98
f 2612//98 2619//98 2613//98
f 2619//98 2620//98 2613//98
f 2613//98 2620//98 2614//98
f 2620//98 2621//98 2614//98
f 2614//98 2621//98 2615//98
f 2621//98 2622//98 2615//98
f 2615//98 2622//98 2616//98
f 2622//98 2623//98 2616//98
f 2616//98 2623//98 2617//98
f 2623//98 2624//98 2617//98
f 2617//98 2624//98 2618//98
f 2624//98 2625//98 2618//98
f 2619//98 2626//98 2620//98
f 2626//98 2627//98 2620//98
f 2620//98 2627//98 2621//98
f 2627//98 2628//98 2621//98
f 2621//98 2628//98 2622//98
f 2628//98 2629//98 2622//98
f 2622//98 2629//98 2623//98
f 2629//98 2630//98 2623//98
f 2623//98 2630//98 2624//98
f 2630//98 2631//98 2624//98
f 2624//98 2631//98 2625//98
f 2631//98 2632//98 2625//98
f 2626//98 2633//98 2627//98
f 2633//98 2634//98 2627//98
f 2627//98 2634//98 2628//98
f 2634//98 2635//98 2628//98
f 2628//98 2635//98 2629//98
f 2635//98 2636//98 2629//98
f 2629//98 2636//98 2630//98
f 2636//98 2637//98 2630//98
f 2630//98 2637//98 2631//98
f 2637//98 2638//98 2631//98
f 2631//98 2638//98 2632//98
f 2638//98 2639//98 2632//98
f 2633//98 2640//98 2634//98
f 2640//98 2641//98 2634//98
f 2634//98 2641//98 2635//98
f 2641//98 2642//98 2635//98
f 2635//98 2642//98 2636//98
f 2642//98 2643//98 2636//98
f 2636//98 2643//98 2637//98
f 2643//98 2644//98 2637//98
f 2637//98 2644//98 2638//98
f 2644//98 2645//98 2638//98
f 2638//98 2645//98 2639//98
f 2645//98 2646//98 2639//98
f 2647//919 2654//919 2648//919
f 2654//919 2655//919 2648//919
f 2648//920 2655//920 2649//920
f 2655//920 2656//920 2649//920
f 2649//921 2656//921 2650//921
f 2656//921 2657//921 2650//921
f 2650//922 2657//922 2651//922
f 2657//922 2658//922 2651//922
f 2651//923 2658//923 2652//923
f 2658//923 2659//923 2652//923
f 2652//924 2659//924 2653//924
f 2659//924 2660//924 2653//924
f 2654//925 2661//925 2655//925
f 2661//925 2662//925 2655//925
f 2655//926 2662//926 2656//926
f 2662//926 2663//926 2656//926
f 2656//927 2663//927 2657//927
f 2663//927 2664//927 2657//927
f 2657//928 2664//928 2658//928
f 2664//928 2665//928 2658//928
f 2658//929 2665//929 2659//929
f 2665//929 2666//929 2659//929
f 2659//930 2666//930 2660//930
f 2666//930 2667//930 2660//930
f 2661//931 2668//931 2662//931
f 2668//931 2669//931 2662//931
f 2662//932 2669//932 2663//932
f 2669//932 2670//932 2663//932
f 2663//933 2670//933 2664//933
f 2670//933 2671//933 2664//933
f 2664//934 2671//934 2665//934
f 2671//934 2672//934 2665//934
f 2665//935 2672//935 2666//935
f 2672//935 2673//935 2666//935
f 2666//936 2673//936 2667//936
f 2673//936 2674//936 2667//936
f 2668//937 2675//937 2669//937
f 2675//937 2676//937 2669//937
f 2669//938 2676//938 2670//938
f 2676//938 2677//938 2670//938
f 2670//939 2677//939 2671//939
f 2677//939 2678//939 2671//939
f 2671//940 2678//940 2672//940
f 2678//940 2679//940 2672//940
f 2672//941 2679//941 2673//941
f 2679//941 2680//941 2673//941
f 2673//942 2680//942 2674//942
f 2680//942 2681//942 2674//942
f 2675//943 2682//943 2676//943
f 2682//943 2683//943 2676//943
f 2676//944 2683//944 2677//944
f 2683//944 2684//944 2677//944
f 2677//945 2684//945 2678//945
f 2684//945 2685//945 2678//945
f 2678//946 2685//946 2679//946
f 2685//946 2686//946 2679//946
f 2679//947 2686//947 2680//947
f 2686//947 2687//947 2680//947
f 2680//948 2687//948 2681//948
f 2687//948 2688//948 2681//948
f 2682//949 2689//949 2683//949
f 2689//949 2690//949 2683//949
f 2683//950 2690//950 2684//950
f 2690//950 2691//950 2684//950
f 2684//951 2691//951 2685//951
f 2691//951 2692//951 2685//951
f 2685//952 2692//952 2686//952
f 2692//952 2693//952 2686//952
f 2686//953 2693//953 2687//953
f 2693//953 2694//953 2687//953
f 2687//954 2694//954 2688//954
f 2694//954 2695//954 2688//954
f 2696//955 2703//955 2697//955
f 2703//955 2704//955 2697//955
f 2697//956 2704//956 2698//956
f 2704//956 2705//956 2698//956
f 2698//957 2705//957 2699//957
f 2705//957 2706//957 2699//957
f 2699//958 2706//958 2700//958
f 2706//958 2707//958 2700//958
f 2700//959 2707//959 2701//959
f 2707//959 2708//959 2701//959
f 2701//960 2708//960 2702//960
f 2708//960 2709//960 2702//960
f 2703//961 2710//961 2704//961
f 2710//961 2711//961 2704//961
f 2704//962 2711//962 2705//962
f 2711//962 2712//962 2705//962
f 2705//963 2712//963 2706//963
f 2712//963 2713//963 2706//963
f 2706//964 2713//964 2707//964
f 2713//964 2714//964 2707//964
f 2707//965 2714//965 2708//965
f 2714//965 2715//965 2708//965
f 2708//966 2715//966 2709//966
f 2715//966 2716//966 2709//966
f 2710//967 2717//967 2711//967
f 2717//967 2718//967 2711//967
f 2711//968 2718//968 2712//968
f 2718//968 2719//968 2712//968
f 2712//969 2719//969 2713//969
f 2719//969 2720//969 2713//969
f 2713//970 2720//970 2714//970
f 2720//970 2721//970 2714//970
f 2714//971 2721//971 2715//971
f 2721//971 2722//971 2715//971
f 2715//972 2722//972 2716//972
f 2722//972 2723//972 2716//972
f 2717//973 2724//973 2718//973
f 2724//973 2725//973 2718//973
f 2718//974 2725//974 2719//974
f 2725//974 2726//974 2719//974
f 2719//975 2726//975 2720//975
f 2726//975 2727//975 2720//975
f 2720//976 2727//976 2721//976
f 2727//976 2728//976 2721//976
f 2721//977 2728//977 2722//977
f 2728//977 2729//977 2722//977
f 2722//978 2729//978 2723//978
f 2729//978 2730//978 2723//978
f 2724//979 2731//979 2725//979
f 2731//979 2732//979 2725//979
f 2725//980 2732//980 2726//980
f 2732//980 2733//980 2726//980
f 2726//981 2733//981 2727//981
f 2733//981 2734//981 2727//981
f 2727//982 2734//982 2728//982
f 2734//982 2735//982 2728//982
f 2728//983 2735//983 2729//983
f 2735//983 2736//983 2729//983
f 2729//984 2736//984 2730//984
f 2736//984 2737//984 2730//984
f 2731//985 2738//985 2732//985
f 2738//985 2739//985 2732//985
f 2732//986 2739//986 2733//986
f 2739//986 2740//986 2733//986
f 2733//987 2740//987 2734//987
f 2740//987 2741//987 2734//987
f 2734//988 2741//988 2735//988
f 2741//988 2742//988 2735//988
f 2735//989 2742//989 2736//989
f 2742//989 2743//989 2736//989
f 2736//990 2743//990 2737//990
f 2743//990 2744//990 2737//990
f 2745//991 2752//991 2746//991
f 2752//991 2753//991 2746//991
f 2746//992 2753//992 2747//992
f 2753//992 2754//992 2747//992
f 2747//993 2754//993 2748//993
f 2754//993 2755//993 2748//993
f 2748//994 2755//994 2749//994
f 2755//994 2756//994 2749//994
f 2749//995 2756//995 2750//995
f 2756//995 2757//995 2750//995
f 2750//996 2757//996 2751//996
f 2757//996 2758//996 2751//996
f 2752//997 2759//997 2753//997
f 2759//997 2760//997 2753//997
f 2753//998 2760//998 2754//998
f 2760//998 2761//998 2754//998
f 2754//999 2761//999 2755//999
f 2761//999 2762//999 2755//999
f 2755//1000 2762//1000 2756//1000
f 2762//1000 2763//1000 2756//1000
f 2756//1001 2763//1001 2757//1001
f 2763//1001 2764//1001 2757//1001
f 2757//1002 2764//1002 2758//1002
f 2764//1002 2765//1002 2758//1002
f 2759//1003 2766//1003 2760//1003
f 2766//1003 2767//1003 2760//1003
f 2760//1004 2767//1004 2761//1004
f 2767//1004 2768//1004 2761//1004
f 2761//1005 2768//1005 2762//1005
f 2768//1005 2769//1005 2762//1005
f 2762//1006 2769//1006 2763//1006
f 2769//1006 2770//1006 2763//1006
f 2763//1007 2770//1007 2764//1007
f 2770//1007 2771//1007 2764//1007
f 2764//1008 2771//1008 2765//1008
f 2771//1008 2772//1008 2765//1008
f 2766//1009 2773//1009 2767//1009
f 2773//1009 2774//1009 2767//1009
f 2767//1010 2774//1010 2768//1010
f 2774//1010 2775//1010 2768//1010
f 2768//1011 2775//1011 2769//1011
f 2775//1011 2776//1011 2769//1011
f 2769//1012 2776//1012 2770//1012
f 2776//1012 2777//1012 2770//1012
f 2770//1013 2777//1013 2771//1013
f 2777//1013 2778//1013 2771//1013
f 2771//1014 2778//1014 2772//1014
f 2778//1014 2779//1014 2772//1014
f 2773//1015 2780//1015 2774//1015
f 2780//1015 2781//1015 2774//1015
f 2774//1016 2781//1016 2775//1016
f 2781//1016 2782//1016 2775//1016
f 2775//1017 2782//1017 2776//1017
f 2782//1017 2783//1017 2776//1017
f 2776//1018 2783//1018 2777//1018
f 2783//1018 2784//1018 2777//1018
f 2777//1019 2784//1019 2778//1019
f 2784//1019 2785//1019 2778//1019
f 2778//1020 2785//1020 2779//1020
f 2785//1020 2786//1020 2779//1020
f 2780//1021 2787//1021 2781//1021
f 2787//1021 2788//1021 2781//1021
f 2781//1022 2788//1022 2782//1022
f 2788//1022 2789//1022 2782//1022
f 2782//1023 2789//1023 2783//1023
f 2789//1023 2790//1023 2783//1023
f 2783//1024 2790//1024 2784//1024
f 2790//1024 2791//1024 2784//1024
f 2784//1025 2791//1025 2785//1025
f 2791//1025 2792//1025 2785//1025
f 2785//1026 2792//1026 2786//1026
f 2792//1026 2793//1026 2786//1026
f 2794//1027 2801//1027 2795//1027
f 2801//1027 2802//1027 2795//1027
f 2795//1028 2802//1028 2796//1028
f 2802//1028 2803//1028 2796//1028
f 2796//1029 2803//1029 2797//1029
f 2803//1029 2804//1029 2797//1029
f 2797//1030 2804//1030 2798//1030
f 2804//1030 2805//1030 2798//1030
f 2798//1031 2805//1031 2799//1031
f 2805//1031 2806//1031 2799//1031
f 2799//1032 2806//1032 2800//1032
f 2806//1032 2807//1032 2800//1032
f 2801//1033 2808//1033 2802//1033
f 2808//1033 2809//1033 2802//1033
f 2802//1034 2809//1034 2803//1034
f 2809//1034 2810//1034 2803//1034
f 2803//1035 2810//1035 2804//1035
f 2810//1035 2811//1035 2804//1035
f 2804//1036 2811//1036 2805//1036
f 2811//1036 2812//1036 2805//1036
f 2805//1037 2812//1037 2806//1037
f 2812//1037 2813//1037 2806//1037
f 2806//1038 2813//1038 2807//1038
f 2813//1038 2814//1038 2807//1038
f 2808//1039 2815//1039 2809//1039
f 2815//1039 2816//1039 2809//1039
f 2809//1040 2816//1040 2810//1040
f 2816//1040 2817//1040 2810//1040
f 2810//1041 2817//1041 2811//1041
f 2817//1041 2818//1041 2811//1041
f 2811//1042 2818//1042 2812//1042
f 2818//1042 2819//1042 2812//1042
f 2812//1043 2819//1043 2813//1043
f 2819//1043 2820//1043 2813//1043
f 2813//1044 2820//1044 2814//1044
f 2820//1044 2821//1044 2814//1044
f 2815//1045 2822//1045 2816//1045
f 2822//1045 2823//1045 2816//1045
f 2816//1046 2823//1046 2817//1046
f 2823//1046 2824//1046 2817//1046
f 2817//1047 2824//1047 2818//1047
f 2824//1047 2825//1047 2818//1047
f 2818//1048 2825//1048 2819//1048
f 2825//1048 2826//1048 2819//1048
f 2819//1049 2826//1049 2820//1049
f 2826//1049 2827//1049 2820//1049
f 2820//1050 2827//1050 2821//1050
f 2827//1050 2828//1050 2821//1050
f 2822//1051 2829//1051 2823//1051
f 2829//1051 2830//1051 2823//1051
f 2823//1052 2830//1052 2824//1052
f 2830//1052 2831//1052 2824//1052
f 2824//1053 2831//1053 2825//1053
f 2831//1053 2832//1053 2825//1053
f 2825//1054 2832//1054 2826//1054
f 2832//1054 2833//1054 2826//1054
f 2826//1055 2833//1055 2827//1055
f 2833//1055 2834//1055 2827//1055
f 2827//1056 2834//1056 2828//1056
f 2834//1056 2835//1056 2828//1056
f 2829//1057 2836//1057 2830//1057
f 2836//1057 2837//1057 2830//1057
f 2830//1058 2837//1058 2831//1058
f 2837//1058 2838//1058 2831//1058
f 2831//1059 2838//1059 2832//1059
f 2838//1059 2839//1059 2832//1059
f 2832//1060 2839//1060 2833//1060
f 2839//1060 2840//1060 2833//1060
f 2833//1061 2840//1061 2834//1061
f 2840//1061 2841//1061 2834//1061
f 2834//1062 2841//1062 2835//1062
f 2841//1062 2842//1062 2835//1062
f 2843//97 2850//97 2844//97
f 2850//97 2851//97 2844//97
f 2844//97 2851//97 2845//97
f 2851//97 2852//97 2845//97
f 2845//97 2852//97 2846//97
f 2852//97 2853//97 2846//97
f 2846//97 2853//97 2847//97
f 2853//97 2854//97 2847//97
f 2847//97 2854//97 2848//97
f 2854//97 2855//97 2848//97
f 2848//97 2855//97 2849//97
f 2855//97 2856//97 2849//97
f 2850//97 2857//97 2851//97
f 2857//97 2858//97 2851//97
f 2851//97 2858//97 2852//97
f 2858//97 2859//97 2852//97
f 2852//97 2859//97 2853//97
f 2859//97 2860//97 2853//97
f 2853//97 2860//97 2854//97
f 2860//97 2861//97 2854//97
f 2854//97 2861//97 2855//97
f 2861//97 2862//97 2855//97
f 2855//97 2862//97 2856//97
f 2862//97 2863//97 2856//97
f 2857//97 2864//97 2858//97
f 2864//97 2865//97 2858//97
f 2858//97 2865//97 2859//97
f 2865//97 2866//97 2859//97
f 2859//97 2866//97 2860//97
f 2866//97 2867//97 2860//97
f 2860//97 2867//97 2861//97
f 2867//97 2868//97 2861//97
f 2861//97 2868//97 2862//97
f 2868//97 2869//97 2862//97
f 2862//97 2869//97 2863//97
f 2869//97 2870//97 2863//97
f 2864//97 2871//97 2865//97
f 2871//97 2872//97 2865//97
f 2865//97 2872//97 2866//97
f 2872//97 2873//97 2866//97
f 2866//97 2873//97 2867//97
f 2873//97 2874//97 2867//97
f 2867//97 2874//97 2868//97
f 2874//97 2875//97 2868//97
f 2868//97 2875//97 2869//97
f 2875//97 2876//97 2869//97
f 2869//97 2876//97 2870//97
f 2876//97 2877//97 2870//97
f 2871//97 2878//97 2872//97
f 2878//97 2879//97 2872//97
f 2872//97 2879//97 2873//97
f 2879//97 2880//97 2873//97
f 2873//97 2880//97 2874//97
f 2880//97 2881//97 2874//97
f 2874//97 2881//97 2875//97
f 2881//97 2882//97 2875//97
f 2875//97 2882//97 2876//97
f 2882//97 2883//97 2876//97
f 2876//97 2883//97 2877//97
f 2883//97 2884//97 2877//97
f 2878//97 2885//97 2879//97
f 2885//97 2886//97 2879//97
f 2879//97 2886//97 2880//97
f 2886//97 2887//97 2880//97
f 2880//97 2887//97 2881//97
f 2887//97 2888//97 2881//97
f 2881//97 2888//97 2882//97
f 2888//97 2889//97 2882//97
f 2882//97 2889//97 2883//97
f 2889//97 2890//97 2883//97
f 2883//97 2890//97 2884//97
f 2890//97 2891//97 2884//97
f 2892//98 2899//98 2893//98
f 2899//98 2900//98 2893//98
f 2893//98 2900//98 2894//98
f 2900//98 2901//98 2894//98
f 2894//98 2901//98 2895//98
f 2901//98 2902//98 2895//98
f 2895//98 2902//98 2896//98
f 2902//98 2903//98 2896//98
f 2896//98 2903//98 2897//98
f 2903//98 2904//98 2897//98
f 2897//98 2904//98 2898//98
f 2904//98 2905//98 2898//98
f 2899//98 2906//98 2900//98
f 2906//98 2907//98 2900//98
f 2900//98 2907//98 2901//98
f 2907//98 2908//98 2901//98
f 2901//98 2908//98 2902//98
f 2908//98 2909//98 2902//98
f 2902//98 2909//98 2903//98
f 2909//98 2910//98 2903//98
f 2903//98 2910//98 2904//98
f 2910//98 2911//98 2904//98
f 2904//98 2911//98 2905//98
f 2911//98 2912//98 2905//98
f 2906//98 2913//98 2907//98
f 2913//98 2914//98 2907//98
f 2907//98 2914//98 2908//98
f 2914//98 2915//98 2908//98
f 2908//98 2915//98 2909//98
f 2915//98 2916//98 2909//98
f 2909//98 2916//98 2910//98
f 2916//98 2917//98 2910//98
f 2910//98 2917//98 2911//98
f 2917//98 2918//98 2911//98
f 2911//98 2918//98 2912//98
f 2918//98 2919//98 2912//98
f 2913//98 2920//98 2914//98
f 2920//98 2921//98 2914//98
f 2914//98 2921//98 2915//98
f 2921//98 2922//98 2915//98
f 2915//98 2922//98 2916//98
f 2922//98 2923//98 2916//98
f 2916//98 2923//98 2917//98
f 2923//98 2924//98 2917//98
f 2917//98 2924//98 2918//98
f 2924//98 2925//98 2918//98
f 2918//98 2925//98 2919//98
f 2925//98 2926//98 2919//98
f 2920//98 2927//98 2921//98
f 2927//98 2928//98 2921//98
f 2921//98 2928//98 2922//98
f 2928//98 2929//98 2922//98
f 2922//98 2929//98 2923//98
f 2929//98 2930//98 2923//98
f 2923//98 2930//98 2924//98
f 2930//98 2931//98 2924//98
f 2924//98 2931//98 2925//98
f 2931//98 2932//98 2925//98
f 2925//98 2932//98 2926//98
f 2932//98 2933//98 2926//98
f 2927//98 2934//98 2928//98
f 2934//98 2935//98 2928//98
f 2928//98 2935//98 2929//98
f 2935//98 2936//98 2929//98
f 2929//98 2936//98 2930//98
f 2936//98 2937//98 2930//98
f 2930//98 2937//98 2931//98
f 2937//98 2938//98 2931//98
f 2931//98 2938//98 2932//98
f 2938//98 2939//98 2932//98
f 2932//98 2939//98 2933//98
f 2939//98 2940//98 2933//98
o Arm
usemtl skin_2
f 2941//1063 2948//1063 2942//1063
f 2948//1063 2949//1063 2942//1063
f 2942//1064 2949//1064 2943//1064
f 2949//1064 2950//1064 2943//1064
f 2943//1065 2950//1065 2944//1065
f 2950//1065 2951//1065 2944//1065
f 2944//1066 2951//1066 2945//1066
f 2951//1066 2952//1066 2945//1066
f 2945//1067 2952//1067 2946//1067
f 2952//1067 2953//1067 2946//1067
f 2946//1068 2953//1068 2947//1068
f 2953//1068 2954//1068 2947//1068
f 2948//1069 2955//1069 2949//1069
f 2955//1069 2956//1069 2949//1069
f 2949//1070 2956//1070 2950//1070
f 2956//1070 2957//1070 2950//1070
f 2950//1071 2957//1071 2951//1071
f 2957//1071 2958//1071 2951//1071
f 2951//1072 2958//1072 2952//1072
f 2958//1072 2959//1072 2952//1072
f 2952//1073 2959//1073 2953//1073
f 2959//1073 2960//1073 2953//1073
f 2953//1074 2960//1074 2954//1074
f 2960//1074 2961//1074 2954//1074
f 2962//1075 2969//1075 2963//1075
f 2969//1075 2970//1075 2963//1075
f 2963//1076 2970//1076 2964//1076
f 2970//1076 2971//1076 2964//1076
f 2964//1077 2971//1077 2965//1077
f 2971//1077 2972//1077 2965//1077
f 2965//1078 2972//1078 2966//1078
f 2972//1078 2973//1078 2966//1078
f 2966//1079 2973//1079 2967//1079
f 2973//1079 2974//1079 2967//1079
f 2967//1080 2974//1080 2968//1080
f 2974//1080 2975//1080 2968//1080
f 2969//1081 2976//1081 2970//1081
f 2976//1081 2977//1081 2970//1081
f 2970//1082 2977//1082 2971//1082
f 2977//1082 2978//1082 2971//1082
f 2971//1083 2978//1083 2972//1083
f 2978//1083 2979//1083 2972//1083
f 2972//1084 2979//1084 2973//1084
f 2979//1084 2980//1084 2973//1084
f 2973//1085 2980//1085 2974//1085
f 2980//1085 2981//1085 2974//1085
f 2974//1086 2981//1086 2975//1086
f 2981//1086 2982//1086 2975//1086
f 2983//1087 2990//1087 2984//1087
f 2990//1087 2991//1087 2984//1087
f 2984//1088 2991//1088 2985//1088
f 2991//1088 2992//1088 2985//1088
f 2985//1089 2992//1089 2986//1089
f 2992//1089 2993//1089 2986//1089
f 2986//1090 2993//1090 2987//1090
f 2993//1090 2994//1090 2987//1090
f 2987//1091 2994//1091 2988//1091
f 2994//1091 2995//1091 2988//1091
f 2988//1092 2995//1092 2989//1092
f 2995//1092 2996//1092 2989//1092
f 2990//1093 2997//1093 2991//1093
f 2997//1093 2998//1093 2991//1093
f 2991//1094 2998//1094 2992//1094
f 2998//1094 2999//1094 2992//1094
f 2992//1095 2999//1095 2993//1095
f 2999//1095 3000//1095 2993//1095
f 2993//1096 3000//1096 2994//1096
f 3000//1096 3001//1096 2994//1096
f 2994//1097 3001//1097 2995//1097
f 3001//1097 3002//1097 2995//1097
f 2995//1098 3002//1098 2996//1098
f 3002//1098 3003//1098 2996//1098
f 2997//1099 3004//1099 2998//1099
f 3004//1099 3005//1099 2998//1099
f 2998//1100 3005//1100 2999//1100
f 3005//1100 3006//1100 2999//1100
f 2999//1101 3006//1101 3000//1101
f 3006//1101 3007//1101 3000//1101
f 3000//1102 3007//1102 3001//1102
f 3007//1102 3008//1102 3001//1102
f 3001//1103 3008//1103 3002//1103
f 3008//1103 3009//1103 3002//1103
f 3002//1104 3009//1104 3003//1104
f 3009//1104 3010//1104 3003//1104
f 3004//1105 3011//1105 3005//1105
f 3011//1105 3012//1105 3005//1105
f 3005//1106 3012//1106 3006//1106
f 3012//1106 3013//1106 3006//1106
f 3006//1107 3013//1107 3007//1107
f 3013//1107 3014//1107 3007//1107
f 3007//1108 3014//1108 3008//1108
f 3014//1108 3015//1108 3008//1108
f 3008//1109 3015//1109 3009//1109
f 3015//1109 3016//1109 3009//1109
f 3009//1110 3016//1110 3010//1110
f 3016//1110 3017//1110 3010//1110
f 3011//1111 3018//1111 3012//1111
f 3018//1111 3019//1111 3012//1111
f 3012//1112 3019//1112 3013//1112
f 3019//1112 3020//1112 3013//1112
f 3013//1113 3020//1113 3014//1113
f 3020//1113 3021//1113 3014//1113
f 3014//1114 3021//1114 3015//1114
f 3021//1114 3022//1114 3015//1114
f 3015//1115 3022//1115 3016//1115
f 3022//1115 3023//1115 3016//1115
f 3016//1116 3023//1116 3017//1116
f 3023//1116 3024//1116 3017//1116
f 3018//1117 3025//1117 3019//1117
f 3025//1117 3026//1117 3019//1117
f 3019//1118 3026//1118 3020//1118
f 3026//1118 3027//1118 3020//1118
f 3020//1119 3027//1119 3021//1119
f 3027//1119 3028//1119 3021//1119
f 3021//1120 3028//1120 3022//1120
f 3028//1120 3029//1120 3022//1120
f 3022//1121 3029//1121 3023//1121
f 3029//1121 3030//1121 3023//1121
f 3023//1122 3030//1122 3024//1122
f 3030//1122 3031//1122 3024//1122
f 3032//1123 3039//1123 3033//1123
f 3039//1123 3040//1123 3033//1123
f 3033//1124 3040//1124 3034//1124
f 3040//1124 3041//1124 3034//1124
f 3034//1125 3041//1125 3035//1125
f 3041//1125 3042//1125 3035//1125
f 3035//1126 3042//1126 3036//1126
f 3042//1126 3043//1126 3036//1126
f 3036//1127 3043//1127 3037//1127
f 3043//1127 3044//1127 3037//1127
f 3037//1128 3044//1128 3038//1128
f 3044//1128 3045//1128 3038//1128
f 3039//1129 3046//1129 3040//1129
f 3046//1129 3047//1129 3040//1129
f 3040//1130 3047//1130 3041//1130
f 3047//1130 3048//1130 3041//1130
f 3041//1131 3048//1131 3042//1131
f 3048//1131 3049//1131 3042//1131
f 3042//1132 3049//1132 3043//1132
f 3049//1132 3050//1132 3043//1132
f 3043//1133 3050//1133 3044//1133
f 3050//1133 3051//1133 3044//1133
f 3044//1134 3051//1134 3045//1134
f 3051//1134 3052//1134 3045//1134
f 3046//1135 3053//1135 3047//1135
f 3053//1135 3054//1135 3047//1135
f 3047//1136 3054//1136 3048//1136
f 3054//1136 3055//1136 3048//1136
f 3048//1137 3055//1137 3049//1137
f 3055//1137 3056//1137 3049//1137
f 3049//1138 3056//1138 3050//1138
f 3056//1138 3057//1138 3050//1138
f 3050//1139 3057//1139 3051//1139
f 3057//1139 3058//1139 3051//1139
f 3051//1140 3058//1140 3052//1140
f 3058//1140 3059//1140 3052//1140
f 3053//1141 3060//1141 3054//1141
f 3060//1141 3061//1141 3054//1141
f 3054//1142 3061//1142 3055//1142
f 3061//1142 3062//1142 3055//1142
f 3055//1143 3062//1143 3056//1143
f 3062//1143 3063//1143 3056//1143
f 3056//1144 3063//1144 3057//1144
f 3063//1144 3064//1144 3057//1144
f 3057//1145 3064//1145 3058//1145
f 3064//1146 3065//1146 3058//1146
f 3058//1147 3065//1147 3059//1147
f 3065//1147 3066//1147 3059//1147
f 3060//1148 3067//1148 3061//1148
f 3067//1148 3068//1148 3061//1148
f 3061//1149 3068//1149 3062//1149
f 3068//1149 3069//1149 3062//1149
f 3062//1150 3069//1150 3063//1150
f 3069//1150 3070//1150 3063//1150
f 3063//1151 3070//1151 3064//1151
f 3070//1151 3071//1151 3064//1151
f 3064//1152 3071//1152 3065//1152
f 3071//1152 3072//1152 3065//1152
f 3065//1153 3072//1153 3066//1153
f 3072//1153 3073//1153 3066//1153
f 3067//1154 3074//1154 3068//1154
f 3074//1154 3075//1154 3068//1154
f 3068//1155 3075//1155 3069//1155
f 3075//1155 3076//1155 3069//1155
f 3069//1156 3076//1156 3070//1156
f 3076//1156 3077//1156 3070//1156
f 3070//1157 3077//1157 3071//1157
f 3077//1157 3078//1157 3071//1157
f 3071//1158 3078//1158 3072//1158
f 3078//1158 3079//1158 3072//1158
f 3072//1159 3079//1159 3073//1159
f 3079//1159 3080//1159 3073//1159
f 3081//1160 3088//1160 3082//1160
f 3088//1160 3089//1160 3082//1160
f 3082//1160 3089//1160 3083//1160
f 3089//1160 3090//1160 3083//1160
f 3083//1160 3090//1160 3084//1160
f 3090//1160 3091//1160 3084//1160
f 3084//1160 3091//1160 3085//1160
f 3091//1160 3092//1160 3085//1160
f 3085//1160 3092//1160 3086//1160
f 3092//1160 3093//1160 3086//1160
f 3086//1160 3093//1160 3087//1160
f 3093//1160 3094//1160 3087//1160
f 3088//1160 3095//1160 3089//1160
f 3095//1160 3096//1160 3089//1160
f 3089//1160 3096//1160 3090//1160
f 3096//1160 3097//1160 3090//1160
f 3090//1160 3097//1160 3091//1160
f 3097//1160 3098//1160 3091//1160
f 3091//1160 3098//1160 3092//1160
f 3098//1160 3099//1160 3092//1160
f 3092//1160 3099//1160 3093//1160
f 3099//1160 3100//1160 3093//1160
f 3093//1160 3100//1160 3094//1160
f 3100//1160 3101//1160 3094//1160
f 3102//1161 3109//1161 3103//1161
f 3109//1161 3110//1161 3103//1161
f 3103//1161 3110//1161 3104//1161
f 3110//1161 3111//1161 3104//1161
f 3104//1161 3111//1161 3105//1161
f 3111//1161 3112//1161 3105//1161
f 3105//1161 3112//1161 3106//1161
f 3112//1161 3113//1161 3106//1161
f 3106//1161 3113//1161 3107//1161
f 3113//1161 3114//1161 3107//1161
f 3107//1161 3114//1161 3108//1161
f 3114//1161 3115//1161 3108//1161
f 3109//1161 3116//1161 3110//1161
f 3116//1161 3117//1161 3110//1161
f 3110//1161 3117//1161 3111//1161
f 3117//1161 3118//1161 3111//1161
f 3111//1161 3118//1161 3112//1161
f 3118//1161 3119//1161 3112//1161
f 3112//1161 3119//1161 3113//1161
f 3119//1161 3120//1161 3113//1161
f 3113//1161 3120//1161 3114//1161
f 3120//1161 3121//1161 3114//1161
f 3114//1161 3121//1161 3115//1161
f 3121//1161 3122//1161 3115//1161
f 3123//1162 3130//1162 3124//1162
f 3130//1162 3131//1162 3124//1162
f 3124//1163 3131//1163 3125//1163
f 3131//1163 3132//1163 3125//1163
f 3125//1164 3132//1164 3126//1164
f 3132//1164 3133//1164 3126//1164
f 3126//1165 3133//1165 3127//1165
f 3133//1165 3134//1165 3127//1165
f 3127//1166 3134//1166 3128//1166
f 3134//1166 3135//1166 3128//1166
f 3128//1167 3135//1167 3129//1167
f 3135//1167 3136//1167 3129//1167
f 3130//1168 3137//1168 3131//1168
f 3137//1168 3138//1168 3131//1168
f 3131//1169 3138//1169 3132//1169
f 3138//1169 3139//1169 3132//1169
f 3132//1170 3139//1170 3133//1170
f 3139//1170 3140//1170 3133//1170
f 3133//1171 3140//1171 3134//1171
f 3140//1171 3141//1171 3134//1171
f 3134//1172 3141//1172 3135//1172
f 3141//1172 3142//1172 3135//1172
f 3135//1173 3142//1173 3136//1173
f 3142//1173 3143//1173 3136//1173
f 3144//1174 3151//1174 3145//1174
f 3151//1174 3152//1174 3145//1174
f 3145//1175 3152//1175 3146//1175
f 3152//1175 3153//1175 3146//1175
f 3146//1176 3153//1176 3147//1176
f 3153//1176 3154//1176 3147//1176
f 3147//1177 3154//1177 3148//1177
f 3154//1177 3155//1177 3148//1177
f 3148//1178 3155//1178 3149//1178
f 3155//1178 3156//1178 3149//1178
f 3149//1179 3156//1179 3150//1179
f 3156//1179 3157//1179 3150//1179
f 3151//1180 3158//1180 3152//1180
f 3158//1180 3159//1180 3152//1180
f 3152//1181 3159//1181 3153//1181
f 3159//1181 3160//1181 3153//1181
f 3153//1182 3160//1182 3154//1182
f 3160//1182 3161//1182 3154//1182
f 3154//1183 3161//1183 3155//1183
f 3161//1183 3162//1183 3155//1183
f 3155//1184 3162//1184 3156//1184
f 3162//1184 3163//1184 3156//1184
f 3156//1185 3163//1185 3157//1185
f 3163//1185 3164//1185 3157//1185
f 3165//1186 3172//1186 3166//1186
f 3172//1186 3173//1186 3166//1186
f 3166//1187 3173//1187 3167//1187
f 3173//1187 3174//1187 3167//1187
f 3167//1188 3174//1188 3168//1188
f 3174//1188 3175//1188 3168//1188
f 3168//1189 3175//1189 3169//1189
f 3175//1189 3176//1189 3169//1189
f 3169//1190 3176//1190 3170//1190
f 3176//1190 3177//1190 3170//1190
f 3170//1191 3177//1191 3171//1191
f 3177//1191 3178//1191 3171//1191
f 3172//1192 3179//1192 3173//1192
f 3179//1192 3180//1192 3173//1192
f 3173//1193 3180//1193 3174//1193
f 3180//1193 3181//1193 3174//1193
f 3174//1194 3181//1194 3175//1194
f 3181//1194 3182//1194 3175//1194
f 3175//1195 3182//1195 3176//1195
f 3182//1195 3183//1195 3176//1195
f 3176//1196 3183//1196 3177//1196
f 3183//1196 3184//1196 3177//1196
f 3177//1197 3184//1197 3178//1197
f 3184//1197 3185//1197 3178//1197
f 3179//1198 3186//1198 3180//1198
f 3186//1198 3187//1198 3180//1198
f 3180//1199 3187//1199 3181//1199
f 3187//1199 3188//1199 3181//1199
f 3181//1200 3188//1200 3182//1200
f 3188//1200 3189//1200 3182//1200
f 3182//1201 3189//1201 3183//1201
f 3189//1201 3190//1201 3183//1201
f 3183//1202 3190//1202 3184//1202
f 3190//1202 3191//1202 3184//1202
f 3184//1203 3191//1203 3185//1203
f 3191//1203 3192//1203 3185//1203
f 3186//1204 3193//1204 3187//1204
f 3193//1204 3194//1204 3187//1204
f 3187//1205 3194//1205 3188//1205
f 3194//1205 3195//1205 3188//1205
f 3188//1206 3195//1206 3189//1206
f 3195//1206 3196//1206 3189//1206
f 3189//1207 3196//1207 3190//1207
f 3196//1207 3197//1207 3190//1207
f 3190//1208 3197//1208 3191//1208
f 3197//1209 3198//1209 3191//1209
f 3191//1210 3198//1210 3192//1210
f 3198//1210 3199//1210 3192//1210
f 3193//1211 3200//1211 3194//1211
f 3200//1211 3201//1211 3194//1211
f 3194//1212 3201//1212 3195//1212
f 3201//1212 3202//1212 3195//1212
f 3195//1213 3202//1213 3196//1213
f 3202//1213 3203//1213 3196//1213
f 3196//1214 3203//1214 3197//1214
f 3203//1214 3204//1214 3197//1214
f 3197//1215 3204//1215 3198//1215
f 3204//1215 3205//1215 3198//1215
f 3198//1216 3205//1216 3199//1216
f 3205//1216 3206//1216 3199//1216
f 3200//1217 3207//1217 3201//1217
f 3207//1217 3208//1217 3201//1217
f 3201//1218 3208//1218 3202//1218
f 3208//1218 3209//1218 3202//1218
f 3202//1219 3209//1219 3203//1219
f 3209//1219 3210//1219 3203//1219
f 3203//1220 3210//1220 3204//1220
f 3210//1220 3211//1220 3204//1220
f 3204//1221 3211//1221 3205//1221
f 3211//1221 3212//1221 3205//1221
f 3205//1222 3212//1222 3206//1222
f 3212//1222 3213//1222 3206//1222
f 3214//1223 3221//1223 3215//1223
f 3221//1223 3222//1223 3215//1223
f 3215//1224 3222//1224 3216//1224
f 3222//1224 3223//1224 3216//1224
f 3216//1225 3223//1225 3217//1225
f 3223//1225 3224//1225 3217//1225
f 3217//1226 3224//1226 3218//1226
f 3224//1226 3225//1226 3218//1226
f 3218//1227 3225//1227 3219//1227
f 3225//1227 3226//1227 3219//1227
f 3219//1228 3226//1228 3220//1228
f 3226//1228 3227//1228 3220//1228
f 3221//1229 3228//1229 3222//1229
f 3228//1229 3229//1229 3222//1229
f 3222//1230 3229//1230 3223//1230
f 3229//1230 3230//1230 3223//1230
f 3223//1231 3230//1231 3224//1231
f 3230//1231 3231//1231 3224//1231
f 3224//1232 3231//1232 3225//1232
f 3231//1232 3232//1232 3225//1232
f 3225//1233 3232//1233 3226//1233
f 3232//1233 3233//1233 3226//1233
f 3226//1234 3233//1234 3227//1234
f 3233//1234 3234//1234 3227//1234
f 3228//1235 3235//1235 3229//1235
f 3235//1235 3236//1235 3229//1235
f 3229//1236 3236//1236 3230//1236
f 3236//1236 3237//1236 3230//1236
f 3230//1237 3237//1237 3231//1237
f 3237//1237 3238//1237 3231//1237
f 3231//1238 3238//1238 3232//1238
f 3238//1238 3239//1238 3232//1238
f 3232//1239 3239//1239 3233//1239
f 3239//1239 3240//1239 3233//1239
f 3233//1240 3240//1240 3234//1240
f 3240//1240 3241//1240 3234//1240
f 3235//1241 3242//1241 3236//1241
f 3242//1241 3243//1241 3236//1241
f 3236//1242 3243//1242 3237//1242
f 3243//1242 3244//1242 3237//1242
f 3237//1243 3244//1243 3238//1243
f 3244//1243 3245//1243 3238//1243
f 3238//1244 3245//1244 3239//1244
f 3245//1244 3246//1244 3239//1244
f 3239//1245 3246//1245 3240//1245
f 3246//1245 3247//1245 3240//1245
f 3240//1246 3247//1246 3241//1246
f 3247//1246 3248//1246 3241//1246
f 3242//1247 3249//1247 3243//1247
f 3249//1247 3250//1247 3243//1247
f 3243//1248 3250//1248 3244//1248
f 3250//1248 3251//1248 3244//1248
f 3244//1249 3251//1249 3245//1249
f 3251//1249 3252//1249 3245//1249
f 3245//1250 3252//1250 3246//1250
f 3252//1250 3253//1250 3246//1250
f 3246//1251 3253//1251 3247//1251
f 3253//1251 3254//1251 3247//1251
f 3247//1252 3254//1252 3248//1252
f 3254//1252 3255//1252 3248//1252
f 3249//1253 3256//1253 3250//1253
f 3256//1253 3257//1253 3250//1253
f 3250//1254 3257//1254 3251//1254
f 3257//1254 3258//1254 3251//1254
f 3251//1255 3258//1255 3252//1255
f 3258//1255 3259//1255 3252//1255
f 3252//1256 3259//1256 3253//1256
f 3259//1256 3260//1256 3253//1256
f 3253//1257 3260//1257 3254//1257
f 3260//1257 3261//1257 3254//1257
f 3254//1258 3261//1258 3255//1258
f 3261//1258 3262//1258 3255//1258
f 3263//1160 3270//1160 3264//1160
f 3270//1160 3271//1160 3264//1160
f 3264//1160 3271//1160 3265//1160
f 3271//1160 3272//1160 3265//1160
f 3265//1160 3272//1160 3266//1160
f 3272//1160 3273//1160 3266//1160
f 3266//1160 3273//1160 3267//1160
f 3273//1160 3274//1160 3267//1160
f 3267//1160 3274//1160 3268//1160
f 3274//1160 3275//1160 3268//1160
f 3268//1160 3275//1160 3269//1160
f 3275//1160 3276//1160 3269//1160
f 3270//1160 3277//1160 3271//1160
f 3277//1160 3278//1160 3271//1160
f 3271//1160 3278//1160 3272//1160
f 3278//1160 3279//1160 3272//1160
f 3272//1160 3279//1160 3273//1160
f 3279//1160 3280//1160 3273//1160
f 3273//1160 3280//1160 3274//1160
f 3280//1160 3281//1160 3274//1160
f 3274//1160 3281//1160 3275//1160
f 3281//1160 3282//1160 3275//1160
f 3275//1160 3282//1160 3276//1160
f 3282//1160 3283//1160 3276//1160
f 3284//1161 3291//1161 3285//1161
f 3291//1161 3292//1161 3285//1161
f 3285//1161 3292//1161 3286//1161
f 3292//1161 3293//1161 3286//1161
f 3286//1161 3293//1161 3287//1161
f 3293//1161 3294//1161 3287//1161
f 3287//1161 3294//1161 3288//1161
f 3294//1161 3295//1161 3288//1161
f 3288//1161 3295//1161 3289//1161
f 3295//1161 3296//1161 3289//1161
f 3289//1161 3296//1161 3290//1161
f 3296//1161 3297//1161 3290//1161
f 3291//1161 3298//1161 3292//1161
f 3298//1161 3299//1161 3292//1161
f 3292//1161 3299//1161 3293//1161
f 3299//1161 3300//1161 3293//1161
f 3293//1161 3300//1161 3294//1161
f 3300//1161 3301//1161 3294//1161
f 3294//1161 3301//1161 3295//1161
f 3301//1161 3302//1161 3295//1161
f 3295//1161 3302//1161 3296//1161
f 3302//1161 3303//1161 3296//1161
f 3296//1161 3303//1161 3297//1161
f 3303//1161 3304//1161 3297//1161
o Prehistoric_Male_Forearm_Wrap_1A
usemtl skin_1
f 3305//1259 3312//1259 3306//1259
f 3312//1259 3313//1259 3306//1259
f 3306//1260 3313//1260 3307//1260
f 3313//1260 3314//1260 3307//1260
f 3307//1261 3314//1261 3308//1261
f 3314//1261 3315//1261 3308//1261
f 3308//1262 3315//1262 3309//1262
f 3315//1262 3316//1262 3309//1262
f 3309//1263 3316//1263 3310//1263
f 3316//1263 3317//1263 3310//1263
f 3310//1264 3317//1264 3311//1264
f 3317//1264 3318//1264 3311//1264
f 3312//1265 3319//1265 3313//1265
f 3319//1265 3320//1265 3313//1265
f 3313//1266 3320//1266 3314//1266
f 3320//1266 3321//1266 3314//1266
f 3314//1267 3321//1267 3315//1267
f 3321//1267 3322//1267 3315//1267
f 3315//1268 3322//1268 3316//1268
f 3322//1268 3323//1268 3316//1268
f 3316//1269 3323//1269 3317//1269
f 3323//1269 3324//1269 3317//1269
f 3317//1270 3324//1270 3318//1270
f 3324//1270 3325//1270 3318//1270
f 3326//1271 3333//1271 3327//1271
f 3333//1271 3334//1271 3327//1271
f 3327//1272 3334//1272 3328//1272
f 3334//1272 3335//1272 3328//1272
f 3328//1273 3335//1273 3329//1273
f 3335//1273 3336//1273 3329//1273
f 3329//1274 3336//1274 3330//1274
f 3336//1274 3337//1274 3330//1274
f 3330//1275 3337//1275 3331//1275
f 3337//1275 3338//1275 3331//1275
f 3331//1276 3338//1276 3332//1276
f 3338//1276 3339//1276 3332//1276
f 3333//1277 3340//1277 3334//1277
f 3340//1277 3341//1277 3334//1277
f 3334//1278 3341//1278 3335//1278
f 3341//1278 3342//1278 3335//1278
f 3335//1279 3342//1279 3336//1279
f 3342//1279 3343//1279 3336//1279
f 3336//1280 3343//1280 3337//1280
f 3343//1280 3344//1280 3337//1280
f 3337//1281 3344//1281 3338//1281
f 3344//1281 3345//1281 3338//1281
f 3338//1282 3345//1282 3339//1282
f 3345//1282 3346//1282 3339//1282
f 3347//1283 3354//1283 3348//1283
f 3354//1283 3355//1283 3348//1283
f 3348//1284 3355//1284 3349//1284
f 3355//1284 3356//1284 3349//1284
f 3349//1285 3356//1285 3350//1285
f 3356//1285 3357//1285 3350//1285
f 3350//1286 3357//1286 3351//1286
f 3357//1286 3358//1286 3351//1286
f 3351//1287 3358//1287 3352//1287
f 3358//1287 3359//1287 3352//1287
f 3352//1288 3359//1288 3353//1288
f 3359//1288 3360//1288 3353//1288
f 3354//1289 3361//1289 3355//1289
f 3361//1290 3362//1290 3355//1290
f 3355//1291 3362//1291 3356//1291
f 3362//1291 3363//1291 3356//1291
f 3356//1292 3363//1292 3357//1292
f 3363//1292 3364//1292 3357//1292
f 3357//1293 3364//1293 3358//1293
f 3364//1293 3365//1293 3358//1293
f 3358//1294 3365//1294 3359//1294
f 3365//1294 3366//1294 3359//1294
f 3359//1295 3366//1295 3360//1295
f 3366//1295 3367//1295 3360//1295
f 3361//1296 3368//1296 3362//1296
f 3368//1297 3369//1297 3362//1297
f 3362//1298 3369//1298 3363//1298
f 3369//1298 3370//1298 3363//1298
f 3363//1299 3370//1299 3364//1299
f 3370//1299 3371//1299 3364//1299
f 3364//1300 3371//1300 3365//1300
f 3371//1300 3372//1300 3365//1300
f 3365//1301 3372//1301 3366//1301
f 3372//1301 3373//1301 3366//1301
f 3366//1302 3373//1302 3367//1302
f 3373//1302 3374//1302 3367//1302
f 3368//1303 3375//1303 3369//1303
f 3375//1303 3376//1303 3369//1303
f 3369//1304 3376//1304 3370//1304
f 3376//1304 3377//1304 3370//1304
f 3370//1305 3377//1305 3371//1305
f 3377//1305 3378//1305 3371//1305
f 3371//1306 3378//1306 3372//1306
f 3378//1306 3379//1306 3372//1306
f 3372//1307 3379//1307 3373//1307
f 3379//1307 3380//1307 3373//1307
f 3373//1308 3380//1308 3374//1308
f 3380//1308 3381//1308 3374//1308
f 3375//1309 3382//1309 3376//1309
f 3382//1310 3383//1310 3376//1310
f 3376//1311 3383//1311 3377//1311
f 3383//1311 3384//1311 3377//1311
f 3377//1312 3384//1312 3378//1312
f 3384//1312 3385//1312 3378//1312
f 3378//1313 3385//1313 3379//1313
f 3385//1313 3386//1313 3379//1313
f 3379//1314 3386//1314 3380//1314
f 3386//1314 3387//1314 3380//1314
f 3380//1315 3387//1315 3381//1315
f 3387//1315 3388//1315 3381//1315
f 3382//1316 3389//1316 3383//1316
f 3389//1316 3390//1316 3383//1316
f 3383//1317 3390//1317 3384//1317
f 3390//1317 3391//1317 3384//1317
f 3384//1318 3391//1318 3385//1318
f 3391//1318 3392//1318 3385//1318
f 3385//1319 3392//1319 3386//1319
f 3392//1319 3393//1319 3386//1319
f 3386//1320 3393//1320 3387//1320
f 3393//1321 3394//1321 3387//1321
f 3387//1322 3394//1322 3388//1322
f 3394//1322 3395//1322 3388//1322
f 3396//1323 3403//1323 3397//1323
f 3403//1323 3404//1323 3397//1323
f 3397//1324 3404//1324 3398//1324
f 3404//1324 3405//1324 3398//1324
f 3398//1325 3405//1325 3399//1325
f 3405//1325 3406//1325 3399//1325
f 3399//1326 3406//1326 3400//1326
f 3406//1326 3407//1326 3400//1326
f 3400//1327 3407//1327 3401//1327
f 3407//1327 3408//1327 3401//1327
f 3401//1328 3408//1328 3402//1328
f 3408//1328 3409//1328 3402//1328
f 3403//1329 3410//1329 3404//1329
f 3410//1329 3411//1329 3404//1329
f 3404//1330 3411//1330 3405//1330
f 3411//1330 3412//1330 3405//1330
f 3405//1331 3412//1331 3406//1331
f 3412//1331 3413//1331 3406//1331
f 3406//1332 3413//1332 3407//1332
f 3413//1332 3414//1332 3407//1332
f 3407//1333 3414//1333 3408//1333
f 3414//1333 3415//1333 3408//1333
f 3408//1334 3415//1334 3409//1334
f 3415//1335 3416//1335 3409//1335
f 3410//1336 3417//1336 3411//1336
f 3417//1336 3418//1336 3411//1336
f 3411//1337 3418//1337 3412//1337
f 3418//1337 3419//1337 3412//1337
f 3412//1338 3419//1338 3413//1338
f 3419//1338 3420//1338 3413//1338
f 3413//1339 3420//1339 3414//1339
f 3420//1339 3421//1339 3414//1339
f 3414//1340 3421//1340 3415//1340
f 3421//1340 3422//1340 3415//1340
f 3415//1341 3422//1341 3416//1341
f 3422//1342 3423//1342 3416//1342
f 3417//1343 3424//1343 3418//1343
f 3424//1343 3425//1343 3418//1343
f 3418//1344 3425//1344 3419//1344
f 3425//1344 3426//1344 3419//1344
f 3419//1345 3426//1345 3420//1345
f 3426//1345 3427//1345 3420//1345
f 3420//1346 3427//1346 3421//1346
f 3427//1346 3428//1346 3421//1346
f 3421//1347 3428//1347 3422//1347
f 3428//1347 3429//1347 3422//1347
f 3422//1348 3429//1348 3423//1348
f 3429//1348 3430//1348 3423//1348
f 3424//1349 3431//1349 3425//1349
f 3431//1349 3432//1349 3425//1349
f 3425//1350 3432//1350 3426//1350
f 3432//1350 3433//1350 3426//1350
f 3426//1351 3433//1351 3427//1351
f 3433//1351 3434//1351 3427//1351
f 3427//1352 3434//1352 3428//1352
f 3434//1352 3435//1352 3428//1352
f 3428//1353 3435//1353 3429//1353
f 3435//1353 3436//1353 3429//1353
f 3429//1354 3436//1354 3430//1354
f 3436//1355 3437//1355 3430//1355
f 3431//1356 3438//1356 3432//1356
f 3438//1356 3439//1356 3432//1356
f 3432//1357 3439//1357 3433//1357
f 3439//1358 3440//1358 3433//1358
f 3433//1359 3440//1359 3434//1359
f 3440//1359 3441//1359 3434//1359
f 3434//1360 3441//1360 3435//1360
f 3441//1360 3442//1360 3435//1360
f 3435//1361 3442//1361 3436//1361
f 3442//1361 3443//1361 3436//1361
f 3436//1362 3443//1362 3437//1362
f 3443//1362 3444//1362 3437//1362
f 3445//1363 3452//1363 3446//1363
f 3452//1363 3453//1363 3446//1363
f 3446//1363 3453//1363 3447//1363
f 3453//1363 3454//1363 3447//1363
f 3447//1363 3454//1363 3448//1363
f 3454//1363 3455//1363 3448//1363
f 3448//1363 3455//1363 3449//1363
f 3455//1363 3456//1363 3449//1363
f 3449//1363 3456//1363 3450//1363
f 3456//1363 3457//1363 3450//1363
f 3450//1363 3457//1363 3451//1363
f 3457//1363 3458//1363 3451//1363
f 3452//1363 3459//1363 3453//1363
f 3459//1363 3460//1363 3453//1363
f 3453//1363 3460//1363 3454//1363
f 3460//1363 3461//1363 3454//1363
f 3454//1363 3461//1363 3455//1363
f 3461//1363 3462//1363 3455//1363
f 3455//1363 3462//1363 3456//1363
f 3462//1363 3463//1363 3456//1363
f 3456//1363 3463//1363 3457//1363
f 3463//1363 3464//1363 3457//1363
f 3457//1363 3464//1363 3458//1363
f 3464//1363 3465//1363 3458//1363
f 3466//1364 3473//1364 3467//1364
f 3473//1364 3474//1364 3467//1364
f 3467//1364 3474//1364 3468//1364
f 3474//1364 3475//1364 3468//1364
f 3468//1364 3475//1364 3469//1364
f 3475//1364 3476//1364 3469//1364
f 3469//1364 3476//1364 3470//1364
f 3476//1364 3477//1364 3470//1364
f 3470//1364 3477//1364 3471//1364
f 3477//1364 3478//1364 3471//1364
f 3471//1364 3478//1364 3472//1364
f 3478//1364 3479//1364 3472//1364
f 3473//1364 3480//1364 3474//1364
f 3480//1364 3481//1364 3474//1364
f 3474//1364 3481//1364 3475//1364
f 3481//1364 3482//1364 3475//1364
f 3475//1364 3482//1364 3476//1364
f 3482//1364 3483//1364 3476//1364
f 3476//1364 3483//1364 3477//1364
f 3483//1364 3484//1364 3477//1364
f 3477//1364 3484//1364 3478//1364
f 3484//1364 3485//1364 3478//1364
f 3478//1364 3485//1364 3479//1364
f 3485//1364 3486//1364 3479//1364
f 3487//1365 3494//1365 3488//1365
f 3494//1365 3495//1365 3488//1365
f 3488//1366 3495//1366 3489//1366
f 3495//1366 3496//1366 3489//1366
f 3489//1367 3496//1367 3490//1367
f 3496//1367 3497//1367 3490//1367
f 3490//1368 3497//1368 3491//1368
f 3497//1368 3498//1368 3491//1368
f 3491//1369 3498//1369 3492//1369
f 3498//1369 3499//1369 3492//1369
f 3492//1370 3499//1370 3493//1370
f 3499//1370 3500//1370 3493//1370
f 3494//1371 3501//1371 3495//1371
f 3501//1371 3502//1371 3495//1371
f 3495//1372 3502//1372 3496//1372
f 3502//1372 3503//1372 3496//1372
f 3496//1373 3503//1373 3497//1373
f 3503//1373 3504//1373 3497//1373
f 3497//1374 3504//1374 3498//1374
f 3504//1374 3505//1374 3498//1374
f 3498//1375 3505//1375 3499//1375
f 3505//1375 3506//1375 3499//1375
f 3499//1376 3506//1376 3500//1376
f 3506//1376 3507//1376 3500//1376
f 3508//1377 3515//1377 3509//1377
f 3515//1377 3516//1377 3509//1377
f 3509//1378 3516//1378 3510//1378
f 3516//1378 3517//1378 3510//1378
f 3510//1379 3517//1379 3511//1379
f 3517//1379 3518//1379 3511//1379
f 3511//1380 3518//1380 3512//1380
f 3518//1380 3519//1380 3512//1380
f 3512//1381 3519//1381 3513//1381
f 3519//1381 3520//1381 3513//1381
f 3513//1382 3520//1382 3514//1382
f 3520//1382 3521//1382 3514//1382
f 3515//1383 3522//1383 3516//1383
f 3522//1383 3523//1383 3516//1383
f 3516//1384 3523//1384 3517//1384
f 3523//1384 3524//1384 3517//1384
f 3517//1385 3524//1385 3518//1385
f 3524//1385 3525//1385 3518//1385
f 3518//1386 3525//1386 3519//1386
f 3525//1386 3526//1386 3519//1386
f 3519//1387 3526//1387 3520//1387
f 3526//1387 3527//1387 3520//1387
f 3520//1388 3527//1388 3521//1388
f 3527//1388 3528//1388 3521//1388
f 3529//1389 3536//1389 3530//1389
f 3536//1389 3537//1389 3530//1389
f 3530//1390 3537//1390 3531//1390
f 3537//1390 3538//1390 3531//1390
f 3531//1391 3538//1391 3532//1391
f 3538//1391 3539//1391 3532//1391
f 3532//1392 3539//1392 3533//1392
f 3539//1392 3540//1392 3533//1392
f 3533//1393 3540//1393 3534//1393
f 3540//1393 3541//1393 3534//1393
f 3534//1394 3541//1394 3535//1394
f 3541//1394 3542//1394 3535//1394
f 3536//1395 3543//1395 3537//1395
f 3543//1395 3544//1395 3537//1395
f 3537//1396 3544//1396 3538//1396
f 3544//1396 3545//1396 3538//1396
f 3538//1397 3545//1397 3539//1397
f 3545//1397 3546//1397 3539//1397
f 3539//1398 3546//1398 3540//1398
f 3546//1398 3547//1398 3540//1398
f 3540//1399 3547//1399 3541//1399
f 3547//1399 3548//1399 3541//1399
f 3541//1400 3548//1400 3542//1400
f 3548//1401 3549//1401 3542//1401
f 3543//1402 3550//1402 3544//1402
f 3550//1402 3551//1402 3544//1402
f 3544//1403 3551//1403 3545//1403
f 3551//1403 3552//1403 3545//1403
f 3545//1404 3552//1404 3546//1404
f 3552//1404 3553//1404 3546//1404
f 3546//1405 3553//1405 3547//1405
f 3553//1405 3554//1405 3547//1405
f 3547//1406 3554//1406 3548//1406
f 3554//1406 3555//1406 3548//1406
f 3548//1407 3555//1407 3549//1407
f 3555//1408 3556//1408 3549//1408
f 3550//1409 3557//1409 3551//1409
f 3557//1409 3558//1409 3551//1409
f 3551//1410 3558//1410 3552//1410
f 3558//1410 3559//1410 3552//1410
f 3552//1411 3559//1411 3553//1411
f 3559//1411 3560//1411 3553//1411
f 3553//1412 3560//1412 3554//1412
f 3560//1412 3561//1412 3554//1412
f 3554//1413 3561//1413 3555//1413
f 3561//1413 3562//1413 3555//1413
f 3555//1414 3562//1414 3556//1414
f 3562//1414 3563//1414 3556//1414
f 3557//1415 3564//1415 3558//1415
f 3564//1415 3565//1415 3558//1415
f 3558//1416 3565//1416 3559//1416
f 3565//1416 3566//1416 3559//1416
f 3559//1417 3566//1417 3560//1417
f 3566//1417 3567//1417 3560//1417
f 3560//1418 3567//1418 3561//1418
f 3567//1418 3568//1418 3561//1418
f 3561//1419 3568//1419 3562//1419
f 3568//1419 3569//1419 3562//1419
f 3562//1420 3569//1420 3563//1420
f 3569//1421 3570//1421 3563//1421
f 3564//1422 3571//1422 3565//1422
f 3571//1422 3572//1422 3565//1422
f 3565//1423 3572//1423 3566//1423
f 3572//1424 3573//1424 3566//1424
f 3566//1425 3573//1425 3567//1425
f 3573//1425 3574//1425 3567//1425
f 3567//1426 3574//1426 3568//1426
f 3574//1426 3575//1426 3568//1426
f 3568//1427 3575//1427 3569//1427
f 3575//1427 3576//1427 3569//1427
f 3569//1428 3576//1428 3570//1428
f 3576//1428 3577//1428 3570//1428
f 3578//1429 3585//1429 3579//1429
f 3585//1429 3586//1429 3579//1429
f 3579//1430 3586//1430 3580//1430
f 3586//1430 3587//1430 3580//1430
f 3580//1431 3587//1431 3581//1431
f 3587//1431 3588//1431 3581//1431
f 3581//1432 3588//1432 3582//1432
f 3588//1432 3589//1432 3582//1432
f 3582//1433 3589//1433 3583//1433
f 3589//1433 3590//1433 3583//1433
f 3583//1434 3590//1434 3584//1434
f 3590//1434 3591//1434 3584//1434
f 3585//1435 3592//1435 3586//1435
f 3592//1436 3593//1436 3586//1436
f 3586//1437 3593//1437 3587//1437
f 3593//1437 3594//1437 3587//1437
f 3587//1438 3594//1438 3588//1438
f 3594//1438 3595//1438 3588//1438
f 3588//1439 3595//1439 3589//1439
f 3595//1439 3596//1439 3589//1439
f 3589//1440 3596//1440 3590//1440
f 3596//1440 3597//1440 3590//1440
f 3590//1441 3597//1441 3591//1441
f 3597//1441 3598//1441 3591//1441
f 3592//1442 3599//1442 3593//1442
f 3599//1443 3600//1443 3593//1443
f 3593//1444 3600//1444 3594//1444
f 3600//1444 3601//1444 3594//1444
f 3594//1445 3601//1445 3595//1445
f 3601//1445 3602//1445 3595//1445
f 3595//1446 3602//1446 3596//1446
f 3602//1446 3603//1446 3596//1446
f 3596//1447 3603//1447 3597//1447
f 3603//1447 3604//1447 3597//1447
f 3597//1448 3604//1448 3598//1448
f 3604//1448 3605//1448 3598//1448
f 3599//1449 3606//1449 3600//1449
f 3606//1449 3607//1449 3600//1449
f 3600//1450 3607//1450 3601//1450
f 3607//1450 3608//1450 3601//1450
f 3601//1451 3608//1451 3602//1451
f 3608//1451 3609//1451 3602//1451
f 3602//1452 3609//1452 3603//1452
f 3609//1452 3610//1452 3603//1452
f 3603//1453 3610//1453 3604//1453
f 3610//1453 3611//1453 3604//1453
f 3604//1454 3611//1454 3605//1454
f 3611//1454 3612//1454 3605//1454
f 3606//1455 3613//1455 3607//1455
f 3613//1456 3614//1456 3607//1456
f 3607//1457 3614//1457 3608//1457
f 3614//1457 3615//1457 3608//1457
f 3608//1458 3615//1458 3609//1458
f 3615//1458 3616//1458 3609//1458
f 3609//1459 3616//1459 3610//1459
f 3616//1459 3617//1459 3610//1459
f 3610//1460 3617//1460 3611//1460
f 3617//1460 3618//1460 3611//1460
f 3611//1461 3618//1461 3612//1461
f 3618//1461 3619//1461 3612//1461
f 3613//1462 3620//1462 3614//1462
f 3620//1462 3621//1462 3614//1462
f 3614//1463 3621//1463 3615//1463
f 3621//1463 3622//1463 3615//1463
f 3615//1464 3622//1464 3616//1464
f 3622//1464 3623//1464 3616//1464
f 3616//1465 3623//1465 3617//1465
f 3623//1465 3624//1465 3617//1465
f 3617//1466 3624//1466 3618//1466
f 3624//1467 3625//1467 3618//1467
f 3618//1468 3625//1468 3619//1468
f 3625//1468 3626//1468 3619//1468
f 3627//1363 3634//1363 3628//1363
f 3634//1363 3635//1363 3628//1363
f 3628//1363 3635//1363 3629//1363
f 3635//1363 3636//1363 3629//1363
f 3629//1363 3636//1363 3630//1363
f 3636//1363 3637//1363 3630//1363
f 3630//1363 3637//1363 3631//1363
f 3637//1363 3638//1363 3631//1363
f 3631//1363 3638//1363 3632//1363
f 3638//1363 3639//1363 3632//1363
f 3632//1363 3639//1363 3633//1363
f 3639//1363 3640//1363 3633//1363
f 3634//1363 3641//1363 3635//1363
f 3641//1363 3642//1363 3635//1363
f 3635//1363 3642//1363 3636//1363
f 3642//1363 3643//1363 3636//1363
f 3636//1363 3643//1363 3637//1363
f 3643//1363 3644//1363 3637//1363
f 3637//1363 3644//1363 3638//1363
f 3644//1363 3645//1363 3638//1363
f 3638//1363 3645//1363 3639//1363
f 3645//1363 3646//1363 3639//1363
f 3639//1363 3646//1363 3640//1363
f 3646//1363 3647//1363 3640//1363
f 3648//1364 3655//1364 3649//1364
f 3655//1364 3656//1364 3649//1364
f 3649//1364 3656//1364 3650//1364
f 3656//1364 3657//1364 3650//1364
f 3650//1364 3657//1364 3651//1364
f 3657//1364 3658//1364 3651//1364
f 3651//1364 3658//1364 3652//1364
f 3658//1364 3659//1364 3652//1364
f 3652//1364 3659//1364 3653//1364
f 3659//1364 3660//1364 3653//1364
f 3653//1364 3660//1364 3654//1364
f 3660//1364 3661//1364 3654//1364
f 3655//1364 3662//1364 3656//1364
f 3662//1364 3663//1364 3656//1364
f 3656//1364 3663//1364 3657//1364
f 3663//1364 3664//1364 3657//1364
f 3657//1364 3664//1364 3658//1364
f 3664//1364 3665//1364 3658//1364
f 3658//1364 3665//1364 3659//1364
f 3665//1364 3666//1364 3659//1364
f 3659//1364 3666//1364 3660//1364
f 3666//1364 3667//1364 3660//1364
f 3660//1364 3667//1364 3661//1364
f 3667//1364 3668//1364 3661//1364
o Hand
usemtl skin_1
f 3669//1469 3676//1469 3670//1469
f 3676//1469 3677//1469 3670//1469
f 3670//1470 3677//1470 3671//1470
f 3677//1470 3678//1470 3671//1470
f 3671//1471 3678//1471 3672//1471
f 3678//1471 3679//1471 3672//1471
f 3672//1472 3679//1472 3673//1472
f 3679//1472 3680//1472 3673//1472
f 3673//1473 3680//1473 3674//1473
f 3680//1473 3681//1473 3674//1473
f 3674//1474 3681//1474 3675//1474
f 3681//1474 3682//1474 3675//1474
f 3676//1475 3683//1475 3677//1475
f 3683//1475 3684//1475 3677//1475
f 3677//1476 3684//1476 3678//1476
f 3684//1476 3685//1476 3678//1476
f 3678//1477 3685//1477 3679//1477
f 3685//1478 3686//1478 3679//1478
f 3679//1479 3686//1479 3680//1479
f 3686//1480 3687//1480 3680//1480
f 3680//1481 3687//1481 3681//1481
f 3687//1481 3688//1481 3681//1481
f 3681//1482 3688//1482 3682//1482
f 3688//1482 3689//1482 3682//1482
f 3683//1483 3690//1483 3684//1483
f 3690//1483 3691//1483 3684//1483
f 3684//1484 3691//1484 3685//1484
f 3691//1484 3692//1484 3685//1484
f 3685//1485 3692//1485 3686//1485
f 3692//1485 3693//1485 3686//1485
f 3686//1486 3693//1486 3687//1486
f 3693//1486 3694//1486 3687//1486
f 3687//1487 3694//1487 3688//1487
f 3694//1487 3695//1487 3688//1487
f 3688//1488 3695//1488 3689//1488
f 3695//1488 3696//1488 3689//1488
f 3690//1489 3697//1489 3691//1489
f 3697//1489 3698//1489 3691//1489
f 3691//1490 3698//1490 3692//1490
f 3698//1490 3699//1490 3692//1490
f 3692//1491 3699//1491 3693//1491
f 3699//1491 3700//1491 3693//1491
f 3693//1492 3700//1492 3694//1492
f 3700//1492 3701//1492 3694//1492
f 3694//1493 3701//1493 3695//1493
f 3701//1493 3702//1493 3695//1493
f 3695//1494 3702//1494 3696//1494
f 3702//1494 3703//1494 3696//1494
f 3697//1495 3704//1495 3698//1495
f 3704//1495 3705//1495 3698//1495
f 3698//1496 3705//1496 3699//1496
f 3705//1496 3706//1496 3699//1496
f 3699//1497 3706//1497 3700//1497
f 3706//1498 3707//1498 3700//1498
f 3700//1499 3707//1499 3701//1499
f 3707//1500 3708//1500 3701//1500
f 3701//1501 3708//1501 3702//1501
f 3708//1501 3709//1501 3702//1501
f 3702//1502 3709//1502 3703//1502
f 3709//1502 3710//1502 3703//1502
f 3704//1503 3711//1503 3705//1503
f 3711//1503 3712//1503 3705//1503
f 3705//1504 3712//1504 3706//1504
f 3712//1504 3713//1504 3706//1504
f 3706//1505 3713//1505 3707//1505
f 3713//1505 3714//1505 3707//1505
f 3707//1506 3714//1506 3708//1506
f 3714//1506 3715//1506 3708//1506
f 3708//1507 3715//1507 3709//1507
f 3715//1507 3716//1507 3709//1507
f 3709//1508 3716//1508 3710//1508
f 3716//1508 3717//1508 3710//1508
f 3718//1509 3725//1509 3719//1509
f 3725//1509 3726//1509 3719//1509
f 3719//1510 3726//1510 3720//1510
f 3726//1510 3727//1510 3720//1510
f 3720//1511 3727//1511 3721//1511
f 3727//1511 3728//1511 3721//1511
f 3721//1512 3728//1512 3722//1512
f 3728//1512 3729//1512 3722//1512
f 3722//1513 3729//1513 3723//1513
f 3729//1513 3730//1513 3723//1513
f 3723//1514 3730//1514 3724//1514
f 3730//1514 3731//1514 3724//1514
f 3725//1515 3732//1515 3726//1515
f 3732//1515 3733//1515 3726//1515
f 3726//1516 3733//1516 3727//1516
f 3733//1516 3734//1516 3727//1516
f 3727//1517 3734//1517 3728//1517
f 3734//1518 3735//1518 3728//1518
f 3728//1519 3735//1519 3729//1519
f 3735//1520 3736//1520 3729//1520
f 3729//1521 3736//1521 3730//1521
f 3736//1521 3737//1521 3730//1521
f 3730//1522 3737//1522 3731//1522
f 3737//1522 3738//1522 3731//1522
f 3732//1523 3739//1523 3733//1523
f 3739//1523 3740//1523 3733//1523
f 3733//1524 3740//1524 3734//1524
f 3740//1524 3741//1524 3734//1524
f 3734//1525 3741//1525 3735//1525
f 3741//1525 3742//1525 3735//1525
f 3735//1526 3742//1526 3736//1526
f 3742//1526 3743//1526 3736//1526
f 3736//1527 3743//1527 3737//1527
f 3743//1527 3744//1527 3737//1527
f 3737//1528 3744//1528 3738//1528
f 3744//1528 3745//1528 3738//1528
f 3739//1529 3746//1529 3740//1529
f 3746//1529 3747//1529 3740//1529
f 3740//1530 3747//1530 3741//1530
f 3747//1530 3748//1530 3741//1530
f 3741//1531 3748//1531 3742//1531
f 3748//1531 3749//1531 3742//1531
f 3742//1532 3749//1532 3743//1532
f 3749//1532 3750//1532 3743//1532
f 3743//1533 3750//1533 3744//1533
f 3750//1533 3751//1533 3744//1533
f 3744//1534 3751//1534 3745//1534
f 3751//1534 3752//1534 3745//1534
f 3746//1535 3753//1535 3747//1535
f 3753//1535 3754//1535 3747//1535
f 3747//1536 3754//1536 3748//1536
f 3754//1536 3755//1536 3748//1536
f 3748//1537 3755//1537 3749//1537
f 3755//1538 3756//1538 3749//1538
f 3749//1539 3756//1539 3750//1539
f 3756//1540 3757//1540 3750//1540
f 3750//1541 3757//1541 3751//1541
f 3757//1541 3758//1541 3751//1541
f 3751//1542 3758//1542 3752//1542
f 3758//1542 3759//1542 3752//1542
f 3753//1543 3760//1543 3754//1543
f 3760//1543 3761//1543 3754//1543
f 3754//1544 3761//1544 3755//1544
f 3761//1544 3762//1544 3755//1544
f 3755//1545 3762//1545 3756//1545
f 3762//1545 3763//1545 3756//1545
f 3756//1546 3763//1546 3757//1546
f 3763//1546 3764//1546 3757//1546
f 3757//1547 3764//1547 3758//1547
f 3764//1547 3765//1547 3758//1547
f 3758//1548 3765//1548 3759//1548
f 3765//1548 3766//1548 3759//1548
f 3767//1549 3774//1549 3768//1549
f 3774//1549 3775//1549 3768//1549
f 3768//1550 3775//1550 3769//1550
f 3775//1550 3776//1550 3769//1550
f 3769//1551 3776//1551 3770//1551
f 3776//1551 3777//1551 3770//1551
f 3770//1552 3777//1552 3771//1552
f 3777//1552 3778//1552 3771//1552
f 3771//1553 3778//1553 3772//1553
f 3778//1553 3779//1553 3772//1553
f 3772//1554 3779//1554 3773//1554
f 3779//1554 3780//1554 3773//1554
f 3774//1555 3781//1555 3775//1555
f 3781//1555 3782//1555 3775//1555
f 3775//1556 3782//1556 3776//1556
f 3782//1556 3783//1556 3776//1556
f 3776//1557 3783//1557 3777//1557
f 3783//1557 3784//1557 3777//1557
f 3777//1558 3784//1558 3778//1558
f 3784//1558 3785//1558 3778//1558
f 3778//1559 3785//1559 3779//1559
f 3785//1559 3786//1559 3779//1559
f 3779//1560 3786//1560 3780//1560
f 3786//1560 3787//1560 3780//1560
f 3781//1561 3788//1561 3782//1561
f 3788//1561 3789//1561 3782//1561
f 3782//1562 3789//1562 3783//1562
f 3789//1562 3790//1562 3783//1562
f 3783//1563 3790//1563 3784//1563
f 3790//1563 3791//1563 3784//1563
f 3784//1564 3791//1564 3785//1564
f 3791//1564 3792//1564 3785//1564
f 3785//1565 3792//1565 3786//1565
f 3792//1565 3793//1565 3786//1565
f 3786//1566 3793//1566 3787//1566
f 3793//1566 3794//1566 3787//1566
f 3788//1567 3795//1567 3789//1567
f 3795//1567 3796//1567 3789//1567
f 3789//1568 3796//1568 3790//1568
f 3796//1568 3797//1568 3790//1568
f 3790//1569 3797//1569 3791//1569
f 3797//1569 3798//1569 3791//1569
f 3791//1570 3798//1570 3792//1570
f 3798//1570 3799//1570 3792//1570
f 3792//1571 3799//1571 3793//1571
f 3799//1571 3800//1571 3793//1571
f 3793//1572 3800//1572 3794//1572
f 3800//1572 3801//1572 3794//1572
f 3795//1573 3802//1573 3796//1573
f 3802//1573 3803//1573 3796//1573
f 3796//1574 3803//1574 3797//1574
f 3803//1574 3804//1574 3797//1574
f 3797//1575 3804//1575 3798//1575
f 3804//1575 3805//1575 3798//1575
f 3798//1576 3805//1576 3799//1576
f 3805//1576 3806//1576 3799//1576
f 3799//1577 3806//1577 3800//1577
f 3806//1577 3807//1577 3800//1577
f 3800//1578 3807//1578 3801//1578
f 3807//1578 3808//1578 3801//1578
f 3802//1579 3809//1579 3803//1579
f 3809//1579 3810//1579 3803//1579
f 3803//1580 3810//1580 3804//1580
f 3810//1580 3811//1580 3804//1580
f 3804//1581 3811//1581 3805//1581
f 3811//1581 3812//1581 3805//1581
f 3805//1582 3812//1582 3806//1582
f 3812//1582 3813//1582 3806//1582
f 3806//1583 3813//1583 3807//1583
f 3813//1583 3814//1583 3807//1583
f 3807//1584 3814//1584 3808//1584
f 3814//1584 3815//1584 3808//1584
f 3816//1585 3823//1585 3817//1585
f 3823//1585 3824//1585 3817//1585
f 3817//1586 3824//1586 3818//1586
f 3824//1586 3825//1586 3818//1586
f 3818//1587 3825//1587 3819//1587
f 3825//1587 3826//1587 3819//1587
f 3819//1588 3826//1588 3820//1588
f 3826//1588 3827//1588 3820//1588
f 3820//1589 3827//1589 3821//1589
f 3827//1589 3828//1589 3821//1589
f 3821//1590 3828//1590 3822//1590
f 3828//1590 3829//1590 3822//1590
f 3823//1591 3830//1591 3824//1591
f 3830//1591 3831//1591 3824//1591
f 3824//1592 3831//1592 3825//1592
f 3831//1592 3832//1592 3825//1592
f 3825//1593 3832//1593 3826//1593
f 3832//1593 3833//1593 3826//1593
f 3826//1594 3833//1594 3827//1594
f 3833//1594 3834//1594 3827//1594
f 3827//1595 3834//1595 3828//1595
f 3834//1595 3835//1595 3828//1595
f 3828//1596 3835//1596 3829//1596
f 3835//1596 3836//1596 3829//1596
f 3830//1597 3837//1597 3831//1597
f 3837//1597 3838//1597 3831//1597
f 3831//1598 3838//1598 3832//1598
f 3838//1598 3839//1598 3832//1598
f 3832//1599 3839//1599 3833//1599
f 3839//1599 3840//1599 3833//1599
f 3833//1600 3840//1600 3834//1600
f 3840//1600 3841//1600 3834//1600
f 3834//1601 3841//1601 3835//1601
f 3841//1601 3842//1601 3835//1601
f 3835//1602 3842//1602 3836//1602
f 3842//1602 3843//1602 3836//1602
f 3837//1603 3844//1603 3838//1603
f 3844//1603 3845//1603 3838//1603
f 3838//1604 3845//1604 3839//1604
f 3845//1604 3846//1604 3839//1604
f 3839//1605 3846//1605 3840//1605
f 3846//1605 3847//1605 3840//1605
f 3840//1606 3847//1606 3841//1606
f 3847//1606 3848//1606 3841//1606
f 3841//1607 3848//1607 3842//1607
f 3848//1607 3849//1607 3842//1607
f 3842//1608 3849//1608 3843//1608
f 3849//1608 3850//1608 3843//1608
f 3844//1609 3851//1609 3845//1609
f 3851//1609 3852//1609 3845//1609
f 3845//1610 3852//1610 3846//1610
f 3852//1610 3853//1610 3846//1610
f 3846//1611 3853//1611 3847//1611
f 3853//1611 3854//1611 3847//1611
f 3847//1612 3854//1612 3848//1612
f 3854//1612 3855//1612 3848//1612
f 3848//1613 3855//1613 3849//1613
f 3855//1613 3856//1613 3849//1613
f 3849//1614 3856//1614 3850//1614
f 3856//1614 3857//1614 3850//1614
f 3851//1615 3858//1615 3852//1615
f 3858//1615 3859//1615 3852//1615
f 3852//1616 3859//1616 3853//1616
f 3859//1616 3860//1616 3853//1616
f 3853//1617 3860//1617 3854//1617
f 3860//1617 3861//1617 3854//1617
f 3854//1618 3861//1618 3855//1618
f 3861//1618 3862//1618 3855//1618
f 3855//1619 3862//1619 3856//1619
f 3862//1619 3863//1619 3856//1619
f 3856//1620 3863//1620 3857//1620
f 3863//1620 3864//1620 3857//1620
f 3865//97 3872//97 3866//97
f 3872//97 3873//97 3866//97
f 3866//97 3873//97 3867//97
f 3873//97 3874//97 3867//97
f 3867//97 3874//97 3868//97
f 3874//97 3875//97 3868//97
f 3868//97 3875//97 3869//97
f 3875//97 3876//97 3869//97
f 3869//97 3876//97 3870//97
f 3876//97 3877//97 3870//97
f 3870//97 3877//97 3871//97
f 3877//97 3878//97 3871//97
f 3872//97 3879//97 3873//97
f 3879//97 3880//97 3873//97
f 3873//97 3880//97 3874//97
f 3880//97 3881//97 3874//97
f 3874//97 3881//97 3875//97
f 3881//97 3882//97 3875//97
f 3875//97 3882//97 3876//97
f 3882//97 3883//97 3876//97
f 3876//97 3883//97 3877//97
f 3883//97 3884//97 3877//97
f 3877//97 3884//97 3878//97
f 3884//97 3885//97 3878//97
f 3879//97 3886//97 3880//97
f 3886//97 3887//97 3880//97
f 3880//97 3887//97 3881//97
f 3887//97 3888//97 3881//97
f 3881//97 3888//97 3882//97
f 3888//97 3889//97 3882//97
f 3882//97 3889//97 3883//97
f 3889//97 3890//97 3883//97
f 3883//97 3890//97 3884//97
f 3890//97 3891//97 3884//97
f 3884//97 3891//97 3885//97
f 3891//97 3892//97 3885//97
f 3886//97 3893//97 3887//97
f 3893//97 3894//97 3887//97
f 3887//97 3894//97 3888//97
f 3894//97 3895//97 3888//97
f 3888//97 3895//97 3889//97
f 3895//97 3896//97 3889//97
f 3889//97 3896//97 3890//97
f 3896//97 3897//97 3890//97
f 3890//97 3897//97 3891//97
f 3897//97 3898//97 3891//97
f 3891//97 3898//97 3892//97
f 3898//97 3899//97 3892//97
f 3893//97 3900//97 3894//97
f 3900//97 3901//97 3894//97
f 3894//97 3901//97 3895//97
f 3901//97 3902//97 3895//97
f 3895//97 3902//97 3896//97
f 3902//97 3903//97 3896//97
f 3896//97 3903//97 3897//97
f 3903//97 3904//97 3897//97
f 3897//97 3904//97 3898//97
f 3904//97 3905//97 3898//97
f 3898//97 3905//97 3899//97
f 3905//97 3906//97 3899//97
f 3900//97 3907//97 3901//97
f 3907//97 3908//97 3901//97
f 3901//97 3908//97 3902//97
f 3908//97 3909//97 3902//97
f 3902//97 3909//97 3903//97
f 3909//97 3910//97 3903//97
f 3903//97 3910//97 3904//97
f 3910//97 3911//97 3904//97
f 3904//97 3911//97 3905//97
f 3911//97 3912//97 3905//97
f 3905//97 3912//97 3906//97
f 3912//97 3913//97 3906//97
f 3914//98 3921//98 3915//98
f 3921//98 3922//98 3915//98
f 3915//98 3922//98 3916//98
f 3922//98 3923//98 3916//98
f 3916//98 3923//98 3917//98
f 3923//98 3924//98 3917//98
f 3917//98 3924//98 3918//98
f 3924//98 3925//98 3918//98
f 3918//98 3925//98 3919//98
f 3925//98 3926//98 3919//98
f 3919//98 3926//98 3920//98
f 3926//98 3927//98 3920//98
f 3921//98 3928//98 3922//98
f 3928//98 3929//98 3922//98
f 3922//98 3929//98 3923//98
f 3929//98 3930//98 3923//98
f 3923//98 3930//98 3924//98
f 3930//98 3931//98 3924//98
f 3924//98 3931//98 3925//98
f 3931//98 3932//98 3925//98
f 3925//98 3932//98 3926//98
f 3932//98 3933//98 3926//98
f 3926//98 3933//98 3927//98
f 3933//98 3934//98 3927//98
f 3928//98 3935//98 3929//98
f 3935//98 3936//98 3929//98
f 3929//98 3936//98 3930//98
f 3936//98 3937//98 3930//98
f 3930//98 3937//98 3931//98
f 3937//98 3938//98 3931//98
f 3931//98 3938//98 3932//98
f 3938//98 3939//98 3932//98
f 3932//98 3939//98 3933//98
f 3939//98 3940//98 3933//98
f 3933//98 3940//98 3934//98
f 3940//98 3941//98 3934//98
f 3935//98 3942//98 3936//98
f 3942//98 3943//98 3936//98
f 3936//98 3943//98 3937//98
f 3943//98 3944//98 3937//98
f 3937//98 3944//98 3938//98
f 3944//98 3945//98 3938//98
f 3938//98 3945//98 3939//98
f 3945//98 3946//98 3939//98
f 3939//98 3946//98 3940//98
f 3946//98 3947//98 3940//98
f 3940//98 3947//98 3941//98
f 3947//98 3948//98 3941//98
f 3942//98 3949//98 3943//98
f 3949//98 3950//98 3943//98
f 3943//98 3950//98 3944//98
f 3950//98 3951//98 3944//98
f 3944//98 3951//98 3945//98
f 3951//98 3952//98 3945//98
f 3945//98 3952//98 3946//98
f 3952//98 3953//98 3946//98
f 3946//98 3953//98 3947//98
f 3953//98 3954//98 3947//98
f 3947//98 3954//98 3948//98
f 3954//98 3955//98 3948//98
f 3949//98 3956//98 3950//98
f 3956//98 3957//98 3950//98
f 3950//98 3957//98 3951//98
f 3957//98 3958//98 3951//98
f 3951//98 3958//98 3952//98
f 3958//98 3959//98 3952//98
f 3952//98 3959//98 3953//98
f 3959//98 3960//98 3953//98
f 3953//98 3960//98 3954//98
f 3960//98 3961//98 3954//98
f 3954//98 3961//98 3955//98
f 3961//98 3962//98 3955//98
f 3963//1469 3970//1469 3964//1469
f 3970//1469 3971//1469 3964//1469
f 3964//1470 3971//1470 3965//1470
f 3971//1470 3972//1470 3965//1470
f 3965//1471 3972//1471 3966//1471
f 3972//1471 3973//1471 3966//1471
f 3966//1472 3973//1472 3967//1472
f 3973//1472 3974//1472 3967//1472
f 3967//1473 3974//1473 3968//1473
f 3974//1473 3975//1473 3968//1473
f 3968//1474 3975//1474 3969//1474
f 3975//1474 3976//1474 3969//1474
f 3970//1475 3977//1475 3971//1475
f 3977//1475 3978//1475 3971//1475
f 3971//1476 3978//1476 3972//1476
f 3978//1476 3979//1476 3972//1476
f 3972//1477 3979//1477 3973//1477
f 3979//1478 3980//1478 3973//1478
f 3973//1479 3980//1479 3974//1479
f 3980//1480 3981//1480 3974//1480
f 3974//1481 3981//1481 3975//1481
f 3981//1481 3982//1481 3975//1481
f 3975//1482 3982//1482 3976//1482
f 3982//1482 3983//1482 3976//1482
f 3977//1483 3984//1483 3978//1483
f 3984//1483 3985//1483 3978//1483
f 3978//1484 3985//1484 3979//1484
f 3985//1484 3986//1484 3979//1484
f 3979//1485 3986//1485 3980//1485
f 3986//1485 3987//1485 3980//1485
f 3980//1486 3987//1486 3981//1486
f 3987//1486 3988//1486 3981//1486
f 3981//1487 3988//1487 3982//1487
f 3988//1487 3989//1487 3982//1487
f 3982//1488 3989//1488 3983//1488
f 3989//1488 3990//1488 3983//1488
f 3984//1489 3991//1489 3985//1489
f 3991//1489 3992//1489 3985//1489
f 3985//1490 3992//1490 3986//1490
f 3992//1490 3993//1490 3986//1490
f 3986//1491 3993//1491 3987//1491
f 3993//1491 3994//1491 3987//1491
f 3987//1492 3994//1492 3988//1492
f 3994//1492 3995//1492 3988//1492
f 3988//1493 3995//1493 3989//1493
f 3995//1493 3996//1493 3989//1493
f 3989//1494 3996//1494 3990//1494
f 3996//1494 3997//1494 3990//1494
f 3991//1495 3998//1495 3992//1495
f 3998//1495 3999//1495 3992//1495
f 3992//1496 3999//1496 3993//1496
f 3999//1496 4000//1496 3993//1496
f 3993//1497 4000//1497 3994//1497
f 4000//1498 4001//1498 3994//1498
f 3994//1499 4001//1499 3995//1499
f 4001//1500 4002//1500 3995//1500
f 3995//1501 4002//1501 3996//1501
f 4002//1501 4003//1501 3996//1501
f 3996//1502 4003//1502 3997//1502
f 4003//1502 4004//1502 3997//1502
f 3998//1503 4005//1503 3999//1503
f 4005//1503 4006//1503 3999//1503
f 3999//1504 4006//1504 4000//1504
f 4006//1504 4007//1504 4000//1504
f 4000//1505 4007//1505 4001//1505
f 4007//1505 4008//1505 4001//1505
f 4001//1506 4008//1506 4002//1506
f 4008//1506 4009//1506 4002//1506
f 4002//1507 4009//1507 4003//1507
f 4009//1507 4010//1507 4003//1507
f 4003//1508 4010//1508 4004//1508
f 4010//1508 4011//1508 4004//1508
f 4012//1509 4019//1509 4013//1509
f 4019//1509 4020//1509 4013//1509
f 4013//1510 4020//1510 4014//1510
f 4020//1510 4021//1510 4014//1510
f 4014//1511 4021//1511 4015//1511
f 4021//1511 4022//1511 4015//1511
f 4015//1512 4022//1512 4016//1512
f 4022//1512 4023//1512 4016//1512
f 4016//1513 4023//1513 4017//1513
f 4023//1513 4024//1513 4017//1513
f 4017//1514 4024//1514 4018//1514
f 4024//1514 4025//1514 4018//1514
f 4019//1515 4026//1515 4020//1515
f 4026//1515 4027//1515 4020//1515
f 4020//1516 4027//1516 4021//1516
f 4027//1516 4028//1516 4021//1516
f 4021//1517 4028//1517 4022//1517
f 4028//1518 4029//1518 4022//1518
f 4022//1519 4029//1519 4023//1519
f 4029//1520 4030//1520 4023//1520
f 4023//1521 4030//1521 4024//1521
f 4030//1521 4031//1521 4024//1521
f 4024//1522 4031//1522 4025//1522
f 4031//1522 4032//1522 4025//1522
f 4026//1523 4033//1523 4027//1523
f 4033//1523 4034//1523 4027//1523
f 4027//1524 4034//1524 4028//1524
f 4034//1524 4035//1524 4028//1524
f 4028//1525 4035//1525 4029//1525
f 4035//1525 4036//1525 4029//1525
f 4029//1526 4036//1526 4030//1526
f 4036//1526 4037//1526 4030//1526
f 4030//1527 4037//1527 4031//1527
f 4037//1527 4038//1527 4031//1527
f 4031//1528 4038//1528 4032//1528
f 4038//1528 4039//1528 4032//1528
f 4033//1529 4040//1529 4034//1529
f 4040//1529 4041//1529 4034//1529
f 4034//1530 4041//1530 4035//1530
f 4041//1530 4042//1530 4035//1530
f 4035//1531 4042//1531 4036//1531
f 4042//1531 4043//1531 4036//1531
f 4036//1532 4043//1532 4037//1532
f 4043//1532 4044//1532 4037//1532
f 4037//1533 4044//1533 4038//1533
f 4044//1533 4045//1533 4038//1533
f 4038//1534 4045//1534 4039//1534
f 4045//1534 4046//1534 4039//1534
f 4040//1535 4047//1535 4041//1535
f 4047//1535 4048//1535 4041//1535
f 4041//1536 4048//1536 4042//1536
f 4048//1536 4049//1536 4042//1536
f 4042//1537 4049//1537 4043//1537
f 4049//1538 4050//1538 4043//1538
f 4043//1539 4050//1539 4044//1539
f 4050//1540 4051//1540 4044//1540
f 4044//1541 4051//1541 4045//1541
f 4051//1541 4052//1541 4045//1541
f 4045//1542 4052//1542 4046//1542
f 4052//1542 4053//1542 4046//1542
f 4047//1543 4054//1543 4048//1543
f 4054//1543 4055//1543 4048//1543
f 4048//1544 4055//1544 4049//1544
f 4055//1544 4056//1544 4049//1544
f 4049//1545 4056//1545 4050//1545
f 4056//1545 4057//1545 4050//1545
f 4050//1546 4057//1546 4051//1546
f 4057//1546 4058//1546 4051//1546
f 4051//1547 4058//1547 4052//1547
f 4058//1547 4059//1547 4052//1547
f 4052//1548 4059//1548 4053//1548
f 4059//1548 4060//1548 4053//1548
f 4061//1549 4068//1549 4062//1549
f 4068//1549 4069//1549 4062//1549
f 4062//1550 4069//1550 4063//1550
f 4069//1550 4070//1550 4063//1550
f 4063//1551 4070//1551 4064//1551
f 4070//1551 4071//1551 4064//1551
f 4064//1552 4071//1552 4065//1552
f 4071//1552 4072//1552 4065//1552
f 4065//1553 4072//1553 4066//1553
f 4072//1553 4073//1553 4066//1553
f 4066//1554 4073//1554 4067//1554
f 4073//1554 4074//1554 4067//1554
f 4068//1555 4075//1555 4069//1555
f 4075//1555 4076//1555 4069//1555
f 4069//1556 4076//1556 4070//1556
f 4076//1556 4077//1556 4070//1556
f 4070//1557 4077//1557 4071//1557
f 4077//1557 4078//1557 4071//1557
f 4071//1558 4078//1558 4072//1558
f 4078//1558 4079//1558 4072//1558
f 4072//1559 4079//1559 4073//1559
f 4079//1559 4080//1559 4073//1559
f 4073//1560 4080//1560 4074//1560
f 4080//1560 4081//1560 4074//1560
f 4075//1561 4082//1561 4076//1561
f 4082//1561 4083//1561 4076//1561
f 4076//1562 4083//1562 4077//1562
f 4083//1562 4084//1562 4077//1562
f 4077//1563 4084//1563 4078//1563
f 4084//1563 4085//1563 4078//1563
f 4078//1564 4085//1564 4079//1564
f 4085//1564 4086//1564 4079//1564
f 4079//1565 4086//1565 4080//1565
f 4086//1565 4087//1565 4080//1565
f 4080//1566 4087//1566 4081//1566
f 4087//1566 4088//1566 4081//1566
f 4082//1567 4089//1567 4083//1567
f 4089//1567 4090//1567 4083//1567
f 4083//1568 4090//1568 4084//1568
f 4090//1568 4091//1568 4084//1568
f 4084//1569 4091//1569 4085//1569
f 4091//1569 4092//1569 4085//1569
f 4085//1570 4092//1570 4086//1570
f 4092//1570 4093//1570 4086//1570
f 4086//1571 4093//1571 4087//1571
f 4093//1571 4094//1571 4087//1571
f 4087//1572 4094//1572 4088//1572
f 4094//1572 4095//1572 4088//1572
f 4089//1573 4096//1573 4090//1573
f 4096//1573 4097//1573 4090//1573
f 4090//1574 4097//1574 4091//1574
f 4097//1574 4098//1574 4091//1574
f 4091//1575 4098//1575 4092//1575
f 4098//1575 4099//1575 4092//1575
f 4092//1576 4099//1576 4093//1576
f 4099//1576 4100//1576 4093//1576
f 4093//1577 4100//1577 4094//1577
f 4100//1577 4101//1577 4094//1577
f 4094//1578 4101//1578 4095//1578
f 4101//1578 4102//1578 4095//1578
f 4096//1579 4103//1579 4097//1579
f 4103//1579 4104//1579 4097//1579
f 4097//1580 4104//1580 4098//1580
f 4104//1580 4105//1580 4098//1580
f 4098//1581 4105//1581 4099//1581
f 4105//1581 4106//1581 4099//1581
f 4099//1582 4106//1582 4100//1582
f 4106//1582 4107//1582 4100//1582
f 4100//1583 4107//1583 4101//1583
f 4107//1583 4108//1583 4101//1583
f 4101//1584 4108//1584 4102//1584
f 4108//1584 4109//1584 4102//1584
f 4110//1585 4117//1585 4111//1585
f 4117//1585 4118//1585 4111//1585
f 4111//1586 4118//1586 4112//1586
f 4118//1586 4119//1586 4112//1586
f 4112//1587 4119//1587 4113//1587
f 4119//1587 4120//1587 4113//1587
f 4113//1588 4120//1588 4114//1588
f 4120//1588 4121//1588 4114//1588
f 4114//1589 4121//1589 4115//1589
f 4121//1589 4122//1589 4115//1589
f 4115//1590 4122//1590 4116//1590
f 4122//1590 4123//1590 4116//1590
f 4117//1591 4124//1591 4118//1591
f 4124//1591 4125//1591 4118//1591
f 4118//1592 4125//1592 4119//1592
f 4125//1592 4126//1592 4119//1592
f 4119//1593 4126//1593 4120//1593
f 4126//1593 4127//1593 4120//1593
f 4120//1594 4127//1594 4121//1594
f 4127//1594 4128//1594 4121//1594
f 4121//1595 4128//1595 4122//1595
f 4128//1595 4129//1595 4122//1595
f 4122//1596 4129//1596 4123//1596
f 4129//1596 4130//1596 4123//1596
f 4124//1597 4131//1597 4125//1597
f 4131//1597 4132//1597 4125//1597
f 4125//1598 4132//1598 4126//1598
f 4132//1598 4133//1598 4126//1598
f 4126//1599 4133//1599 4127//1599
f 4133//1599 4134//1599 4127//1599
f 4127//1600 4134//1600 4128//1600
f 4134//1600 4135//1600 4128//1600
f 4128//1601 4135//1601 4129//1601
f 4135//1601 4136//1601 4129//1601
f 4129//1602 4136//1602 4130//1602
f 4136//1602 4137//1602 4130//1602
f 4131//1603 4138//1603 4132//1603
f 4138//1603 4139//1603 4132//1603
f 4132//1604 4139//1604 4133//1604
f 4139//1604 4140//1604 4133//1604
f 4133//1605 4140//1605 4134//1605
f 4140//1605 4141//1605 4134//1605
f 4134//1606 4141//1606 4135//1606
f 4141//1606 4142//1606 4135//1606
f 4135//1607 4142//1607 4136//1607
f 4142//1607 4143//1607 4136//1607
f 4136//1608 4143//1608 4137//1608
f 4143//1608 4144//1608 4137//1608
f 4138//1609 4145//1609 4139//1609
f 4145//1609 4146//1609 4139//1609
f 4139//1610 4146//1610 4140//1610
f 4146//1610 4147//1610 4140//1610
f 4140//1611 4147//1611 4141//1611
f 4147//1611 4148//1611 4141//1611
f 4141//1612 4148//1612 4142//1612
f 4148//1612 4149//1612 4142//1612
f 4142//1613 4149//1613 4143//1613
f 4149//1613 4150//1613 4143//1613
f 4143//1614 4150//1614 4144//1614
f 4150//1614 4151//1614 4144//1614
f 4145//1615 4152//1615 4146//1615
f 4152//1615 4153//1615 4146//1615
f 4146//1616 4153//1616 4147//1616
f 4153//1616 4154//1616 4147//1616
f 4147//1617 4154//1617 4148//1617
f 4154//1617 4155//1617 4148//1617
f 4148//1618 4155//1618 4149//1618
f 4155//1618 4156//1618 4149//1618
f 4149//1619 4156//1619 4150//1619
f 4156//1619 4157//1619 4150//1619
f 4150//1620 4157//1620 4151//1620
f 4157//1620 4158//1620 4151//1620
f 4159//97 4166//97 4160//97
f 4166//97 4167//97 4160//97
f 4160//97 4167//97 4161//97
f 4167//97 4168//97 4161//97
f 4161//97 4168//97 4162//97
f 4168//97 4169//97 4162//97
f 4162//97 4169//97 4163//97
f 4169//97 4170//97 4163//97
f 4163//97 4170//97 4164//97
f 4170//97 4171//97 4164//97
f 4164//97 4171//97 4165//97
f 4171//97 4172//97 4165//97
f 4166//97 4173//97 4167//97
f 4173//97 4174//97 4167//97
f 4167//97 4174//97 4168//97
f 4174//97 4175//97 4168//97
f 4168//97 4175//97 4169//97
f 4175//97 4176//97 4169//97
f 4169//97 4176//97 4170//97
f 4176//97 4177//97 4170//97
f 4170//97 4177//97 4171//97
f 4177//97 4178//97 4171//97
f 4171//97 4178//97 4172//97
f 4178//97 4179//97 4172//97
f 4173//97 4180//97 4174//97
f 4180//97 4181//97 4174//97
f 4174//97 4181//97 4175//97
f 4181//97 4182//97 4175//97
f 4175//97 4182//97 4176//97
f 4182//97 4183//97 4176//97
f 4176//97 4183//97 4177//97
f 4183//97 4184//97 4177//97
f 4177//97 4184//97 4178//97
f 4184//97 4185//97 4178//97
f 4178//97 4185//97 4179//97
f 4185//97 4186//97 4179//97
f 4180//97 4187//97 4181//97
f 4187//97 4188//97 4181//97
f 4181//97 4188//97 4182//97
f 4188//97 4189//97 4182//97
f 4182//97 4189//97 4183//97
f 4189//97 4190//97 4183//97
f 4183//97 4190//97 4184//97
f 4190//97 4191//97 4184//97
f 4184//97 4191//97 4185//97
f 4191//97 4192//97 4185//97
f 4185//97 4192//97 4186//97
f 4192//97 4193//97 4186//97
f 4187//97 4194//97 4188//97
f 4194//97 4195//97 4188//97
f 4188//97 4195//97 4189//97
f 4195//97 4196//97 4189//97
f 4189//97 4196//97 4190//97
f 4196//97 4197//97 4190//97
f 4190//97 4197//97 4191//97
f 4197//97 4198//97 4191//97
f 4191//97 4198//97 4192//97
f 4198//97 4199//97 4192//97
f 4192//97 4199//97 4193//97
f 4199//97 4200//97 4193//97
f 4194//97 4201//97 4195//97
f 4201//97 4202//97 4195//97
f 4195//97 4202//97 4196//97
f 4202//97 4203//97 4196//97
f 4196//97 4203//97 4197//97
f 4203//97 4204//97 4197//97
f 4197//97 4204//97 4198//97
f 4204//97 4205//97 4198//97
f 4198//97 4205//97 4199//97
f 4205//97 4206//97 4199//97
f 4199//97 4206//97 4200//97
f 4206//97 4207//97 4200//97
f 4208//98 4215//98 4209//98
f 4215//98 4216//98 4209//98
f 4209//98 4216//98 4210//98
f 4216//98 4217//98 4210//98
f 4210//98 4217//98 4211//98
f 4217//98 4218//98 4211//98
f 4211//98 4218//98 4212//98
f 4218//98 4219//98 4212//98
f 4212//98 4219//98 4213//98
f 4219//98 4220//98 4213//98
f 4213//98 4220//98 4214//98
f 4220//98 4221//98 4214//98
f 4215//98 4222//98 4216//98
f 4222//98 4223//98 4216//98
f 4216//98 4223//98 4217//98
f 4223//98 4224//98 4217//98
f 4217//98 4224//98 4218//98
f 4224//98 4225//98 4218//98
f 4218//98 4225//98 4219//98
f 4225//98 4226//98 4219//98
f 4219//98 4226//98 4220//98
f 4226//98 4227//98 4220//98
f 4220//98 4227//98 4221//98
f 4227//98 4228//98 4221//98
f 4222//98 4229//98 4223//98
f 4229//98 4230//98 4223//98
f 4223//98 4230//98 4224//98
f 4230//98 4231//98 4224//98
f 4224//98 4231//98 4225//98
f 4231//98 4232//98 4225//98
f 4225//98 4232//98 4226//98
f 4232//98 4233//98 4226//98
f 4226//98 4233//98 4227//98
f 4233//98 4234//98 4227//98
f 4227//98 4234//98 4228//98
f 4234//98 4235//98 4228//98
f 4229//98 4236//98 4230//98
f 4236//98 4237//98 4230//98
f 4230//98 4237//98 4231//98
f 4237//98 4238//98 4231//98
f 4231//98 4238//98 4232//98
f 4238//98 4239//98 4232//98
f 4232//98 4239//98 4233//98
f 4239//98 4240//98 4233//98
f 4233//98 4240//98 4234//98
f 4240//98 4241//98 4234//98
f 4234//98 4241//98 4235//98
f 4241//98 4242//98 4235//98
f 4236//98 4243//98 4237//98
f 4243//98 4244//98 4237//98
f 4237//98 4244//98 4238//98
f 4244//98 4245//98 4238//98
f 4238//98 4245//98 4239//98
f 4245//98 4246//98 4239//98
f 4239//98 4246//98 4240//98
f 4246//98 4247//98 4240//98
f 4240//98 4247//98 4241//98
f 4247//98 4248//98 4241//98
f 4241//98 4248//98 4242//98
f 4248//98 4249//98 4242//98
f 4243//98 4250//98 4244//98
f 4250//98 4251//98 4244//98
f 4244//98 4251//98 4245//98
f 4251//98 4252//98 4245//98
f 4245//98 4252//98 4246//98
f 4252//98 4253//98 4246//98
f 4246//98 4253//98 4247//98
f 4253//98 4254//98 4247//98
f 4247//98 4254//98 4248//98
f 4254//98 4255//98 4248//98
f 4248//98 4255//98 4249//98
f 4255//98 4256//98 4249//98
o Fingers
usemtl skin_2
f 4257//1621 4264//1621 4258//1621
f 4264//1621 4265//1621 4258//1621
f 4258//1622 4265//1622 4259//1622
f 4265//1622 4266//1622 4259//1622
f 4259//1623 4266//1623 4260//1623
f 4266//1623 4267//1623 4260//1623
f 4260//1624 4267//1624 4261//1624
f 4267//1624 4268//1624 4261//1624
f 4261//1625 4268//1625 4262//1625
f 4268//1625 4269//1625 4262//1625
f 4262//1626 4269//1626 4263//1626
f 4269//1626 4270//1626 4263//1626
f 4264//1627 4271//1627 4265//1627
f 4271//1627 4272//1627 4265//1627
f 4265//1628 4272//1628 4266//1628
f 4272//1629 4273//1629 4266//1629
f 4266//1630 4273//1630 4267//1630
f 4273//1630 4274//1630 4267//1630
f 4267//1631 4274//1631 4268//1631
f 4274//1631 4275//1631 4268//1631
f 4268//1632 4275//1632 4269//1632
f 4275//1633 4276//1633 4269//1633
f 4269//1634 4276//1634 4270//1634
f 4276//1634 4277//1634 4270//1634
f 4271//1635 4278//1635 4272//1635
f 4278//1635 4279//1635 4272//1635
f 4272//1636 4279//1636 4273//1636
f 4279//1636 4280//1636 4273//1636
f 4273//1637 4280//1637 4274//1637
f 4280//1637 4281//1637 4274//1637
f 4274//1638 4281//1638 4275//1638
f 4281//1638 4282//1638 4275//1638
f 4275//1639 4282//1639 4276//1639
f 4282//1639 4283//1639 4276//1639
f 4276//1640 4283//1640 4277//1640
f 4283//1640 4284//1640 4277//1640
f 4278//1641 4285//1641 4279//1641
f 4285//1641 4286//1641 4279//1641
f 4279//1642 4286//1642 4280//1642
f 4286//1642 4287//1642 4280//1642
f 4280//1643 4287//1643 4281//1643
f 4287//1643 4288//1643 4281//1643
f 4281//1644 4288//1644 4282//1644
f 4288//1644 4289//1644 4282//1644
f 4282//1645 4289//1645 4283//1645
f 4289//1645 4290//1645 4283//1645
f 4283//1646 4290//1646 4284//1646
f 4290//1646 4291//1646 4284//1646
f 4285//1647 4292//1647 4286//1647
f 4292//1647 4293//1647 4286//1647
f 4286//1648 4293//1648 4287//1648
f 4293//1649 4294//1649 4287//1649
f 4287//1650 4294//1650 4288//1650
f 4294//1650 4295//1650 4288//1650
f 4288//1651 4295//1651 4289//1651
f 4295//1651 4296//1651 4289//1651
f 4289//1652 4296//1652 4290//1652
f 4296//1653 4297//1653 4290//1653
f 4290//1654 4297//1654 4291//1654
f 4297//1654 4298//1654 4291//1654
f 4292//1655 4299//1655 4293//1655
f 4299//1655 4300//1655 4293//1655
f 4293//1656 4300//1656 4294//1656
f 4300//1656 4301//1656 4294//1656
f 4294//1657 4301//1657 4295//1657
f 4301//1657 4302//1657 4295//1657
f 4295//1658 4302//1658 4296//1658
f 4302//1658 4303//1658 4296//1658
f 4296//1659 4303//1659 4297//1659
f 4303//1659 4304//1659 4297//1659
f 4297//1660 4304//1660 4298//1660
f 4304//1660 4305//1660 4298//1660
f 4306//1661 4313//1661 4307//1661
f 4313//1661 4314//1661 4307//1661
f 4307//1662 4314//1662 4308//1662
f 4314//1662 4315//1662 4308//1662
f 4308//1663 4315//1663 4309//1663
f 4315//1663 4316//1663 4309//1663
f 4309//1664 4316//1664 4310//1664
f 4316//1664 4317//1664 4310//1664
f 4310//1665 4317//1665 4311//1665
f 4317//1665 4318//1665 4311//1665
f 4311//1666 4318//1666 4312//1666
f 4318//1666 4319//1666 4312//1666
f 4313//1667 4320//1667 4314//1667
f 4320//1667 4321//1667 4314//1667
f 4314//1668 4321//1668 4315//1668
f 4321//1669 4322//1669 4315//1669
f 4315//1670 4322//1670 4316//1670
f 4322//1670 4323//1670 4316//1670
f 4316//1671 4323//1671 4317//1671
f 4323//1671 4324//1671 4317//1671
f 4317//1672 4324//1672 4318//1672
f 4324//1673 4325//1673 4318//1673
f 4318//1674 4325//1674 4319//1674
f 4325//1674 4326//1674 4319//1674
f 4320//1675 4327//1675 4321//1675
f 4327//1675 4328//1675 4321//1675
f 4321//1676 4328//1676 4322//1676
f 4328//1676 4329//1676 4322//1676
f 4322//1677 4329//1677 4323//1677
f 4329//1677 4330//1677 4323//1677
f 4323//1678 4330//1678 4324//1678
f 4330//1678 4331//1678 4324//1678
f 4324//1679 4331//1679 4325//1679
f 4331//1679 4332//1679 4325//1679
f 4325//1680 4332//1680 4326//1680
f 4332//1680 4333//1680 4326//1680
f 4327//1681 4334//1681 4328//1681
f 4334//1681 4335//1681 4328//1681
f 4328//1682 4335//1682 4329//1682
f 4335//1682 4336//1682 4329//1682
f 4329//1683 4336//1683 4330//1683
f 4336//1683 4337//1683 4330//1683
f 4330//1684 4337//1684 4331//1684
f 4337//1684 4338//1684 4331//1684
f 4331//1685 4338//1685 4332//1685
f 4338//1685 4339//1685 4332//1685
f 4332//1686 4339//1686 4333//1686
f 4339//1686 4340//1686 4333//1686
f 4334//1687 4341//1687 4335//1687
f 4341//1687 4342//1687 4335//1687
f 4335//1688 4342//1688 4336//1688
f 4342//1689 4343//1689 4336//1689
f 4336//1690 4343//1690 4337//1690
f 4343//1690 4344//1690 4337//1690
f 4337//1691 4344//1691 4338//1691
f 4344//1691 4345//1691 4338//1691
f 4338//1692 4345//1692 4339//1692
f 4345//1693 4346//1693 4339//1693
f 4339//1694 4346//1694 4340//1694
f 4346//1694 4347//1694 4340//1694
f 4341//1695 4348//1695 4342//1695
f 4348//1695 4349//1695 4342//1695
f 4342//1696 4349//1696 4343//1696
f 4349//1696 4350//1696 4343//1696
f 4343//1697 4350//1697 4344//1697
f 4350//1697 4351//1697 4344//1697
f 4344//1698 4351//1698 4345//1698
f 4351//1698 4352//1698 4345//1698
f 4345//1699 4352//1699 4346//1699
f 4352//1699 4353//1699 4346//1699
f 4346//1700 4353//1700 4347//1700
f 4353//1700 4354//1700 4347//1700
f 4355//1701 4362//1701 4356//1701
f 4362//1701 4363//1701 4356//1701
f 4356//1702 4363//1702 4357//1702
f 4363//1702 4364//1702 4357//1702
f 4357//1703 4364//1703 4358//1703
f 4364//1703 4365//1703 4358//1703
f 4358//1704 4365//1704 4359//1704
f 4365//1704 4366//1704 4359//1704
f 4359//1705 4366//1705 4360//1705
f 4366//1705 4367//1705 4360//1705
f 4360//1706 4367//1706 4361//1706
f 4367//1706 4368//1706 4361//1706
f 4362//1707 4369//1707 4363//1707
f 4369//1707 4370//1707 4363//1707
f 4363//1708 4370//1708 4364//1708
f 4370//1708 4371//1708 4364//1708
f 4364//1709 4371//1709 4365//1709
f 4371//1709 4372//1709 4365//1709
f 4365//1710 4372//1710 4366//1710
f 4372//1710 4373//1710 4366//1710
f 4366//1711 4373//1711 4367//1711
f 4373//1711 4374//1711 4367//1711
f 4367//1712 4374//1712 4368//1712
f 4374//1712 4375//1712 4368//1712
f 4369//1713 4376//1713 4370//1713
f 4376//1713 4377//1713 4370//1713
f 4370//1714 4377//1714 4371//1714
f 4377//1714 4378//1714 4371//1714
f 4371//1715 4378//1715 4372//1715
f 4378//1715 4379//1715 4372//1715
f 4372//1716 4379//1716 4373//1716
f 4379//1716 4380//1716 4373//1716
f 4373//1717 4380//1717 4374//1717
f 4380//1717 4381//1717 4374//1717
f 4374//1718 4381//1718 4375//1718
f 4381//1718 4382//1718 4375//1718
f 4376//1719 4383//1719 4377//1719
f 4383//1719 4384//1719 4377//1719
f 4377//1720 4384//1720 4378//1720
f 4384//1720 4385//1720 4378//1720
f 4378//1721 4385//1721 4379//1721
f 4385//1721 4386//1721 4379//1721
f 4379//1722 4386//1722 4380//1722
f 4386//1722 4387//1722 4380//1722
f 4380//1723 4387//1723 4381//1723
f 4387//1723 4388//1723 4381//1723
f 4381//1724 4388//1724 4382//1724
f 4388//1724 4389//1724 4382//1724
f 4383//1725 4390//1725 4384//1725
f 4390//1725 4391//1725 4384//1725
f 4384//1726 4391//1726 4385//1726
f 4391//1726 4392//1726 4385//1726
f 4385//1727 4392//1727 4386//1727
f 4392//1727 4393//1727 4386//1727
f 4386//1728 4393//1728 4387//1728
f 4393//1728 4394//1728 4387//1728
f 4387//1729 4394//1729 4388//1729
f 4394//1729 4395//1729 4388//1729
f 4388//1730 4395//1730 4389//1730
f 4395//1730 4396//1730 4389//1730
f 4390//1731 4397//1731 4391//1731
f 4397//1731 4398//1731 4391//1731
f 4391//1732 4398//1732 4392//1732
f 4398//1732 4399//1732 4392//1732
f 4392//1733 4399//1733 4393//1733
f 4399//1733 4400//1733 4393//1733
f 4393//1734 4400//1734 4394//1734
f 4400//1734 4401//1734 4394//1734
f 4394//1735 4401//1735 4395//1735
f 4401//1735 4402//1735 4395//1735
f 4395//1736 4402//1736 4396//1736
f 4402//1736 4403//1736 4396//1736
f 4404//1737 4411//1737 4405//1737
f 4411//1737 4412//1737 4405//1737
f 4405//1738 4412//1738 4406//1738
f 4412//1738 4413//1738 4406//1738
f 4406//1739 4413//1739 4407//1739
f 4413//1739 4414//1739 4407//1739
f 4407//1740 4414//1740 4408//1740
f 4414//1740 4415//1740 4408//1740
f 4408//1741 4415//1741 4409//1741
f 4415//1741 4416//1741 4409//1741
f 4409//1742 4416//1742 4410//1742
f 4416//1742 4417//1742 4410//1742
f 4411//1743 4418//1743 4412//1743
f 4418//1743 4419//1743 4412//1743
f 4412//1744 4419//1744 4413//1744
f 4419//1744 4420//1744 4413//1744
f 4413//1745 4420//1745 4414//1745
f 4420//1745 4421//1745 4414//1745
f 4414//1746 4421//1746 4415//1746
f 4421//1746 4422//1746 4415//1746
f 4415//1747 4422//1747 4416//1747
f 4422//1747 4423//1747 4416//1747
f 4416//1748 4423//1748 4417//1748
f 4423//1748 4424//1748 4417//1748
f 4418//1749 4425//1749 4419//1749
f 4425//1749 4426//1749 4419//1749
f 4419//1750 4426//1750 4420//1750
f 4426//1750 4427//1750 4420//1750
f 4420//1751 4427//1751 4421//1751
f 4427//1751 4428//1751 4421//1751
f 4421//1752 4428//1752 4422//1752
f 4428//1752 4429//1752 4422//1752
f 4422//1753 4429//1753 4423//1753
f 4429//1753 4430//1753 4423//1753
f 4423//1754 4430//1754 4424//1754
f 4430//1754 4431//1754 4424//1754
f 4425//1755 4432//1755 4426//1755
f 4432//1755 4433//1755 4426//1755
f 4426//1756 4433//1756 4427//1756
f 4433//1756 4434//1756 4427//1756
f 4427//1757 4434//1757 4428//1757
f 4434//1757 4435//1757 4428//1757
f 4428//1758 4435//1758 4429//1758
f 4435//1758 4436//1758 4429//1758
f 4429//1759 4436//1759 4430//1759
f 4436//1759 4437//1759 4430//1759
f 4430//1760 4437//1760 4431//1760
f 4437//1760 4438//1760 4431//1760
f 4432//1761 4439//1761 4433//1761
f 4439//1761 4440//1761 4433//1761
f 4433//1762 4440//1762 4434//1762
f 4440//1762 4441//1762 4434//1762
f 4434//1763 4441//1763 4435//1763
f 4441//1763 4442//1763 4435//1763
f 4435//1764 4442//1764 4436//1764
f 4442//1764 4443//1764 4436//1764
f 4436//1765 4443//1765 4437//1765
f 4443//1765 4444//1765 4437//1765
f 4437//1766 4444//1766 4438//1766
f 4444//1766 4445//1766 4438//1766
f 4439//1767 4446//1767 4440//1767
f 4446//1767 4447//1767 4440//1767
f 4440//1768 4447//1768 4441//1768
f 4447//1768 4448//1768 4441//1768
f 4441//1769 4448//1769 4442//1769
f 4448//1769 4449//1769 4442//1769
f 4442//1770 4449//1770 4443//1770
f 4449//1770 4450//1770 4443//1770
f 4443//1771 4450//1771 4444//1771
f 4450//1771 4451//1771 4444//1771
f 4444//1772 4451//1772 4445//1772
f 4451//1772 4452//1772 4445//1772
f 4453//97 4460//97 4454//97
f 4460//97 4461//97 4454//97
f 4454//97 4461//97 4455//97
f 4461//97 4462//97 4455//97
f 4455//97 4462//97 4456//97
f 4462//97 4463//97 4456//97
f 4456//97 4463//97 4457//97
f 4463//97 4464//97 4457//97
f 4457//97 4464//97 4458//97
f 4464//97 4465//97 4458//97
f 4458//97 4465//97 4459//97
f 4465//97 4466//97 4459//97
f 4460//97 4467//97 4461//97
f 4467//97 4468//97 4461//97
f 4461//97 4468//97 4462//97
f 4468//97 4469//97 4462//97
f 4462//97 4469//97 4463//97
f 4469//97 4470//97 4463//97
f 4463//97 4470//97 4464//97
f 4470//97 4471//97 4464//97
f 4464//97 4471//97 4465//97
f 4471//97 4472//97 4465//97
f 4465//97 4472//97 4466//97
f 4472//97 4473//97 4466//97
f 4467//97 4474//97 4468//97
f 4474//97 4475//97 4468//97
f 4468//97 4475//97 4469//97
f 4475//97 4476//97 4469//97
f 4469//97 4476//97 4470//97
f 4476//97 4477//97 4470//97
f 4470//97 4477//97 4471//97
f 4477//97 4478//97 4471//97
f 4471//97 4478//97 4472//97
f 4478//97 4479//97 4472//97
f 4472//97 4479//97 4473//97
f 4479//97 4480//97 4473//97
f 4474//97 4481//97 4475//97
f 4481//97 4482//97 4475//97
f 4475//97 4482//97 4476//97
f 4482//97 4483//97 4476//97
f 4476//97 4483//97 4477//97
f 4483//97 4484//97 4477//97
f 4477//97 4484//97 4478//97
f 4484//97 4485//97 4478//97
f 4478//97 4485//97 4479//97
f 4485//97 4486//97 4479//97
f 4479//97 4486//97 4480//97
f 4486//97 4487//97 4480//97
f 4481//97 4488//97 4482//97
f 4488//97 4489//97 4482//97
f 4482//97 4489//97 4483//97
f 4489//97 4490//97 4483//97
f 4483//97 4490//97 4484//97
f 4490//97 4491//97 4484//97
f 4484//97 4491//97 4485//97
f 4491//97 4492//97 4485//97
f 4485//97 4492//97 4486//97
f 4492//97 4493//97 4486//97
f 4486//97 4493//97 4487//97
f 4493//97 4494//97 4487//97
f 4488//97 4495//97 4489//97
f 4495//97 4496//97 4489//97
f 4489//97 4496//97 4490//97
f 4496//97 4497//97 4490//97
f 4490//97 4497//97 4491//97
f 4497//97 4498//97 4491//97
f 4491//97 4498//97 4492//97
f 4498//97 4499//97 4492//97
f 4492//97 4499//97 4493//97
f 4499//97 4500//97 4493//97
f 4493//97 4500//97 4494//97
f 4500//97 4501//97 4494//97
f 4502//98 4509//98 4503//98
f 4509//98 4510//98 4503//98
f 4503//98 4510//98 4504//98
f 4510//98 4511//98 4504//98
f 4504//98 4511//98 4505//98
f 4511//98 4512//98 4505//98
f 4505//98 4512//98 4506//98
f 4512//98 4513//98 4506//98
f 4506//98 4513//98 4507//98
f 4513//98 4514//98 4507//98
f 4507//98 4514//98 4508//98
f 4514//98 4515//98 4508//98
f 4509//98 4516//98 4510//98
f 4516//98 4517//98 4510//98
f 4510//98 4517//98 4511//98
f 4517//98 4518//98 4511//98
f 4511//98 4518//98 4512//98
f 4518//98 4519//98 4512//98
f 4512//98 4519//98 4513//98
f 4519//98 4520//98 4513//98
f 4513//98 4520//98 4514//98
f 4520//98 4521//98 4514//98
f 4514//98 4521//98 4515//98
f 4521//98 4522//98 4515//98
f 4516//98 4523//98 4517//98
f 4523//98 4524//98 4517//98
f 4517//98 4524//98 4518//98
f 4524//98 4525//98 4518//98
f 4518//98 4525//98 4519//98
f 4525//98 4526//98 4519//98
f 4519//98 4526//98 4520//98
f 4526//98 4527//98 4520//98
f 4520//98 4527//98 4521//98
f 4527//98 4528//98 4521//98
f 4521//98 4528//98 4522//98
f 4528//98 4529//98 4522//98
f 4523//98 4530//98 4524//98
f 4530//98 4531//98 4524//98
f 4524//98 4531//98 4525//98
f 4531//98 4532//98 4525//98
f 4525//98 4532//98 4526//98
f 4532//98 4533//98 4526//98
f 4526//98 4533//98 4527//98
f 4533//98 4534//98 4527//98
f 4527//98 4534//98 4528//98
f 4534//98 4535//98 4528//98
f 4528//98 4535//98 4529//98
f 4535//98 4536//98 4529//98
f 4530//98 4537//98 4531//98
f 4537//98 4538//98 4531//98
f 4531//98 4538//98 4532//98
f 4538//98 4539//98 4532//98
f 4532//98 4539//98 4533//98
f 4539//98 4540//98 4533//98
f 4533//98 4540//98 4534//98
f 4540//98 4541//98 4534//98
f 4534//98 4541//98 4535//98
f 4541//98 4542//98 4535//98
f 4535//98 4542//98 4536//98
f 4542//98 4543//98 4536//98
f 4537//98 4544//98 4538//98
f 4544//98 4545//98 4538//98
f 4538//98 4545//98 4539//98
f 4545//98 4546//98 4539//98
f 4539//98 4546//98 4540//98
f 4546//98 4547//98 4540//98
f 4540//98 4547//98 4541//98
f 4547//98 4548//98 4541//98
f 4541//98 4548//98 4542//98
f 4548//98 4549//98 4542//98
f 4542//98 4549//98 4543//98
f 4549//98 4550//98 4543//98
f 4551//1621 4558//1621 4552//1621
f 4558//1621 4559//1621 4552//1621
f 4552//1622 4559//1622 4553//1622
f 4559//1622 4560//1622 4553//1622
f 4553//1623 4560//1623 4554//1623
f 4560//1623 4561//1623 4554//1623
f 4554//1624 4561//1624 4555//1624
f 4561//1624 4562//1624 4555//1624
f 4555//1625 4562//1625 4556//1625
f 4562//1625 4563//1625 4556//1625
f 4556//1626 4563//1626 4557//1626
f 4563//1626 4564//1626 4557//1626
f 4558//1627 4565//1627 4559//1627
f 4565//1627 4566//1627 4559//1627
f 4559//1628 4566//1628 4560//1628
f 4566//1629 4567//1629 4560//1629
f 4560//1630 4567//1630 4561//1630
f 4567//1630 4568//1630 4561//1630
f 4561//1631 4568//1631 4562//1631
f 4568//1631 4569//1631 4562//1631
f 4562//1632 4569//1632 4563//1632
f 4569//1633 4570//1633 4563//1633
f 4563//1634 4570//1634 4564//1634
f 4570//1634 4571//1634 4564//1634
f 4565//1635 4572//1635 4566//1635
f 4572//1635 4573//1635 4566//1635
f 4566//1636 4573//1636 4567//1636
f 4573//1636 4574//1636 4567//1636
f 4567//1637 4574//1637 4568//1637
f 4574//1637 4575//1637 4568//1637
f 4568//1638 4575//1638 4569//1638
f 4575//1638 4576//1638 4569//1638
f 4569//1639 4576//1639 4570//1639
f 4576//1639 4577//1639 4570//1639
f 4570//1640 4577//1640 4571//1640
f 4577//1640 4578//1640 4571//1640
f 4572//1641 4579//1641 4573//1641
f 4579//1641 4580//1641 4573//1641
f 4573//1642 4580//1642 4574//1642
f 4580//1642 4581//1642 4574//1642
f 4574//1643 4581//1643 4575//1643
f 4581//1643 4582//1643 4575//1643
f 4575//1644 4582//1644 4576//1644
f 4582//1644 4583//1644 4576//1644
f 4576//1645 4583//1645 4577//1645
f 4583//1645 4584//1645 4577//1645
f 4577//1646 4584//1646 4578//1646
f 4584//1646 4585//1646 4578//1646
f 4579//1647 4586//1647 4580//1647
f 4586//1647 4587//1647 4580//1647
f 4580//1648 4587//1648 4581//1648
f 4587//1649 4588//1649 4581//1649
f 4581//1650 4588//1650 4582//1650
f 4588//1650 4589//1650 4582//1650
f 4582//1651 4589//1651 4583//1651
f 4589//1651 4590//1651 4583//1651
f 4583//1652 4590//1652 4584//1652
f 4590//1653 4591//1653 4584//1653
f 4584//1654 4591//1654 4585//1654
f 4591//1654 4592//1654 4585//1654
f 4586//1655 4593//1655 4587//1655
f 4593//1655 4594//1655 4587//1655
f 4587//1656 4594//1656 4588//1656
f 4594//1656 4595//1656 4588//1656
f 4588//1657 4595//1657 4589//1657
f 4595//1657 4596//1657 4589//1657
f 4589//1658 4596//1658 4590//1658
f 4596//1658 4597//1658 4590//1658
f 4590//1659 4597//1659 4591//1659
f 4597//1659 4598//1659 4591//1659
f 4591//1660 4598//1660 4592//1660
f 4598//1660 4599//1660 4592//1660
f 4600//1661 4607//1661 4601//1661
f 4607//1661 4608//1661 4601//1661
f 4601//1662 4608//1662 4602//1662
f 4608//1662 4609//1662 4602//1662
f 4602//1663 4609//1663 4603//1663
f 4609//1663 4610//1663 4603//1663
f 4603//1664 4610//1664 4604//1664
f 4610//1664 4611//1664 4604//1664
f 4604//1665 4611//1665 4605//1665
f 4611//1665 4612//1665 4605//1665
f 4605//1666 4612//1666 4606//1666
f 4612//1666 4613//1666 4606//1666
f 4607//1667 4614//1667 4608//1667
f 4614//1667 4615//1667 4608//1667
f 4608//1668 4615//1668 4609//1668
f 4615//1669 4616//1669 4609//1669
f 4609//1670 4616//1670 4610//1670
f 4616//1670 4617//1670 4610//1670
f 4610//1671 4617//1671 4611//1671
f 4617//1671 4618//1671 4611//1671
f 4611//1672 4618//1672 4612//1672
f 4618//1673 4619//1673 4612//1673
f 4612//1674 4619//1674 4613//1674
f 4619//1674 4620//1674 4613//1674
f 4614//1675 4621//1675 4615//1675
f 4621//1675 4622//1675 4615//1675
f 4615//1676 4622//1676 4616//1676
f 4622//1676 4623//1676 4616//1676
f 4616//1677 4623//1677 4617//1677
f 4623//1677 4624//1677 4617//1677
f 4617//1678 4624//1678 4618//1678
f 4624//1678 4625//1678 4618//1678
f 4618//1679 4625//1679 4619//1679
f 4625//1679 4626//1679 4619//1679
f 4619//1680 4626//1680 4620//1680
f 4626//1680 4627//1680 4620//1680
f 4621//1681 4628//1681 4622//1681
f 4628//1681 4629//1681 4622//1681
f 4622//1682 4629//1682 4623//1682
f 4629//1682 4630//1682 4623//1682
f 4623//1683 4630//1683 4624//1683
f 4630//1683 4631//1683 4624//1683
f 4624//1684 4631//1684 4625//1684
f 4631//1684 4632//1684 4625//1684
f 4625//1685 4632//1685 4626//1685
f 4632//1685 4633//1685 4626//1685
f 4626//1686 4633//1686 4627//1686
f 4633//1686 4634//1686 4627//1686
f 4628//1687 4635//1687 4629//1687
f 4635//1687 4636//1687 4629//1687
f 4629//1688 4636//1688 4630//1688
f 4636//1689 4637//1689 4630//1689
f 4630//1690 4637//1690 4631//1690
f 4637//1690 4638//1690 4631//1690
f 4631//1691 4638//1691 4632//1691
f 4638//1691 4639//1691 4632//1691
f 4632//1692 4639//1692 4633//1692
f 4639//1693 4640//1693 4633//1693
f 4633//1694 4640//1694 4634//1694
f 4640//1694 4641//1694 4634//1694
f 4635//1695 4642//1695 4636//1695
f 4642//1695 4643//1695 4636//1695
f 4636//1696 4643//1696 4637//1696
f 4643//1696 4644//1696 4637//1696
f 4637//1697 4644//1697 4638//1697
f 4644//1697 4645//1697 4638//1697
f 4638//1698 4645//1698 4639//1698
f 4645//1698 4646//1698 4639//1698
f 4639//1699 4646//1699 4640//1699
f 4646//1699 4647//1699 4640//1699
f 4640//1700 4647//1700 4641//1700
f 4647//1700 4648//1700 4641//1700
f 4649//1701 4656//1701 4650//1701
f 4656//1701 4657//1701 4650//1701
f 4650//1702 4657//1702 4651//1702
f 4657//1702 4658//1702 4651//1702
f 4651//1703 4658//1703 4652//1703
f 4658//1703 4659//1703 4652//1703
f 4652//1704 4659//1704 4653//1704
f 4659//1704 4660//1704 4653//1704
f 4653//1705 4660//1705 4654//1705
f 4660//1705 4661//1705 4654//1705
f 4654//1706 4661//1706 4655//1706
f 4661//1706 4662//1706 4655//1706
f 4656//1707 4663//1707 4657//1707
f 4663//1707 4664//1707 4657//1707
f 4657//1708 4664//1708 4658//1708
f 4664//1708 4665//1708 4658//1708
f 4658//1709 4665//1709 4659//1709
f 4665//1709 4666//1709 4659//1709
f 4659//1710 4666//1710 4660//1710
f 4666//1710 4667//1710 4660//1710
f 4660//1711 4667//1711 4661//1711
f 4667//1711 4668//1711 4661//1711
f 4661//1712 4668//1712 4662//1712
f 4668//1712 4669//1712 4662//1712
f 4663//1713 4670//1713 4664//1713
f 4670//1713 4671//1713 4664//1713
f 4664//1714 4671//1714 4665//1714
f 4671//1714 4672//1714 4665//1714
f 4665//1715 4672//1715 4666//1715
f 4672//1715 4673//1715 4666//1715
f 4666//1716 4673//1716 4667//1716
f 4673//1716 4674//1716 4667//1716
f 4667//1717 4674//1717 4668//1717
f 4674//1717 4675//1717 4668//1717
f 4668//1718 4675//1718 4669//1718
f 4675//1718 4676//1718 4669//1718
f 4670//1719 4677//1719 4671//1719
f 4677//1719 4678//1719 4671//1719
f 4671//1720 4678//1720 4672//1720
f 4678//1720 4679//1720 4672//1720
f 4672//1721 4679//1721 4673//1721
f 4679//1721 4680//1721 4673//1721
f 4673//1722 4680//1722 4674//1722
f 4680//1722 4681//1722 4674//1722
f 4674//1723 4681//1723 4675//1723
f 4681//1723 4682//1723 4675//1723
f 4675//1724 4682//1724 4676//1724
f 4682//1724 4683//1724 4676//1724
f 4677//1725 4684//1725 4678//1725
f 4684//1725 4685//1725 4678//1725
f 4678//1726 4685//1726 4679//1726
f 4685//1726 4686//1726 4679//1726
f 4679//1727 4686//1727 4680//1727
f 4686//1727 4687//1727 4680//1727
f 4680//1728 4687//1728 4681//1728
f 4687//1728 4688//1728 4681//1728
f 4681//1729 4688//1729 4682//1729
f 4688//1729 4689//1729 4682//1729
f 4682//1730 4689//1730 4683//1730
f 4689//1730 4690//1730 4683//1730
f 4684//1731 4691//1731 4685//1731
f 4691//1731 4692//1731 4685//1731
f 4685//1732 4692//1732 4686//1732
f 4692//1732 4693//1732 4686//1732
f 4686//1733 4693//1733 4687//1733
f 4693//1733 4694//1733 4687//1733
f 4687//1734 4694//1734 4688//1734
f 4694//1734 4695//1734 4688//1734
f 4688//1735 4695//1735 4689//1735
f 4695//1735 4696//1735 4689//1735
f 4689//1736 4696//1736 4690//1736
f 4696//1736 4697//1736 4690//1736
f 4698//1737 4705//1737 4699//1737
f 4705//1737 4706//1737 4699//1737
f 4699//1738 4706//1738 4700//1738
f 4706//1738 4707//1738 4700//1738
f 4700//1739 4707//1739 4701//1739
f 4707//1739 4708//1739 4701//1739
f 4701//1740 4708//1740 4702//1740
f 4708//1740 4709//1740 4702//1740
f 4702//1741 4709//1741 4703//1741
f 4709//1741 4710//1741 4703//1741
f 4703//1742 4710//1742 4704//1742
f 4710//1742 4711//1742 4704//1742
f 4705//1743 4712//1743 4706//1743
f 4712//1743 4713//1743 4706//1743
f 4706//1744 4713//1744 4707//1744
f 4713//1744 4714//1744 4707//1744
f 4707//1745 4714//1745 4708//1745
f 4714//1745 4715//1745 4708//1745
f 4708//1746 4715//1746 4709//1746
f 4715//1746 4716//1746 4709//1746
f 4709//1747 4716//1747 4710//1747
f 4716//1747 4717//1747 4710//1747
f 4710//1748 4717//1748 4711//1748
f 4717//1748 4718//1748 4711//1748
f 4712//1749 4719//1749 4713//1749
f 4719//1749 4720//1749 4713//1749
f 4713//1750 4720//1750 4714//1750
f 4720//1750 4721//1750 4714//1750
f 4714//1751 4721//1751 4715//1751
f 4721//1751 4722//1751 4715//1751
f 4715//1752 4722//1752 4716//1752
f 4722//1752 4723//1752 4716//1752
f 4716//1753 4723//1753 4717//1753
f 4723//1753 4724//1753 4717//1753
f 4717//1754 4724//1754 4718//1754
f 4724//1754 4725//1754 4718//1754
f 4719//1755 4726//1755 4720//1755
f 4726//1755 4727//1755 4720//1755
f 4720//1756 4727//1756 4721//1756
f 4727//1756 4728//1756 4721//1756
f 4721//1757 4728//1757 4722//1757
f 4728//1757 4729//1757 4722//1757
f 4722//1758 4729//1758 4723//1758
f 4729//1758 4730//1758 4723//1758
f 4723//1759 4730//1759 4724//1759
f 4730//1759 4731//1759 4724//1759
f 4724//1760 4731//1760 4725//1760
f 4731//1760 4732//1760 4725//1760
f 4726//1761 4733//1761 4727//1761
f 4733//1761 4734//1761 4727//1761
f 4727//1762 4734//1762 4728//1762
f 4734//1762 4735//1762 4728//1762
f 4728//1763 4735//1763 4729//1763
f 4735//1763 4736//1763 4729//1763
f 4729//1764 4736//1764 4730//1764
f 4736//1764 4737//1764 4730//1764
f 4730//1765 4737//1765 4731//1765
f 4737//1765 4738//1765 4731//1765
f 4731//1766 4738//1766 4732//1766
f 4738//1766 4739//1766 4732//1766
f 4733//1767 4740//1767 4734//1767
f 4740//1767 4741//1767 4734//1767
f 4734//1768 4741//1768 4735//1768
f 4741//1768 4742//1768 4735//1768
f 4735//1769 4742//1769 4736//1769
f 4742//1769 4743//1769 4736//1769
f 4736//1770 4743//1770 4737//1770
f 4743//1770 4744//1770 4737//1770
f 4737//1771 4744//1771 4738//1771
f 4744//1771 4745//1771 4738//1771
f 4738//1772 4745//1772 4739//1772
f 4745//1772 4746//1772 4739//1772
f 4747//97 4754//97 4748//97
f 4754//97 4755//97 4748//97
f 4748//97 4755//97 4749//97
f 4755//97 4756//97 4749//97
f 4749//97 4756//97 4750//97
f 4756//97 4757//97 4750//97
f 4750//97 4757//97 4751//97
f 4757//97 4758//97 4751//97
f 4751//97 4758//97 4752//97
f 4758//97 4759//97 4752//97
f 4752//97 4759//97 4753//97
f 4759//97 4760//97 4753//97
f 4754//97 4761//97 4755//97
f 4761//97 4762//97 4755//97
f 4755//97 4762//97 4756//97
f 4762//97 4763//97 4756//97
f 4756//97 4763//97 4757//97
f 4763//97 4764//97 4757//97
f 4757//97 4764//97 4758//97
f 4764//97 4765//97 4758//97
f 4758//97 4765//97 4759//97
f 4765//97 4766//97 4759//97
f 4759//97 4766//97 4760//97
f 4766//97 4767//97 4760//97
f 4761//97 4768//97 4762//97
f 4768//97 4769//97 4762//97
f 4762//97 4769//97 4763//97
f 4769//97 4770//97 4763//97
f 4763//97 4770//97 4764//97
f 4770//97 4771//97 4764//97
f 4764//97 4771//97 4765//97
f 4771//97 4772//97 4765//97
f 4765//97 4772//97 4766//97
f 4772//97 4773//97 4766//97
f 4766//97 4773//97 4767//97
f 4773//97 4774//97 4767//97
f 4768//97 4775//97 4769//97
f 4775//97 4776//97 4769//97
f 4769//97 4776//97 4770//97
f 4776//97 4777//97 4770//97
f 4770//97 4777//97 4771//97
f 4777//97 4778//97 4771//97
f 4771//97 4778//97 4772//97
f 4778//97 4779//97 4772//97
f 4772//97 4779//97 4773//97
f 4779//97 4780//97 4773//97
f 4773//97 4780//97 4774//97
f 4780//97 4781//97 4774//97
f 4775//97 4782//97 4776//97
f 4782//97 4783//97 4776//97
f 4776//97 4783//97 4777//97
f 4783//97 4784//97 4777//97
f 4777//97 4784//97 4778//97
f 4784//97 4785//97 4778//97
f 4778//97 4785//97 4779//97
f 4785//97 4786//97 4779//97
f 4779//97 4786//97 4780//97
f 4786//97 4787//97 4780//97
f 4780//97 4787//97 4781//97
f 4787//97 4788//97 4781//97
f 4782//97 4789//97 4783//97
f 4789//97 4790//97 4783//97
f 4783//97 4790//97 4784//97
f 4790//97 4791//97 4784//97
f 4784//97 4791//97 4785//97
f 4791//97 4792//97 4785//97
f 4785//97 4792//97 4786//97
f 4792//97 4793//97 4786//97
f 4786//97 4793//97 4787//97
f 4793//97 4794//97 4787//97
f 4787//97 4794//97 4788//97
f 4794//97 4795//97 4788//97
f 4796//98 4803//98 4797//98
f 4803//98 4804//98 4797//98
f 4797//98 4804//98 4798//98
f 4804//98 4805//98 4798//98
f 4798//98 4805//98 4799//98
f 4805//98 4806//98 4799//98
f 4799//98 4806//98 4800//98
f 4806//98 4807//98 4800//98
f 4800//98 4807//98 4801//98
f 4807//98 4808//98 4801//98
f 4801//98 4808//98 4802//98
f 4808//98 4809//98 4802//98
f 4803//98 4810//98 4804//98
f 4810//98 4811//98 4804//98
f 4804//98 4811//98 4805//98
f 4811//98 4812//98 4805//98
f 4805//98 4812//98 4806//98
f 4812//98 4813//98 4806//98
f 4806//98 4813//98 4807//98
f 4813//98 4814//98 4807//98
f 4807//98 4814//98 4808//98
f 4814//98 4815//98 4808//98
f 4808//98 4815//98 4809//98
f 4815//98 4816//98 4809//98
f 4810//98 4817//98 4811//98
f 4817//98 4818//98 4811//98
f 4811//98 4818//98 4812//98
f 4818//98 4819//98 4812//98
f 4812//98 4819//98 4813//98
f 4819//98 4820//98 4813//98
f 4813//98 4820//98 4814//98
f 4820//98 4821//98 4814//98
f 4814//98 4821//98 4815//98
f 4821//98 4822//98 4815//98
f 4815//98 4822//98 4816//98
f 4822//98 4823//98 4816//98
f 4817//98 4824//98 4818//98
f 4824//98 4825//98 4818//98
f 4818//98 4825//98 4819//98
f 4825//98 4826//98 4819//98
f 4819//98 4826//98 4820//98
f 4826//98 4827//98 4820//98
f 4820//98 4827//98 4821//98
f 4827//98 4828//98 4821//98
f 4821//98 4828//98 4822//98
f 4828//98 4829//98 4822//98
f 4822//98 4829//98 4823//98
f 4829//98 4830//98 4823//98
f 4824//98 4831//98 4825//98
f 4831//98 4832//98 4825//98
f 4825//98 4832//98 4826//98
f 4832//98 4833//98 4826//98
f 4826//98 4833//98 4827//98
f 4833//98 4834//98 4827//98
f 4827//98 4834//98 4828//98
f 4834//98 4835//98 4828//98
f 4828//98 4835//98 4829//98
f 4835//98 4836//98 4829//98
f 4829//98 4836//98 4830//98
f 4836//98 4837//98 4830//98
f 4831//98 4838//98 4832//98
f 4838//98 4839//98 4832//98
f 4832//98 4839//98 4833//98
f 4839//98 4840//98 4833//98
f 4833//98 4840//98 4834//98
f 4840//98 4841//98 4834//98
f 4834//98 4841//98 4835//98
f 4841//98 4842//98 4835//98
f 4835//98 4842//98 4836//98
f 4842//98 4843//98 4836//98
f 4836//98 4843//98 4837//98
f 4843//98 4844//98 4837//98
o Quad
usemtl skin_3
f 4845//1773 4852//1773 4846//1773
f 4852//1774 4853//1774 4846//1774
f 4846//1775 4853//1775 4847//1775
f 4853//1776 4854//1776 4847//1776
f 4847//1777 4854//1777 4848//1777
f 4854//1778 4855//1778 4848//1778
f 4848//1779 4855//1779 4849//1779
f 4855//1780 4856//1780 4849//1780
f 4849//1781 4856//1781 4850//1781
f 4856//1782 4857//1782 4850//1782
f 4850//1783 4857//1783 4851//1783
f 4857//1784 4858//1784 4851//1784
f 4852//1785 4859//1785 4853//1785
f 4859//1786 4860//1786 4853//1786
f 4853//1787 4860//1787 4854//1787
f 4860//1788 4861//1788 4854//1788
f 4854//1789 4861//1789 4855//1789
f 4861//1790 4862//1790 4855//1790
f 4855//1791 4862//1791 4856//1791
f 4862//1792 4863//1792 4856//1792
f 4856//1793 4863//1793 4857//1793
f 4863//1794 4864//1794 4857//1794
f 4857//1795 4864//1795 4858//1795
f 4864//1796 4865//1796 4858//1796
f 4866//1797 4873//1797 4867//1797
f 4873//1798 4874//1798 4867//1798
f 4867//1799 4874//1799 4868//1799
f 4874//1800 4875//1800 4868//1800
f 4868//1801 4875//1801 4869//1801
f 4875//1802 4876//1802 4869//1802
f 4869//1803 4876//1803 4870//1803
f 4876//1804 4877//1804 4870//1804
f 4870//1805 4877//1805 4871//1805
f 4877//1806 4878//1806 4871//1806
f 4871//1807 4878//1807 4872//1807
f 4878//1808 4879//1808 4872//1808
f 4873//1809 4880//1809 4874//1809
f 4880//1810 4881//1810 4874//1810
f 4874//1811 4881//1811 4875//1811
f 4881//1812 4882//1812 4875//1812
f 4875//1813 4882//1813 4876//1813
f 4882//1814 4883//1814 4876//1814
f 4876//1815 4883//1815 4877//1815
f 4883//1816 4884//1816 4877//1816
f 4877//1817 4884//1817 4878//1817
f 4884//1818 4885//1818 4878//1818
f 4878//1819 4885//1819 4879//1819
f 4885//1820 4886//1820 4879//1820
f 4887//1821 4894//1821 4888//1821
f 4894//1822 4895//1822 4888//1822
f 4888//1823 4895//1823 4889//1823
f 4895//1824 4896//1824 4889//1824
f 4889//1825 4896//1825 4890//1825
f 4896//1826 4897//1826 4890//1826
f 4890//1827 4897//1827 4891//1827
f 4897//1828 4898//1828 4891//1828
f 4891//1829 4898//1829 4892//1829
f 4898//1830 4899//1830 4892//1830
f 4892//1831 4899//1831 4893//1831
f 4899//1832 4900//1832 4893//1832
f 4894//1833 4901//1833 4895//1833
f 4901//1834 4902//1834 4895//1834
f 4895//1835 4902//1835 4896//1835
f 4902//1836 4903//1836 4896//1836
f 4896//1837 4903//1837 4897//1837
f 4903//1838 4904//1838 4897//1838
f 4897//1839 4904//1839 4898//1839
f 4904//1840 4905//1840 4898//1840
f 4898//1841 4905//1841 4899//1841
f 4905//1842 4906//1842 4899//1842
f 4899//1843 4906//1843 4900//1843
f 4906//1844 4907//1844 4900//1844
f 4901//1845 4908//1845 4902//1845
f 4908//1846 4909//1846 4902//1846
f 4902//1847 4909//1847 4903//1847
f 4909//1848 4910//1848 4903//1848
f 4903//1849 4910//1849 4904//1849
f 4910//1850 4911//1850 4904//1850
f 4904//1851 4911//1851 4905//1851
f 4911//1852 4912//1852 4905//1852
f 4905//1853 4912//1853 4906//1853
f 4912//1854 4913//1854 4906//1854
f 4906//1855 4913//1855 4907//1855
f 4913//1856 4914//1856 4907//1856
f 4908//1857 4915//1857 4909//1857
f 4915//1858 4916//1858 4909//1858
f 4909//1859 4916//1859 4910//1859
f 4916//1860 4917//1860 4910//1860
f 4910//1861 4917//1861 4911//1861
f 4917//1862 4918//1862 4911//1862
f 4911//1863 4918//1863 4912//1863
f 4918//1864 4919//1864 4912//1864
f 4912//1865 4919//1865 4913//1865
f 4919//1866 4920//1866 4913//1866
f 4913//1867 4920//1867 4914//1867
f 4920//1868 4921//1868 4914//1868
f 4915//1869 4922//1869 4916//1869
f 4922//1870 4923//1870 4916//1870
f 4916//1871 4923//1871 4917//1871
f 4923//1872 4924//1872 4917//1872
f 4917//1873 4924//1873 4918//1873
f 4924//1874 4925//1874 4918//1874
f 4918//1875 4925//1875 4919//1875
f 4925//1876 4926//1876 4919//1876
f 4919//1877 4926//1877 4920//1877
f 4926//1878 4927//1878 4920//1878
f 4920//1879 4927//1879 4921//1879
f 4927//1880 4928//1880 4921//1880
f 4922//1881 4929//1881 4923//1881
f 4929//1882 4930//1882 4923//1882
f 4923//1883 4930//1883 4924//1883
f 4930//1884 4931//1884 4924//1884
f 4924//1885 4931//1885 4925//1885
f 4931//1886 4932//1886 4925//1886
f 4925//1887 4932//1887 4926//1887
f 4932//1888 4933//1888 4926//1888
f 4926//1889 4933//1889 4927//1889
f 4933//1890 4934//1890 4927//1890
f 4927//1891 4934//1891 4928//1891
f 4934//1892 4935//1892 4928//1892
f 4936//1893 4943//1893 4937//1893
f 4943//1894 4944//1894 4937//1894
f 4937//1895 4944//1895 4938//1895
f 4944//1896 4945//1896 4938//1896
f 4938//1897 4945//1897 4939//1897
f 4945//1898 4946//1898 4939//1898
f 4939//1899 4946//1899 4940//1899
f 4946//1900 4947//1900 4940//1900
f 4940//1901 4947//1901 4941//1901
f 4947//1902 4948//1902 4941//1902
f 4941//1903 4948//1903 4942//1903
f 4948//1904 4949//1904 4942//1904
f 4943//1905 4950//1905 4944//1905
f 4950//1906 4951//1906 4944//1906
f 4944//1907 4951//1907 4945//1907
f 4951//1908 4952//1908 4945//1908
f 4945//1909 4952//1909 4946//1909
f 4952//1910 4953//1910 4946//1910
f 4946//1911 4953//1911 4947//1911
f 4953//1912 4954//1912 4947//1912
f 4947//1913 4954//1913 4948//1913
f 4954//1914 4955//1914 4948//1914
f 4948//1915 4955//1915 4949//1915
f 4955//1916 4956//1916 4949//1916
f 4950//1917 4957//1917 4951//1917
f 4957//1918 4958//1918 4951//1918
f 4951//1919 4958//1919 4952//1919
f 4958//1920 4959//1920 4952//1920
f 4952//1921 4959//1921 4953//1921
f 4959//1922 4960//1922 4953//1922
f 4953//1923 4960//1923 4954//1923
f 4960//1924 4961//1924 4954//1924
f 4954//1925 4961//1925 4955//1925
f 4961//1926 4962//1926 4955//1926
f 4955//1927 4962//1927 4956//1927
f 4962//1928 4963//1928 4956//1928
f 4957//1929 4964//1929 4958//1929
f 4964//1930 4965//1930 4958//1930
f 4958//1931 4965//1931 4959//1931
f 4965//1932 4966//1932 4959//1932
f 4959//1933 4966//1933 4960//1933
f 4966//1934 4967//1934 4960//1934
f 4960//1935 4967//1935 4961//1935
f 4967//1936 4968//1936 4961//1936
f 4961//1937 4968//1937 4962//1937
f 4968//1938 4969//1938 4962//1938
f 4962//1939 4969//1939 4963//1939
f 4969//1940 4970//1940 4963//1940
f 4964//1941 4971//1941 4965//1941
f 4971//1942 4972//1942 4965//1942
f 4965//1943 4972//1943 4966//1943
f 4972//1944 4973//1944 4966//1944
f 4966//1945 4973//1945 4967//1945
f 4973//1946 4974//1946 4967//1946
f 4967//1947 4974//1947 4968//1947
f 4974//1948 4975//1948 4968//1948
f 4968//1949 4975//1949 4969//1949
f 4975//1950 4976//1950 4969//1950
f 4969//1951 4976//1951 4970//1951
f 4976//1952 4977//1952 4970//1952
f 4971//1953 4978//1953 4972//1953
f 4978//1954 4979//1954 4972//1954
f 4972//1955 4979//1955 4973//1955
f 4979//1956 4980//1956 4973//1956
f 4973//1957 4980//1957 4974//1957
f 4980//1958 4981//1958 4974//1958
f 4974//1959 4981//1959 4975//1959
f 4981//1960 4982//1960 4975//1960
f 4975//1961 4982//1961 4976//1961
f 4982//1962 4983//1962 4976//1962
f 4976//1963 4983//1963 4977//1963
f 4983//1964 4984//1964 4977//1964
f 4985//97 4992//97 4986//97
f 4992//97 4993//97 4986//97
f 4986//97 4993//97 4987//97
f 4993//97 4994//97 4987//97
f 4987//97 4994//97 4988//97
f 4994//97 4995//97 4988//97
f 4988//97 4995//97 4989//97
f 4995//97 4996//97 4989//97
f 4989//97 4996//97 4990//97
f 4996//97 4997//97 4990//97
f 4990//97 4997//97 4991//97
f 4997//97 4998//97 4991//97
f 4992//97 4999//97 4993//97
f 4999//97 5000//97 4993//97
f 4993//97 5000//97 4994//97
f 5000//97 5001//97 4994//97
f 4994//97 5001//97 4995//97
f 5001//97 5002//97 4995//97
f 4995//97 5002//97 4996//97
f 5002//97 5003//97 4996//97
f 4996//97 5003//97 4997//97
f 5003//97 5004//97 4997//97
f 4997//97 5004//97 4998//97
f 5004//97 5005//97 4998//97
f 5006//98 5013//98 5007//98
f 5013//98 5014//98 5007//98
f 5007//98 5014//98 5008//98
f 5014//98 5015//98 5008//98
f 5008//98 5015//98 5009//98
f 5015//98 5016//98 5009//98
f 5009//98 5016//98 5010//98
f 5016//98 5017//98 5010//98
f 5010//98 5017//98 5011//98
f 5017//98 5018//98 5011//98
f 5011//98 5018//98 5012//98
f 5018//98 5019//98 5012//98
f 5013//98 5020//98 5014//98
f 5020//98 5021//98 5014//98
f 5014//98 5021//98 5015//98
f 5021//98 5022//98 5015//98
f 5015//98 5022//98 5016//98
f 5022//98 5023//98 5016//98
f 5016//98 5023//98 5017//98
f 5023//98 5024//98 5017//98
f 5017//98 5024//98 5018//98
f 5024//98 5025//98 5018//98
f 5018//98 5025//98 5019//98
f 5025//98 5026//98 5019//98
f 5027//1773 5034//1773 5028//1773
f 5034//1774 5035//1774 5028//1774
f 5028//1775 5035//1775 5029//1775
f 5035//1776 5036//1776 5029//1776
f 5029//1777 5036//1777 5030//1777
f 5036//1778 5037//1778 5030//1778
f 5030//1779 5037//1779 5031//1779
f 5037//1780 5038//1780 5031//1780
f 5031//1781 5038//1781 5032//1781
f 5038//1782 5039//1782 5032//1782
f 5032//1783 5039//1783 5033//1783
f 5039//1784 5040//1784 5033//1784
f 5034//1785 5041//1785 5035//1785
f 5041//1786 5042//1786 5035//1786
f 5035//1787 5042//1787 5036//1787
f 5042//1788 5043//1788 5036//1788
f 5036//1789 5043//1789 5037//1789
f 5043//1790 5044//1790 5037//1790
f 5037//1791 5044//1791 5038//1791
f 5044//1792 5045//1792 5038//1792
f 5038//1793 5045//1793 5039//1793
f 5045//1794 5046//1794 5039//1794
f 5039//1795 5046//1795 5040//1795
f 5046//1796 5047//1796 5040//1796
f 5048//1797 5055//1797 5049//1797
f 5055//1798 5056//1798 5049//1798
f 5049//1799 5056//1799 5050//1799
f 5056//1800 5057//1800 5050//1800
f 5050//1801 5057//1801 5051//1801
f 5057//1802 5058//1802 5051//1802
f 5051//1803 5058//1803 5052//1803
f 5058//1804 5059//1804 5052//1804
f 5052//1805 5059//1805 5053//1805
f 5059//1806 5060//1806 5053//1806
f 5053//1807 5060//1807 5054//1807
f 5060//1808 5061//1808 5054//1808
f 5055//1809 5062//1809 5056//1809
f 5062//1810 5063//1810 5056//1810
f 5056//1811 5063//1811 5057//1811
f 5063//1812 5064//1812 5057//1812
f 5057//1813 5064//1813 5058//1813
f 5064//1814 5065//1814 5058//1814
f 5058//1815 5065//1815 5059//1815
f 5065//1816 5066//1816 5059//1816
f 5059//1817 5066//1817 5060//1817
f 5066//1818 5067//1818 5060//1818
f 5060//1819 5067//1819 5061//1819
f 5067//1820 5068//1820 5061//1820
f 5069//1821 5076//1821 5070//1821
f 5076//1822 5077//1822 5070//1822
f 5070//1823 5077//1823 5071//1823
f 5077//1824 5078//1824 5071//1824
f 5071//1825 5078//1825 5072//1825
f 5078//1826 5079//1826 5072//1826
f 5072//1827 5079//1827 5073//1827
f 5079//1828 5080//1828 5073//1828
f 5073//1829 5080//1829 5074//1829
f 5080//1830 5081//1830 5074//1830
f 5074//1831 5081//1831 5075//1831
f 5081//1832 5082//1832 5075//1832
f 5076//1833 5083//1833 5077//1833
f 5083//1834 5084//1834 5077//1834
f 5077//1835 5084//1835 5078//1835
f 5084//1836 5085//1836 5078//1836
f 5078//1837 5085//1837 5079//1837
f 5085//1838 5086//1838 5079//1838
f 5079//1839 5086//1839 5080//1839
f 5086//1840 5087//1840 5080//1840
f 5080//1841 5087//1841 5081//1841
f 5087//1842 5088//1842 5081//1842
f 5081//1843 5088//1843 5082//1843
f 5088//1844 5089//1844 5082//1844
f 5083//1845 5090//1845 5084//1845
f 5090//1846 5091//1846 5084//1846
f 5084//1847 5091//1847 5085//1847
f 5091//1848 5092//1848 5085//1848
f 5085//1849 5092//1849 5086//1849
f 5092//1850 5093//1850 5086//1850
f 5086//1851 5093//1851 5087//1851
f 5093//1852 5094//1852 5087//1852
f 5087//1853 5094//1853 5088//1853
f 5094//1854 5095//1854 5088//1854
f 5088//1855 5095//1855 5089//1855
f 5095//1856 5096//1856 5089//1856
f 5090//1857 5097//1857 5091//1857
f 5097//1858 5098//1858 5091//1858
f 5091//1859 5098//1859 5092//1859
f 5098//1860 5099//1860 5092//1860
f 5092//1861 5099//1861 5093//1861
f 5099//1862 5100//1862 5093//1862
f 5093//1863 5100//1863 5094//1863
f 5100//1864 5101//1864 5094//1864
f 5094//1865 5101//1865 5095//1865
f 5101//1866 5102//1866 5095//1866
f 5095//1867 5102//1867 5096//1867
f 5102//1868 5103//1868 5096//1868
f 5097//1869 5104//1869 5098//1869
f 5104//1870 5105//1870 5098//1870
f 5098//1871 5105//1871 5099//1871
f 5105//1872 5106//1872 5099//1872
f 5099//1873 5106//1873 5100//1873
f 5106//1874 5107//1874 5100//1874
f 5100//1875 5107//1875 5101//1875
f 5107//1876 5108//1876 5101//1876
f 5101//1877 5108//1877 5102//1877
f 5108//1878 5109//1878 5102//1878
f 5102//1879 5109//1879 5103//1879
f 5109//1880 5110//1880 5103//1880
f 5104//1881 5111//1881 5105//1881
f 5111//1882 5112//1882 5105//1882
f 5105//1883 5112//1883 5106//1883
f 5112//1884 5113//1884 5106//1884
f 5106//1885 5113//1885 5107//1885
f 5113//1886 5114//1886 5107//1886
f 5107//1887 5114//1887 5108//1887
f 5114//1888 5115//1888 5108//1888
f 5108//1889 5115//1889 5109//1889
f 5115//1890 5116//1890 5109//1890
f 5109//1891 5116//1891 5110//1891
f 5116//1892 5117//1892 5110//1892
f 5118//1893 5125//1893 5119//1893
f 5125//1894 5126//1894 5119//1894
f 5119//1895 5126//1895 5120//1895
f 5126//1896 5127//1896 5120//1896
f 5120//1897 5127//1897 5121//1897
f 5127//1898 5128//1898 5121//1898
f 5121//1899 5128//1899 5122//1899
f 5128//1900 5129//1900 5122//1900
f 5122//1901 5129//1901 5123//1901
f 5129//1902 5130//1902 5123//1902
f 5123//1903 5130//1903 5124//1903
f 5130//1904 5131//1904 5124//1904
f 5125//1905 5132//1905 5126//1905
f 5132//1906 5133//1906 5126//1906
f 5126//1907 5133//1907 5127//1907
f 5133//1908 5134//1908 5127//1908
f 5127//1909 5134//1909 5128//1909
f 5134//1910 5135//1910 5128//1910
f 5128//1911 5135//1911 5129//1911
f 5135//1912 5136//1912 5129//1912
f 5129//1913 5136//1913 5130//1913
f 5136//1914 5137//1914 5130//1914
f 5130//1915 5137//1915 5131//1915
f 5137//1916 5138//1916 5131//1916
f 5132//1917 5139//1917 5133//1917
f 5139//1918 5140//1918 5133//1918
f 5133//1919 5140//1919 5134//1919
f 5140//1920 5141//1920 5134//1920
f 5134//1921 5141//1921 5135//1921
f 5141//1922 5142//1922 5135//1922
f 5135//1923 5142//1923 5136//1923
f 5142//1924 5143//1924 5136//1924
f 5136//1925 5143//1925 5137//1925
f 5143//1926 5144//1926 5137//1926
f 5137//1927 5144//1927 5138//1927
f 5144//1928 5145//1928 5138//1928
f 5139//1929 5146//1929 5140//1929
f 5146//1930 5147//1930 5140//1930
f 5140//1931 5147//1931 5141//1931
f 5147//1932 5148//1932 5141//1932
f 5141//1933 5148//1933 5142//1933
f 5148//1934 5149//1934 5142//1934
f 5142//1935 5149//1935 5143//1935
f 5149//1936 5150//1936 5143//1936
f 5143//1937 5150//1937 5144//1937
f 5150//1938 5151//1938 5144//1938
f 5144//1939 5151//1939 5145//1939
f 5151//1940 5152//1940 5145//1940
f 5146//1941 5153//1941 5147//1941
f 5153//1942 5154//1942 5147//1942
f 5147//1943 5154//1943 5148//1943
f 5154//1944 5155//1944 5148//1944
f 5148//1945 5155//1945 5149//1945
f 5155//1946 5156//1946 5149//1946
f 5149//1947 5156//1947 5150//1947
f 5156//1948 5157//1948 5150//1948
f 5150//1949 5157//1949 5151//1949
f 5157//1950 5158//1950 5151//1950
f 5151//1951 5158//1951 5152//1951
f 5158//1952 5159//1952 5152//1952
f 5153//1953 5160//1953 5154//1953
f 5160//1954 5161//1954 5154//1954
f 5154//1955 5161//1955 5155//1955
f 5161//1956 5162//1956 5155//1956
f 5155//1957 5162//1957 5156//1957
f 5162//1958 5163//1958 5156//1958
f 5156//1959 5163//1959 5157//1959
f 5163//1960 5164//1960 5157//1960
f 5157//1961 5164//1961 5158//1961
f 5164//1962 5165//1962 5158//1962
f 5158//1963 5165//1963 5159//1963
f 5165//1964 5166//1964 5159//1964
f 5167//97 5174//97 5168//97
f 5174//97 5175//97 5168//97
f 5168//97 5175//97 5169//97
f 5175//97 5176//97 5169//97
f 5169//97 5176//97 5170//97
f 5176//97 5177//97 5170//97
f 5170//97 5177//97 5171//97
f 5177//97 5178//97 5171//97
f 5171//97 5178//97 5172//97
f 5178//97 5179//97 5172//97
f 5172//97 5179//97 5173//97
f 5179//97 5180//97 5173//97
f 5174//97 5181//97 5175//97
f 5181//97 5182//97 5175//97
f 5175//97 5182//97 5176//97
f 5182//97 5183//97 5176//97
f 5176//97 5183//97 5177//97
f 5183//97 5184//97 5177//97
f 5177//97 5184//97 5178//97
f 5184//97 5185//97 5178//97
f 5178//97 5185//97 5179//97
f 5185//97 5186//97 5179//97
f 5179//97 5186//97 5180//97
f 5186//97 5187//97 5180//97
f 5188//98 5195//98 5189//98
f 5195//98 5196//98 5189//98
f 5189//98 5196//98 5190//98
f 5196//98 5197//98 5190//98
f 5190//98 5197//98 5191//98
f 5197//98 5198//98 5191//98
f 5191//98 5198//98 5192//98
f 5198//98 5199//98 5192//98
f 5192//98 5199//98 5193//98
f 5199//98 5200//98 5193//98
f 5193//98 5200//98 5194//98
f 5200//98 5201//98 5194//98
f 5195//98 5202//98 5196//98
f 5202//98 5203//98 5196//98
f 5196//98 5203//98 5197//98
f 5203//98 5204//98 5197//98
f 5197//98 5204//98 5198//98
f 5204//98 5205//98 5198//98
f 5198//98 5205//98 5199//98
f 5205//98 5206//98 5199//98
f 5199//98 5206//98 5200//98
f 5206//98 5207//98 5200//98
f 5200//98 5207//98 5201//98
f 5207//98 5208//98 5201//98
o Shin
usemtl skin_3
f 5209//1965 5216//1965 5210//1965
f 5216//1965 5217//1965 5210//1965
f 5210//1966 5217//1966 5211//1966
f 5217//1966 5218//1966 5211//1966
f 5211//1967 5218//1967 5212//1967
f 5218//1967 5219//1967 5212//1967
f 5212//1968 5219//1968 5213//1968
f 5219//1968 5220//1968 5213//1968
f 5213//1969 5220//1969 5214//1969
f 5220//1969 5221//1969 5214//1969
f 5214//1970 5221//1970 5215//1970
f 5221//1970 5222//1970 5215//1970
f 5216//1971 5223//1971 5217//1971
f 5223//1971 5224//1971 5217//1971
f 5217//1972 5224//1972 5218//1972
f 5224//1972 5225//1972 5218//1972
f 5218//1973 5225//1973 5219//1973
f 5225//1973 5226//1973 5219//1973
f 5219//1974 5226//1974 5220//1974
f 5226//1974 5227//1974 5220//1974
f 5220//1975 5227//1975 5221//1975
f 5227//1975 5228//1975 5221//1975
f 5221//1976 5228//1976 5222//1976
f 5228//1976 5229//1976 5222//1976
f 5230//1977 5237//1977 5231//1977
f 5237//1977 5238//1977 5231//1977
f 5231//1978 5238//1978 5232//1978
f 5238//1978 5239//1978 5232//1978
f 5232//1979 5239//1979 5233//1979
f 5239//1979 5240//1979 5233//1979
f 5233//1980 5240//1980 5234//1980
f 5240//1980 5241//1980 5234//1980
f 5234//1981 5241//1981 5235//1981
f 5241//1981 5242//1981 5235//1981
f 5235//1982 5242//1982 5236//1982
f 5242//1982 5243//1982 5236//1982
f 5237//1983 5244//1983 5238//1983
f 5244//1983 5245//1983 5238//1983
f 5238//1984 5245//1984 5239//1984
f 5245//1984 5246//1984 5239//1984
f 5239//1985 5246//1985 5240//1985
f 5246//1985 5247//1985 5240//1985
f 5240//1986 5247//1986 5241//1986
f 5247//1986 5248//1986 5241//1986
f 5241//1987 5248//1987 5242//1987
f 5248//1987 5249//1987 5242//1987
f 5242//1988 5249//1988 5243//1988
f 5249//1988 5250//1988 5243//1988
f 5251//1989 5258//1989 5252//1989
f 5258//1989 5259//1989 5252//1989
f 5252//1990 5259//1990 5253//1990
f 5259//1990 5260//1990 5253//1990
f 5253//1991 5260//1991 5254//1991
f 5260//1991 5261//1991 5254//1991
f 5254//1992 5261//1992 5255//1992
f 5261//1992 5262//1992 5255//1992
f 5255//1993 5262//1993 5256//1993
f 5262//1993 5263//1993 5256//1993
f 5256//1994 5263//1994 5257//1994
f 5263//1994 5264//1994 5257//1994
f 5258//1995 5265//1995 5259//1995
f 5265//1995 5266//1995 5259//1995
f 5259//1996 5266//1996 5260//1996
f 5266//1997 5267//1997 5260//1997
f 5260//1998 5267//1998 5261//1998
f 5267//1998 5268//1998 5261//1998
f 5261//1999 5268//1999 5262//1999
f 5268//1999 5269//1999 5262//1999
f 5262//2000 5269//2000 5263//2000
f 5269//2001 5270//2001 5263//2001
f 5263//2002 5270//2002 5264//2002
f 5270//2002 5271//2002 5264//2002
f 5265//2003 5272//2003 5266//2003
f 5272//2003 5273//2003 5266//2003
f 5266//2004 5273//2004 5267//2004
f 5273//2004 5274//2004 5267//2004
f 5267//2005 5274//2005 5268//2005
f 5274//2005 5275//2005 5268//2005
f 5268//2006 5275//2006 5269//2006
f 5275//2006 5276//2006 5269//2006
f 5269//2007 5276//2007 5270//2007
f 5276//2007 5277//2007 5270//2007
f 5270//2008 5277//2008 5271//2008
f 5277//2008 5278//2008 5271//2008
f 5272//2009 5279//2009 5273//2009
f 5279//2009 5280//2009 5273//2009
f 5273//2010 5280//2010 5274//2010
f 5280//2010 5281//2010 5274//2010
f 5274//2011 5281//2011 5275//2011
f 5281//2011 5282//2011 5275//2011
f 5275//2012 5282//2012 5276//2012
f 5282//2012 5283//2012 5276//2012
f 5276//2013 5283//2013 5277//2013
f 5283//2013 5284//2013 5277//2013
f 5277//2014 5284//2014 5278//2014
f 5284//2014 5285//2014 5278//2014
f 5279//2015 5286//2015 5280//2015
f 5286//2015 5287//2015 5280//2015
f 5280//2016 5287//2016 5281//2016
f 5287//2017 5288//2017 5281//2017
f 5281//2018 5288//2018 5282//2018
f 5288//2018 5289//2018 5282//2018
f 5282//2019 5289//2019 5283//2019
f 5289//2019 5290//2019 5283//2019
f 5283//2020 5290//2020 5284//2020
f 5290//2021 5291//2021 5284//2021
f 5284//2022 5291//2022 5285//2022
f 5291//2022 5292//2022 5285//2022
f 5286//2023 5293//2023 5287//2023
f 5293//2023 5294//2023 5287//2023
f 5287//2024 5294//2024 5288//2024
f 5294//2024 5295//2024 5288//2024
f 5288//2025 5295//2025 5289//2025
f 5295//2025 5296//2025 5289//2025
f 5289//2026 5296//2026 5290//2026
f 5296//2026 5297//2026 5290//2026
f 5290//2027 5297//2027 5291//2027
f 5297//2027 5298//2027 5291//2027
f 5291//2028 5298//2028 5292//2028
f 5298//2028 5299//2028 5292//2028
f 5300//2029 5307//2029 5301//2029
f 5307//2029 5308//2029 5301//2029
f 5301//2030 5308//2030 5302//2030
f 5308//2030 5309//2030 5302//2030
f 5302//2031 5309//2031 5303//2031
f 5309//2031 5310//2031 5303//2031
f 5303//2032 5310//2032 5304//2032
f 5310//2032 5311//2032 5304//2032
f 5304//2033 5311//2033 5305//2033
f 5311//2033 5312//2033 5305//2033
f 5305//2034 5312//2034 5306//2034
f 5312//2034 5313//2034 5306//2034
f 5307//2035 5314//2035 5308//2035
f 5314//2035 5315//2035 5308//2035
f 5308//2036 5315//2036 5309//2036
f 5315//2037 5316//2037 5309//2037
f 5309//2038 5316//2038 5310//2038
f 5316//2038 5317//2038 5310//2038
f 5310//2039 5317//2039 5311//2039
f 5317//2039 5318//2039 5311//2039
f 5311//2040 5318//2040 5312//2040
f 5318//2041 5319//2041 5312//2041
f 5312//2042 5319//2042 5313//2042
f 5319//2042 5320//2042 5313//2042
f 5314//2043 5321//2043 5315//2043
f 5321//2043 5322//2043 5315//2043
f 5315//2044 5322//2044 5316//2044
f 5322//2044 5323//2044 5316//2044
f 5316//2045 5323//2045 5317//2045
f 5323//2045 5324//2045 5317//2045
f 5317//2046 5324//2046 5318//2046
f 5324//2046 5325//2046 5318//2046
f 5318//2047 5325//2047 5319//2047
f 5325//2047 5326//2047 5319//2047
f 5319//2048 5326//2048 5320//2048
f 5326//2048 5327//2048 5320//2048
f 5321//2049 5328//2049 5322//2049
f 5328//2049 5329//2049 5322//2049
f 5322//2050 5329//2050 5323//2050
f 5329//2050 5330//2050 5323//2050
f 5323//2051 5330//2051 5324//2051
f 5330//2051 5331//2051 5324//2051
f 5324//2052 5331//2052 5325//2052
f 5331//2052 5332//2052 5325//2052
f 5325//2053 5332//2053 5326//2053
f 5332//2053 5333//2053 5326//2053
f 5326//2054 5333//2054 5327//2054
f 5333//2054 5334//2054 5327//2054
f 5328//2055 5335//2055 5329//2055
f 5335//2055 5336//2055 5329//2055
f 5329//2056 5336//2056 5330//2056
f 5336//2057 5337//2057 5330//2057
f 5330//2058 5337//2058 5331//2058
f 5337//2058 5338//2058 5331//2058
f 5331//2059 5338//2059 5332//2059
f 5338//2059 5339//2059 5332//2059
f 5332//2060 5339//2060 5333//2060
f 5339//2061 5340//2061 5333//2061
f 5333//2062 5340//2062 5334//2062
f 5340//2062 5341//2062 5334//2062
f 5335//2063 5342//2063 5336//2063
f 5342//2063 5343//2063 5336//2063
f 5336//2064 5343//2064 5337//2064
f 5343//2064 5344//2064 5337//2064
f 5337//2065 5344//2065 5338//2065
f 5344//2065 5345//2065 5338//2065
f 5338//2066 5345//2066 5339//2066
f 5345//2066 5346//2066 5339//2066
f 5339//2067 5346//2067 5340//2067
f 5346//2067 5347//2067 5340//2067
f 5340//2068 5347//2068 5341//2068
f 5347//2068 5348//2068 5341//2068
f 5349//97 5356//97 5350//97
f 5356//97 5357//97 5350//97
f 5350//97 5357//97 5351//97
f 5357//97 5358//97 5351//97
f 5351//97 5358//97 5352//97
f 5358//97 5359//97 5352//97
f 5352//97 5359//97 5353//97
f 5359//97 5360//97 5353//97
f 5353//97 5360//97 5354//97
f 5360//97 5361//97 5354//97
f 5354//97 5361//97 5355//97
f 5361//97 5362//97 5355//97
f 5356//97 5363//97 5357//97
f 5363//97 5364//97 5357//97
f 5357//97 5364//97 5358//97
f 5364//97 5365//97 5358//97
f 5358//97 5365//97 5359//97
f 5365//97 5366//97 5359//97
f 5359//97 5366//97 5360//97
f 5366//97 5367//97 5360//97
f 5360//97 5367//97 5361//97
f 5367//97 5368//97 5361//97
f 5361//97 5368//97 5362//97
f 5368//97 5369//97 5362//97
f 5370//98 5377//98 5371//98
f 5377//98 5378//98 5371//98
f 5371//98 5378//98 5372//98
f 5378//98 5379//98 5372//98
f 5372//98 5379//98 5373//98
f 5379//98 5380//98 5373//98
f 5373//98 5380//98 5374//98
f 5380//98 5381//98 5374//98
f 5374//98 5381//98 5375//98
f 5381//98 5382//98 5375//98
f 5375//98 5382//98 5376//98
f 5382//98 5383//98 5376//98
f 5377//98 5384//98 5378//98
f 5384//98 5385//98 5378//98
f 5378//98 5385//98 5379//98
f 5385//98 5386//98 5379//98
f 5379//98 5386//98 5380//98
f 5386//98 5387//98 5380//98
f 5380//98 5387//98 5381//98
f 5387//98 5388//98 5381//98
f 5381//98 5388//98 5382//98
f 5388//98 5389//98 5382//98
f 5382//98 5389//98 5383//98
f 5389//98 5390//98 5383//98
f 5391//1965 5398//1965 5392//1965
f 5398//1965 5399//1965 5392//1965
f 5392//1966 5399//1966 5393//1966
f 5399//1966 5400//1966 5393//1966
f 5393//1967 5400//1967 5394//1967
f 5400//1967 5401//1967 5394//1967
f 5394//1968 5401//1968 5395//1968
f 5401//1968 5402//1968 5395//1968
f 5395//1969 5402//1969 5396//1969
f 5402//1969 5403//1969 5396//1969
f 5396//1970 5403//1970 5397//1970
f 5403//1970 5404//1970 5397//1970
f 5398//1971 5405//1971 5399//1971
f 5405//1971 5406//1971 5399//1971
f 5399//1972 5406//1972 5400//1972
f 5406//1972 5407//1972 5400//1972
f 5400//1973 5407//1973 5401//1973
f 5407//1973 5408//1973 5401//1973
f 5401//1974 5408//1974 5402//1974
f 5408//1974 5409//1974 5402//1974
f 5402//1975 5409//1975 5403//1975
f 5409//1975 5410//1975 5403//1975
f 5403//1976 5410//1976 5404//1976
f 5410//1976 5411//1976 5404//1976
f 5412//1977 5419//1977 5413//1977
f 5419//1977 5420//1977 5413//1977
f 5413//1978 5420//1978 5414//1978
f 5420//1978 5421//1978 5414//1978
f 5414//1979 5421//1979 5415//1979
f 5421//1979 5422//1979 5415//1979
f 5415//1980 5422//1980 5416//1980
f 5422//1980 5423//1980 5416//1980
f 5416//1981 5423//1981 5417//1981
f 5423//1981 5424//1981 5417//1981
f 5417//1982 5424//1982 5418//1982
f 5424//1982 5425//1982 5418//1982
f 5419//1983 5426//1983 5420//1983
f 5426//1983 5427//1983 5420//1983
f 5420//1984 5427//1984 5421//1984
f 5427//1984 5428//1984 5421//1984
f 5421//1985 5428//1985 5422//1985
f 5428//1985 5429//1985 5422//1985
f 5422//1986 5429//1986 5423//1986
f 5429//1986 5430//1986 5423//1986
f 5423//1987 5430//1987 5424//1987
f 5430//1987 5431//1987 5424//1987
f 5424//1988 5431//1988 5425//1988
f 5431//1988 5432//1988 5425//1988
f 5433//1989 5440//1989 5434//1989
f 5440//1989 5441//1989 5434//1989
f 5434//1990 5441//1990 5435//1990
f 5441//1990 5442//1990 5435//1990
f 5435//1991 5442//1991 5436//1991
f 5442//1991 5443//1991 5436//1991
f 5436//1992 5443//1992 5437//1992
f 5443//1992 5444//1992 5437//1992
f 5437//1993 5444//1993 5438//1993
f 5444//1993 5445//1993 5438//1993
f 5438//1994 5445//1994 5439//1994
f 5445//1994 5446//1994 5439//1994
f 5440//1995 5447//1995 5441//1995
f 5447//1995 5448//1995 5441//1995
f 5441//1996 5448//1996 5442//1996
f 5448//1997 5449//1997 5442//1997
f 5442//1998 5449//1998 5443//1998
f 5449//1998 5450//1998 5443//1998
f 5443//1999 5450//1999 5444//1999
f 5450//1999 5451//1999 5444//1999
f 5444//2000 5451//2000 5445//2000
f 5451//2001 5452//2001 5445//2001
f 5445//2002 5452//2002 5446//2002
f 5452//2002 5453//2002 5446//2002
f 5447//2003 5454//2003 5448//2003
f 5454//2003 5455//2003 5448//2003
f 5448//2004 5455//2004 5449//2004
f 5455//2004 5456//2004 5449//2004
f 5449//2005 5456//2005 5450//2005
f 5456//2005 5457//2005 5450//2005
f 5450//2006 5457//2006 5451//2006
f 5457//2006 5458//2006 5451//2006
f 5451//2007 5458//2007 5452//2007
f 5458//2007 5459//2007 5452//2007
f 5452//2008 5459//2008 5453//2008
f 5459//2008 5460//2008 5453//2008
f 5454//2009 5461//2009 5455//2009
f 5461//2009 5462//2009 5455//2009
f 5455//2010 5462//2010 5456//2010
f 5462//2010 5463//2010 5456//2010
f 5456//2011 5463//2011 5457//2011
f 5463//2011 5464//2011 5457//2011
f 5457//2012 5464//2012 5458//2012
f 5464//2012 5465//2012 5458//2012
f 5458//2013 5465//2013 5459//2013
f 5465//2013 5466//2013 5459//2013
f 5459//2014 5466//2014 5460//2014
f 5466//2014 5467//2014 5460//2014
f 5461//2015 5468//2015 5462//2015
f 5468//2015 5469//2015 5462//2015
f 5462//2016 5469//2016 5463//2016
f 5469//2017 5470//2017 5463//2017
f 5463//2018 5470//2018 5464//2018
f 5470//2018 5471//2018 5464//2018
f 5464//2019 5471//2019 5465//2019
f 5471//2019 5472//2019 5465//2019
f 5465//2020 5472//2020 5466//2020
f 5472//2021 5473//2021 5466//2021
f 5466//2022 5473//2022 5467//2022
f 5473//2022 5474//2022 5467//2022
f 5468//2023 5475//2023 5469//2023
f 5475//2023 5476//2023 5469//2023
f 5469//2024 5476//2024 5470//2024
f 5476//2024 5477//2024 5470//2024
f 5470//2025 5477//2025 5471//2025
f 5477//2025 5478//2025 5471//2025
f 5471//2026 5478//2026 5472//2026
f 5478//2026 5479//2026 5472//2026
f 5472//2027 5479//2027 5473//2027
f 5479//2027 5480//2027 5473//2027
f 5473//2028 5480//2028 5474//2028
f 5480//2028 5481//2028 5474//2028
f 5482//2029 5489//2029 5483//2029
f 5489//2029 5490//2029 5483//2029
f 5483//2030 5490//2030 5484//2030
f 5490//2030 5491//2030 5484//2030
f 5484//2031 5491//2031 5485//2031
f 5491//2031 5492//2031 5485//2031
f 5485//2032 5492//2032 5486//2032
f 5492//2032 5493//2032 5486//2032
f 5486//2033 5493//2033 5487//2033
f 5493//2033 5494//2033 5487//2033
f 5487//2034 5494//2034 5488//2034
f 5494//2034 5495//2034 5488//2034
f 5489//2035 5496//2035 5490//2035
f 5496//2035 5497//2035 5490//2035
f 5490//2036 5497//2036 5491//2036
f 5497//2037 5498//2037 5491//2037
f 5491//2038 5498//2038 5492//2038
f 5498//2038 5499//2038 5492//2038
f 5492//2039 5499//2039 5493//2039
f 5499//2039 5500//2039 5493//2039
f 5493//2040 5500//2040 5494//2040
f 5500//2041 5501//2041 5494//2041
f 5494//2042 5501//2042 5495//2042
f 5501//2042 5502//2042 5495//2042
f 5496//2043 5503//2043 5497//2043
f 5503//2043 5504//2043 5497//2043
f 5497//2044 5504//2044 5498//2044
f 5504//2044 5505//2044 5498//2044
f 5498//2045 5505//2045 5499//2045
f 5505//2045 5506//2045 5499//2045
f 5499//2046 5506//2046 5500//2046
f 5506//2046 5507//2046 5500//2046
f 5500//2047 5507//2047 5501//2047
f 5507//2047 5508//2047 5501//2047
f 5501//2048 5508//2048 5502//2048
f 5508//2048 5509//2048 5502//2048
f 5503//2049 5510//2049 5504//2049
f 5510//2049 5511//2049 5504//2049
f 5504//2050 5511//2050 5505//2050
f 5511//2050 5512//2050 5505//2050
f 5505//2051 5512//2051 5506//2051
f 5512//2051 5513//2051 5506//2051
f 5506//2052 5513//2052 5507//2052
f 5513//2052 5514//2052 5507//2052
f 5507//2053 5514//2053 5508//2053
f 5514//2053 5515//2053 5508//2053
f 5508//2054 5515//2054 5509//2054
f 5515//2054 5516//2054 5509//2054
f 5510//2055 5517//2055 5511//2055
f 5517//2055 5518//2055 5511//2055
f 5511//2056 5518//2056 5512//2056
f 5518//2057 5519//2057 5512//2057
f 5512//2058 5519//2058 5513//2058
f 5519//2058 5520//2058 5513//2058
f 5513//2059 5520//2059 5514//2059
f 5520//2059 5521//2059 5514//2059
f 5514//2060 5521//2060 5515//2060
f 5521//2061 5522//2061 5515//2061
f 5515//2062 5522//2062 5516//2062
f 5522//2062 5523//2062 5516//2062
f 5517//2063 5524//2063 5518//2063
f 5524//2063 5525//2063 5518//2063
f 5518//2064 5525//2064 5519//2064
f 5525//2064 5526//2064 5519//2064
f 5519//2065 5526//2065 5520//2065
f 5526//2065 5527//2065 5520//2065
f 5520//2066 5527//2066 5521//2066
f 5527//2066 5528//2066 5521//2066
f 5521//2067 5528//2067 5522//2067
f 5528//2067 5529//2067 5522//2067
f 5522//2068 5529//2068 5523//2068
f 5529//2068 5530//2068 5523//2068
f 5531//97 5538//97 5532//97
f 5538//97 5539//97 5532//97
f 5532//97 5539//97 5533//97
f 5539//97 5540//97 5533//97
f 5533//97 5540//97 5534//97
f 5540//97 5541//97 5534//97
f 5534//97 5541//97 5535//97
f 5541//97 5542//97 5535//97
f 5535//97 5542//97 5536//97
f 5542//97 5543//97 5536//97
f 5536//97 5543//97 5537//97
f 5543//97 5544//97 5537//97
f 5538//97 5545//97 5539//97
f 5545//97 5546//97 5539//97
f 5539//97 5546//97 5540//97
f 5546//97 5547//97 5540//97
f 5540//97 5547//97 5541//97
f 5547//97 5548//97 5541//97
f 5541//97 5548//97 5542//97
f 5548//97 5549//97 5542//97
f 5542//97 5549//97 5543//97
f 5549//97 5550//97 5543//97
f 5543//97 5550//97 5544//97
f 5550//97 5551//97 5544//97
f 5552//98 5559//98 5553//98
f 5559//98 5560//98 5553//98
f 5553//98 5560//98 5554//98
f 5560//98 5561//98 5554//98
f 5554//98 5561//98 5555//98
f 5561//98 5562//98 5555//98
f 5555//98 5562//98 5556//98
f 5562//98 5563//98 5556//98
f 5556//98 5563//98 5557//98
f 5563//98 5564//98 5557//98
f 5557//98 5564//98 5558//98
f 5564//98 5565//98 5558//98
f 5559//98 5566//98 5560//98
f 5566//98 5567//98 5560//98
f 5560//98 5567//98 5561//98
f 5567//98 5568//98 5561//98
f 5561//98 5568//98 5562//98
f 5568//98 5569//98 5562//98
f 5562//98 5569//98 5563//98
f 5569//98 5570//98 5563//98
f 5563//98 5570//98 5564//98
f 5570//98 5571//98 5564//98
f 5564//98 5571//98 5565//98
f 5571//98 5572//98 5565//98
o Prehistoric_Male_Boot_1A
usemtl hide_4
f 5573//2069 5580//2069 5574//2069
f 5580//2069 5581//2069 5574//2069
f 5574//2070 5581//2070 5575//2070
f 5581//2070 5582//2070 5575//2070
f 5575//2071 5582//2071 5576//2071
f 5582//2071 5583//2071 5576//2071
f 5576//2072 5583//2072 5577//2072
f 5583//2072 5584//2072 5577//2072
f 5577//2073 5584//2073 5578//2073
f 5584//2073 5585//2073 5578//2073
f 5578//2074 5585//2074 5579//2074
f 5585//2074 5586//2074 5579//2074
f 5580//2075 5587//2075 5581//2075
f 5587//2075 5588//2075 5581//2075
f 5581//2076 5588//2076 5582//2076
f 5588//2076 5589//2076 5582//2076
f 5582//2077 5589//2077 5583//2077
f 5589//2077 5590//2077 5583//2077
f 5583//2078 5590//2078 5584//2078
f 5590//2078 5591//2078 5584//2078
f 5584//2079 5591//2079 5585//2079
f 5591//2079 5592//2079 5585//2079
f 5585//2080 5592//2080 5586//2080
f 5592//2080 5593//2080 5586//2080
f 5587//2081 5594//2081 5588//2081
f 5594//2081 5595//2081 5588//2081
f 5588//2082 5595//2082 5589//2082
f 5595//2082 5596//2082 5589//2082
f 5589//2083 5596//2083 5590//2083
f 5596//2083 5597//2083 5590//2083
f 5590//2084 5597//2084 5591//2084
f 5597//2084 5598//2084 5591//2084
f 5591//2085 5598//2085 5592//2085
f 5598//2085 5599//2085 5592//2085
f 5592//2086 5599//2086 5593//2086
f 5599//2086 5600//2086 5593//2086
f 5594//2087 5601//2087 5595//2087
f 5601//2087 5602//2087 5595//2087
f 5595//2088 5602//2088 5596//2088
f 5602//2088 5603//2088 5596//2088
f 5596//2089 5603//2089 5597//2089
f 5603//2089 5604//2089 5597//2089
f 5597//2090 5604//2090 5598//2090
f 5604//2090 5605//2090 5598//2090
f 5598//2091 5605//2091 5599//2091
f 5605//2091 5606//2091 5599//2091
f 5599//2092 5606//2092 5600//2092
f 5606//2092 5607//2092 5600//2092
f 5601//2093 5608//2093 5602//2093
f 5608//2093 5609//2093 5602//2093
f 5602//2094 5609//2094 5603//2094
f 5609//2094 5610//2094 5603//2094
f 5603//2095 5610//2095 5604//2095
f 5610//2095 5611//2095 5604//2095
f 5604//2096 5611//2096 5605//2096
f 5611//2096 5612//2096 5605//2096
f 5605//2097 5612//2097 5606//2097
f 5612//2097 5613//2097 5606//2097
f 5606//2098 5613//2098 5607//2098
f 5613//2098 5614//2098 5607//2098
f 5608//2099 5615//2099 5609//2099
f 5615//2099 5616//2099 5609//2099
f 5609//2100 5616//2100 5610//2100
f 5616//2100 5617//2100 5610//2100
f 5610//2101 5617//2101 5611//2101
f 5617//2101 5618//2101 5611//2101
f 5611//2102 5618//2102 5612//2102
f 5618//2102 5619//2102 5612//2102
f 5612//2103 5619//2103 5613//2103
f 5619//2103 5620//2103 5613//2103
f 5613//2104 5620//2104 5614//2104
f 5620//2104 5621//2104 5614//2104
f 5622//2105 5629//2105 5623//2105
f 5629//2105 5630//2105 5623//2105
f 5623//2106 5630//2106 5624//2106
f 5630//2106 5631//2106 5624//2106
f 5624//2107 5631//2107 5625//2107
f 5631//2107 5632//2107 5625//2107
f 5625//2108 5632//2108 5626//2108
f 5632//2108 5633//2108 5626//2108
f 5626//2109 5633//2109 5627//2109
f 5633//2109 5634//2109 5627//2109
f 5627//2110 5634//2110 5628//2110
f 5634//2110 5635//2110 5628//2110
f 5629//2111 5636//2111 5630//2111
f 5636//2111 5637//2111 5630//2111
f 5630//2112 5637//2112 5631//2112
f 5637//2112 5638//2112 5631//2112
f 5631//2113 5638//2113 5632//2113
f 5638//2113 5639//2113 5632//2113
f 5632//2114 5639//2114 5633//2114
f 5639//2114 5640//2114 5633//2114
f 5633//2115 5640//2115 5634//2115
f 5640//2115 5641//2115 5634//2115
f 5634//2116 5641//2116 5635//2116
f 5641//2116 5642//2116 5635//2116
f 5636//2117 5643//2117 5637//2117
f 5643//2117 5644//2117 5637//2117
f 5637//2118 5644//2118 5638//2118
f 5644//2118 5645//2118 5638//2118
f 5638//2119 5645//2119 5639//2119
f 5645//2119 5646//2119 5639//2119
f 5639//2120 5646//2120 5640//2120
f 5646//2120 5647//2120 5640//2120
f 5640//2121 5647//2121 5641//2121
f 5647//2121 5648//2121 5641//2121
f 5641//2122 5648//2122 5642//2122
f 5648//2122 5649//2122 5642//2122
f 5643//2123 5650//2123 5644//2123
f 5650//2123 5651//2123 5644//2123
f 5644//2124 5651//2124 5645//2124
f 5651//2124 5652//2124 5645//2124
f 5645//2125 5652//2125 5646//2125
f 5652//2125 5653//2125 5646//2125
f 5646//2126 5653//2126 5647//2126
f 5653//2126 5654//2126 5647//2126
f 5647//2127 5654//2127 5648//2127
f 5654//2127 5655//2127 5648//2127
f 5648//2128 5655//2128 5649//2128
f 5655//2128 5656//2128 5649//2128
f 5650//2129 5657//2129 5651//2129
f 5657//2129 5658//2129 5651//2129
f 5651//2130 5658//2130 5652//2130
f 5658//2130 5659//2130 5652//2130
f 5652//2131 5659//2131 5653//2131
f 5659//2131 5660//2131 5653//2131
f 5653//2132 5660//2132 5654//2132
f 5660//2132 5661//2132 5654//2132
f 5654//2133 5661//2133 5655//2133
f 5661//2133 5662//2133 5655//2133
f 5655//2134 5662//2134 5656//2134
f 5662//2134 5663//2134 5656//2134
f 5657//2135 5664//2135 5658//2135
f 5664//2135 5665//2135 5658//2135
f 5658//2136 5665//2136 5659//2136
f 5665//2136 5666//2136 5659//2136
f 5659//2137 5666//2137 5660//2137
f 5666//2137 5667//2137 5660//2137
f 5660//2138 5667//2138 5661//2138
f 5667//2138 5668//2138 5661//2138
f 5661//2139 5668//2139 5662//2139
f 5668//2139 5669//2139 5662//2139
f 5662//2140 5669//2140 5663//2140
f 5669//2140 5670//2140 5663//2140
f 5671//2141 5678//2141 5672//2141
f 5678//2141 5679//2141 5672//2141
f 5672//2142 5679//2142 5673//2142
f 5679//2142 5680//2142 5673//2142
f 5673//2143 5680//2143 5674//2143
f 5680//2143 5681//2143 5674//2143
f 5674//2144 5681//2144 5675//2144
f 5681//2144 5682//2144 5675//2144
f 5675//2145 5682//2145 5676//2145
f 5682//2145 5683//2145 5676//2145
f 5676//2146 5683//2146 5677//2146
f 5683//2146 5684//2146 5677//2146
f 5678//2147 5685//2147 5679//2147
f 5685//2147 5686//2147 5679//2147
f 5679//2148 5686//2148 5680//2148
f 5686//2148 5687//2148 5680//2148
f 5680//2149 5687//2149 5681//2149
f 5687//2149 5688//2149 5681//2149
f 5681//2150 5688//2150 5682//2150
f 5688//2150 5689//2150 5682//2150
f 5682//2151 5689//2151 5683//2151
f 5689//2151 5690//2151 5683//2151
f 5683//2152 5690//2152 5684//2152
f 5690//2152 5691//2152 5684//2152
f 5685//2153 5692//2153 5686//2153
f 5692//2153 5693//2153 5686//2153
f 5686//2154 5693//2154 5687//2154
f 5693//2154 5694//2154 5687//2154
f 5687//2155 5694//2155 5688//2155
f 5694//2155 5695//2155 5688//2155
f 5688//2156 5695//2156 5689//2156
f 5695//2156 5696//2156 5689//2156
f 5689//2157 5696//2157 5690//2157
f 5696//2157 5697//2157 5690//2157
f 5690//2158 5697//2158 5691//2158
f 5697//2158 5698//2158 5691//2158
f 5692//2159 5699//2159 5693//2159
f 5699//2159 5700//2159 5693//2159
f 5693//2160 5700//2160 5694//2160
f 5700//2160 5701//2160 5694//2160
f 5694//2161 5701//2161 5695//2161
f 5701//2161 5702//2161 5695//2161
f 5695//2162 5702//2162 5696//2162
f 5702//2162 5703//2162 5696//2162
f 5696//2163 5703//2163 5697//2163
f 5703//2163 5704//2163 5697//2163
f 5697//2164 5704//2164 5698//2164
f 5704//2164 5705//2164 5698//2164
f 5699//2165 5706//2165 5700//2165
f 5706//2165 5707//2165 5700//2165
f 5700//2166 5707//2166 5701//2166
f 5707//2166 5708//2166 5701//2166
f 5701//2167 5708//2167 5702//2167
f 5708//2167 5709//2167 5702//2167
f 5702//2168 5709//2168 5703//2168
f 5709//2168 5710//2168 5703//2168
f 5703//2169 5710//2169 5704//2169
f 5710//2169 5711//2169 5704//2169
f 5704//2170 5711//2170 5705//2170
f 5711//2170 5712//2170 5705//2170
f 5706//2171 5713//2171 5707//2171
f 5713//2171 5714//2171 5707//2171
f 5707//2172 5714//2172 5708//2172
f 5714//2172 5715//2172 5708//2172
f 5708//2173 5715//2173 5709//2173
f 5715//2173 5716//2173 5709//2173
f 5709//2174 5716//2174 5710//2174
f 5716//2174 5717//2174 5710//2174
f 5710//2175 5717//2175 5711//2175
f 5717//2175 5718//2175 5711//2175
f 5711//2176 5718//2176 5712//2176
f 5718//2176 5719//2176 5712//2176
f 5720//2177 5727//2177 5721//2177
f 5727//2177 5728//2177 5721//2177
f 5721//2178 5728//2178 5722//2178
f 5728//2178 5729//2178 5722//2178
f 5722//2179 5729//2179 5723//2179
f 5729//2179 5730//2179 5723//2179
f 5723//2180 5730//2180 5724//2180
f 5730//2180 5731//2180 5724//2180
f 5724//2181 5731//2181 5725//2181
f 5731//2181 5732//2181 5725//2181
f 5725//2182 5732//2182 5726//2182
f 5732//2182 5733//2182 5726//2182
f 5727//2183 5734//2183 5728//2183
f 5734//2183 5735//2183 5728//2183
f 5728//2184 5735//2184 5729//2184
f 5735//2184 5736//2184 5729//2184
f 5729//2185 5736//2185 5730//2185
f 5736//2185 5737//2185 5730//2185
f 5730//2186 5737//2186 5731//2186
f 5737//2186 5738//2186 5731//2186
f 5731//2187 5738//2187 5732//2187
f 5738//2187 5739//2187 5732//2187
f 5732//2188 5739//2188 5733//2188
f 5739//2188 5740//2188 5733//2188
f 5734//2189 5741//2189 5735//2189
f 5741//2189 5742//2189 5735//2189
f 5735//2190 5742//2190 5736//2190
f 5742//2190 5743//2190 5736//2190
f 5736//2191 5743//2191 5737//2191
f 5743//2191 5744//2191 5737//2191
f 5737//2192 5744//2192 5738//2192
f 5744//2192 5745//2192 5738//2192
f 5738//2193 5745//2193 5739//2193
f 5745//2193 5746//2193 5739//2193
f 5739//2194 5746//2194 5740//2194
f 5746//2194 5747//2194 5740//2194
f 5741//2195 5748//2195 5742//2195
f 5748//2195 5749//2195 5742//2195
f 5742//2196 5749//2196 5743//2196
f 5749//2196 5750//2196 5743//2196
f 5743//2197 5750//2197 5744//2197
f 5750//2197 5751//2197 5744//2197
f 5744//2198 5751//2198 5745//2198
f 5751//2198 5752//2198 5745//2198
f 5745//2199 5752//2199 5746//2199
f 5752//2199 5753//2199 5746//2199
f 5746//2200 5753//2200 5747//2200
f 5753//2200 5754//2200 5747//2200
f 5748//2201 5755//2201 5749//2201
f 5755//2201 5756//2201 5749//2201
f 5749//2202 5756//2202 5750//2202
f 5756//2202 5757//2202 5750//2202
f 5750//2203 5757//2203 5751//2203
f 5757//2203 5758//2203 5751//2203
f 5751//2204 5758//2204 5752//2204
f 5758//2204 5759//2204 5752//2204
f 5752//2205 5759//2205 5753//2205
f 5759//2205 5760//2205 5753//2205
f 5753//2206 5760//2206 5754//2206
f 5760//2206 5761//2206 5754//2206
f 5755//2207 5762//2207 5756//2207
f 5762//2207 5763//2207 5756//2207
f 5756//2208 5763//2208 5757//2208
f 5763//2208 5764//2208 5757//2208
f 5757//2209 5764//2209 5758//2209
f 5764//2209 5765//2209 5758//2209
f 5758//2210 5765//2210 5759//2210
f 5765//2210 5766//2210 5759//2210
f 5759//2211 5766//2211 5760//2211
f 5766//2211 5767//2211 5760//2211
f 5760//2212 5767//2212 5761//2212
f 5767//2212 5768//2212 5761//2212
f 5769//97 5776//97 5770//97
f 5776//97 5777//97 5770//97
f 5770//97 5777//97 5771//97
f 5777//97 5778//97 5771//97
f 5771//97 5778//97 5772//97
f 5778//97 5779//97 5772//97
f 5772//97 5779//97 5773//97
f 5779//97 5780//97 5773//97
f 5773//97 5780//97 5774//97
f 5780//97 5781//97 5774//97
f 5774//97 5781//97 5775//97
f 5781//97 5782//97 5775//97
f 5776//97 5783//97 5777//97
f 5783//97 5784//97 5777//97
f 5777//97 5784//97 5778//97
f 5784//97 5785//97 5778//97
f 5778//97 5785//97 5779//97
f 5785//97 5786//97 5779//97
f 5779//97 5786//97 5780//97
f 5786//97 5787//97 5780//97
f 5780//97 5787//97 5781//97
f 5787//97 5788//97 5781//97
f 5781//97 5788//97 5782//97
f 5788//97 5789//97 5782//97
f 5783//97 5790//97 5784//97
f 5790//97 5791//97 5784//97
f 5784//97 5791//97 5785//97
f 5791//97 5792//97 5785//97
f 5785//97 5792//97 5786//97
f 5792//97 5793//97 5786//97
f 5786//97 5793//97 5787//97
f 5793//97 5794//97 5787//97
f 5787//97 5794//97 5788//97
f 5794//97 5795//97 5788//97
f 5788//97 5795//97 5789//97
f 5795//97 5796//97 5789//97
f 5790//97 5797//97 5791//97
f 5797//97 5798//97 5791//97
f 5791//97 5798//97 5792//97
f 5798//97 5799//97 5792//97
f 5792//97 5799//97 5793//97
f 5799//97 5800//97 5793//97
f 5793//97 5800//97 5794//97
f 5800//97 5801//97 5794//97
f 5794//97 5801//97 5795//97
f 5801//97 5802//97 5795//97
f 5795//97 5802//97 5796//97
f 5802//97 5803//97 5796//97
f 5797//97 5804//97 5798//97
f 5804//97 5805//97 5798//97
f 5798//97 5805//97 5799//97
f 5805//97 5806//97 5799//97
f 5799//97 5806//97 5800//97
f 5806//97 5807//97 5800//97
f 5800//97 5807//97 5801//97
f 5807//97 5808//97 5801//97
f 5801//97 5808//97 5802//97
f 5808//97 5809//97 5802//97
f 5802//97 5809//97 5803//97
f 5809//97 5810//97 5803//97
f 5804//97 5811//97 5805//97
f 5811//97 5812//97 5805//97
f 5805//97 5812//97 5806//97
f 5812//97 5813//97 5806//97
f 5806//97 5813//97 5807//97
f 5813//97 5814//97 5807//97
f 5807//97 5814//97 5808//97
f 5814//97 5815//97 5808//97
f 5808//97 5815//97 5809//97
f 5815//97 5816//97 5809//97
f 5809//97 5816//97 5810//97
f 5816//97 5817//97 5810//97
f 5818//98 5825//98 5819//98
f 5825//98 5826//98 5819//98
f 5819//98 5826//98 5820//98
f 5826//98 5827//98 5820//98
f 5820//98 5827//98 5821//98
f 5827//98 5828//98 5821//98
f 5821//98 5828//98 5822//98
f 5828//98 5829//98 5822//98
f 5822//98 5829//98 5823//98
f 5829//98 5830//98 5823//98
f 5823//98 5830//98 5824//98
f 5830//98 5831//98 5824//98
f 5825//98 5832//98 5826//98
f 5832//98 5833//98 5826//98
f 5826//98 5833//98 5827//98
f 5833//98 5834//98 5827//98
f 5827//98 5834//98 5828//98
f 5834//98 5835//98 5828//98
f 5828//98 5835//98 5829//98
f 5835//98 5836//98 5829//98
f 5829//98 5836//98 5830//98
f 5836//98 5837//98 5830//98
f 5830//98 5837//98 5831//98
f 5837//98 5838//98 5831//98
f 5832//98 5839//98 5833//98
f 5839//98 5840//98 5833//98
f 5833//98 5840//98 5834//98
f 5840//98 5841//98 5834//98
f 5834//98 5841//98 5835//98
f 5841//98 5842//98 5835//98
f 5835//98 5842//98 5836//98
f 5842//98 5843//98 5836//98
f 5836//98 5843//98 5837//98
f 5843//98 5844//98 5837//98
f 5837//98 5844//98 5838//98
f 5844//98 5845//98 5838//98
f 5839//98 5846//98 5840//98
f 5846//98 5847//98 5840//98
f 5840//98 5847//98 5841//98
f 5847//98 5848//98 5841//98
f 5841//98 5848//98 5842//98
f 5848//98 5849//98 5842//98
f 5842//98 5849//98 5843//98
f 5849//98 5850//98 5843//98
f 5843//98 5850//98 5844//98
f 5850//98 5851//98 5844//98
f 5844//98 5851//98 5845//98
f 5851//98 5852//98 5845//98
f 5846//98 5853//98 5847//98
f 5853//98 5854//98 5847//98
f 5847//98 5854//98 5848//98
f 5854//98 5855//98 5848//98
f 5848//98 5855//98 5849//98
f 5855//98 5856//98 5849//98
f 5849//98 5856//98 5850//98
f 5856//98 5857//98 5850//98
f 5850//98 5857//98 5851//98
f 5857//98 5858//98 5851//98
f 5851//98 5858//98 5852//98
f 5858//98 5859//98 5852//98
f 5853//98 5860//98 5854//98
f 5860//98 5861//98 5854//98
f 5854//98 5861//98 5855//98
f 5861//98 5862//98 5855//98
f 5855//98 5862//98 5856//98
f 5862//98 5863//98 5856//98
f 5856//98 5863//98 5857//98
f 5863//98 5864//98 5857//98
f 5857//98 5864//98 5858//98
f 5864//98 5865//98 5858//98
f 5858//98 5865//98 5859//98
f 5865//98 5866//98 5859//98
f 5867//2069 5874//2069 5868//2069
f 5874//2069 5875//2069 5868//2069
f 5868//2070 5875//2070 5869//2070
f 5875//2070 5876//2070 5869//2070
f 5869//2071 5876//2071 5870//2071
f 5876//2071 5877//2071 5870//2071
f 5870//2072 5877//2072 5871//2072
f 5877//2072 5878//2072 5871//2072
f 5871//2073 5878//2073 5872//2073
f 5878//2073 5879//2073 5872//2073
f 5872//2074 5879//2074 5873//2074
f 5879//2074 5880//2074 5873//2074
f 5874//2075 5881//2075 5875//2075
f 5881//2075 5882//2075 5875//2075
f 5875//2076 5882//2076 5876//2076
f 5882//2076 5883//2076 5876//2076
f 5876//2077 5883//2077 5877//2077
f 5883//2077 5884//2077 5877//2077
f 5877//2078 5884//2078 5878//2078
f 5884//2078 5885//2078 5878//2078
f 5878//2079 5885//2079 5879//2079
f 5885//2079 5886//2079 5879//2079
f 5879//2080 5886//2080 5880//2080
f 5886//2080 5887//2080 5880//2080
f 5881//2081 5888//2081 5882//2081
f 5888//2081 5889//2081 5882//2081
f 5882//2082 5889//2082 5883//2082
f 5889//2082 5890//2082 5883//2082
f 5883//2083 5890//2083 5884//2083
f 5890//2083 5891//2083 5884//2083
f 5884//2084 5891//2084 5885//2084
f 5891//2084 5892//2084 5885//2084
f 5885//2085 5892//2085 5886//2085
f 5892//2085 5893//2085 5886//2085
f 5886//2086 5893//2086 5887//2086
f 5893//2086 5894//2086 5887//2086
f 5888//2087 5895//2087 5889//2087
f 5895//2087 5896//2087 5889//2087
f 5889//2088 5896//2088 5890//2088
f 5896//2088 5897//2088 5890//2088
f 5890//2089 5897//2089 5891//2089
f 5897//2089 5898//2089 5891//2089
f 5891//2090 5898//2090 5892//2090
f 5898//2090 5899//2090 5892//2090
f 5892//2091 5899//2091 5893//2091
f 5899//2091 5900//2091 5893//2091
f 5893//2092 5900//2092 5894//2092
f 5900//2092 5901//2092 5894//2092
f 5895//2093 5902//2093 5896//2093
f 5902//2093 5903//2093 5896//2093
f 5896//2094 5903//2094 5897//2094
f 5903//2094 5904//2094 5897//2094
f 5897//2095 5904//2095 5898//2095
f 5904//2095 5905//2095 5898//2095
f 5898//2096 5905//2096 5899//2096
f 5905//2096 5906//2096 5899//2096
f 5899//2097 5906//2097 5900//2097
f 5906//2097 5907//2097 5900//2097
f 5900//2098 5907//2098 5901//2098
f 5907//2098 5908//2098 5901//2098
f 5902//2099 5909//2099 5903//2099
f 5909//2099 5910//2099 5903//2099
f 5903//2100 5910//2100 5904//2100
f 5910//2100 5911//2100 5904//2100
f 5904//2101 5911//2101 5905//2101
f 5911//2101 5912//2101 5905//2101
f 5905//2102 5912//2102 5906//2102
f 5912//2102 5913//2102 5906//2102
f 5906//2103 5913//2103 5907//2103
f 5913//2103 5914//2103 5907//2103
f 5907//2104 5914//2104 5908//2104
f 5914//2104 5915//2104 5908//2104
f 5916//2105 5923//2105 5917//2105
f 5923//2105 5924//2105 5917//2105
f 5917//2106 5924//2106 5918//2106
f 5924//2106 5925//2106 5918//2106
f 5918//2107 5925//2107 5919//2107
f 5925//2107 5926//2107 5919//2107
f 5919//2108 5926//2108 5920//2108
f 5926//2108 5927//2108 5920//2108
f 5920//2109 5927//2109 5921//2109
f 5927//2109 5928//2109 5921//2109
f 5921//2110 5928//2110 5922//2110
f 5928//2110 5929//2110 5922//2110
f 5923//2111 5930//2111 5924//2111
f 5930//2111 5931//2111 5924//2111
f 5924//2112 5931//2112 5925//2112
f 5931//2112 5932//2112 5925//2112
f 5925//2113 5932//2113 5926//2113
f 5932//2113 5933//2113 5926//2113
f 5926//2114 5933//2114 5927//2114
f 5933//2114 5934//2114 5927//2114
f 5927//2115 5934//2115 5928//2115
f 5934//2115 5935//2115 5928//2115
f 5928//2116 5935//2116 5929//2116
f 5935//2116 5936//2116 5929//2116
f 5930//2117 5937//2117 5931//2117
f 5937//2117 5938//2117 5931//2117
f 5931//2118 5938//2118 5932//2118
f 5938//2118 5939//2118 5932//2118
f 5932//2119 5939//2119 5933//2119
f 5939//2119 5940//2119 5933//2119
f 5933//2120 5940//2120 5934//2120
f 5940//2120 5941//2120 5934//2120
f 5934//2121 5941//2121 5935//2121
f 5941//2121 5942//2121 5935//2121
f 5935//2122 5942//2122 5936//2122
f 5942//2122 5943//2122 5936//2122
f 5937//2123 5944//2123 5938//2123
f 5944//2123 5945//2123 5938//2123
f 5938//2124 5945//2124 5939//2124
f 5945//2124 5946//2124 5939//2124
f 5939//2125 5946//2125 5940//2125
f 5946//2125 5947//2125 5940//2125
f 5940//2126 5947//2126 5941//2126
f 5947//2126 5948//2126 5941//2126
f 5941//2127 5948//2127 5942//2127
f 5948//2127 5949//2127 5942//2127
f 5942//2128 5949//2128 5943//2128
f 5949//2128 5950//2128 5943//2128
f 5944//2129 5951//2129 5945//2129
f 5951//2129 5952//2129 5945//2129
f 5945//2130 5952//2130 5946//2130
f 5952//2130 5953//2130 5946//2130
f 5946//2131 5953//2131 5947//2131
f 5953//2131 5954//2131 5947//2131
f 5947//2132 5954//2132 5948//2132
f 5954//2132 5955//2132 5948//2132
f 5948//2133 5955//2133 5949//2133
f 5955//2133 5956//2133 5949//2133
f 5949//2134 5956//2134 5950//2134
f 5956//2134 5957//2134 5950//2134
f 5951//2135 5958//2135 5952//2135
f 5958//2135 5959//2135 5952//2135
f 5952//2136 5959//2136 5953//2136
f 5959//2136 5960//2136 5953//2136
f 5953//2137 5960//2137 5954//2137
f 5960//2137 5961//2137 5954//2137
f 5954//2138 5961//2138 5955//2138
f 5961//2138 5962//2138 5955//2138
f 5955//2139 5962//2139 5956//2139
f 5962//2139 5963//2139 5956//2139
f 5956//2140 5963//2140 5957//2140
f 5963//2140 5964//2140 5957//2140
f 5965//2141 5972//2141 5966//2141
f 5972//2141 5973//2141 5966//2141
f 5966//2142 5973//2142 5967//2142
f 5973//2142 5974//2142 5967//2142
f 5967//2143 5974//2143 5968//2143
f 5974//2143 5975//2143 5968//2143
f 5968//2144 5975//2144 5969//2144
f 5975//2144 5976//2144 5969//2144
f 5969//2145 5976//2145 5970//2145
f 5976//2145 5977//2145 5970//2145
f 5970//2146 5977//2146 5971//2146
f 5977//2146 5978//2146 5971//2146
f 5972//2147 5979//2147 5973//2147
f 5979//2147 5980//2147 5973//2147
f 5973//2148 5980//2148 5974//2148
f 5980//2148 5981//2148 5974//2148
f 5974//2149 5981//2149 5975//2149
f 5981//2149 5982//2149 5975//2149
f 5975//2150 5982//2150 5976//2150
f 5982//2150 5983//2150 5976//2150
f 5976//2151 5983//2151 5977//2151
f 5983//2151 5984//2151 5977//2151
f 5977//2152 5984//2152 5978//2152
f 5984//2152 5985//2152 5978//2152
f 5979//2153 5986//2153 5980//2153
f 5986//2153 5987//2153 5980//2153
f 5980//2154 5987//2154 5981//2154
f 5987//2154 5988//2154 5981//2154
f 5981//2155 5988//2155 5982//2155
f 5988//2155 5989//2155 5982//2155
f 5982//2156 5989//2156 5983//2156
f 5989//2156 5990//2156 5983//2156
f 5983//2157 5990//2157 5984//2157
f 5990//2157 5991//2157 5984//2157
f 5984//2158 5991//2158 5985//2158
f 5991//2158 5992//2158 5985//2158
f 5986//2159 5993//2159 5987//2159
f 5993//2159 5994//2159 5987//2159
f 5987//2160 5994//2160 5988//2160
f 5994//2160 5995//2160 5988//2160
f 5988//2161 5995//2161 5989//2161
f 5995//2161 5996//2161 5989//2161
f 5989//2162 5996//2162 5990//2162
f 5996//2162 5997//2162 5990//2162
f 5990//2163 5997//2163 5991//2163
f 5997//2163 5998//2163 5991//2163
f 5991//2164 5998//2164 5992//2164
f 5998//2164 5999//2164 5992//2164
f 5993//2165 6000//2165 5994//2165
f 6000//2165 6001//2165 5994//2165
f 5994//2166 6001//2166 5995//2166
f 6001//2166 6002//2166 5995//2166
f 5995//2167 6002//2167 5996//2167
f 6002//2167 6003//2167 5996//2167
f 5996//2168 6003//2168 5997//2168
f 6003//2168 6004//2168 5997//2168
f 5997//2169 6004//2169 5998//2169
f 6004//2169 6005//2169 5998//2169
f 5998//2170 6005//2170 5999//2170
f 6005//2170 6006//2170 5999//2170
f 6000//2171 6007//2171 6001//2171
f 6007//2171 6008//2171 6001//2171
f 6001//2172 6008//2172 6002//2172
f 6008//2172 6009//2172 6002//2172
f 6002//2173 6009//2173 6003//2173
f 6009//2173 6010//2173 6003//2173
f 6003//2174 6010//2174 6004//2174
f 6010//2174 6011//2174 6004//2174
f 6004//2175 6011//2175 6005//2175
f 6011//2175 6012//2175 6005//2175
f 6005//2176 6012//2176 6006//2176
f 6012//2176 6013//2176 6006//2176
f 6014//2177 6021//2177 6015//2177
f 6021//2177 6022//2177 6015//2177
f 6015//2178 6022//2178 6016//2178
f 6022//2178 6023//2178 6016//2178
f 6016//2179 6023//2179 6017//2179
f 6023//2179 6024//2179 6017//2179
f 6017//2180 6024//2180 6018//2180
f 6024//2180 6025//2180 6018//2180
f 6018//2181 6025//2181 6019//2181
f 6025//2181 6026//2181 6019//2181
f 6019//2182 6026//2182 6020//2182
f 6026//2182 6027//2182 6020//2182
f 6021//2183 6028//2183 6022//2183
f 6028//2183 6029//2183 6022//2183
f 6022//2184 6029//2184 6023//2184
f 6029//2184 6030//2184 6023//2184
f 6023//2185 6030//2185 6024//2185
f 6030//2185 6031//2185 6024//2185
f 6024//2186 6031//2186 6025//2186
f 6031//2186 6032//2186 6025//2186
f 6025//2187 6032//2187 6026//2187
f 6032//2187 6033//2187 6026//2187
f 6026//2188 6033//2188 6027//2188
f 6033//2188 6034//2188 6027//2188
f 6028//2189 6035//2189 6029//2189
f 6035//2189 6036//2189 6029//2189
f 6029//2190 6036//2190 6030//2190
f 6036//2190 6037//2190 6030//2190
f 6030//2191 6037//2191 6031//2191
f 6037//2191 6038//2191 6031//2191
f 6031//2192 6038//2192 6032//2192
f 6038//2192 6039//2192 6032//2192
f 6032//2193 6039//2193 6033//2193
f 6039//2193 6040//2193 6033//2193
f 6033//2194 6040//2194 6034//2194
f 6040//2194 6041//2194 6034//2194
f 6035//2195 6042//2195 6036//2195
f 6042//2195 6043//2195 6036//2195
f 6036//2196 6043//2196 6037//2196
f 6043//2196 6044//2196 6037//2196
f 6037//2197 6044//2197 6038//2197
f 6044//2197 6045//2197 6038//2197
f 6038//2198 6045//2198 6039//2198
f 6045//2198 6046//2198 6039//2198
f 6039//2199 6046//2199 6040//2199
f 6046//2199 6047//2199 6040//2199
f 6040//2200 6047//2200 6041//2200
f 6047//2200 6048//2200 6041//2200
f 6042//2201 6049//2201 6043//2201
f 6049//2201 6050//2201 6043//2201
f 6043//2202 6050//2202 6044//2202
f 6050//2202 6051//2202 6044//2202
f 6044//2203 6051//2203 6045//2203
f 6051//2203 6052//2203 6045//2203
f 6045//2204 6052//2204 6046//2204
f 6052//2204 6053//2204 6046//2204
f 6046//2205 6053//2205 6047//2205
f 6053//2205 6054//2205 6047//2205
f 6047//2206 6054//2206 6048//2206
f 6054//2206 6055//2206 6048//2206
f 6049//2207 6056//2207 6050//2207
f 6056//2207 6057//2207 6050//2207
f 6050//2208 6057//2208 6051//2208
f 6057//2208 6058//2208 6051//2208
f 6051//2209 6058//2209 6052//2209
f 6058//2209 6059//2209 6052//2209
f 6052//2210 6059//2210 6053//2210
f 6059//2210 6060//2210 6053//2210
f 6053//2211 6060//2211 6054//2211
f 6060//2211 6061//2211 6054//2211
f 6054//2212 6061//2212 6055//2212
f 6061//2212 6062//2212 6055//2212
f 6063//97 6070//97 6064//97
f 6070//97 6071//97 6064//97
f 6064//97 6071//97 6065//97
f 6071//97 6072//97 6065//97
f 6065//97 6072//97 6066//97
f 6072//97 6073//97 6066//97
f 6066//97 6073//97 6067//97
f 6073//97 6074//97 6067//97
f 6067//97 6074//97 6068//97
f 6074//97 6075//97 6068//97
f 6068//97 6075//97 6069//97
f 6075//97 6076//97 6069//97
f 6070//97 6077//97 6071//97
f 6077//97 6078//97 6071//97
f 6071//97 6078//97 6072//97
f 6078//97 6079//97 6072//97
f 6072//97 6079//97 6073//97
f 6079//97 6080//97 6073//97
f 6073//97 6080//97 6074//97
f 6080//97 6081//97 6074//97
f 6074//97 6081//97 6075//97
f 6081//97 6082//97 6075//97
f 6075//97 6082//97 6076//97
f 6082//97 6083//97 6076//97
f 6077//97 6084//97 6078//97
f 6084//97 6085//97 6078//97
f 6078//97 6085//97 6079//97
f 6085//97 6086//97 6079//97
f 6079//97 6086//97 6080//97
f 6086//97 6087//97 6080//97
f 6080//97 6087//97 6081//97
f 6087//97 6088//97 6081//97
f 6081//97 6088//97 6082//97
f 6088//97 6089//97 6082//97
f 6082//97 6089//97 6083//97
f 6089//97 6090//97 6083//97
f 6084//97 6091//97 6085//97
f 6091//97 6092//97 6085//97
f 6085//97 6092//97 6086//97
f 6092//97 6093//97 6086//97
f 6086//97 6093//97 6087//97
f 6093//97 6094//97 6087//97
f 6087//97 6094//97 6088//97
f 6094//97 6095//97 6088//97
f 6088//97 6095//97 6089//97
f 6095//97 6096//97 6089//97
f 6089//97 6096//97 6090//97
f 6096//97 6097//97 6090//97
f 6091//97 6098//97 6092//97
f 6098//97 6099//97 6092//97
f 6092//97 6099//97 6093//97
f 6099//97 6100//97 6093//97
f 6093//97 6100//97 6094//97
f 6100//97 6101//97 6094//97
f 6094//97 6101//97 6095//97
f 6101//97 6102//97 6095//97
f 6095//97 6102//97 6096//97
f 6102//97 6103//97 6096//97
f 6096//97 6103//97 6097//97
f 6103//97 6104//97 6097//97
f 6098//97 6105//97 6099//97
f 6105//97 6106//97 6099//97
f 6099//97 6106//97 6100//97
f 6106//97 6107//97 6100//97
f 6100//97 6107//97 6101//97
f 6107//97 6108//97 6101//97
f 6101//97 6108//97 6102//97
f 6108//97 6109//97 6102//97
f 6102//97 6109//97 6103//97
f 6109//97 6110//97 6103//97
f 6103//97 6110//97 6104//97
f 6110//97 6111//97 6104//97
f 6112//98 6119//98 6113//98
f 6119//98 6120//98 6113//98
f 6113//98 6120//98 6114//98
f 6120//98 6121//98 6114//98
f 6114//98 6121//98 6115//98
f 6121//98 6122//98 6115//98
f 6115//98 6122//98 6116//98
f 6122//98 6123//98 6116//98
f 6116//98 6123//98 6117//98
f 6123//98 6124//98 6117//98
f 6117//98 6124//98 6118//98
f 6124//98 6125//98 6118//98
f 6119//98 6126//98 6120//98
f 6126//98 6127//98 6120//98
f 6120//98 6127//98 6121//98
f 6127//98 6128//98 6121//98
f 6121//98 6128//98 6122//98
f 6128//98 6129//98 6122//98
f 6122//98 6129//98 6123//98
f 6129//98 6130//98 6123//98
f 6123//98 6130//98 6124//98
f 6130//98 6131//98 6124//98
f 6124//98 6131//98 6125//98
f 6131//98 6132//98 6125//98
f 6126//98 6133//98 6127//98
f 6133//98 6134//98 6127//98
f 6127//98 6134//98 6128//98
f 6134//98 6135//98 6128//98
f 6128//98 6135//98 6129//98
f 6135//98 6136//98 6129//98
f 6129//98 6136//98 6130//98
f 6136//98 6137//98 6130//98
f 6130//98 6137//98 6131//98
f 6137//98 6138//98 6131//98
f 6131//98 6138//98 6132//98
f 6138//98 6139//98 6132//98
f 6133//98 6140//98 6134//98
f 6140//98 6141//98 6134//98
f 6134//98 6141//98 6135//98
f 6141//98 6142//98 6135//98
f 6135//98 6142//98 6136//98
f 6142//98 6143//98 6136//98
f 6136//98 6143//98 6137//98
f 6143//98 6144//98 6137//98
f 6137//98 6144//98 6138//98
f 6144//98 6145//98 6138//98
f 6138//98 6145//98 6139//98
f 6145//98 6146//98 6139//98
f 6140//98 6147//98 6141//98
f 6147//98 6148//98 6141//98
f 6141//98 6148//98 6142//98
f 6148//98 6149//98 6142//98
f 6142//98 6149//98 6143//98
f 6149//98 6150//98 6143//98
f 6143//98 6150//98 6144//98
f 6150//98 6151//98 6144//98
f 6144//98 6151//98 6145//98
f 6151//98 6152//98 6145//98
f 6145//98 6152//98 6146//98
f 6152//98 6153//98 6146//98
f 6147//98 6154//98 6148//98
f 6154//98 6155//98 6148//98
f 6148//98 6155//98 6149//98
f 6155//98 6156//98 6149//98
f 6149//98 6156//98 6150//98
f 6156//98 6157//98 6150//98
f 6150//98 6157//98 6151//98
f 6157//98 6158//98 6151//98
f 6151//98 6158//98 6152//98
f 6158//98 6159//98 6152//98
f 6152//98 6159//98 6153//98
f 6159//98 6160//98 6153//98
o Toes
usemtl hide_5
f 6161//2213 6168//2213 6162//2213
f 6168//2213 6169//2213 6162//2213
f 6162//2214 6169//2214 6163//2214
f 6169//2214 6170//2214 6163//2214
f 6163//2215 6170//2215 6164//2215
f 6170//2215 6171//2215 6164//2215
f 6164//2216 6171//2216 6165//2216
f 6171//2216 6172//2216 6165//2216
f 6165//2217 6172//2217 6166//2217
f 6172//2217 6173//2217 6166//2217
f 6166//2218 6173//2218 6167//2218
f 6173//2218 6174//2218 6167//2218
f 6168//2219 6175//2219 6169//2219
f 6175//2219 6176//2219 6169//2219
f 6169//2220 6176//2220 6170//2220
f 6176//2220 6177//2220 6170//2220
f 6170//2221 6177//2221 6171//2221
f 6177//2222 6178//2222 6171//2222
f 6171//2223 6178//2223 6172//2223
f 6178//2224 6179//2224 6172//2224
f 6172//2225 6179//2225 6173//2225
f 6179//2225 6180//2225 6173//2225
f 6173//2226 6180//2226 6174//2226
f 6180//2226 6181//2226 6174//2226
f 6175//2227 6182//2227 6176//2227
f 6182//2227 6183//2227 6176//2227
f 6176//2228 6183//2228 6177//2228
f 6183//2228 6184//2228 6177//2228
f 6177//2229 6184//2229 6178//2229
f 6184//2229 6185//2229 6178//2229
f 6178//2230 6185//2230 6179//2230
f 6185//2230 6186//2230 6179//2230
f 6179//2231 6186//2231 6180//2231
f 6186//2231 6187//2231 6180//2231
f 6180//2232 6187//2232 6181//2232
f 6187//2232 6188//2232 6181//2232
f 6182//2233 6189//2233 6183//2233
f 6189//2233 6190//2233 6183//2233
f 6183//2234 6190//2234 6184//2234
f 6190//2234 6191//2234 6184//2234
f 6184//2235 6191//2235 6185//2235
f 6191//2235 6192//2235 6185//2235
f 6185//2236 6192//2236 6186//2236
f 6192//2236 6193//2236 6186//2236
f 6186//2237 6193//2237 6187//2237
f 6193//2237 6194//2237 6187//2237
f 6187//2238 6194//2238 6188//2238
f 6194//2238 6195//2238 6188//2238
f 6189//2239 6196//2239 6190//2239
f 6196//2239 6197//2239 6190//2239
f 6190//2240 6197//2240 6191//2240
f 6197//2240 6198//2240 6191//2240
f 6191//2241 6198//2241 6192//2241
f 6198//2242 6199//2242 6192//2242
f 6192//2243 6199//2243 6193//2243
f 6199//2244 6200//2244 6193//2244
f 6193//2245 6200//2245 6194//2245
f 6200//2245 6201//2245 6194//2245
f 6194//2246 6201//2246 6195//2246
f 6201//2246 6202//2246 6195//2246
f 6196//2247 6203//2247 6197//2247
f 6203//2247 6204//2247 6197//2247
f 6197//2248 6204//2248 6198//2248
f 6204//2248 6205//2248 6198//2248
f 6198//2249 6205//2249 6199//2249
f 6205//2249 6206//2249 6199//2249
f 6199//2250 6206//2250 6200//2250
f 6206//2250 6207//2250 6200//2250
f 6200//2251 6207//2251 6201//2251
f 6207//2251 6208//2251 6201//2251
f 6201//2252 6208//2252 6202//2252
f 6208//2252 6209//2252 6202//2252
f 6210//2253 6217//2253 6211//2253
f 6217//2253 6218//2253 6211//2253
f 6211//2254 6218//2254 6212//2254
f 6218//2254 6219//2254 6212//2254
f 6212//2255 6219//2255 6213//2255
f 6219//2255 6220//2255 6213//2255
f 6213//2256 6220//2256 6214//2256
f 6220//2256 6221//2256 6214//2256
f 6214//2257 6221//2257 6215//2257
f 6221//2257 6222//2257 6215//2257
f 6215//2258 6222//2258 6216//2258
f 6222//2258 6223//2258 6216//2258
f 6217//2259 6224//2259 6218//2259
f 6224//2259 6225//2259 6218//2259
f 6218//2260 6225//2260 6219//2260
f 6225//2260 6226//2260 6219//2260
f 6219//2261 6226//2261 6220//2261
f 6226//2262 6227//2262 6220//2262
f 6220//2263 6227//2263 6221//2263
f 6227//2264 6228//2264 6221//2264
f 6221//2265 6228//2265 6222//2265
f 6228//2265 6229//2265 6222//2265
f 6222//2266 6229//2266 6223//2266
f 6229//2266 6230//2266 6223//2266
f 6224//2267 6231//2267 6225//2267
f 6231//2267 6232//2267 6225//2267
f 6225//2268 6232//2268 6226//2268
f 6232//2268 6233//2268 6226//2268
f 6226//2269 6233//2269 6227//2269
f 6233//2269 6234//2269 6227//2269
f 6227//2270 6234//2270 6228//2270
f 6234//2270 6235//2270 6228//2270
f 6228//2271 6235//2271 6229//2271
f 6235//2271 6236//2271 6229//2271
f 6229//2272 6236//2272 6230//2272
f 6236//2272 6237//2272 6230//2272
f 6231//2273 6238//2273 6232//2273
f 6238//2273 6239//2273 6232//2273
f 6232//2274 6239//2274 6233//2274
f 6239//2274 6240//2274 6233//2274
f 6233//2275 6240//2275 6234//2275
f 6240//2275 6241//2275 6234//2275
f 6234//2276 6241//2276 6235//2276
f 6241//2276 6242//2276 6235//2276
f 6235//2277 6242//2277 6236//2277
f 6242//2277 6243//2277 6236//2277
f 6236//2278 6243//2278 6237//2278
f 6243//2278 6244//2278 6237//2278
f 6238//2279 6245//2279 6239//2279
f 6245//2279 6246//2279 6239//2279
f 6239//2280 6246//2280 6240//2280
f 6246//2280 6247//2280 6240//2280
f 6240//2281 6247//2281 6241//2281
f 6247//2282 6248//2282 6241//2282
f 6241//2283 6248//2283 6242//2283
f 6248//2284 6249//2284 6242//2284
f 6242//2285 6249//2285 6243//2285
f 6249//2285 6250//2285 6243//2285
f 6243//2286 6250//2286 6244//2286
f 6250//2286 6251//2286 6244//2286
f 6245//2287 6252//2287 6246//2287
f 6252//2287 6253//2287 6246//2287
f 6246//2288 6253//2288 6247//2288
f 6253//2288 6254//2288 6247//2288
f 6247//2289 6254//2289 6248//2289
f 6254//2289 6255//2289 6248//2289
f 6248//2290 6255//2290 6249//2290
f 6255//2290 6256//2290 6249//2290
f 6249//2291 6256//2291 6250//2291
f 6256//2291 6257//2291 6250//2291
f 6250//2292 6257//2292 6251//2292
f 6257//2292 6258//2292 6251//2292
f 6259//2293 6266//2293 6260//2293
f 6266//2293 6267//2293 6260//2293
f 6260//2294 6267//2294 6261//2294
f 6267//2294 6268//2294 6261//2294
f 6261//2295 6268//2295 6262//2295
f 6268//2295 6269//2295 6262//2295
f 6262//2296 6269//2296 6263//2296
f 6269//2296 6270//2296 6263//2296
f 6263//2297 6270//2297 6264//2297
f 6270//2297 6271//2297 6264//2297
f 6264//2298 6271//2298 6265//2298
f 6271//2298 6272//2298 6265//2298
f 6266//2299 6273//2299 6267//2299
f 6273//2299 6274//2299 6267//2299
f 6267//2300 6274//2300 6268//2300
f 6274//2300 6275//2300 6268//2300
f 6268//2301 6275//2301 6269//2301
f 6275//2301 6276//2301 6269//2301
f 6269//2302 6276//2302 6270//2302
f 6276//2302 6277//2302 6270//2302
f 6270//2303 6277//2303 6271//2303
f 6277//2303 6278//2303 6271//2303
f 6271//2304 6278//2304 6272//2304
f 6278//2304 6279//2304 6272//2304
f 6273//2305 6280//2305 6274//2305
f 6280//2305 6281//2305 6274//2305
f 6274//2306 6281//2306 6275//2306
f 6281//2306 6282//2306 6275//2306
f 6275//2307 6282//2307 6276//2307
f 6282//2307 6283//2307 6276//2307
f 6276//2308 6283//2308 6277//2308
f 6283//2308 6284//2308 6277//2308
f 6277//2309 6284//2309 6278//2309
f 6284//2309 6285//2309 6278//2309
f 6278//2310 6285//2310 6279//2310
f 6285//2310 6286//2310 6279//2310
f 6280//2311 6287//2311 6281//2311
f 6287//2311 6288//2311 6281//2311
f 6281//2312 6288//2312 6282//2312
f 6288//2312 6289//2312 6282//2312
f 6282//2313 6289//2313 6283//2313
f 6289//2313 6290//2313 6283//2313
f 6283//2314 6290//2314 6284//2314
f 6290//2314 6291//2314 6284//2314
f 6284//2315 6291//2315 6285//2315
f 6291//2315 6292//2315 6285//2315
f 6285//2316 6292//2316 6286//2316
f 6292//2316 6293//2316 6286//2316
f 6287//2317 6294//2317 6288//2317
f 6294//2317 6295//2317 6288//2317
f 6288//2318 6295//2318 6289//2318
f 6295//2318 6296//2318 6289//2318
f 6289//2319 6296//2319 6290//2319
f 6296//2319 6297//2319 6290//2319
f 6290//2320 6297//2320 6291//2320
f 6297//2320 6298//2320 6291//2320
f 6291//2321 6298//2321 6292//2321
f 6298//2321 6299//2321 6292//2321
f 6292//2322 6299//2322 6293//2322
f 6299//2322 6300//2322 6293//2322
f 6294//2323 6301//2323 6295//2323
f 6301//2323 6302//2323 6295//2323
f 6295//2324 6302//2324 6296//2324
f 6302//2324 6303//2324 6296//2324
f 6296//2325 6303//2325 6297//2325
f 6303//2325 6304//2325 6297//2325
f 6297//2326 6304//2326 6298//2326
f 6304//2326 6305//2326 6298//2326
f 6298//2327 6305//2327 6299//2327
f 6305//2327 6306//2327 6299//2327
f 6299//2328 6306//2328 6300//2328
f 6306//2328 6307//2328 6300//2328
f 6308//2329 6315//2329 6309//2329
f 6315//2329 6316//2329 6309//2329
f 6309//2330 6316//2330 6310//2330
f 6316//2330 6317//2330 6310//2330
f 6310//2331 6317//2331 6311//2331
f 6317//2331 6318//2331 6311//2331
f 6311//2332 6318//2332 6312//2332
f 6318//2332 6319//2332 6312//2332
f 6312//2333 6319//2333 6313//2333
f 6319//2333 6320//2333 6313//2333
f 6313//2334 6320//2334 6314//2334
f 6320//2334 6321//2334 6314//2334
f 6315//2335 6322//2335 6316//2335
f 6322//2335 6323//2335 6316//2335
f 6316//2336 6323//2336 6317//2336
f 6323//2336 6324//2336 6317//2336
f 6317//2337 6324//2337 6318//2337
f 6324//2337 6325//2337 6318//2337
f 6318//2338 6325//2338 6319//2338
f 6325//2338 6326//2338 6319//2338
f 6319//2339 6326//2339 6320//2339
f 6326//2339 6327//2339 6320//2339
f 6320//2340 6327//2340 6321//2340
f 6327//2340 6328//2340 6321//2340
f 6322//2341 6329//2341 6323//2341
f 6329//2341 6330//2341 6323//2341
f 6323//2342 6330//2342 6324//2342
f 6330//2342 6331//2342 6324//2342
f 6324//2343 6331//2343 6325//2343
f 6331//2343 6332//2343 6325//2343
f 6325//2344 6332//2344 6326//2344
f 6332//2344 6333//2344 6326//2344
f 6326//2345 6333//2345 6327//2345
f 6333//2345 6334//2345 6327//2345
f 6327//2346 6334//2346 6328//2346
f 6334//2346 6335//2346 6328//2346
f 6329//2347 6336//2347 6330//2347
f 6336//2347 6337//2347 6330//2347
f 6330//2348 6337//2348 6331//2348
f 6337//2348 6338//2348 6331//2348
f 6331//2349 6338//2349 6332//2349
f 6338//2349 6339//2349 6332//2349
f 6332//2350 6339//2350 6333//2350
f 6339//2350 6340//2350 6333//2350
f 6333//2351 6340//2351 6334//2351
f 6340//2351 6341//2351 6334//2351
f 6334//2352 6341//2352 6335//2352
f 6341//2352 6342//2352 6335//2352
f 6336//2353 6343//2353 6337//2353
f 6343//2353 6344//2353 6337//2353
f 6337//2354 6344//2354 6338//2354
f 6344//2354 6345//2354 6338//2354
f 6338//2355 6345//2355 6339//2355
f 6345//2355 6346//2355 6339//2355
f 6339//2356 6346//2356 6340//2356
f 6346//2356 6347//2356 6340//2356
f 6340//2357 6347//2357 6341//2357
f 6347//2357 6348//2357 6341//2357
f 6341//2358 6348//2358 6342//2358
f 6348//2358 6349//2358 6342//2358
f 6343//2359 6350//2359 6344//2359
f 6350//2359 6351//2359 6344//2359
f 6344//2360 6351//2360 6345//2360
f 6351//2360 6352//2360 6345//2360
f 6345//2361 6352//2361 6346//2361
f 6352//2361 6353//2361 6346//2361
f 6346//2362 6353//2362 6347//2362
f 6353//2362 6354//2362 6347//2362
f 6347//2363 6354//2363 6348//2363
f 6354//2363 6355//2363 6348//2363
f 6348//2364 6355//2364 6349//2364
f 6355//2364 6356//2364 6349//2364
f 6357//97 6364//97 6358//97
f 6364//97 6365//97 6358//97
f 6358//97 6365//97 6359//97
f 6365//97 6366//97 6359//97
f 6359//97 6366//97 6360//97
f 6366//97 6367//97 6360//97
f 6360//97 6367//97 6361//97
f 6367//97 6368//97 6361//97
f 6361//97 6368//97 6362//97
f 6368//97 6369//97 6362//97
f 6362//97 6369//97 6363//97
f 6369//97 6370//97 6363//97
f 6364//97 6371//97 6365//97
f 6371//97 6372//97 6365//97
f 6365//97 6372//97 6366//97
f 6372//97 6373//97 6366//97
f 6366//97 6373//97 6367//97
f 6373//97 6374//97 6367//97
f 6367//97 6374//97 6368//97
f 6374//97 6375//97 6368//97
f 6368//97 6375//97 6369//97
f 6375//97 6376//97 6369//97
f 6369//97 6376//97 6370//97
f 6376//97 6377//97 6370//97
f 6371//97 6378//97 6372//97
f 6378//97 6379//97 6372//97
f 6372//97 6379//97 6373//97
f 6379//97 6380//97 6373//97
f 6373//97 6380//97 6374//97
f 6380//97 6381//97 6374//97
f 6374//97 6381//97 6375//97
f 6381//97 6382//97 6375//97
f 6375//97 6382//97 6376//97
f 6382//97 6383//97 6376//97
f 6376//97 6383//97 6377//97
f 6383//97 6384//97 6377//97
f 6378//97 6385//97 6379//97
f 6385//97 6386//97 6379//97
f 6379//97 6386//97 6380//97
f 6386//97 6387//97 6380//97
f 6380//97 6387//97 6381//97
f 6387//97 6388//97 6381//97
f 6381//97 6388//97 6382//97
f 6388//97 6389//97 6382//97
f 6382//97 6389//97 6383//97
f 6389//97 6390//97 6383//97
f 6383//97 6390//97 6384//97
f 6390//97 6391//97 6384//97
f 6385//97 6392//97 6386//97
f 6392//97 6393//97 6386//97
f 6386//97 6393//97 6387//97
f 6393//97 6394//97 6387//97
f 6387//97 6394//97 6388//97
f 6394//97 6395//97 6388//97
f 6388//97 6395//97 6389//97
f 6395//97 6396//97 6389//97
f 6389//97 6396//97 6390//97
f 6396//97 6397//97 6390//97
f 6390//97 6397//97 6391//97
f 6397//97 6398//97 6391//97
f 6392//97 6399//97 6393//97
f 6399//97 6400//97 6393//97
f 6393//97 6400//97 6394//97
f 6400//97 6401//97 6394//97
f 6394//97 6401//97 6395//97
f 6401//97 6402//97 6395//97
f 6395//97 6402//97 6396//97
f 6402//97 6403//97 6396//97
f 6396//97 6403//97 6397//97
f 6403//97 6404//97 6397//97
f 6397//97 6404//97 6398//97
f 6404//97 6405//97 6398//97
f 6406//98 6413//98 6407//98
f 6413//98 6414//98 6407//98
f 6407//98 6414//98 6408//98
f 6414//98 6415//98 6408//98
f 6408//98 6415//98 6409//98
f 6415//98 6416//98 6409//98
f 6409//98 6416//98 6410//98
f 6416//98 6417//98 6410//98
f 6410//98 6417//98 6411//98
f 6417//98 6418//98 6411//98
f 6411//98 6418//98 6412//98
f 6418//98 6419//98 6412//98
f 6413//98 6420//98 6414//98
f 6420//98 6421//98 6414//98
f 6414//98 6421//98 6415//98
f 6421//98 6422//98 6415//98
f 6415//98 6422//98 6416//98
f 6422//98 6423//98 6416//98
f 6416//98 6423//98 6417//98
f 6423//98 6424//98 6417//98
f 6417//98 6424//98 6418//98
f 6424//98 6425//98 6418//98
f 6418//98 6425//98 6419//98
f 6425//98 6426//98 6419//98
f 6420//98 6427//98 6421//98
f 6427//98 6428//98 6421//98
f 6421//98 6428//98 6422//98
f 6428//98 6429//98 6422//98
f 6422//98 6429//98 6423//98
f 6429//98 6430//98 6423//98
f 6423//98 6430//98 6424//98
f 6430//98 6431//98 6424//98
f 6424//98 6431//98 6425//98
f 6431//98 6432//98 6425//98
f 6425//98 6432//98 6426//98
f 6432//98 6433//98 6426//98
f 6427//98 6434//98 6428//98
f 6434//98 6435//98 6428//98
f 6428//98 6435//98 6429//98
f 6435//98 6436//98 6429//98
f 6429//98 6436//98 6430//98
f 6436//98 6437//98 6430//98
f 6430//98 6437//98 6431//98
f 6437//98 6438//98 6431//98
f 6431//98 6438//98 6432//98
f 6438//98 6439//98 6432//98
f 6432//98 6439//98 6433//98
f 6439//98 6440//98 6433//98
f 6434//98 6441//98 6435//98
f 6441//98 6442//98 6435//98
f 6435//98 6442//98 6436//98
f 6442//98 6443//98 6436//98
f 6436//98 6443//98 6437//98
f 6443//98 6444//98 6437//98
f 6437//98 6444//98 6438//98
f 6444//98 6445//98 6438//98
f 6438//98 6445//98 6439//98
f 6445//98 6446//98 6439//98
f 6439//98 6446//98 6440//98
f 6446//98 6447//98 6440//98
f 6441//98 6448//98 6442//98
f 6448//98 6449//98 6442//98
f 6442//98 6449//98 6443//98
f 6449//98 6450//98 6443//98
f 6443//98 6450//98 6444//98
f 6450//98 6451//98 6444//98
f 6444//98 6451//98 6445//98
f 6451//98 6452//98 6445//98
f 6445//98 6452//98 6446//98
f 6452//98 6453//98 6446//98
f 6446//98 6453//98 6447//98
f 6453//98 6454//98 6447//98
f 6455//2213 6462//2213 6456//2213
f 6462//2213 6463//2213 6456//2213
f 6456//2214 6463//2214 6457//2214
f 6463//2214 6464//2214 6457//2214
f 6457//2215 6464//2215 6458//2215
f 6464//2215 6465//2215 6458//2215
f 6458//2216 6465//2216 6459//2216
f 6465//2216 6466//2216 6459//2216
f 6459//2217 6466//2217 6460//2217
f 6466//2217 6467//2217 6460//2217
f 6460//2218 6467//2218 6461//2218
f 6467//2218 6468//2218 6461//2218
f 6462//2219 6469//2219 6463//2219
f 6469//2219 6470//2219 6463//2219
f 6463//2220 6470//2220 6464//2220
f 6470//2220 6471//2220 6464//2220
f 6464//2221 6471//2221 6465//2221
f 6471//2222 6472//2222 6465//2222
f 6465//2223 6472//2223 6466//2223
f 6472//2224 6473//2224 6466//2224
f 6466//2225 6473//2225 6467//2225
f 6473//2225 6474//2225 6467//2225
f 6467//2226 6474//2226 6468//2226
f 6474//2226 6475//2226 6468//2226
f 6469//2227 6476//2227 6470//2227
f 6476//2227 6477//2227 6470//2227
f 6470//2228 6477//2228 6471//2228
f 6477//2228 6478//2228 6471//2228
f 6471//2229 6478//2229 6472//2229
f 6478//2229 6479//2229 6472//2229
f 6472//2230 6479//2230 6473//2230
f 6479//2230 6480//2230 6473//2230
f 6473//2231 6480//2231 6474//2231
f 6480//2231 6481//2231 6474//2231
f 6474//2232 6481//2232 6475//2232
f 6481//2232 6482//2232 6475//2232
f 6476//2233 6483//2233 6477//2233
f 6483//2233 6484//2233 6477//2233
f 6477//2234 6484//2234 6478//2234
f 6484//2234 6485//2234 6478//2234
f 6478//2235 6485//2235 6479//2235
f 6485//2235 6486//2235 6479//2235
f 6479//2236 6486//2236 6480//2236
f 6486//2236 6487//2236 6480//2236
f 6480//2237 6487//2237 6481//2237
f 6487//2237 6488//2237 6481//2237
f 6481//2238 6488//2238 6482//2238
f 6488//2238 6489//2238 6482//2238
f 6483//2239 6490//2239 6484//2239
f 6490//2239 6491//2239 6484//2239
f 6484//2240 6491//2240 6485//2240
f 6491//2240 6492//2240 6485//2240
f 6485//2241 6492//2241 6486//2241
f 6492//2242 6493//2242 6486//2242
f 6486//2243 6493//2243 6487//2243
f 6493//2244 6494//2244 6487//2244
f 6487//2245 6494//2245 6488//2245
f 6494//2245 6495//2245 6488//2245
f 6488//2246 6495//2246 6489//2246
f 6495//2246 6496//2246 6489//2246
f 6490//2247 6497//2247 6491//2247
f 6497//2247 6498//2247 6491//2247
f 6491//2248 6498//2248 6492//2248
f 6498//2248 6499//2248 6492//2248
f 6492//2249 6499//2249 6493//2249
f 6499//2249 6500//2249 6493//2249
f 6493//2250 6500//2250 6494//2250
f 6500//2250 6501//2250 6494//2250
f 6494//2251 6501//2251 6495//2251
f 6501//2251 6502//2251 6495//2251
f 6495//2252 6502//2252 6496//2252
f 6502//2252 6503//2252 6496//2252
f 6504//2253 6511//2253 6505//2253
f 6511//2253 6512//2253 6505//2253
f 6505//2254 6512//2254 6506//2254
f 6512//2254 6513//2254 6506//2254
f 6506//2255 6513//2255 6507//2255
f 6513//2255 6514//2255 6507//2255
f 6507//2256 6514//2256 6508//2256
f 6514//2256 6515//2256 6508//2256
f 6508//2257 6515//2257 6509//2257
f 6515//2257 6516//2257 6509//2257
f 6509//2258 6516//2258 6510//2258
f 6516//2258 6517//2258 6510//2258
f 6511//2259 6518//2259 6512//2259
f 6518//2259 6519//2259 6512//2259
f 6512//2260 6519//2260 6513//2260
f 6519//2260 6520//2260 6513//2260
f 6513//2261 6520//2261 6514//2261
f 6520//2262 6521//2262 6514//2262
f 6514//2263 6521//2263 6515//2263
f 6521//2264 6522//2264 6515//2264
f 6515//2265 6522//2265 6516//2265
f 6522//2265 6523//2265 6516//2265
f 6516//2266 6523//2266 6517//2266
f 6523//2266 6524//2266 6517//2266
f 6518//2267 6525//2267 6519//2267
f 6525//2267 6526//2267 6519//2267
f 6519//2268 6526//2268 6520//2268
f 6526//2268 6527//2268 6520//2268
f 6520//2269 6527//2269 6521//2269
f 6527//2269 6528//2269 6521//2269
f 6521//2270 6528//2270 6522//2270
f 6528//2270 6529//2270 6522//2270
f 6522//2271 6529//2271 6523//2271
f 6529//2271 6530//2271 6523//2271
f 6523//2272 6530//2272 6524//2272
f 6530//2272 6531//2272 6524//2272
f 6525//2273 6532//2273 6526//2273
f 6532//2273 6533//2273 6526//2273
f 6526//2274 6533//2274 6527//2274
f 6533//2274 6534//2274 6527//2274
f 6527//2275 6534//2275 6528//2275
f 6534//2275 6535//2275 6528//2275
f 6528//2276 6535//2276 6529//2276
f 6535//2276 6536//2276 6529//2276
f 6529//2277 6536//2277 6530//2277
f 6536//2277 6537//2277 6530//2277
f 6530//2278 6537//2278 6531//2278
f 6537//2278 6538//2278 6531//2278
f 6532//2279 6539//2279 6533//2279
f 6539//2279 6540//2279 6533//2279
f 6533//2280 6540//2280 6534//2280
f 6540//2280 6541//2280 6534//2280
f 6534//2281 6541//2281 6535//2281
f 6541//2282 6542//2282 6535//2282
f 6535//2283 6542//2283 6536//2283
f 6542//2284 6543//2284 6536//2284
f 6536//2285 6543//2285 6537//2285
f 6543//2285 6544//2285 6537//2285
f 6537//2286 6544//2286 6538//2286
f 6544//2286 6545//2286 6538//2286
f 6539//2287 6546//2287 6540//2287
f 6546//2287 6547//2287 6540//2287
f 6540//2288 6547//2288 6541//2288
f 6547//2288 6548//2288 6541//2288
f 6541//2289 6548//2289 6542//2289
f 6548//2289 6549//2289 6542//2289
f 6542//2290 6549//2290 6543//2290
f 6549//2290 6550//2290 6543//2290
f 6543//2291 6550//2291 6544//2291
f 6550//2291 6551//2291 6544//2291
f 6544//2292 6551//2292 6545//2292
f 6551//2292 6552//2292 6545//2292
f 6553//2293 6560//2293 6554//2293
f 6560//2293 6561//2293 6554//2293
f 6554//2294 6561//2294 6555//2294
f 6561//2294 6562//2294 6555//2294
f 6555//2295 6562//2295 6556//2295
f 6562//2295 6563//2295 6556//2295
f 6556//2296 6563//2296 6557//2296
f 6563//2296 6564//2296 6557//2296
f 6557//2297 6564//2297 6558//2297
f 6564//2297 6565//2297 6558//2297
f 6558//2298 6565//2298 6559//2298
f 6565//2298 6566//2298 6559//2298
f 6560//2299 6567//2299 6561//2299
f 6567//2299 6568//2299 6561//2299
f 6561//2300 6568//2300 6562//2300
f 6568//2300 6569//2300 6562//2300
f 6562//2301 6569//2301 6563//2301
f 6569//2301 6570//2301 6563//2301
f 6563//2302 6570//2302 6564//2302
f 6570//2302 6571//2302 6564//2302
f 6564//2303 6571//2303 6565//2303
f 6571//2303 6572//2303 6565//2303
f 6565//2304 6572//2304 6566//2304
f 6572//2304 6573//2304 6566//2304
f 6567//2305 6574//2305 6568//2305
f 6574//2305 6575//2305 6568//2305
f 6568//2306 6575//2306 6569//2306
f 6575//2306 6576//2306 6569//2306
f 6569//2307 6576//2307 6570//2307
f 6576//2307 6577//2307 6570//2307
f 6570//2308 6577//2308 6571//2308
f 6577//2308 6578//2308 6571//2308
f 6571//2309 6578//2309 6572//2309
f 6578//2309 6579//2309 6572//2309
f 6572//2310 6579//2310 6573//2310
f 6579//2310 6580//2310 6573//2310
f 6574//2311 6581//2311 6575//2311
f 6581//2311 6582//2311 6575//2311
f 6575//2312 6582//2312 6576//2312
f 6582//2312 6583//2312 6576//2312
f 6576//2313 6583//2313 6577//2313
f 6583//2313 6584//2313 6577//2313
f 6577//2314 6584//2314 6578//2314
f 6584//2314 6585//2314 6578//2314
f 6578//2315 6585//2315 6579//2315
f 6585//2315 6586//2315 6579//2315
f 6579//2316 6586//2316 6580//2316
f 6586//2316 6587//2316 6580//2316
f 6581//2317 6588//2317 6582//2317
f 6588//2317 6589//2317 6582//2317
f 6582//2318 6589//2318 6583//2318
f 6589//2318 6590//2318 6583//2318
f 6583//2319 6590//2319 6584//2319
f 6590//2319 6591//2319 6584//2319
f 6584//2320 6591//2320 6585//2320
f 6591//2320 6592//2320 6585//2320
f 6585//2321 6592//2321 6586//2321
f 6592//2321 6593//2321 6586//2321
f 6586//2322 6593//2322 6587//2322
f 6593//2322 6594//2322 6587//2322
f 6588//2323 6595//2323 6589//2323
f 6595//2323 6596//2323 6589//2323
f 6589//2324 6596//2324 6590//2324
f 6596//2324 6597//2324 6590//2324
f 6590//2325 6597//2325 6591//2325
f 6597//2325 6598//2325 6591//2325
f 6591//2326 6598//2326 6592//2326
f 6598//2326 6599//2326 6592//2326
f 6592//2327 6599//2327 6593//2327
f 6599//2327 6600//2327 6593//2327
f 6593//2328 6600//2328 6594//2328
f 6600//2328 6601//2328 6594//2328
f 6602//2329 6609//2329 6603//2329
f 6609//2329 6610//2329 6603//2329
f 6603//2330 6610//2330 6604//2330
f 6610//2330 6611//2330 6604//2330
f 6604//2331 6611//2331 6605//2331
f 6611//2331 6612//2331 6605//2331
f 6605//2332 6612//2332 6606//2332
f 6612//2332 6613//2332 6606//2332
f 6606//2333 6613//2333 6607//2333
f 6613//2333 6614//2333 6607//2333
f 6607//2334 6614//2334 6608//2334
f 6614//2334 6615//2334 6608//2334
f 6609//2335 6616//2335 6610//2335
f 6616//2335 6617//2335 6610//2335
f 6610//2336 6617//2336 6611//2336
f 6617//2336 6618//2336 6611//2336
f 6611//2337 6618//2337 6612//2337
f 6618//2337 6619//2337 6612//2337
f 6612//2338 6619//2338 6613//2338
f 6619//2338 6620//2338 6613//2338
f 6613//2339 6620//2339 6614//2339
f 6620//2339 6621//2339 6614//2339
f 6614//2340 6621//2340 6615//2340
f 6621//2340 6622//2340 6615//2340
f 6616//2341 6623//2341 6617//2341
f 6623//2341 6624//2341 6617//2341
f 6617//2342 6624//2342 6618//2342
f 6624//2342 6625//2342 6618//2342
f 6618//2343 6625//2343 6619//2343
f 6625//2343 6626//2343 6619//2343
f 6619//2344 6626//2344 6620//2344
f 6626//2344 6627//2344 6620//2344
f 6620//2345 6627//2345 6621//2345
f 6627//2345 6628//2345 6621//2345
f 6621//2346 6628//2346 6622//2346
f 6628//2346 6629//2346 6622//2346
f 6623//2347 6630//2347 6624//2347
f 6630//2347 6631//2347 6624//2347
f 6624//2348 6631//2348 6625//2348
f 6631//2348 6632//2348 6625//2348
f 6625//2349 6632//2349 6626//2349
f 6632//2349 6633//2349 6626//2349
f 6626//2350 6633//2350 6627//2350
f 6633//2350 6634//2350 6627//2350
f 6627//2351 6634//2351 6628//2351
f 6634//2351 6635//2351 6628//2351
f 6628//2352 6635//2352 6629//2352
f 6635//2352 6636//2352 6629//2352
f 6630//2353 6637//2353 6631//2353
f 6637//2353 6638//2353 6631//2353
f 6631//2354 6638//2354 6632//2354
f 6638//2354 6639//2354 6632//2354
f 6632//2355 6639//2355 6633//2355
f 6639//2355 6640//2355 6633//2355
f 6633//2356 6640//2356 6634//2356
f 6640//2356 6641//2356 6634//2356
f 6634//2357 6641//2357 6635//2357
f 6641//2357 6642//2357 6635//2357
f 6635//2358 6642//2358 6636//2358
f 6642//2358 6643//2358 6636//2358
f 6637//2359 6644//2359 6638//2359
f 6644//2359 6645//2359 6638//2359
f 6638//2360 6645//2360 6639//2360
f 6645//2360 6646//2360 6639//2360
f 6639//2361 6646//2361 6640//2361
f 6646//2361 6647//2361 6640//2361
f 6640//2362 6647//2362 6641//2362
f 6647//2362 6648//2362 6641//2362
f 6641//2363 6648//2363 6642//2363
f 6648//2363 6649//2363 6642//2363
f 6642//2364 6649//2364 6643//2364
f 6649//2364 6650//2364 6643//2364
f 6651//97 6658//97 6652//97
f 6658//97 6659//97 6652//97
f 6652//97 6659//97 6653//97
f 6659//97 6660//97 6653//97
f 6653//97 6660//97 6654//97
f 6660//97 6661//97 6654//97
f 6654//97 6661//97 6655//97
f 6661//97 6662//97 6655//97
f 6655//97 6662//97 6656//97
f 6662//97 6663//97 6656//97
f 6656//97 6663//97 6657//97
f 6663//97 6664//97 6657//97
f 6658//97 6665//97 6659//97
f 6665//97 6666//97 6659//97
f 6659//97 6666//97 6660//97
f 6666//97 6667//97 6660//97
f 6660//97 6667//97 6661//97
f 6667//97 6668//97 6661//97
f 6661//97 6668//97 6662//97
f 6668//97 6669//97 6662//97
f 6662//97 6669//97 6663//97
f 6669//97 6670//97 6663//97
f 6663//97 6670//97 6664//97
f 6670//97 6671//97 6664//97
f 6665//97 6672//97 6666//97
f 6672//97 6673//97 6666//97
f 6666//97 6673//97 6667//97
f 6673//97 6674//97 6667//97
f 6667//97 6674//97 6668//97
f 6674//97 6675//97 6668//97
f 6668//97 6675//97 6669//97
f 6675//97 6676//97 6669//97
f 6669//97 6676//97 6670//97
f 6676//97 6677//97 6670//97
f 6670//97 6677//97 6671//97
f 6677//97 6678//97 6671//97
f 6672//97 6679//97 6673//97
f 6679//97 6680//97 6673//97
f 6673//97 6680//97 6674//97
f 6680//97 6681//97 6674//97
f 6674//97 6681//97 6675//97
f 6681//97 6682//97 6675//97
f 6675//97 6682//97 6676//97
f 6682//97 6683//97 6676//97
f 6676//97 6683//97 6677//97
f 6683//97 6684//97 6677//97
f 6677//97 6684//97 6678//97
f 6684//97 6685//97 6678//97
f 6679//97 6686//97 6680//97
f 6686//97 6687//97 6680//97
f 6680//97 6687//97 6681//97
f 6687//97 6688//97 6681//97
f 6681//97 6688//97 6682//97
f 6688//97 6689//97 6682//97
f 6682//97 6689//97 6683//97
f 6689//97 6690//97 6683//97
f 6683//97 6690//97 6684//97
f 6690//97 6691//97 6684//97
f 6684//97 6691//97 6685//97
f 6691//97 6692//97 6685//97
f 6686//97 6693//97 6687//97
f 6693//97 6694//97 6687//97
f 6687//97 6694//97 6688//97
f 6694//97 6695//97 6688//97
f 6688//97 6695//97 6689//97
f 6695//97 6696//97 6689//97
f 6689//97 6696//97 6690//97
f 6696//97 6697//97 6690//97
f 6690//97 6697//97 6691//97
f 6697//97 6698//97 6691//97
f 6691//97 6698//97 6692//97
f 6698//97 6699//97 6692//97
f 6700//98 6707//98 6701//98
f 6707//98 6708//98 6701//98
f 6701//98 6708//98 6702//98
f 6708//98 6709//98 6702//98
f 6702//98 6709//98 6703//98
f 6709//98 6710//98 6703//98
f 6703//98 6710//98 6704//98
f 6710//98 6711//98 6704//98
f 6704//98 6711//98 6705//98
f 6711//98 6712//98 6705//98
f 6705//98 6712//98 6706//98
f 6712//98 6713//98 6706//98
f 6707//98 6714//98 6708//98
f 6714//98 6715//98 6708//98
f 6708//98 6715//98 6709//98
f 6715//98 6716//98 6709//98
f 6709//98 6716//98 6710//98
f 6716//98 6717//98 6710//98
f 6710//98 6717//98 6711//98
f 6717//98 6718//98 6711//98
f 6711//98 6718//98 6712//98
f 6718//98 6719//98 6712//98
f 6712//98 6719//98 6713//98
f 6719//98 6720//98 6713//98
f 6714//98 6721//98 6715//98
f 6721//98 6722//98 6715//98
f 6715//98 6722//98 6716//98
f 6722//98 6723//98 6716//98
f 6716//98 6723//98 6717//98
f 6723//98 6724//98 6717//98
f 6717//98 6724//98 6718//98
f 6724//98 6725//98 6718//98
f 6718//98 6725//98 6719//98
f 6725//98 6726//98 6719//98
f 6719//98 6726//98 6720//98
f 6726//98 6727//98 6720//98
f 6721//98 6728//98 6722//98
f 6728//98 6729//98 6722//98
f 6722//98 6729//98 6723//98
f 6729//98 6730//98 6723//98
f 6723//98 6730//98 6724//98
f 6730//98 6731//98 6724//98
f 6724//98 6731//98 6725//98
f 6731//98 6732//98 6725//98
f 6725//98 6732//98 6726//98
f 6732//98 6733//98 6726//98
f 6726//98 6733//98 6727//98
f 6733//98 6734//98 6727//98
f 6728//98 6735//98 6729//98
f 6735//98 6736//98 6729//98
f 6729//98 6736//98 6730//98
f 6736//98 6737//98 6730//98
f 6730//98 6737//98 6731//98
f 6737//98 6738//98 6731//98
f 6731//98 6738//98 6732//98
f 6738//98 6739//98 6732//98
f 6732//98 6739//98 6733//98
f 6739//98 6740//98 6733//98
f 6733//98 6740//98 6734//98
f 6740//98 6741//98 6734//98
f 6735//98 6742//98 6736//98
f 6742//98 6743//98 6736//98
f 6736//98 6743//98 6737//98
f 6743//98 6744//98 6737//98
f 6737//98 6744//98 6738//98
f 6744//98 6745//98 6738//98
f 6738//98 6745//98 6739//98
f 6745//98 6746//98 6739//98
f 6739//98 6746//98 6740//98
f 6746//98 6747//98 6740//98
f 6740//98 6747//98 6741//98
f 6747//98 6748//98 6741//98
o Speerschaft
usemtl hide_4
f 6749//2365 6756//2365 6750//2365
f 6756//2365 6757//2365 6750//2365
f 6750//2366 6757//2366 6751//2366
f 6757//2366 6758//2366 6751//2366
f 6751//2367 6758//2367 6752//2367
f 6758//2367 6759//2367 6752//2367
f 6752//2368 6759//2368 6753//2368
f 6759//2368 6760//2368 6753//2368
f 6753//2369 6760//2369 6754//2369
f 6760//2369 6761//2369 6754//2369
f 6754//2370 6761//2370 6755//2370
f 6761//2370 6762//2370 6755//2370
f 6756//2371 6763//2371 6757//2371
f 6763//2371 6764//2371 6757//2371
f 6757//2372 6764//2372 6758//2372
f 6764//2372 6765//2372 6758//2372
f 6758//2373 6765//2373 6759//2373
f 6765//2373 6766//2373 6759//2373
f 6759//2374 6766//2374 6760//2374
f 6766//2374 6767//2374 6760//2374
f 6760//2375 6767//2375 6761//2375
f 6767//2375 6768//2375 6761//2375
f 6761//2376 6768//2376 6762//2376
f 6768//2376 6769//2376 6762//2376
f 6763//2377 6770//2377 6764//2377
f 6770//2377 6771//2377 6764//2377
f 6764//2378 6771//2378 6765//2378
f 6771//2378 6772//2378 6765//2378
f 6765//2379 6772//2379 6766//2379
f 6772//2379 6773//2379 6766//2379
f 6766//2380 6773//2380 6767//2380
f 6773//2380 6774//2380 6767//2380
f 6767//2381 6774//2381 6768//2381
f 6774//2381 6775//2381 6768//2381
f 6768//2382 6775//2382 6769//2382
f 6775//2382 6776//2382 6769//2382
f 6777//2383 6784//2383 6778//2383
f 6784//2383 6785//2383 6778//2383
f 6778//2384 6785//2384 6779//2384
f 6785//2384 6786//2384 6779//2384
f 6779//2385 6786//2385 6780//2385
f 6786//2385 6787//2385 6780//2385
f 6780//2386 6787//2386 6781//2386
f 6787//2386 6788//2386 6781//2386
f 6781//2387 6788//2387 6782//2387
f 6788//2387 6789//2387 6782//2387
f 6782//2388 6789//2388 6783//2388
f 6789//2388 6790//2388 6783//2388
f 6784//2389 6791//2389 6785//2389
f 6791//2389 6792//2389 6785//2389
f 6785//2390 6792//2390 6786//2390
f 6792//2390 6793//2390 6786//2390
f 6786//2391 6793//2391 6787//2391
f 6793//2391 6794//2391 6787//2391
f 6787//2392 6794//2392 6788//2392
f 6794//2392 6795//2392 6788//2392
f 6788//2393 6795//2393 6789//2393
f 6795//2393 6796//2393 6789//2393
f 6789//2394 6796//2394 6790//2394
f 6796//2394 6797//2394 6790//2394
f 6791//2395 6798//2395 6792//2395
f 6798//2395 6799//2395 6792//2395
f 6792//2396 6799//2396 6793//2396
f 6799//2396 6800//2396 6793//2396
f 6793//2397 6800//2397 6794//2397
f 6800//2397 6801//2397 6794//2397
f 6794//2398 6801//2398 6795//2398
f 6801//2398 6802//2398 6795//2398
f 6795//2399 6802//2399 6796//2399
f 6802//2399 6803//2399 6796//2399
f 6796//2400 6803//2400 6797//2400
f 6803//2400 6804//2400 6797//2400
f 6805//2401 6812//2401 6806//2401
f 6812//2401 6813//2401 6806//2401
f 6806//2402 6813//2402 6807//2402
f 6813//2402 6814//2402 6807//2402
f 6807//2403 6814//2403 6808//2403
f 6814//2403 6815//2403 6808//2403
f 6808//2404 6815//2404 6809//2404
f 6815//2404 6816//2404 6809//2404
f 6809//2405 6816//2405 6810//2405
f 6816//2405 6817//2405 6810//2405
f 6810//2406 6817//2406 6811//2406
f 6817//2406 6818//2406 6811//2406
f 6812//2407 6819//2407 6813//2407
f 6819//2407 6820//2407 6813//2407
f 6813//2408 6820//2408 6814//2408
f 6820//2408 6821//2408 6814//2408
f 6814//2409 6821//2409 6815//2409
f 6821//2409 6822//2409 6815//2409
f 6815//2410 6822//2410 6816//2410
f 6822//2410 6823//2410 6816//2410
f 6816//2411 6823//2411 6817//2411
f 6823//2411 6824//2411 6817//2411
f 6817//2412 6824//2412 6818//2412
f 6824//2412 6825//2412 6818//2412
f 6819//2413 6826//2413 6820//2413
f 6826//2413 6827//2413 6820//2413
f 6820//2414 6827//2414 6821//2414
f 6827//2414 6828//2414 6821//2414
f 6821//2415 6828//2415 6822//2415
f 6828//2415 6829//2415 6822//2415
f 6822//2416 6829//2416 6823//2416
f 6829//2416 6830//2416 6823//2416
f 6823//2417 6830//2417 6824//2417
f 6830//2417 6831//2417 6824//2417
f 6824//2418 6831//2418 6825//2418
f 6831//2418 6832//2418 6825//2418
f 6826//2419 6833//2419 6827//2419
f 6833//2419 6834//2419 6827//2419
f 6827//2420 6834//2420 6828//2420
f 6834//2420 6835//2420 6828//2420
f 6828//2421 6835//2421 6829//2421
f 6835//2421 6836//2421 6829//2421
f 6829//2422 6836//2422 6830//2422
f 6836//2422 6837//2422 6830//2422
f 6830//2423 6837//2423 6831//2423
f 6837//2423 6838//2423 6831//2423
f 6831//2424 6838//2424 6832//2424
f 6838//2424 6839//2424 6832//2424
f 6833//2425 6840//2425 6834//2425
f 6840//2425 6841//2425 6834//2425
f 6834//2426 6841//2426 6835//2426
f 6841//2426 6842//2426 6835//2426
f 6835//2427 6842//2427 6836//2427
f 6842//2427 6843//2427 6836//2427
f 6836//2428 6843//2428 6837//2428
f 6843//2428 6844//2428 6837//2428
f 6837//2429 6844//2429 6838//2429
f 6844//2429 6845//2429 6838//2429
f 6838//2430 6845//2430 6839//2430
f 6845//2430 6846//2430 6839//2430
f 6840//2431 6847//2431 6841//2431
f 6847//2431 6848//2431 6841//2431
f 6841//2432 6848//2432 6842//2432
f 6848//2432 6849//2432 6842//2432
f 6842//2433 6849//2433 6843//2433
f 6849//2433 6850//2433 6843//2433
f 6843//2434 6850//2434 6844//2434
f 6850//2434 6851//2434 6844//2434
f 6844//2435 6851//2435 6845//2435
f 6851//2435 6852//2435 6845//2435
f 6845//2436 6852//2436 6846//2436
f 6852//2436 6853//2436 6846//2436
f 6854//2437 6861//2437 6855//2437
f 6861//2437 6862//2437 6855//2437
f 6855//2438 6862//2438 6856//2438
f 6862//2438 6863//2438 6856//2438
f 6856//2439 6863//2439 6857//2439
f 6863//2439 6864//2439 6857//2439
f 6857//2440 6864//2440 6858//2440
f 6864//2440 6865//2440 6858//2440
f 6858//2441 6865//2441 6859//2441
f 6865//2441 6866//2441 6859//2441
f 6859//2442 6866//2442 6860//2442
f 6866//2442 6867//2442 6860//2442
f 6861//2443 6868//2443 6862//2443
f 6868//2443 6869//2443 6862//2443
f 6862//2444 6869//2444 6863//2444
f 6869//2444 6870//2444 6863//2444
f 6863//2445 6870//2445 6864//2445
f 6870//2445 6871//2445 6864//2445
f 6864//2446 6871//2446 6865//2446
f 6871//2446 6872//2446 6865//2446
f 6865//2447 6872//2447 6866//2447
f 6872//2447 6873//2447 6866//2447
f 6866//2448 6873//2448 6867//2448
f 6873//2448 6874//2448 6867//2448
f 6868//2449 6875//2449 6869//2449
f 6875//2449 6876//2449 6869//2449
f 6869//2450 6876//2450 6870//2450
f 6876//2450 6877//2450 6870//2450
f 6870//2451 6877//2451 6871//2451
f 6877//2451 6878//2451 6871//2451
f 6871//2452 6878//2452 6872//2452
f 6878//2452 6879//2452 6872//2452
f 6872//2453 6879//2453 6873//2453
f 6879//2453 6880//2453 6873//2453
f 6873//2454 6880//2454 6874//2454
f 6880//2454 6881//2454 6874//2454
f 6875//2455 6882//2455 6876//2455
f 6882//2455 6883//2455 6876//2455
f 6876//2456 6883//2456 6877//2456
f 6883//2456 6884//2456 6877//2456
f 6877//2457 6884//2457 6878//2457
f 6884//2457 6885//2457 6878//2457
f 6878//2458 6885//2458 6879//2458
f 6885//2458 6886//2458 6879//2458
f 6879//2459 6886//2459 6880//2459
f 6886//2459 6887//2459 6880//2459
f 6880//2460 6887//2460 6881//2460
f 6887//2460 6888//2460 6881//2460
f 6882//2461 6889//2461 6883//2461
f 6889//2461 6890//2461 6883//2461
f 6883//2462 6890//2462 6884//2462
f 6890//2462 6891//2462 6884//2462
f 6884//2463 6891//2463 6885//2463
f 6891//2463 6892//2463 6885//2463
f 6885//2464 6892//2464 6886//2464
f 6892//2464 6893//2464 6886//2464
f 6886//2465 6893//2465 6887//2465
f 6893//2465 6894//2465 6887//2465
f 6887//2466 6894//2466 6888//2466
f 6894//2466 6895//2466 6888//2466
f 6889//2467 6896//2467 6890//2467
f 6896//2467 6897//2467 6890//2467
f 6890//2468 6897//2468 6891//2468
f 6897//2468 6898//2468 6891//2468
f 6891//2469 6898//2469 6892//2469
f 6898//2469 6899//2469 6892//2469
f 6892//2470 6899//2470 6893//2470
f 6899//2470 6900//2470 6893//2470
f 6893//2471 6900//2471 6894//2471
f 6900//2471 6901//2471 6894//2471
f 6894//2472 6901//2472 6895//2472
f 6901//2472 6902//2472 6895//2472
f 6903//97 6910//97 6904//97
f 6910//97 6911//97 6904//97
f 6904//97 6911//97 6905//97
f 6911//97 6912//97 6905//97
f 6905//97 6912//97 6906//97
f 6912//97 6913//97 6906//97
f 6906//97 6913//97 6907//97
f 6913//97 6914//97 6907//97
f 6907//97 6914//97 6908//97
f 6914//97 6915//97 6908//97
f 6908//97 6915//97 6909//97
f 6915//97 6916//97 6909//97
f 6910//97 6917//97 6911//97
f 6917//97 6918//97 6911//97
f 6911//97 6918//97 6912//97
f 6918//97 6919//97 6912//97
f 6912//97 6919//97 6913//97
f 6919//97 6920//97 6913//97
f 6913//97 6920//97 6914//97
f 6920//97 6921//97 6914//97
f 6914//97 6921//97 6915//97
f 6921//97 6922//97 6915//97
f 6915//97 6922//97 6916//97
f 6922//97 6923//97 6916//97
f 6917//97 6924//97 6918//97
f 6924//97 6925//97 6918//97
f 6918//97 6925//97 6919//97
f 6925//97 6926//97 6919//97
f 6919//97 6926//97 6920//97
f 6926//97 6927//97 6920//97
f 6920//97 6927//97 6921//97
f 6927//97 6928//97 6921//97
f 6921//97 6928//97 6922//97
f 6928//97 6929//97 6922//97
f 6922//97 6929//97 6923//97
f 6929//97 6930//97 6923//97
f 6931//98 6938//98 6932//98
f 6938//98 6939//98 6932//98
f 6932//98 6939//98 6933//98
f 6939//98 6940//98 6933//98
f 6933//98 6940//98 6934//98
f 6940//98 6941//98 6934//98
f 6934//98 6941//98 6935//98
f 6941//98 6942//98 6935//98
f 6935//98 6942//98 6936//98
f 6942//98 6943//98 6936//98
f 6936//98 6943//98 6937//98
f 6943//98 6944//98 6937//98
f 6938//98 6945//98 6939//98
f 6945//98 6946//98 6939//98
f 6939//98 6946//98 6940//98
f 6946//98 6947//98 6940//98
f 6940//98 6947//98 6941//98
f 6947//98 6948//98 6941//98
f 6941//98 6948//98 6942//98
f 6948//98 6949//98 6942//98
f 6942//98 6949//98 6943//98
f 6949//98 6950//98 6943//98
f 6943//98 6950//98 6944//98
f 6950//98 6951//98 6944//98
f 6945//98 6952//98 6946//98
f 6952//98 6953//98 6946//98
f 6946//98 6953//98 6947//98
f 6953//98 6954//98 6947//98
f 6947//98 6954//98 6948//98
f 6954//98 6955//98 6948//98
f 6948//98 6955//98 6949//98
f 6955//98 6956//98 6949//98
f 6949//98 6956//98 6950//98
f 6956//98 6957//98 6950//98
f 6950//98 6957//98 6951//98
f 6957//98 6958//98 6951//98
o Speerspitze
usemtl dark_5
f 6959//2473 6966//2473 6960//2473
f 6966//2473 6967//2473 6960//2473
f 6960//2474 6967//2474 6961//2474
f 6967//2474 6968//2474 6961//2474
f 6961//2475 6968//2475 6962//2475
f 6968//2475 6969//2475 6962//2475
f 6962//2476 6969//2476 6963//2476
f 6969//2476 6970//2476 6963//2476
f 6963//2477 6970//2477 6964//2477
f 6970//2477 6971//2477 6964//2477
f 6964//2478 6971//2478 6965//2478
f 6971//2478 6972//2478 6965//2478
f 6966//2479 6973//2479 6967//2479
f 6973//2479 6974//2479 6967//2479
f 6967//2480 6974//2480 6968//2480
f 6974//2480 6975//2480 6968//2480
f 6968//2481 6975//2481 6969//2481
f 6975//2481 6976//2481 6969//2481
f 6969//2482 6976//2482 6970//2482
f 6976//2482 6977//2482 6970//2482
f 6970//2483 6977//2483 6971//2483
f 6977//2483 6978//2483 6971//2483
f 6971//2484 6978//2484 6972//2484
f 6978//2484 6979//2484 6972//2484
f 6973//2485 6980//2485 6974//2485
f 6980//2485 6981//2485 6974//2485
f 6974//2486 6981//2486 6975//2486
f 6981//2486 6982//2486 6975//2486
f 6975//2487 6982//2487 6976//2487
f 6982//2487 6983//2487 6976//2487
f 6976//2488 6983//2488 6977//2488
f 6983//2488 6984//2488 6977//2488
f 6977//2489 6984//2489 6978//2489
f 6984//2489 6985//2489 6978//2489
f 6978//2490 6985//2490 6979//2490
f 6985//2490 6986//2490 6979//2490
f 6980//2491 6987//2491 6981//2491
f 6987//2491 6988//2491 6981//2491
f 6981//2492 6988//2492 6982//2492
f 6988//2492 6989//2492 6982//2492
f 6982//2493 6989//2493 6983//2493
f 6989//2493 6990//2493 6983//2493
f 6983//2494 6990//2494 6984//2494
f 6990//2494 6991//2494 6984//2494
f 6984//2495 6991//2495 6985//2495
f 6991//2495 6992//2495 6985//2495
f 6985//2496 6992//2496 6986//2496
f 6992//2496 6993//2496 6986//2496
f 6987//2497 6994//2497 6988//2497
f 6994//2497 6995//2497 6988//2497
f 6988//2498 6995//2498 6989//2498
f 6995//2498 6996//2498 6989//2498
f 6989//2499 6996//2499 6990//2499
f 6996//2499 6997//2499 6990//2499
f 6990//2500 6997//2500 6991//2500
f 6997//2500 6998//2500 6991//2500
f 6991//2501 6998//2501 6992//2501
f 6998//2501 6999//2501 6992//2501
f 6992//2502 6999//2502 6993//2502
f 6999//2502 7000//2502 6993//2502
f 6994//2503 7001//2503 6995//2503
f 7001//2503 7002//2503 6995//2503
f 6995//2504 7002//2504 6996//2504
f 7002//2504 7003//2504 6996//2504
f 6996//2505 7003//2505 6997//2505
f 7003//2505 7004//2505 6997//2505
f 6997//2506 7004//2506 6998//2506
f 7004//2506 7005//2506 6998//2506
f 6998//2507 7005//2507 6999//2507
f 7005//2507 7006//2507 6999//2507
f 6999//2508 7006//2508 7000//2508
f 7006//2508 7007//2508 7000//2508
f 7008//2509 7015//2509 7009//2509
f 7015//2509 7016//2509 7009//2509
f 7009//2510 7016//2510 7010//2510
f 7016//2510 7017//2510 7010//2510
f 7010//2511 7017//2511 7011//2511
f 7017//2511 7018//2511 7011//2511
f 7011//2512 7018//2512 7012//2512
f 7018//2512 7019//2512 7012//2512
f 7012//2513 7019//2513 7013//2513
f 7019//2513 7020//2513 7013//2513
f 7013//2514 7020//2514 7014//2514
f 7020//2514 7021//2514 7014//2514
f 7015//2515 7022//2515 7016//2515
f 7022//2515 7023//2515 7016//2515
f 7016//2516 7023//2516 7017//2516
f 7023//2516 7024//2516 7017//2516
f 7017//2517 7024//2517 7018//2517
f 7024//2517 7025//2517 7018//2517
f 7018//2518 7025//2518 7019//2518
f 7025//2518 7026//2518 7019//2518
f 7019//2519 7026//2519 7020//2519
f 7026//2519 7027//2519 7020//2519
f 7020//2520 7027//2520 7021//2520
f 7027//2520 7028//2520 7021//2520
f 7022//2521 7029//2521 7023//2521
f 7029//2521 7030//2521 7023//2521
f 7023//2522 7030//2522 7024//2522
f 7030//2522 7031//2522 7024//2522
f 7024//2523 7031//2523 7025//2523
f 7031//2523 7032//2523 7025//2523
f 7025//2524 7032//2524 7026//2524
f 7032//2524 7033//2524 7026//2524
f 7026//2525 7033//2525 7027//2525
f 7033//2525 7034//2525 7027//2525
f 7027//2526 7034//2526 7028//2526
f 7034//2526 7035//2526 7028//2526
f 7029//2527 7036//2527 7030//2527
f 7036//2527 7037//2527 7030//2527
f 7030//2528 7037//2528 7031//2528
f 7037//2528 7038//2528 7031//2528
f 7031//2529 7038//2529 7032//2529
f 7038//2529 7039//2529 7032//2529
f 7032//2530 7039//2530 7033//2530
f 7039//2530 7040//2530 7033//2530
f 7033//2531 7040//2531 7034//2531
f 7040//2531 7041//2531 7034//2531
f 7034//2532 7041//2532 7035//2532
f 7041//2532 7042//2532 7035//2532
f 7036//2533 7043//2533 7037//2533
f 7043//2533 7044//2533 7037//2533
f 7037//2534 7044//2534 7038//2534
f 7044//2534 7045//2534 7038//2534
f 7038//2535 7045//2535 7039//2535
f 7045//2535 7046//2535 7039//2535
f 7039//2536 7046//2536 7040//2536
f 7046//2536 7047//2536 7040//2536
f 7040//2537 7047//2537 7041//2537
f 7047//2537 7048//2537 7041//2537
f 7041//2538 7048//2538 7042//2538
f 7048//2538 7049//2538 7042//2538
f 7043//2539 7050//2539 7044//2539
f 7050//2539 7051//2539 7044//2539
f 7044//2540 7051//2540 7045//2540
f 7051//2540 7052//2540 7045//2540
f 7045//2541 7052//2541 7046//2541
f 7052//2541 7053//2541 7046//2541
f 7046//2542 7053//2542 7047//2542
f 7053//2542 7054//2542 7047//2542
f 7047//2543 7054//2543 7048//2543
f 7054//2543 7055//2543 7048//2543
f 7048//2544 7055//2544 7049//2544
f 7055//2544 7056//2544 7049//2544
f 7057//2545 7064//2545 7058//2545
f 7064//2545 7065//2545 7058//2545
f 7058//2546 7065//2546 7059//2546
f 7065//2546 7066//2546 7059//2546
f 7059//2547 7066//2547 7060//2547
f 7066//2547 7067//2547 7060//2547
f 7060//2548 7067//2548 7061//2548
f 7067//2548 7068//2548 7061//2548
f 7061//2549 7068//2549 7062//2549
f 7068//2549 7069//2549 7062//2549
f 7062//2550 7069//2550 7063//2550
f 7069//2550 7070//2550 7063//2550
f 7064//2551 7071//2551 7065//2551
f 7071//2551 7072//2551 7065//2551
f 7065//2552 7072//2552 7066//2552
f 7072//2552 7073//2552 7066//2552
f 7066//2553 7073//2553 7067//2553
f 7073//2553 7074//2553 7067//2553
f 7067//2554 7074//2554 7068//2554
f 7074//2554 7075//2554 7068//2554
f 7068//2555 7075//2555 7069//2555
f 7075//2555 7076//2555 7069//2555
f 7069//2556 7076//2556 7070//2556
f 7076//2556 7077//2556 7070//2556
f 7071//2557 7078//2557 7072//2557
f 7078//2557 7079//2557 7072//2557
f 7072//2558 7079//2558 7073//2558
f 7079//2558 7080//2558 7073//2558
f 7073//2559 7080//2559 7074//2559
f 7080//2559 7081//2559 7074//2559
f 7074//2560 7081//2560 7075//2560
f 7081//2560 7082//2560 7075//2560
f 7075//2561 7082//2561 7076//2561
f 7082//2561 7083//2561 7076//2561
f 7076//2562 7083//2562 7077//2562
f 7083//2562 7084//2562 7077//2562
f 7078//2563 7085//2563 7079//2563
f 7085//2563 7086//2563 7079//2563
f 7079//2564 7086//2564 7080//2564
f 7086//2564 7087//2564 7080//2564
f 7080//2565 7087//2565 7081//2565
f 7087//2565 7088//2565 7081//2565
f 7081//2566 7088//2566 7082//2566
f 7088//2566 7089//2566 7082//2566
f 7082//2567 7089//2567 7083//2567
f 7089//2567 7090//2567 7083//2567
f 7083//2568 7090//2568 7084//2568
f 7090//2568 7091//2568 7084//2568
f 7085//2569 7092//2569 7086//2569
f 7092//2569 7093//2569 7086//2569
f 7086//2570 7093//2570 7087//2570
f 7093//2570 7094//2570 7087//2570
f 7087//2571 7094//2571 7088//2571
f 7094//2571 7095//2571 7088//2571
f 7088//2572 7095//2572 7089//2572
f 7095//2572 7096//2572 7089//2572
f 7089//2573 7096//2573 7090//2573
f 7096//2573 7097//2573 7090//2573
f 7090//2574 7097//2574 7091//2574
f 7097//2574 7098//2574 7091//2574
f 7092//2575 7099//2575 7093//2575
f 7099//2575 7100//2575 7093//2575
f 7093//2576 7100//2576 7094//2576
f 7100//2576 7101//2576 7094//2576
f 7094//2577 7101//2577 7095//2577
f 7101//2577 7102//2577 7095//2577
f 7095//2578 7102//2578 7096//2578
f 7102//2578 7103//2578 7096//2578
f 7096//2579 7103//2579 7097//2579
f 7103//2579 7104//2579 7097//2579
f 7097//2580 7104//2580 7098//2580
f 7104//2581 7105//2581 7098//2581
f 7106//2582 7113//2582 7107//2582
f 7113//2583 7114//2583 7107//2583
f 7107//2584 7114//2584 7108//2584
f 7114//2584 7115//2584 7108//2584
f 7108//2585 7115//2585 7109//2585
f 7115//2585 7116//2585 7109//2585
f 7109//2586 7116//2586 7110//2586
f 7116//2586 7117//2586 7110//2586
f 7110//2587 7117//2587 7111//2587
f 7117//2587 7118//2587 7111//2587
f 7111//2588 7118//2588 7112//2588
f 7118//2588 7119//2588 7112//2588
f 7113//2589 7120//2589 7114//2589
f 7120//2589 7121//2589 7114//2589
f 7114//2590 7121//2590 7115//2590
f 7121//2590 7122//2590 7115//2590
f 7115//2591 7122//2591 7116//2591
f 7122//2591 7123//2591 7116//2591
f 7116//2592 7123//2592 7117//2592
f 7123//2592 7124//2592 7117//2592
f 7117//2593 7124//2593 7118//2593
f 7124//2593 7125//2593 7118//2593
f 7118//2594 7125//2594 7119//2594
f 7125//2594 7126//2594 7119//2594
f 7120//2595 7127//2595 7121//2595
f 7127//2595 7128//2595 7121//2595
f 7121//2596 7128//2596 7122//2596
f 7128//2596 7129//2596 7122//2596
f 7122//2597 7129//2597 7123//2597
f 7129//2597 7130//2597 7123//2597
f 7123//2598 7130//2598 7124//2598
f 7130//2598 7131//2598 7124//2598
f 7124//2599 7131//2599 7125//2599
f 7131//2599 7132//2599 7125//2599
f 7125//2600 7132//2600 7126//2600
f 7132//2600 7133//2600 7126//2600
f 7127//2601 7134//2601 7128//2601
f 7134//2601 7135//2601 7128//2601
f 7128//2602 7135//2602 7129//2602
f 7135//2602 7136//2602 7129//2602
f 7129//2603 7136//2603 7130//2603
f 7136//2603 7137//2603 7130//2603
f 7130//2604 7137//2604 7131//2604
f 7137//2604 7138//2604 7131//2604
f 7131//2605 7138//2605 7132//2605
f 7138//2605 7139//2605 7132//2605
f 7132//2606 7139//2606 7133//2606
f 7139//2606 7140//2606 7133//2606
f 7134//2607 7141//2607 7135//2607
f 7141//2607 7142//2607 7135//2607
f 7135//2608 7142//2608 7136//2608
f 7142//2608 7143//2608 7136//2608
f 7136//2609 7143//2609 7137//2609
f 7143//2609 7144//2609 7137//2609
f 7137//2610 7144//2610 7138//2610
f 7144//2610 7145//2610 7138//2610
f 7138//2611 7145//2611 7139//2611
f 7145//2611 7146//2611 7139//2611
f 7139//2612 7146//2612 7140//2612
f 7146//2612 7147//2612 7140//2612
f 7141//2613 7148//2613 7142//2613
f 7148//2613 7149//2613 7142//2613
f 7142//2614 7149//2614 7143//2614
f 7149//2614 7150//2614 7143//2614
f 7143//2615 7150//2615 7144//2615
f 7150//2615 7151//2615 7144//2615
f 7144//2616 7151//2616 7145//2616
f 7151//2616 7152//2616 7145//2616
f 7145//2617 7152//2617 7146//2617
f 7152//2617 7153//2617 7146//2617
f 7146//2618 7153//2618 7147//2618
f 7153//2618 7154//2618 7147//2618
f 7155//97 7162//97 7156//97
f 7162//97 7163//97 7156//97
f 7156//97 7163//97 7157//97
f 7163//97 7164//97 7157//97
f 7157//97 7164//97 7158//97
f 7164//97 7165//97 7158//97
f 7158//97 7165//97 7159//97
f 7165//97 7166//97 7159//97
f 7159//97 7166//97 7160//97
f 7166//97 7167//97 7160//97
f 7160//97 7167//97 7161//97
f 7167//97 7168//97 7161//97
f 7162//97 7169//97 7163//97
f 7169//97 7170//97 7163//97
f 7163//97 7170//97 7164//97
f 7170//97 7171//97 7164//97
f 7164//97 7171//97 7165//97
f 7171//97 7172//97 7165//97
f 7165//97 7172//97 7166//97
f 7172//97 7173//97 7166//97
f 7166//97 7173//97 7167//97
f 7173//97 7174//97 7167//97
f 7167//97 7174//97 7168//97
f 7174//97 7175//97 7168//97
f 7169//97 7176//97 7170//97
f 7176//97 7177//97 7170//97
f 7170//97 7177//97 7171//97
f 7177//97 7178//97 7171//97
f 7171//97 7178//97 7172//97
f 7178//97 7179//97 7172//97
f 7172//97 7179//97 7173//97
f 7179//97 7180//97 7173//97
f 7173//97 7180//97 7174//97
f 7180//97 7181//97 7174//97
f 7174//97 7181//97 7175//97
f 7181//97 7182//97 7175//97
f 7176//97 7183//97 7177//97
f 7183//97 7184//97 7177//97
f 7177//97 7184//97 7178//97
f 7184//97 7185//97 7178//97
f 7178//97 7185//97 7179//97
f 7185//97 7186//97 7179//97
f 7179//97 7186//97 7180//97
f 7186//97 7187//97 7180//97
f 7180//97 7187//97 7181//97
f 7187//97 7188//97 7181//97
f 7181//97 7188//97 7182//97
f 7188//97 7189//97 7182//97
f 7183//97 7190//97 7184//97
f 7190//97 7191//97 7184//97
f 7184//97 7191//97 7185//97
f 7191//97 7192//97 7185//97
f 7185//97 7192//97 7186//97
f 7192//97 7193//97 7186//97
f 7186//97 7193//97 7187//97
f 7193//97 7194//97 7187//97
f 7187//97 7194//97 7188//97
f 7194//97 7195//97 7188//97
f 7188//97 7195//97 7189//97
f 7195//97 7196//97 7189//97
f 7190//97 7197//97 7191//97
f 7197//97 7198//97 7191//97
f 7191//97 7198//97 7192//97
f 7198//97 7199//97 7192//97
f 7192//97 7199//97 7193//97
f 7199//97 7200//97 7193//97
f 7193//97 7200//97 7194//97
f 7200//97 7201//97 7194//97
f 7194//97 7201//97 7195//97
f 7201//97 7202//97 7195//97
f 7195//97 7202//97 7196//97
f 7202//97 7203//97 7196//97
f 7204//98 7211//98 7205//98
f 7211//98 7212//98 7205//98
f 7205//98 7212//98 7206//98
f 7212//98 7213//98 7206//98
f 7206//98 7213//98 7207//98
f 7213//98 7214//98 7207//98
f 7207//98 7214//98 7208//98
f 7214//98 7215//98 7208//98
f 7208//98 7215//98 7209//98
f 7215//98 7216//98 7209//98
f 7209//98 7216//98 7210//98
f 7216//98 7217//98 7210//98
f 7211//98 7218//98 7212//98
f 7218//98 7219//98 7212//98
f 7212//98 7219//98 7213//98
f 7219//98 7220//98 7213//98
f 7213//98 7220//98 7214//98
f 7220//98 7221//98 7214//98
f 7214//98 7221//98 7215//98
f 7221//98 7222//98 7215//98
f 7215//98 7222//98 7216//98
f 7222//98 7223//98 7216//98
f 7216//98 7223//98 7217//98
f 7223//98 7224//98 7217//98
f 7218//98 7225//98 7219//98
f 7225//98 7226//98 7219//98
f 7219//98 7226//98 7220//98
f 7226//98 7227//98 7220//98
f 7220//98 7227//98 7221//98
f 7227//98 7228//98 7221//98
f 7221//98 7228//98 7222//98
f 7228//98 7229//98 7222//98
f 7222//98 7229//98 7223//98
f 7229//98 7230//98 7223//98
f 7223//98 7230//98 7224//98
f 7230//98 7231//98 7224//98
f 7225//98 7232//98 7226//98
f 7232//98 7233//98 7226//98
f 7226//98 7233//98 7227//98
f 7233//98 7234//98 7227//98
f 7227//98 7234//98 7228//98
f 7234//98 7235//98 7228//98
f 7228//98 7235//98 7229//98
f 7235//98 7236//98 7229//98
f 7229//98 7236//98 7230//98
f 7236//98 7237//98 7230//98
f 7230//98 7237//98 7231//98
f 7237//98 7238//98 7231//98
f 7232//98 7239//98 7233//98
f 7239//98 7240//98 7233//98
f 7233//98 7240//98 7234//98
f 7240//98 7241//98 7234//98
f 7234//98 7241//98 7235//98
f 7241//98 7242//98 7235//98
f 7235//98 7242//98 7236//98
f 7242//98 7243//98 7236//98
f 7236//98 7243//98 7237//98
f 7243//98 7244//98 7237//98
f 7237//98 7244//98 7238//98
f 7244//98 7245//98 7238//98
f 7239//98 7246//98 7240//98
f 7246//98 7247//98 7240//98
f 7240//98 7247//98 7241//98
f 7247//98 7248//98 7241//98
f 7241//98 7248//98 7242//98
f 7248//98 7249//98 7242//98
f 7242//98 7249//98 7243//98
f 7249//98 7250//98 7243//98
f 7243//98 7250//98 7244//98
f 7250//98 7251//98 7244//98
f 7244//98 7251//98 7245//98
f 7251//98 7252//98 7245//98
