# Terranova — Wildschwein
# EXPLORER Stone-Age-Stil · flat shading · Maße in Metern · Y oben · Sohle auf y=0
mtllib terranova_wildschwein.mtl
v 0.22853 0.91821 0.50000
v 0.21296 1.04473 0.16667
v 0.18885 1.01865 -0.16667
v 0.15881 0.84276 -0.50000
v 0.25643 0.74406 0.50000
v 0.23895 0.88041 0.16667
v 0.21190 0.87065 -0.16667
v 0.17820 0.71584 -0.50000
v 0.25643 0.53594 0.50000
v 0.23895 0.68404 0.16667
v 0.21190 0.69379 -0.16667
v 0.17820 0.56416 -0.50000
v 0.22853 0.36179 0.50000
v 0.21296 0.51971 0.16667
v 0.18885 0.54580 -0.16667
v 0.15881 0.43724 -0.50000
v -0.15881 0.84276 -0.50000
v -0.18885 1.01865 -0.16667
v -0.21296 1.04473 0.16667
v -0.22853 0.91821 0.50000
v -0.17820 0.71584 -0.50000
v -0.21190 0.87065 -0.16667
v -0.23895 0.88041 0.16667
v -0.25643 0.74406 0.50000
v -0.17820 0.56416 -0.50000
v -0.21190 0.69379 -0.16667
v -0.23895 0.68404 0.16667
v -0.25643 0.53594 0.50000
v -0.15881 0.43724 -0.50000
v -0.18885 0.54580 -0.16667
v -0.21296 0.51971 0.16667
v -0.22853 0.36179 0.50000
v -0.15881 0.84276 -0.50000
v -0.11271 0.85587 -0.50000
v -0.05940 0.86752 -0.50000
v 0.00000 0.87213 -0.50000
v 0.05940 0.86752 -0.50000
v 0.11271 0.85587 -0.50000
v 0.15881 0.84276 -0.50000
v -0.18885 1.01865 -0.16667
v -0.13403 1.03392 -0.16667
v -0.07063 1.04751 -0.16667
v 0.00000 1.05289 -0.16667
v 0.07063 1.04751 -0.16667
v 0.13403 1.03392 -0.16667
v 0.18885 1.01865 -0.16667
v -0.21296 1.04473 0.16667
v -0.15114 1.06170 0.16667
v -0.07965 1.07678 0.16667
v 0.00000 1.08275 0.16667
v 0.07965 1.07678 0.16667
v 0.15114 1.06170 0.16667
v 0.21296 1.04473 0.16667
v -0.22853 0.91821 0.50000
v -0.16220 0.93619 0.50000
v -0.08548 0.95217 0.50000
v 0.00000 0.95851 0.50000
v 0.08548 0.95217 0.50000
v 0.16220 0.93619 0.50000
v 0.22853 0.91821 0.50000
v -0.22853 0.36179 0.50000
v -0.16220 0.34381 0.50000
v -0.08548 0.32783 0.50000
v 0.00000 0.32149 0.50000
v 0.08548 0.32783 0.50000
v 0.16220 0.34381 0.50000
v 0.22853 0.36179 0.50000
v -0.21296 0.51971 0.16667
v -0.15114 0.50275 0.16667
v -0.07965 0.48767 0.16667
v 0.00000 0.48169 0.16667
v 0.07965 0.48767 0.16667
v 0.15114 0.50275 0.16667
v 0.21296 0.51971 0.16667
v -0.18885 0.54580 -0.16667
v -0.13403 0.53052 -0.16667
v -0.07063 0.51694 -0.16667
v 0.00000 0.51156 -0.16667
v 0.07063 0.51694 -0.16667
v 0.13403 0.53052 -0.16667
v 0.18885 0.54580 -0.16667
v -0.15881 0.43724 -0.50000
v -0.11271 0.42413 -0.50000
v -0.05940 0.41248 -0.50000
v 0.00000 0.40787 -0.50000
v 0.05940 0.41248 -0.50000
v 0.11271 0.42413 -0.50000
v 0.15881 0.43724 -0.50000
v -0.22853 0.91821 0.50000
v -0.16220 0.93619 0.50000
v -0.08548 0.95217 0.50000
v 0.00000 0.95851 0.50000
v 0.08548 0.95217 0.50000
v 0.16220 0.93619 0.50000
v 0.22853 0.91821 0.50000
v -0.25643 0.74406 0.50000
v -0.16696 0.74163 0.50000
v -0.07618 0.73274 0.50000
v 0.00000 0.74617 0.50000
v 0.07618 0.73274 0.50000
v 0.16696 0.74163 0.50000
v 0.25643 0.74406 0.50000
v -0.25643 0.53594 0.50000
v -0.16696 0.53837 0.50000
v -0.07618 0.54726 0.50000
v 0.00000 0.53383 0.50000
v 0.07618 0.54726 0.50000
v 0.16696 0.53837 0.50000
v 0.25643 0.53594 0.50000
v -0.22853 0.36179 0.50000
v -0.16220 0.34381 0.50000
v -0.08548 0.32783 0.50000
v 0.00000 0.32149 0.50000
v 0.08548 0.32783 0.50000
v 0.16220 0.34381 0.50000
v 0.22853 0.36179 0.50000
v 0.15881 0.84276 -0.50000
v 0.11271 0.85587 -0.50000
v 0.05940 0.86752 -0.50000
v 0.00000 0.87213 -0.50000
v -0.05940 0.86752 -0.50000
v -0.11271 0.85587 -0.50000
v -0.15881 0.84276 -0.50000
v 0.17820 0.71584 -0.50000
v 0.11602 0.71407 -0.50000
v 0.05294 0.70759 -0.50000
v 0.00000 0.71738 -0.50000
v -0.05294 0.70759 -0.50000
v -0.11602 0.71407 -0.50000
v -0.17820 0.71584 -0.50000
v 0.17820 0.56416 -0.50000
v 0.11602 0.56593 -0.50000
v 0.05294 0.57241 -0.50000
v 0.00000 0.56262 -0.50000
v -0.05294 0.57241 -0.50000
v -0.11602 0.56593 -0.50000
v -0.17820 0.56416 -0.50000
v 0.15881 0.43724 -0.50000
v 0.11271 0.42413 -0.50000
v 0.05940 0.41248 -0.50000
v 0.00000 0.40787 -0.50000
v -0.05940 0.41248 -0.50000
v -0.11271 0.42413 -0.50000
v -0.15881 0.43724 -0.50000
v 0.15921 0.86161 0.40000
v 0.16780 0.86575 0.36000
v 0.16996 0.86592 0.32000
v 0.17185 0.86592 0.28000
v 0.17374 0.86592 0.24000
v 0.17534 0.86575 0.20000
v 0.17006 0.86161 0.16000
v 0.16949 0.83304 0.40000
v 0.17864 0.83599 0.36000
v 0.18095 0.83611 0.32000
v 0.18296 0.83611 0.28000
v 0.18497 0.83611 0.24000
v 0.18667 0.83599 0.20000
v 0.18105 0.83304 0.16000
v 0.17864 0.80001 0.40000
v 0.18828 0.80156 0.36000
v 0.19071 0.80162 0.32000
v 0.19283 0.80162 0.28000
v 0.19495 0.80162 0.24000
v 0.19675 0.80156 0.20000
v 0.19082 0.80001 0.16000
v 0.18227 0.76320 0.40000
v 0.19210 0.76320 0.36000
v 0.19458 0.76320 0.32000
v 0.19674 0.76320 0.28000
v 0.19890 0.76320 0.24000
v 0.20074 0.76320 0.20000
v 0.19469 0.76320 0.16000
v 0.17864 0.72639 0.40000
v 0.18828 0.72484 0.36000
v 0.19071 0.72478 0.32000
v 0.19283 0.72478 0.28000
v 0.19495 0.72478 0.24000
v 0.19675 0.72484 0.20000
v 0.19082 0.72639 0.16000
v 0.16949 0.69336 0.40000
v 0.17864 0.69041 0.36000
v 0.18095 0.69029 0.32000
v 0.18296 0.69029 0.28000
v 0.18497 0.69029 0.24000
v 0.18667 0.69041 0.20000
v 0.18105 0.69336 0.16000
v 0.15921 0.66479 0.40000
v 0.16780 0.66065 0.36000
v 0.16996 0.66048 0.32000
v 0.17185 0.66048 0.28000
v 0.17374 0.66048 0.24000
v 0.17534 0.66065 0.20000
v 0.17006 0.66479 0.16000
v -0.17006 0.86161 0.16000
v -0.17534 0.86575 0.20000
v -0.17374 0.86592 0.24000
v -0.17185 0.86592 0.28000
v -0.16996 0.86592 0.32000
v -0.16780 0.86575 0.36000
v -0.15921 0.86161 0.40000
v -0.18105 0.83304 0.16000
v -0.18667 0.83599 0.20000
v -0.18497 0.83611 0.24000
v -0.18296 0.83611 0.28000
v -0.18095 0.83611 0.32000
v -0.17864 0.83599 0.36000
v -0.16949 0.83304 0.40000
v -0.19082 0.80001 0.16000
v -0.19675 0.80156 0.20000
v -0.19495 0.80162 0.24000
v -0.19283 0.80162 0.28000
v -0.19071 0.80162 0.32000
v -0.18828 0.80156 0.36000
v -0.17864 0.80001 0.40000
v -0.19469 0.76320 0.16000
v -0.20074 0.76320 0.20000
v -0.19890 0.76320 0.24000
v -0.19674 0.76320 0.28000
v -0.19458 0.76320 0.32000
v -0.19210 0.76320 0.36000
v -0.18227 0.76320 0.40000
v -0.19082 0.72639 0.16000
v -0.19675 0.72484 0.20000
v -0.19495 0.72478 0.24000
v -0.19283 0.72478 0.28000
v -0.19071 0.72478 0.32000
v -0.18828 0.72484 0.36000
v -0.17864 0.72639 0.40000
v -0.18105 0.69336 0.16000
v -0.18667 0.69041 0.20000
v -0.18497 0.69029 0.24000
v -0.18296 0.69029 0.28000
v -0.18095 0.69029 0.32000
v -0.17864 0.69041 0.36000
v -0.16949 0.69336 0.40000
v -0.17006 0.66479 0.16000
v -0.17534 0.66065 0.20000
v -0.17374 0.66048 0.24000
v -0.17185 0.66048 0.28000
v -0.16996 0.66048 0.32000
v -0.16780 0.66065 0.36000
v -0.15921 0.66479 0.40000
v -0.17006 0.86161 0.16000
v -0.12070 0.86797 0.16000
v -0.06361 0.87362 0.16000
v 0.00000 0.87586 0.16000
v 0.06361 0.87362 0.16000
v 0.12070 0.86797 0.16000
v 0.17006 0.86161 0.16000
v -0.17534 0.86575 0.20000
v -0.12445 0.87238 0.20000
v -0.06558 0.87827 0.20000
v 0.00000 0.88061 0.20000
v 0.06558 0.87827 0.20000
v 0.12445 0.87238 0.20000
v 0.17534 0.86575 0.20000
v -0.17374 0.86592 0.24000
v -0.12331 0.87256 0.24000
v -0.06498 0.87846 0.24000
v 0.00000 0.88080 0.24000
v 0.06498 0.87846 0.24000
v 0.12331 0.87256 0.24000
v 0.17374 0.86592 0.24000
v -0.17185 0.86592 0.28000
v -0.12197 0.87256 0.28000
v -0.06428 0.87846 0.28000
v 0.00000 0.88080 0.28000
v 0.06428 0.87846 0.28000
v 0.12197 0.87256 0.28000
v 0.17185 0.86592 0.28000
v -0.16996 0.86592 0.32000
v -0.12063 0.87256 0.32000
v -0.06357 0.87846 0.32000
v 0.00000 0.88080 0.32000
v 0.06357 0.87846 0.32000
v 0.12063 0.87256 0.32000
v 0.16996 0.86592 0.32000
v -0.16780 0.86575 0.36000
v -0.11910 0.87238 0.36000
v -0.06276 0.87827 0.36000
v 0.00000 0.88061 0.36000
v 0.06276 0.87827 0.36000
v 0.11910 0.87238 0.36000
v 0.16780 0.86575 0.36000
v -0.15921 0.86161 0.40000
v -0.11300 0.86797 0.40000
v -0.05955 0.87362 0.40000
v 0.00000 0.87586 0.40000
v 0.05955 0.87362 0.40000
v 0.11300 0.86797 0.40000
v 0.15921 0.86161 0.40000
v -0.15921 0.66479 0.40000
v -0.11300 0.65843 0.40000
v -0.05955 0.65278 0.40000
v 0.00000 0.65054 0.40000
v 0.05955 0.65278 0.40000
v 0.11300 0.65843 0.40000
v 0.15921 0.66479 0.40000
v -0.16780 0.66065 0.36000
v -0.11910 0.65402 0.36000
v -0.06276 0.64813 0.36000
v 0.00000 0.64579 0.36000
v 0.06276 0.64813 0.36000
v 0.11910 0.65402 0.36000
v 0.16780 0.66065 0.36000
v -0.16996 0.66048 0.32000
v -0.12063 0.65384 0.32000
v -0.06357 0.64794 0.32000
v 0.00000 0.64560 0.32000
v 0.06357 0.64794 0.32000
v 0.12063 0.65384 0.32000
v 0.16996 0.66048 0.32000
v -0.17185 0.66048 0.28000
v -0.12197 0.65384 0.28000
v -0.06428 0.64794 0.28000
v 0.00000 0.64560 0.28000
v 0.06428 0.64794 0.28000
v 0.12197 0.65384 0.28000
v 0.17185 0.66048 0.28000
v -0.17374 0.66048 0.24000
v -0.12331 0.65384 0.24000
v -0.06498 0.64794 0.24000
v 0.00000 0.64560 0.24000
v 0.06498 0.64794 0.24000
v 0.12331 0.65384 0.24000
v 0.17374 0.66048 0.24000
v -0.17534 0.66065 0.20000
v -0.12445 0.65402 0.20000
v -0.06558 0.64813 0.20000
v 0.00000 0.64579 0.20000
v 0.06558 0.64813 0.20000
v 0.12445 0.65402 0.20000
v 0.17534 0.66065 0.20000
v -0.17006 0.66479 0.16000
v -0.12070 0.65843 0.16000
v -0.06361 0.65278 0.16000
v 0.00000 0.65054 0.16000
v 0.06361 0.65278 0.16000
v 0.12070 0.65843 0.16000
v 0.17006 0.66479 0.16000
v -0.15921 0.86161 0.40000
v -0.11300 0.86797 0.40000
v -0.05955 0.87362 0.40000
v 0.00000 0.87586 0.40000
v 0.05955 0.87362 0.40000
v 0.11300 0.86797 0.40000
v 0.15921 0.86161 0.40000
v -0.16949 0.83304 0.40000
v -0.10614 0.82881 0.40000
v -0.05816 0.83510 0.40000
v 0.00000 0.83831 0.40000
v 0.05816 0.83510 0.40000
v 0.10614 0.82881 0.40000
v 0.16949 0.83304 0.40000
v -0.17864 0.80001 0.40000
v -0.11631 0.79915 0.40000
v -0.05307 0.79600 0.40000
v 0.00000 0.80075 0.40000
v 0.05307 0.79600 0.40000
v 0.11631 0.79915 0.40000
v 0.17864 0.80001 0.40000
v -0.18227 0.76320 0.40000
v -0.12151 0.76320 0.40000
v -0.06076 0.76320 0.40000
v 0.00000 0.76320 0.40000
v 0.06076 0.76320 0.40000
v 0.12151 0.76320 0.40000
v 0.18227 0.76320 0.40000
v -0.17864 0.72639 0.40000
v -0.11631 0.72725 0.40000
v -0.05307 0.73040 0.40000
v 0.00000 0.72565 0.40000
v 0.05307 0.73040 0.40000
v 0.11631 0.72725 0.40000
v 0.17864 0.72639 0.40000
v -0.16949 0.69336 0.40000
v -0.10614 0.69759 0.40000
v -0.05816 0.69130 0.40000
v 0.00000 0.68809 0.40000
v 0.05816 0.69130 0.40000
v 0.10614 0.69759 0.40000
v 0.16949 0.69336 0.40000
v -0.15921 0.66479 0.40000
v -0.11300 0.65843 0.40000
v -0.05955 0.65278 0.40000
v 0.00000 0.65054 0.40000
v 0.05955 0.65278 0.40000
v 0.11300 0.65843 0.40000
v 0.15921 0.66479 0.40000
v 0.17006 0.86161 0.16000
v 0.12070 0.86797 0.16000
v 0.06361 0.87362 0.16000
v 0.00000 0.87586 0.16000
v -0.06361 0.87362 0.16000
v -0.12070 0.86797 0.16000
v -0.17006 0.86161 0.16000
v 0.18105 0.83304 0.16000
v 0.11337 0.82881 0.16000
v 0.06212 0.83510 0.16000
v 0.00000 0.83831 0.16000
v -0.06212 0.83510 0.16000
v -0.11337 0.82881 0.16000
v -0.18105 0.83304 0.16000
v 0.19082 0.80001 0.16000
v 0.12425 0.79915 0.16000
v 0.05669 0.79600 0.16000
v 0.00000 0.80075 0.16000
v -0.05669 0.79600 0.16000
v -0.12425 0.79915 0.16000
v -0.19082 0.80001 0.16000
v 0.19469 0.76320 0.16000
v 0.12979 0.76320 0.16000
v 0.06490 0.76320 0.16000
v 0.00000 0.76320 0.16000
v -0.06490 0.76320 0.16000
v -0.12979 0.76320 0.16000
v -0.19469 0.76320 0.16000
v 0.19082 0.72639 0.16000
v 0.12425 0.72725 0.16000
v 0.05669 0.73040 0.16000
v 0.00000 0.72565 0.16000
v -0.05669 0.73040 0.16000
v -0.12425 0.72725 0.16000
v -0.19082 0.72639 0.16000
v 0.18105 0.69336 0.16000
v 0.11337 0.69759 0.16000
v 0.06212 0.69130 0.16000
v 0.00000 0.68809 0.16000
v -0.06212 0.69130 0.16000
v -0.11337 0.69759 0.16000
v -0.18105 0.69336 0.16000
v 0.17006 0.66479 0.16000
v 0.12070 0.65843 0.16000
v 0.06361 0.65278 0.16000
v 0.00000 0.65054 0.16000
v -0.06361 0.65278 0.16000
v -0.12070 0.65843 0.16000
v -0.17006 0.66479 0.16000
v 0.07717 0.85600 0.53189
v 0.09503 0.88893 0.47543
v 0.10718 0.91417 0.41804
v 0.08216 0.82633 0.52832
v 0.10117 0.85178 0.47095
v 0.11411 0.87179 0.41293
v 0.08659 0.79201 0.52418
v 0.10663 0.80882 0.46577
v 0.12027 0.82276 0.40702
v 0.08835 0.75378 0.51957
v 0.10879 0.76096 0.46000
v 0.12270 0.76814 0.40043
v 0.08659 0.71554 0.51496
v 0.10663 0.71310 0.45423
v 0.12027 0.71352 0.39385
v 0.08216 0.68123 0.51082
v 0.10117 0.67014 0.44905
v 0.11411 0.66450 0.38793
v 0.07717 0.65156 0.50724
v 0.09503 0.63299 0.44457
v 0.10718 0.62211 0.38282
v -0.10718 0.91417 0.41804
v -0.09503 0.88893 0.47543
v -0.07717 0.85600 0.53189
v -0.11411 0.87179 0.41293
v -0.10117 0.85178 0.47095
v -0.08216 0.82633 0.52832
v -0.12027 0.82276 0.40702
v -0.10663 0.80882 0.46577
v -0.08659 0.79201 0.52418
v -0.12270 0.76814 0.40043
v -0.10879 0.76096 0.46000
v -0.08835 0.75378 0.51957
v -0.12027 0.71352 0.39385
v -0.10663 0.71310 0.45423
v -0.08659 0.71554 0.51496
v -0.11411 0.66450 0.38793
v -0.10117 0.67014 0.44905
v -0.08216 0.68123 0.51082
v -0.10718 0.62211 0.38282
v -0.09503 0.63299 0.44457
v -0.07717 0.65156 0.50724
v -0.10718 0.91417 0.41804
v -0.07607 0.92361 0.41918
v -0.04009 0.93200 0.42019
v 0.00000 0.93532 0.42059
v 0.04009 0.93200 0.42019
v 0.07607 0.92361 0.41918
v 0.10718 0.91417 0.41804
v -0.09503 0.88893 0.47543
v -0.06745 0.89719 0.47643
v -0.03554 0.90455 0.47731
v 0.00000 0.90746 0.47766
v 0.03554 0.90455 0.47731
v 0.06745 0.89719 0.47643
v 0.09503 0.88893 0.47543
v -0.07717 0.85600 0.53189
v -0.05477 0.86260 0.53269
v -0.02886 0.86848 0.53340
v 0.00000 0.87080 0.53368
v 0.02886 0.86848 0.53340
v 0.05477 0.86260 0.53269
v 0.07717 0.85600 0.53189
v -0.07717 0.65156 0.50724
v -0.05477 0.64495 0.50645
v -0.02886 0.63908 0.50574
v 0.00000 0.63675 0.50546
v 0.02886 0.63908 0.50574
v 0.05477 0.64495 0.50645
v 0.07717 0.65156 0.50724
v -0.09503 0.63299 0.44457
v -0.06745 0.62473 0.44357
v -0.03554 0.61737 0.44269
v 0.00000 0.61446 0.44234
v 0.03554 0.61737 0.44269
v 0.06745 0.62473 0.44357
v 0.09503 0.63299 0.44457
v -0.10718 0.62211 0.38282
v -0.07607 0.61268 0.38169
v -0.04009 0.60429 0.38067
v 0.00000 0.60096 0.38027
v 0.04009 0.60429 0.38067
v 0.07607 0.61268 0.38169
v 0.10718 0.62211 0.38282
v -0.07717 0.85600 0.53189
v -0.05477 0.86260 0.53269
v -0.02886 0.86848 0.53340
v 0.00000 0.87080 0.53368
v 0.02886 0.86848 0.53340
v 0.05477 0.86260 0.53269
v 0.07717 0.85600 0.53189
v -0.08216 0.82633 0.52832
v -0.05145 0.82193 0.52779
v -0.02819 0.82846 0.52857
v 0.00000 0.83180 0.52898
v 0.02819 0.82846 0.52857
v 0.05145 0.82193 0.52779
v 0.08216 0.82633 0.52832
v -0.08659 0.79201 0.52418
v -0.05638 0.79112 0.52407
v -0.02572 0.78785 0.52368
v 0.00000 0.79279 0.52427
v 0.02572 0.78785 0.52368
v 0.05638 0.79112 0.52407
v 0.08659 0.79201 0.52418
v -0.08835 0.75378 0.51957
v -0.05890 0.75378 0.51957
v -0.02945 0.75378 0.51957
v 0.00000 0.75378 0.51957
v 0.02945 0.75378 0.51957
v 0.05890 0.75378 0.51957
v 0.08835 0.75378 0.51957
v -0.08659 0.71554 0.51496
v -0.05638 0.71644 0.51507
v -0.02572 0.71970 0.51546
v 0.00000 0.71477 0.51486
v 0.02572 0.71970 0.51546
v 0.05638 0.71644 0.51507
v 0.08659 0.71554 0.51496
v -0.08216 0.68123 0.51082
v -0.05145 0.68563 0.51135
v -0.02819 0.67910 0.51056
v 0.00000 0.67576 0.51016
v 0.02819 0.67910 0.51056
v 0.05145 0.68563 0.51135
v 0.08216 0.68123 0.51082
v -0.07717 0.65156 0.50724
v -0.05477 0.64495 0.50645
v -0.02886 0.63908 0.50574
v 0.00000 0.63675 0.50546
v 0.02886 0.63908 0.50574
v 0.05477 0.64495 0.50645
v 0.07717 0.65156 0.50724
v 0.10718 0.91417 0.41804
v 0.07607 0.92361 0.41918
v 0.04009 0.93200 0.42019
v 0.00000 0.93532 0.42059
v -0.04009 0.93200 0.42019
v -0.07607 0.92361 0.41918
v -0.10718 0.91417 0.41804
v 0.11411 0.87179 0.41293
v 0.07145 0.86550 0.41217
v 0.03915 0.87483 0.41330
v 0.00000 0.87960 0.41387
v -0.03915 0.87483 0.41330
v -0.07145 0.86550 0.41217
v -0.11411 0.87179 0.41293
v 0.12027 0.82276 0.40702
v 0.07831 0.82149 0.40686
v 0.03573 0.81682 0.40630
v 0.00000 0.82387 0.40715
v -0.03573 0.81682 0.40630
v -0.07831 0.82149 0.40686
v -0.12027 0.82276 0.40702
v 0.12270 0.76814 0.40043
v 0.08180 0.76814 0.40043
v 0.04090 0.76814 0.40043
v 0.00000 0.76814 0.40043
v -0.04090 0.76814 0.40043
v -0.08180 0.76814 0.40043
v -0.12270 0.76814 0.40043
v 0.12027 0.71352 0.39385
v 0.07831 0.71480 0.39400
v 0.03573 0.71947 0.39456
v 0.00000 0.71242 0.39371
v -0.03573 0.71947 0.39456
v -0.07831 0.71480 0.39400
v -0.12027 0.71352 0.39385
v 0.11411 0.66450 0.38793
v 0.07145 0.67079 0.38869
v 0.03915 0.66145 0.38757
v 0.00000 0.65669 0.38699
v -0.03915 0.66145 0.38757
v -0.07145 0.67079 0.38869
v -0.11411 0.66450 0.38793
v 0.10718 0.62211 0.38282
v 0.07607 0.61268 0.38169
v 0.04009 0.60429 0.38067
v 0.00000 0.60096 0.38027
v -0.04009 0.60429 0.38067
v -0.07607 0.61268 0.38169
v -0.10718 0.62211 0.38282
v 0.08897 0.84211 0.78735
v 0.09815 0.85505 0.71783
v 0.10482 0.86504 0.64819
v 0.11137 0.87490 0.57854
v 0.11792 0.88477 0.50889
v 0.12433 0.89446 0.43924
v 0.12709 0.90004 0.36941
v 0.09471 0.81204 0.78609
v 0.10450 0.82207 0.71645
v 0.11159 0.83002 0.64672
v 0.11857 0.83787 0.57699
v 0.12554 0.84572 0.50725
v 0.13236 0.85346 0.43752
v 0.13531 0.85827 0.36766
v 0.09982 0.77725 0.78462
v 0.11013 0.78393 0.71484
v 0.11761 0.78951 0.64502
v 0.12496 0.79504 0.57519
v 0.13232 0.80056 0.50536
v 0.13950 0.80603 0.43552
v 0.14261 0.80996 0.36563
v 0.10185 0.73850 0.78299
v 0.11237 0.74143 0.71306
v 0.12000 0.74437 0.64312
v 0.12750 0.74731 0.57318
v 0.13500 0.75025 0.50324
v 0.14233 0.75319 0.43330
v 0.14550 0.75613 0.36337
v 0.09982 0.69974 0.78137
v 0.11013 0.69894 0.71127
v 0.11761 0.69924 0.64122
v 0.12496 0.69959 0.57117
v 0.13232 0.69994 0.50113
v 0.13950 0.70035 0.43108
v 0.14261 0.70230 0.36110
v 0.09471 0.66495 0.77990
v 0.10450 0.66080 0.70967
v 0.11159 0.65873 0.63952
v 0.11857 0.65676 0.56937
v 0.12554 0.65478 0.49923
v 0.13236 0.65292 0.42909
v 0.13531 0.65399 0.35907
v 0.08897 0.63488 0.77864
v 0.09815 0.62782 0.70828
v 0.10482 0.62371 0.63805
v 0.11137 0.61972 0.56782
v 0.11792 0.61574 0.49759
v 0.12433 0.61192 0.42737
v 0.12709 0.61222 0.35732
v -0.12709 0.90004 0.36941
v -0.12433 0.89446 0.43924
v -0.11792 0.88477 0.50889
v -0.11137 0.87490 0.57854
v -0.10482 0.86504 0.64819
v -0.09815 0.85505 0.71783
v -0.08897 0.84211 0.78735
v -0.13531 0.85827 0.36766
v -0.13236 0.85346 0.43752
v -0.12554 0.84572 0.50725
v -0.11857 0.83787 0.57699
v -0.11159 0.83002 0.64672
v -0.10450 0.82207 0.71645
v -0.09471 0.81204 0.78609
v -0.14261 0.80996 0.36563
v -0.13950 0.80603 0.43552
v -0.13232 0.80056 0.50536
v -0.12496 0.79504 0.57519
v -0.11761 0.78951 0.64502
v -0.11013 0.78393 0.71484
v -0.09982 0.77725 0.78462
v -0.14550 0.75613 0.36337
v -0.14233 0.75319 0.43330
v -0.13500 0.75025 0.50324
v -0.12750 0.74731 0.57318
v -0.12000 0.74437 0.64312
v -0.11237 0.74143 0.71306
v -0.10185 0.73850 0.78299
v -0.14261 0.70230 0.36110
v -0.13950 0.70035 0.43108
v -0.13232 0.69994 0.50113
v -0.12496 0.69959 0.57117
v -0.11761 0.69924 0.64122
v -0.11013 0.69894 0.71127
v -0.09982 0.69974 0.78137
v -0.13531 0.65399 0.35907
v -0.13236 0.65292 0.42909
v -0.12554 0.65478 0.49923
v -0.11857 0.65676 0.56937
v -0.11159 0.65873 0.63952
v -0.10450 0.66080 0.70967
v -0.09471 0.66495 0.77990
v -0.12709 0.61222 0.35732
v -0.12433 0.61192 0.42737
v -0.11792 0.61574 0.49759
v -0.11137 0.61972 0.56782
v -0.10482 0.62371 0.63805
v -0.09815 0.62782 0.70828
v -0.08897 0.63488 0.77864
v -0.12709 0.90004 0.36941
v -0.09020 0.90934 0.36980
v -0.04754 0.91761 0.37015
v 0.00000 0.92088 0.37029
v 0.04754 0.91761 0.37015
v 0.09020 0.90934 0.36980
v 0.12709 0.90004 0.36941
v -0.12433 0.89446 0.43924
v -0.08824 0.90359 0.43962
v -0.04650 0.91171 0.43997
v 0.00000 0.91493 0.44010
v 0.04650 0.91171 0.43997
v 0.08824 0.90359 0.43962
v 0.12433 0.89446 0.43924
v -0.11792 0.88477 0.50889
v -0.08369 0.89346 0.50926
v -0.04411 0.90119 0.50958
v 0.00000 0.90425 0.50971
v 0.04411 0.90119 0.50958
v 0.08369 0.89346 0.50926
v 0.11792 0.88477 0.50889
v -0.11137 0.87490 0.57854
v -0.07904 0.88315 0.57889
v -0.04165 0.89048 0.57920
v 0.00000 0.89338 0.57932
v 0.04165 0.89048 0.57920
v 0.07904 0.88315 0.57889
v 0.11137 0.87490 0.57854
v -0.10482 0.86504 0.64819
v -0.07439 0.87284 0.64852
v -0.03920 0.87977 0.64881
v 0.00000 0.88252 0.64892
v 0.03920 0.87977 0.64881
v 0.07439 0.87284 0.64852
v 0.10482 0.86504 0.64819
v -0.09815 0.85505 0.71783
v -0.06966 0.86239 0.71814
v -0.03671 0.86891 0.71841
v 0.00000 0.87150 0.71852
v 0.03671 0.86891 0.71841
v 0.06966 0.86239 0.71814
v 0.09815 0.85505 0.71783
v -0.08897 0.84211 0.78735
v -0.06314 0.84881 0.78763
v -0.03327 0.85476 0.78788
v 0.00000 0.85712 0.78798
v 0.03327 0.85476 0.78788
v 0.06314 0.84881 0.78763
v 0.08897 0.84211 0.78735
v -0.08897 0.63488 0.77864
v -0.06314 0.62818 0.77836
v -0.03327 0.62223 0.77811
v 0.00000 0.61987 0.77801
v 0.03327 0.62223 0.77811
v 0.06314 0.62818 0.77836
v 0.08897 0.63488 0.77864
v -0.09815 0.62782 0.70828
v -0.06966 0.62048 0.70797
v -0.03671 0.61395 0.70770
v 0.00000 0.61137 0.70759
v 0.03671 0.61395 0.70770
v 0.06966 0.62048 0.70797
v 0.09815 0.62782 0.70828
v -0.10482 0.62371 0.63805
v -0.07439 0.61591 0.63772
v -0.03920 0.60898 0.63743
v 0.00000 0.60623 0.63731
v 0.03920 0.60898 0.63743
v 0.07439 0.61591 0.63772
v 0.10482 0.62371 0.63805
v -0.11137 0.61972 0.56782
v -0.07904 0.61148 0.56747
v -0.04165 0.60415 0.56716
v 0.00000 0.60124 0.56704
v 0.04165 0.60415 0.56716
v 0.07904 0.61148 0.56747
v 0.11137 0.61972 0.56782
v -0.11792 0.61574 0.49759
v -0.08369 0.60705 0.49722
v -0.04411 0.59932 0.49690
v 0.00000 0.59626 0.49677
v 0.04411 0.59932 0.49690
v 0.08369 0.60705 0.49722
v 0.11792 0.61574 0.49759
v -0.12433 0.61192 0.42737
v -0.08824 0.60279 0.42698
v -0.04650 0.59467 0.42664
v 0.00000 0.59146 0.42651
v 0.04650 0.59467 0.42664
v 0.08824 0.60279 0.42698
v 0.12433 0.61192 0.42737
v -0.12709 0.61222 0.35732
v -0.09020 0.60292 0.35693
v -0.04754 0.59465 0.35658
v 0.00000 0.59138 0.35644
v 0.04754 0.59465 0.35658
v 0.09020 0.60292 0.35693
v 0.12709 0.61222 0.35732
v -0.08897 0.84211 0.78735
v -0.06314 0.84881 0.78763
v -0.03327 0.85476 0.78788
v 0.00000 0.85712 0.78798
v 0.03327 0.85476 0.78788
v 0.06314 0.84881 0.78763
v 0.08897 0.84211 0.78735
v -0.09471 0.81204 0.78609
v -0.05931 0.80757 0.78590
v -0.03250 0.81420 0.78618
v 0.00000 0.81758 0.78632
v 0.03250 0.81420 0.78618
v 0.05931 0.80757 0.78590
v 0.09471 0.81204 0.78609
v -0.09982 0.77725 0.78462
v -0.06500 0.77635 0.78459
v -0.02966 0.77303 0.78445
v 0.00000 0.77804 0.78466
v 0.02966 0.77303 0.78445
v 0.06500 0.77635 0.78459
v 0.09982 0.77725 0.78462
v -0.10185 0.73850 0.78299
v -0.06790 0.73850 0.78299
v -0.03395 0.73850 0.78299
v 0.00000 0.73850 0.78299
v 0.03395 0.73850 0.78299
v 0.06790 0.73850 0.78299
v 0.10185 0.73850 0.78299
v -0.09982 0.69974 0.78137
v -0.06500 0.70064 0.78140
v -0.02966 0.70396 0.78154
v 0.00000 0.69895 0.78133
v 0.02966 0.70396 0.78154
v 0.06500 0.70064 0.78140
v 0.09982 0.69974 0.78137
v -0.09471 0.66495 0.77990
v -0.05931 0.66942 0.78009
v -0.03250 0.66279 0.77981
v 0.00000 0.65941 0.77967
v 0.03250 0.66279 0.77981
v 0.05931 0.66942 0.78009
v 0.09471 0.66495 0.77990
v -0.08897 0.63488 0.77864
v -0.06314 0.62818 0.77836
v -0.03327 0.62223 0.77811
v 0.00000 0.61987 0.77801
v 0.03327 0.62223 0.77811
v 0.06314 0.62818 0.77836
v 0.08897 0.63488 0.77864
v 0.12709 0.90004 0.36941
v 0.09020 0.90934 0.36980
v 0.04754 0.91761 0.37015
v 0.00000 0.92088 0.37029
v -0.04754 0.91761 0.37015
v -0.09020 0.90934 0.36980
v -0.12709 0.90004 0.36941
v 0.13531 0.85827 0.36766
v 0.08473 0.85207 0.36740
v 0.04643 0.86127 0.36778
v 0.00000 0.86597 0.36798
v -0.04643 0.86127 0.36778
v -0.08473 0.85207 0.36740
v -0.13531 0.85827 0.36766
v 0.14261 0.80996 0.36563
v 0.09285 0.80870 0.36557
v 0.04236 0.80410 0.36538
v 0.00000 0.81105 0.36567
v -0.04236 0.80410 0.36538
v -0.09285 0.80870 0.36557
v -0.14261 0.80996 0.36563
v 0.14550 0.75613 0.36337
v 0.09700 0.75613 0.36337
v 0.04850 0.75613 0.36337
v 0.00000 0.75613 0.36337
v -0.04850 0.75613 0.36337
v -0.09700 0.75613 0.36337
v -0.14550 0.75613 0.36337
v 0.14261 0.70230 0.36110
v 0.09285 0.70356 0.36116
v 0.04236 0.70816 0.36135
v 0.00000 0.70121 0.36106
v -0.04236 0.70816 0.36135
v -0.09285 0.70356 0.36116
v -0.14261 0.70230 0.36110
v 0.13531 0.65399 0.35907
v 0.08473 0.66019 0.35933
v 0.04643 0.65099 0.35895
v 0.00000 0.64629 0.35875
v -0.04643 0.65099 0.35895
v -0.08473 0.66019 0.35933
v -0.13531 0.65399 0.35907
v 0.12709 0.61222 0.35732
v 0.09020 0.60292 0.35693
v 0.04754 0.59465 0.35658
v 0.00000 0.59138 0.35644
v -0.04754 0.59465 0.35658
v -0.09020 0.60292 0.35693
v -0.12709 0.61222 0.35732
v 0.05516 0.64729 0.77978
v 0.06260 0.65281 0.72536
v 0.06848 0.65771 0.67092
v 0.07429 0.66257 0.61648
v 0.08010 0.66744 0.56203
v 0.08581 0.67226 0.50759
v 0.08897 0.67601 0.45310
v 0.05872 0.64077 0.77951
v 0.06664 0.64536 0.72505
v 0.07291 0.64950 0.67058
v 0.07909 0.65362 0.61610
v 0.08527 0.65773 0.56163
v 0.09135 0.66182 0.50715
v 0.09471 0.66515 0.45264
v 0.06189 0.63323 0.77919
v 0.07024 0.63673 0.72469
v 0.07684 0.64000 0.67018
v 0.08336 0.64325 0.61567
v 0.08988 0.64651 0.56115
v 0.09628 0.64975 0.50664
v 0.09982 0.65259 0.45211
v 0.06315 0.62484 0.77884
v 0.07167 0.62713 0.72428
v 0.07840 0.62942 0.66973
v 0.08505 0.63171 0.61518
v 0.09170 0.63401 0.56063
v 0.09823 0.63630 0.50608
v 0.10185 0.63859 0.45152
v 0.06189 0.61644 0.77848
v 0.07024 0.61752 0.72388
v 0.07684 0.61884 0.66929
v 0.08336 0.62017 0.61470
v 0.08988 0.62150 0.56010
v 0.09628 0.62285 0.50551
v 0.09982 0.62460 0.45094
v 0.05872 0.60890 0.77817
v 0.06664 0.60890 0.72352
v 0.07291 0.60934 0.66889
v 0.07909 0.60981 0.61426
v 0.08527 0.61028 0.55963
v 0.09135 0.61078 0.50500
v 0.09471 0.61203 0.45041
v 0.05516 0.60238 0.77789
v 0.06260 0.60144 0.72320
v 0.06848 0.60113 0.66854
v 0.07429 0.60085 0.61388
v 0.08010 0.60057 0.55922
v 0.08581 0.60034 0.50457
v 0.08897 0.60117 0.44995
v -0.08897 0.67601 0.45310
v -0.08581 0.67226 0.50759
v -0.08010 0.66744 0.56203
v -0.07429 0.66257 0.61648
v -0.06848 0.65771 0.67092
v -0.06260 0.65281 0.72536
v -0.05516 0.64729 0.77978
v -0.09471 0.66515 0.45264
v -0.09135 0.66182 0.50715
v -0.08527 0.65773 0.56163
v -0.07909 0.65362 0.61610
v -0.07291 0.64950 0.67058
v -0.06664 0.64536 0.72505
v -0.05872 0.64077 0.77951
v -0.09982 0.65259 0.45211
v -0.09628 0.64975 0.50664
v -0.08988 0.64651 0.56115
v -0.08336 0.64325 0.61567
v -0.07684 0.64000 0.67018
v -0.07024 0.63673 0.72469
v -0.06189 0.63323 0.77919
v -0.10185 0.63859 0.45152
v -0.09823 0.63630 0.50608
v -0.09170 0.63401 0.56063
v -0.08505 0.63171 0.61518
v -0.07840 0.62942 0.66973
v -0.07167 0.62713 0.72428
v -0.06315 0.62484 0.77884
v -0.09982 0.62460 0.45094
v -0.09628 0.62285 0.50551
v -0.08988 0.62150 0.56010
v -0.08336 0.62017 0.61470
v -0.07684 0.61884 0.66929
v -0.07024 0.61752 0.72388
v -0.06189 0.61644 0.77848
v -0.09471 0.61203 0.45041
v -0.09135 0.61078 0.50500
v -0.08527 0.61028 0.55963
v -0.07909 0.60981 0.61426
v -0.07291 0.60934 0.66889
v -0.06664 0.60890 0.72352
v -0.05872 0.60890 0.77817
v -0.08897 0.60117 0.44995
v -0.08581 0.60034 0.50457
v -0.08010 0.60057 0.55922
v -0.07429 0.60085 0.61388
v -0.06848 0.60113 0.66854
v -0.06260 0.60144 0.72320
v -0.05516 0.60238 0.77789
v -0.08897 0.67601 0.45310
v -0.06314 0.67843 0.45320
v -0.03327 0.68057 0.45329
v 0.00000 0.68143 0.45332
v 0.03327 0.68057 0.45329
v 0.06314 0.67843 0.45320
v 0.08897 0.67601 0.45310
v -0.08581 0.67226 0.50759
v -0.06090 0.67458 0.50769
v -0.03209 0.67665 0.50777
v 0.00000 0.67747 0.50781
v 0.03209 0.67665 0.50777
v 0.06090 0.67458 0.50769
v 0.08581 0.67226 0.50759
v -0.08010 0.66744 0.56203
v -0.05685 0.66960 0.56212
v -0.02996 0.67152 0.56220
v 0.00000 0.67228 0.56224
v 0.02996 0.67152 0.56220
v 0.05685 0.66960 0.56212
v 0.08010 0.66744 0.56203
v -0.07429 0.66257 0.61648
v -0.05273 0.66457 0.61656
v -0.02779 0.66634 0.61664
v 0.00000 0.66704 0.61666
v 0.02779 0.66634 0.61664
v 0.05273 0.66457 0.61656
v 0.07429 0.66257 0.61648
v -0.06848 0.65771 0.67092
v -0.04860 0.65954 0.67100
v -0.02561 0.66116 0.67107
v 0.00000 0.66180 0.67109
v 0.02561 0.66116 0.67107
v 0.04860 0.65954 0.67100
v 0.06848 0.65771 0.67092
v -0.06260 0.65281 0.72536
v -0.04443 0.65447 0.72543
v -0.02341 0.65595 0.72550
v 0.00000 0.65653 0.72552
v 0.02341 0.65595 0.72550
v 0.04443 0.65447 0.72543
v 0.06260 0.65281 0.72536
v -0.05516 0.64729 0.77978
v -0.03915 0.64874 0.77984
v -0.02063 0.65003 0.77989
v 0.00000 0.65054 0.77992
v 0.02063 0.65003 0.77989
v 0.03915 0.64874 0.77984
v 0.05516 0.64729 0.77978
v -0.05516 0.60238 0.77789
v -0.03915 0.60093 0.77783
v -0.02063 0.59964 0.77778
v 0.00000 0.59913 0.77776
v 0.02063 0.59964 0.77778
v 0.03915 0.60093 0.77783
v 0.05516 0.60238 0.77789
v -0.06260 0.60144 0.72320
v -0.04443 0.59978 0.72313
v -0.02341 0.59831 0.72307
v 0.00000 0.59772 0.72305
v 0.02341 0.59831 0.72307
v 0.04443 0.59978 0.72313
v 0.06260 0.60144 0.72320
v -0.06848 0.60113 0.66854
v -0.04860 0.59930 0.66847
v -0.02561 0.59768 0.66840
v 0.00000 0.59704 0.66837
v 0.02561 0.59768 0.66840
v 0.04860 0.59930 0.66847
v 0.06848 0.60113 0.66854
v -0.07429 0.60085 0.61388
v -0.05273 0.59886 0.61380
v -0.02779 0.59709 0.61373
v 0.00000 0.59638 0.61370
v 0.02779 0.59709 0.61373
v 0.05273 0.59886 0.61380
v 0.07429 0.60085 0.61388
v -0.08010 0.60057 0.55922
v -0.05685 0.59841 0.55913
v -0.02996 0.59649 0.55905
v 0.00000 0.59573 0.55902
v 0.02996 0.59649 0.55905
v 0.05685 0.59841 0.55913
v 0.08010 0.60057 0.55922
v -0.08581 0.60034 0.50457
v -0.06090 0.59801 0.50447
v -0.03209 0.59595 0.50438
v 0.00000 0.59513 0.50435
v 0.03209 0.59595 0.50438
v 0.06090 0.59801 0.50447
v 0.08581 0.60034 0.50457
v -0.08897 0.60117 0.44995
v -0.06314 0.59876 0.44985
v -0.03327 0.59661 0.44976
v 0.00000 0.59575 0.44972
v 0.03327 0.59661 0.44976
v 0.06314 0.59876 0.44985
v 0.08897 0.60117 0.44995
v -0.05516 0.64729 0.77978
v -0.03915 0.64874 0.77984
v -0.02063 0.65003 0.77989
v 0.00000 0.65054 0.77992
v 0.02063 0.65003 0.77989
v 0.03915 0.64874 0.77984
v 0.05516 0.64729 0.77978
v -0.05872 0.64077 0.77951
v -0.03677 0.63980 0.77946
v -0.02015 0.64124 0.77953
v 0.00000 0.64197 0.77956
v 0.02015 0.64124 0.77953
v 0.03677 0.63980 0.77946
v 0.05872 0.64077 0.77951
v -0.06189 0.63323 0.77919
v -0.04030 0.63304 0.77918
v -0.01839 0.63232 0.77915
v 0.00000 0.63340 0.77920
v 0.01839 0.63232 0.77915
v 0.04030 0.63304 0.77918
v 0.06189 0.63323 0.77919
v -0.06315 0.62484 0.77884
v -0.04210 0.62484 0.77884
v -0.02105 0.62484 0.77884
v 0.00000 0.62484 0.77884
v 0.02105 0.62484 0.77884
v 0.04210 0.62484 0.77884
v 0.06315 0.62484 0.77884
v -0.06189 0.61644 0.77848
v -0.04030 0.61663 0.77849
v -0.01839 0.61735 0.77852
v 0.00000 0.61627 0.77848
v 0.01839 0.61735 0.77852
v 0.04030 0.61663 0.77849
v 0.06189 0.61644 0.77848
v -0.05872 0.60890 0.77817
v -0.03677 0.60987 0.77821
v -0.02015 0.60843 0.77815
v 0.00000 0.60770 0.77812
v 0.02015 0.60843 0.77815
v 0.03677 0.60987 0.77821
v 0.05872 0.60890 0.77817
v -0.05516 0.60238 0.77789
v -0.03915 0.60093 0.77783
v -0.02063 0.59964 0.77778
v 0.00000 0.59913 0.77776
v 0.02063 0.59964 0.77778
v 0.03915 0.60093 0.77783
v 0.05516 0.60238 0.77789
v 0.08897 0.67601 0.45310
v 0.06314 0.67843 0.45320
v 0.03327 0.68057 0.45329
v 0.00000 0.68143 0.45332
v -0.03327 0.68057 0.45329
v -0.06314 0.67843 0.45320
v -0.08897 0.67601 0.45310
v 0.09471 0.66515 0.45264
v 0.05931 0.66354 0.45257
v 0.03250 0.66593 0.45267
v 0.00000 0.66715 0.45272
v -0.03250 0.66593 0.45267
v -0.05931 0.66354 0.45257
v -0.09471 0.66515 0.45264
v 0.09982 0.65259 0.45211
v 0.06500 0.65226 0.45210
v 0.02966 0.65106 0.45205
v 0.00000 0.65287 0.45212
v -0.02966 0.65106 0.45205
v -0.06500 0.65226 0.45210
v -0.09982 0.65259 0.45211
v 0.10185 0.63859 0.45152
v 0.06790 0.63859 0.45152
v 0.03395 0.63859 0.45152
v 0.00000 0.63859 0.45152
v -0.03395 0.63859 0.45152
v -0.06790 0.63859 0.45152
v -0.10185 0.63859 0.45152
v 0.09982 0.62460 0.45094
v 0.06500 0.62492 0.45095
v 0.02966 0.62612 0.45100
v 0.00000 0.62431 0.45092
v -0.02966 0.62612 0.45100
v -0.06500 0.62492 0.45095
v -0.09982 0.62460 0.45094
v 0.09471 0.61203 0.45041
v 0.05931 0.61365 0.45048
v 0.03250 0.61125 0.45038
v 0.00000 0.61003 0.45032
v -0.03250 0.61125 0.45038
v -0.05931 0.61365 0.45048
v -0.09471 0.61203 0.45041
v 0.08897 0.60117 0.44995
v 0.06314 0.59876 0.44985
v 0.03327 0.59661 0.44976
v 0.00000 0.59575 0.44972
v -0.03327 0.59661 0.44976
v -0.06314 0.59876 0.44985
v -0.08897 0.60117 0.44995
v 0.06934 0.83962 0.67000
v 0.07678 0.84182 0.64907
v 0.08225 0.84383 0.62814
v 0.08763 0.84584 0.60721
v 0.09301 0.84785 0.58627
v 0.09828 0.84984 0.56534
v 0.10066 0.85145 0.54439
v 0.07382 0.83771 0.66992
v 0.08174 0.83953 0.64898
v 0.08756 0.84122 0.62803
v 0.09329 0.84290 0.60708
v 0.09902 0.84458 0.58613
v 0.10463 0.84625 0.56519
v 0.10716 0.84765 0.54423
v 0.07781 0.83552 0.66983
v 0.08615 0.83689 0.64887
v 0.09229 0.83820 0.62790
v 0.09833 0.83950 0.60694
v 0.10436 0.84080 0.58598
v 0.11027 0.84210 0.56501
v 0.11294 0.84326 0.54404
v 0.07938 0.83307 0.66972
v 0.08790 0.83395 0.64874
v 0.09416 0.83483 0.62776
v 0.10032 0.83571 0.60678
v 0.10648 0.83659 0.58580
v 0.11251 0.83748 0.56482
v 0.11524 0.83836 0.54384
v 0.07781 0.83062 0.66962
v 0.08615 0.83101 0.64862
v 0.09229 0.83146 0.62762
v 0.09833 0.83193 0.60662
v 0.10436 0.83239 0.58562
v 0.11027 0.83285 0.56462
v 0.11294 0.83346 0.54363
v 0.07382 0.82842 0.66953
v 0.08174 0.82837 0.64851
v 0.08756 0.82844 0.62749
v 0.09329 0.82853 0.60648
v 0.09902 0.82861 0.58546
v 0.10463 0.82870 0.56445
v 0.10716 0.82906 0.54345
v 0.06934 0.82652 0.66945
v 0.07678 0.82608 0.64841
v 0.08225 0.82583 0.62738
v 0.08763 0.82559 0.60635
v 0.09301 0.82534 0.58533
v 0.09828 0.82511 0.56430
v 0.10066 0.82526 0.54329
v -0.10066 0.85145 0.54439
v -0.09828 0.84984 0.56534
v -0.09301 0.84785 0.58627
v -0.08763 0.84584 0.60721
v -0.08225 0.84383 0.62814
v -0.07678 0.84182 0.64907
v -0.06934 0.83962 0.67000
v -0.10716 0.84765 0.54423
v -0.10463 0.84625 0.56519
v -0.09902 0.84458 0.58613
v -0.09329 0.84290 0.60708
v -0.08756 0.84122 0.62803
v -0.08174 0.83953 0.64898
v -0.07382 0.83771 0.66992
v -0.11294 0.84326 0.54404
v -0.11027 0.84210 0.56501
v -0.10436 0.84080 0.58598
v -0.09833 0.83950 0.60694
v -0.09229 0.83820 0.62790
v -0.08615 0.83689 0.64887
v -0.07781 0.83552 0.66983
v -0.11524 0.83836 0.54384
v -0.11251 0.83748 0.56482
v -0.10648 0.83659 0.58580
v -0.10032 0.83571 0.60678
v -0.09416 0.83483 0.62776
v -0.08790 0.83395 0.64874
v -0.07938 0.83307 0.66972
v -0.11294 0.83346 0.54363
v -0.11027 0.83285 0.56462
v -0.10436 0.83239 0.58562
v -0.09833 0.83193 0.60662
v -0.09229 0.83146 0.62762
v -0.08615 0.83101 0.64862
v -0.07781 0.83062 0.66962
v -0.10716 0.82906 0.54345
v -0.10463 0.82870 0.56445
v -0.09902 0.82861 0.58546
v -0.09329 0.82853 0.60648
v -0.08756 0.82844 0.62749
v -0.08174 0.82837 0.64851
v -0.07382 0.82842 0.66953
v -0.10066 0.82526 0.54329
v -0.09828 0.82511 0.56430
v -0.09301 0.82534 0.58533
v -0.08763 0.82559 0.60635
v -0.08225 0.82583 0.62738
v -0.07678 0.82608 0.64841
v -0.06934 0.82652 0.66945
v -0.10066 0.85145 0.54439
v -0.07144 0.85230 0.54442
v -0.03765 0.85305 0.54445
v 0.00000 0.85335 0.54447
v 0.03765 0.85305 0.54445
v 0.07144 0.85230 0.54442
v 0.10066 0.85145 0.54439
v -0.09828 0.84984 0.56534
v -0.06975 0.85064 0.56537
v -0.03676 0.85135 0.56540
v 0.00000 0.85163 0.56541
v 0.03676 0.85135 0.56540
v 0.06975 0.85064 0.56537
v 0.09828 0.84984 0.56534
v -0.09301 0.84785 0.58627
v -0.06601 0.84857 0.58630
v -0.03479 0.84922 0.58633
v 0.00000 0.84947 0.58634
v 0.03479 0.84922 0.58633
v 0.06601 0.84857 0.58630
v 0.09301 0.84785 0.58627
v -0.08763 0.84584 0.60721
v -0.06219 0.84649 0.60723
v -0.03278 0.84707 0.60726
v 0.00000 0.84731 0.60727
v 0.03278 0.84707 0.60726
v 0.06219 0.84649 0.60723
v 0.08763 0.84584 0.60721
v -0.08225 0.84383 0.62814
v -0.05837 0.84441 0.62816
v -0.03076 0.84493 0.62819
v 0.00000 0.84514 0.62819
v 0.03076 0.84493 0.62819
v 0.05837 0.84441 0.62816
v 0.08225 0.84383 0.62814
v -0.07678 0.84182 0.64907
v -0.05449 0.84232 0.64910
v -0.02872 0.84278 0.64911
v 0.00000 0.84295 0.64912
v 0.02872 0.84278 0.64911
v 0.05449 0.84232 0.64910
v 0.07678 0.84182 0.64907
v -0.06934 0.83962 0.67000
v -0.04922 0.84004 0.67002
v -0.02594 0.84041 0.67003
v 0.00000 0.84056 0.67004
v 0.02594 0.84041 0.67003
v 0.04922 0.84004 0.67002
v 0.06934 0.83962 0.67000
v -0.06934 0.82652 0.66945
v -0.04922 0.82610 0.66943
v -0.02594 0.82572 0.66942
v 0.00000 0.82557 0.66941
v 0.02594 0.82572 0.66942
v 0.04922 0.82610 0.66943
v 0.06934 0.82652 0.66945
v -0.07678 0.82608 0.64841
v -0.05449 0.82557 0.64839
v -0.02872 0.82512 0.64837
v 0.00000 0.82494 0.64836
v 0.02872 0.82512 0.64837
v 0.05449 0.82557 0.64839
v 0.07678 0.82608 0.64841
v -0.08225 0.82583 0.62738
v -0.05837 0.82525 0.62736
v -0.03076 0.82473 0.62734
v 0.00000 0.82453 0.62733
v 0.03076 0.82473 0.62734
v 0.05837 0.82525 0.62736
v 0.08225 0.82583 0.62738
v -0.08763 0.82559 0.60635
v -0.06219 0.82493 0.60633
v -0.03278 0.82435 0.60630
v 0.00000 0.82412 0.60629
v 0.03278 0.82435 0.60630
v 0.06219 0.82493 0.60633
v 0.08763 0.82559 0.60635
v -0.09301 0.82534 0.58533
v -0.06601 0.82462 0.58530
v -0.03479 0.82397 0.58527
v 0.00000 0.82371 0.58526
v 0.03479 0.82397 0.58527
v 0.06601 0.82462 0.58530
v 0.09301 0.82534 0.58533
v -0.09828 0.82511 0.56430
v -0.06975 0.82432 0.56426
v -0.03676 0.82361 0.56423
v 0.00000 0.82332 0.56422
v 0.03676 0.82361 0.56423
v 0.06975 0.82432 0.56426
v 0.09828 0.82511 0.56430
v -0.10066 0.82526 0.54329
v -0.07144 0.82442 0.54325
v -0.03765 0.82366 0.54322
v 0.00000 0.82337 0.54321
v 0.03765 0.82366 0.54322
v 0.07144 0.82442 0.54325
v 0.10066 0.82526 0.54329
v -0.06934 0.83962 0.67000
v -0.04922 0.84004 0.67002
v -0.02594 0.84041 0.67003
v 0.00000 0.84056 0.67004
v 0.02594 0.84041 0.67003
v 0.04922 0.84004 0.67002
v 0.06934 0.83962 0.67000
v -0.07382 0.83771 0.66992
v -0.04623 0.83743 0.66991
v -0.02533 0.83785 0.66993
v 0.00000 0.83807 0.66993
v 0.02533 0.83785 0.66993
v 0.04623 0.83743 0.66991
v 0.07382 0.83771 0.66992
v -0.07781 0.83552 0.66983
v -0.05066 0.83546 0.66983
v -0.02311 0.83525 0.66982
v 0.00000 0.83557 0.66983
v 0.02311 0.83525 0.66982
v 0.05066 0.83546 0.66983
v 0.07781 0.83552 0.66983
v -0.07938 0.83307 0.66972
v -0.05292 0.83307 0.66972
v -0.02646 0.83307 0.66972
v 0.00000 0.83307 0.66972
v 0.02646 0.83307 0.66972
v 0.05292 0.83307 0.66972
v 0.07938 0.83307 0.66972
v -0.07781 0.83062 0.66962
v -0.05066 0.83068 0.66962
v -0.02311 0.83088 0.66963
v 0.00000 0.83057 0.66962
v 0.02311 0.83088 0.66963
v 0.05066 0.83068 0.66962
v 0.07781 0.83062 0.66962
v -0.07382 0.82842 0.66953
v -0.04623 0.82870 0.66954
v -0.02533 0.82828 0.66952
v 0.00000 0.82807 0.66951
v 0.02533 0.82828 0.66952
v 0.04623 0.82870 0.66954
v 0.07382 0.82842 0.66953
v -0.06934 0.82652 0.66945
v -0.04922 0.82610 0.66943
v -0.02594 0.82572 0.66942
v 0.00000 0.82557 0.66941
v 0.02594 0.82572 0.66942
v 0.04922 0.82610 0.66943
v 0.06934 0.82652 0.66945
v 0.10066 0.85145 0.54439
v 0.07144 0.85230 0.54442
v 0.03765 0.85305 0.54445
v 0.00000 0.85335 0.54447
v -0.03765 0.85305 0.54445
v -0.07144 0.85230 0.54442
v -0.10066 0.85145 0.54439
v 0.10716 0.84765 0.54423
v 0.06711 0.84709 0.54420
v 0.03677 0.84793 0.54424
v 0.00000 0.84835 0.54426
v -0.03677 0.84793 0.54424
v -0.06711 0.84709 0.54420
v -0.10716 0.84765 0.54423
v 0.11294 0.84326 0.54404
v 0.07354 0.84314 0.54404
v 0.03355 0.84272 0.54402
v 0.00000 0.84336 0.54405
v -0.03355 0.84272 0.54402
v -0.07354 0.84314 0.54404
v -0.11294 0.84326 0.54404
v 0.11524 0.83836 0.54384
v 0.07682 0.83836 0.54384
v 0.03841 0.83836 0.54384
v 0.00000 0.83836 0.54384
v -0.03841 0.83836 0.54384
v -0.07682 0.83836 0.54384
v -0.11524 0.83836 0.54384
v 0.11294 0.83346 0.54363
v 0.07354 0.83357 0.54363
v 0.03355 0.83399 0.54365
v 0.00000 0.83336 0.54363
v -0.03355 0.83399 0.54365
v -0.07354 0.83357 0.54363
v -0.11294 0.83346 0.54363
v 0.10716 0.82906 0.54345
v 0.06711 0.82963 0.54347
v 0.03677 0.82879 0.54343
v 0.00000 0.82836 0.54342
v -0.03677 0.82879 0.54343
v -0.06711 0.82963 0.54347
v -0.10716 0.82906 0.54345
v 0.10066 0.82526 0.54329
v 0.07144 0.82442 0.54325
v 0.03765 0.82366 0.54322
v 0.00000 0.82337 0.54321
v -0.03765 0.82366 0.54322
v -0.07144 0.82442 0.54325
v -0.10066 0.82526 0.54329
v -0.09391 0.69360 0.68888
v -0.08981 0.69904 0.65429
v -0.08650 0.70219 0.61954
v -0.08323 0.70524 0.58479
v -0.07995 0.70829 0.55004
v -0.07672 0.71122 0.51528
v -0.07444 0.71132 0.48032
v -0.09203 0.68420 0.68863
v -0.08774 0.68869 0.65402
v -0.08436 0.69143 0.61926
v -0.08102 0.69410 0.58450
v -0.07768 0.69677 0.54974
v -0.07438 0.69935 0.51497
v -0.07217 0.69978 0.48002
v -0.09035 0.67095 0.68821
v -0.08590 0.67409 0.65356
v -0.08246 0.67627 0.61878
v -0.07905 0.67840 0.58400
v -0.07565 0.68053 0.54922
v -0.07230 0.68261 0.51443
v -0.07016 0.68350 0.47950
v -0.08968 0.65446 0.68757
v -0.08517 0.65592 0.65285
v -0.08170 0.65738 0.61805
v -0.07828 0.65884 0.58324
v -0.07485 0.66031 0.54843
v -0.07148 0.66177 0.51362
v -0.06936 0.66324 0.47871
v -0.09035 0.63797 0.68682
v -0.08590 0.63775 0.65203
v -0.08246 0.63850 0.61719
v -0.07905 0.63929 0.58236
v -0.07565 0.64009 0.54752
v -0.07230 0.64093 0.51268
v -0.07016 0.64298 0.47780
v -0.09203 0.62473 0.68613
v -0.08774 0.62316 0.65127
v -0.08436 0.62334 0.61640
v -0.08102 0.62360 0.58154
v -0.07768 0.62386 0.54667
v -0.07438 0.62421 0.51181
v -0.07217 0.62671 0.47695
v -0.09391 0.61535 0.68559
v -0.08981 0.61283 0.65067
v -0.08650 0.61260 0.61578
v -0.08323 0.61248 0.58089
v -0.07995 0.61236 0.54601
v -0.07672 0.61235 0.51112
v -0.07444 0.61518 0.47628
v -0.10678 0.71143 0.47773
v -0.11009 0.71133 0.51261
v -0.11245 0.70840 0.54744
v -0.11477 0.70535 0.58227
v -0.11709 0.70229 0.61709
v -0.11937 0.69914 0.65192
v -0.12087 0.69369 0.68672
v -0.10905 0.69990 0.47707
v -0.11243 0.69948 0.51192
v -0.11473 0.69690 0.54677
v -0.11698 0.69422 0.58162
v -0.11923 0.69155 0.61647
v -0.12145 0.68880 0.65132
v -0.12276 0.68431 0.68617
v -0.11106 0.68364 0.47622
v -0.11451 0.68275 0.51105
v -0.11675 0.68067 0.54593
v -0.11895 0.67853 0.58080
v -0.12114 0.67640 0.61568
v -0.12329 0.67422 0.65056
v -0.12444 0.67107 0.68548
v -0.11186 0.66338 0.47531
v -0.11533 0.66192 0.51011
v -0.11755 0.66045 0.54501
v -0.11972 0.65898 0.57992
v -0.12189 0.65752 0.61483
v -0.12402 0.65605 0.64974
v -0.12510 0.65458 0.68473
v -0.11106 0.64311 0.47452
v -0.11451 0.64107 0.50930
v -0.11675 0.64023 0.54423
v -0.11895 0.63943 0.57916
v -0.12114 0.63863 0.61409
v -0.12329 0.63787 0.64903
v -0.12444 0.63808 0.68409
v -0.10905 0.62683 0.47400
v -0.11243 0.62433 0.50876
v -0.11473 0.62398 0.54371
v -0.11698 0.62372 0.57866
v -0.11923 0.62346 0.61361
v -0.12145 0.62328 0.64857
v -0.12276 0.62483 0.68367
v -0.10678 0.61529 0.47369
v -0.11009 0.61246 0.50845
v -0.11245 0.61247 0.54341
v -0.11477 0.61259 0.57837
v -0.11709 0.61271 0.61333
v -0.11937 0.61293 0.64830
v -0.12087 0.61544 0.68343
v -0.10678 0.71143 0.47773
v -0.10290 0.71815 0.47833
v -0.09743 0.72412 0.47902
v -0.09061 0.72647 0.47966
v -0.08379 0.72407 0.48011
v -0.07832 0.71807 0.48030
v -0.07444 0.71132 0.48032
v -0.11009 0.71133 0.51261
v -0.10609 0.71825 0.51322
v -0.10044 0.72438 0.51393
v -0.09341 0.72680 0.51460
v -0.08637 0.72434 0.51506
v -0.08072 0.71816 0.51525
v -0.07672 0.71122 0.51528
v -0.11245 0.70840 0.54744
v -0.10855 0.71510 0.54803
v -0.10305 0.72106 0.54872
v -0.09620 0.72340 0.54937
v -0.08935 0.72101 0.54982
v -0.08385 0.71502 0.55001
v -0.07995 0.70829 0.55004
v -0.11477 0.70535 0.58227
v -0.11099 0.71183 0.58284
v -0.10565 0.71759 0.58351
v -0.09900 0.71986 0.58414
v -0.09235 0.71754 0.58458
v -0.08701 0.71175 0.58476
v -0.08323 0.70524 0.58479
v -0.11709 0.70229 0.61709
v -0.11342 0.70856 0.61765
v -0.10824 0.71412 0.61830
v -0.10180 0.71631 0.61891
v -0.09535 0.71407 0.61933
v -0.09017 0.70848 0.61951
v -0.08650 0.70219 0.61954
v -0.11937 0.69914 0.65192
v -0.11583 0.70517 0.65246
v -0.11082 0.71052 0.65309
v -0.10459 0.71263 0.65368
v -0.09836 0.71048 0.65408
v -0.09336 0.70509 0.65426
v -0.08981 0.69904 0.65429
v -0.12087 0.69369 0.68672
v -0.11763 0.69916 0.68721
v -0.11307 0.70402 0.68778
v -0.10739 0.70593 0.68831
v -0.10171 0.70398 0.68869
v -0.09715 0.69909 0.68885
v -0.09391 0.69360 0.68888
v -0.12087 0.61544 0.68343
v -0.11763 0.60995 0.68346
v -0.11307 0.60506 0.68362
v -0.10739 0.60311 0.68399
v -0.10171 0.60502 0.68453
v -0.09715 0.60988 0.68510
v -0.09391 0.61535 0.68559
v -0.11937 0.61293 0.64830
v -0.11583 0.60687 0.64833
v -0.11082 0.60149 0.64850
v -0.10459 0.59934 0.64891
v -0.09836 0.60145 0.64950
v -0.09336 0.60680 0.65013
v -0.08981 0.61283 0.65067
v -0.11709 0.61271 0.61333
v -0.11342 0.60642 0.61336
v -0.10824 0.60082 0.61354
v -0.10180 0.59859 0.61396
v -0.09535 0.60078 0.61457
v -0.09017 0.60634 0.61522
v -0.08650 0.61260 0.61578
v -0.11477 0.61259 0.57837
v -0.11099 0.60608 0.57840
v -0.10565 0.60028 0.57858
v -0.09900 0.59797 0.57902
v -0.09235 0.60024 0.57965
v -0.08701 0.60600 0.58032
v -0.08323 0.61248 0.58089
v -0.11245 0.61247 0.54341
v -0.10855 0.60574 0.54344
v -0.10305 0.59974 0.54363
v -0.09620 0.59735 0.54407
v -0.08935 0.59970 0.54472
v -0.08385 0.60565 0.54541
v -0.07995 0.61236 0.54601
v -0.11009 0.61246 0.50845
v -0.10609 0.60553 0.50848
v -0.10044 0.59935 0.50867
v -0.09341 0.59689 0.50914
v -0.08637 0.59930 0.50980
v -0.08072 0.60544 0.51051
v -0.07672 0.61235 0.51112
v -0.10678 0.61529 0.47369
v -0.10290 0.60855 0.47372
v -0.09743 0.60254 0.47391
v -0.09061 0.60015 0.47435
v -0.08379 0.60250 0.47500
v -0.07832 0.60846 0.47569
v -0.07444 0.61518 0.47628
v -0.12087 0.69369 0.68672
v -0.11763 0.69916 0.68721
v -0.11307 0.70402 0.68778
v -0.10739 0.70593 0.68831
v -0.10171 0.70398 0.68869
v -0.09715 0.69909 0.68885
v -0.09391 0.69360 0.68888
v -0.12276 0.68431 0.68617
v -0.11638 0.68063 0.68653
v -0.11282 0.68604 0.68704
v -0.10739 0.68879 0.68759
v -0.10196 0.68601 0.68791
v -0.09841 0.68057 0.68797
v -0.09203 0.68420 0.68863
v -0.12444 0.67107 0.68548
v -0.11824 0.67031 0.68594
v -0.11188 0.66758 0.68634
v -0.10739 0.67165 0.68687
v -0.10290 0.66754 0.68706
v -0.09654 0.67023 0.68768
v -0.09035 0.67095 0.68821
v -0.12510 0.65458 0.68473
v -0.11920 0.65456 0.68521
v -0.11329 0.65454 0.68568
v -0.10739 0.65452 0.68615
v -0.10149 0.65450 0.68662
v -0.09558 0.65448 0.68710
v -0.08968 0.65446 0.68757
v -0.12444 0.63808 0.68409
v -0.11824 0.63880 0.68462
v -0.11188 0.64149 0.68524
v -0.10739 0.63738 0.68543
v -0.10290 0.64146 0.68596
v -0.09654 0.63873 0.68636
v -0.09035 0.63797 0.68682
v -0.12276 0.62483 0.68367
v -0.11638 0.62846 0.68434
v -0.11282 0.62303 0.68439
v -0.10739 0.62024 0.68471
v -0.10196 0.62299 0.68526
v -0.09841 0.62840 0.68578
v -0.09203 0.62473 0.68613
v -0.12087 0.61544 0.68343
v -0.11763 0.60995 0.68346
v -0.11307 0.60506 0.68362
v -0.10739 0.60311 0.68399
v -0.10171 0.60502 0.68453
v -0.09715 0.60988 0.68510
v -0.09391 0.61535 0.68559
v -0.07444 0.71132 0.48032
v -0.07832 0.71807 0.48030
v -0.08379 0.72407 0.48011
v -0.09061 0.72647 0.47966
v -0.09743 0.72412 0.47902
v -0.10290 0.71815 0.47833
v -0.10678 0.71143 0.47773
v -0.07217 0.69978 0.48002
v -0.07983 0.69532 0.47922
v -0.08410 0.70199 0.47916
v -0.09061 0.70541 0.47878
v -0.09712 0.70204 0.47811
v -0.10139 0.69539 0.47749
v -0.10905 0.69990 0.47707
v -0.07016 0.68350 0.47950
v -0.07759 0.68262 0.47886
v -0.08522 0.67931 0.47811
v -0.09061 0.68436 0.47789
v -0.09600 0.67935 0.47725
v -0.10363 0.68270 0.47678
v -0.11106 0.68364 0.47622
v -0.06936 0.66324 0.47871
v -0.07644 0.66326 0.47814
v -0.08353 0.66328 0.47758
v -0.09061 0.66331 0.47701
v -0.09769 0.66333 0.47644
v -0.10478 0.66336 0.47587
v -0.11186 0.66338 0.47531
v -0.07016 0.64298 0.47780
v -0.07759 0.64391 0.47724
v -0.08522 0.64727 0.47677
v -0.09061 0.64225 0.47612
v -0.09600 0.64730 0.47590
v -0.10363 0.64400 0.47515
v -0.11106 0.64311 0.47452
v -0.07217 0.62671 0.47695
v -0.07983 0.63123 0.47653
v -0.08410 0.62458 0.47590
v -0.09061 0.62120 0.47524
v -0.09712 0.62462 0.47486
v -0.10139 0.63130 0.47480
v -0.10905 0.62683 0.47400
v -0.07444 0.61518 0.47628
v -0.07832 0.60846 0.47569
v -0.08379 0.60250 0.47500
v -0.09061 0.60015 0.47435
v -0.09743 0.60254 0.47391
v -0.10290 0.60855 0.47372
v -0.10678 0.61529 0.47369
v 0.12087 0.69369 0.68672
v 0.11937 0.69914 0.65192
v 0.11709 0.70229 0.61709
v 0.11477 0.70535 0.58227
v 0.11245 0.70840 0.54744
v 0.11009 0.71133 0.51261
v 0.10678 0.71143 0.47773
v 0.12276 0.68431 0.68617
v 0.12145 0.68880 0.65132
v 0.11923 0.69155 0.61647
v 0.11698 0.69422 0.58162
v 0.11473 0.69690 0.54677
v 0.11243 0.69948 0.51192
v 0.10905 0.69990 0.47707
v 0.12444 0.67107 0.68548
v 0.12329 0.67422 0.65056
v 0.12114 0.67640 0.61568
v 0.11895 0.67853 0.58080
v 0.11675 0.68067 0.54593
v 0.11451 0.68275 0.51105
v 0.11106 0.68364 0.47622
v 0.12510 0.65458 0.68473
v 0.12402 0.65605 0.64974
v 0.12189 0.65752 0.61483
v 0.11972 0.65898 0.57992
v 0.11755 0.66045 0.54501
v 0.11533 0.66192 0.51011
v 0.11186 0.66338 0.47531
v 0.12444 0.63808 0.68409
v 0.12329 0.63787 0.64903
v 0.12114 0.63863 0.61409
v 0.11895 0.63943 0.57916
v 0.11675 0.64023 0.54423
v 0.11451 0.64107 0.50930
v 0.11106 0.64311 0.47452
v 0.12276 0.62483 0.68367
v 0.12145 0.62328 0.64857
v 0.11923 0.62346 0.61361
v 0.11698 0.62372 0.57866
v 0.11473 0.62398 0.54371
v 0.11243 0.62433 0.50876
v 0.10905 0.62683 0.47400
v 0.12087 0.61544 0.68343
v 0.11937 0.61293 0.64830
v 0.11709 0.61271 0.61333
v 0.11477 0.61259 0.57837
v 0.11245 0.61247 0.54341
v 0.11009 0.61246 0.50845
v 0.10678 0.61529 0.47369
v 0.07444 0.71132 0.48032
v 0.07672 0.71122 0.51528
v 0.07995 0.70829 0.55004
v 0.08323 0.70524 0.58479
v 0.08650 0.70219 0.61954
v 0.08981 0.69904 0.65429
v 0.09391 0.69360 0.68888
v 0.07217 0.69978 0.48002
v 0.07438 0.69935 0.51497
v 0.07768 0.69677 0.54974
v 0.08102 0.69410 0.58450
v 0.08436 0.69143 0.61926
v 0.08774 0.68869 0.65402
v 0.09203 0.68420 0.68863
v 0.07016 0.68350 0.47950
v 0.07230 0.68261 0.51443
v 0.07565 0.68053 0.54922
v 0.07905 0.67840 0.58400
v 0.08246 0.67627 0.61878
v 0.08590 0.67409 0.65356
v 0.09035 0.67095 0.68821
v 0.06936 0.66324 0.47871
v 0.07148 0.66177 0.51362
v 0.07485 0.66031 0.54843
v 0.07828 0.65884 0.58324
v 0.08170 0.65738 0.61805
v 0.08517 0.65592 0.65285
v 0.08968 0.65446 0.68757
v 0.07016 0.64298 0.47780
v 0.07230 0.64093 0.51268
v 0.07565 0.64009 0.54752
v 0.07905 0.63929 0.58236
v 0.08246 0.63850 0.61719
v 0.08590 0.63775 0.65203
v 0.09035 0.63797 0.68682
v 0.07217 0.62671 0.47695
v 0.07438 0.62421 0.51181
v 0.07768 0.62386 0.54667
v 0.08102 0.62360 0.58154
v 0.08436 0.62334 0.61640
v 0.08774 0.62316 0.65127
v 0.09203 0.62473 0.68613
v 0.07444 0.61518 0.47628
v 0.07672 0.61235 0.51112
v 0.07995 0.61236 0.54601
v 0.08323 0.61248 0.58089
v 0.08650 0.61260 0.61578
v 0.08981 0.61283 0.65067
v 0.09391 0.61535 0.68559
v 0.07444 0.71132 0.48032
v 0.07832 0.71807 0.48030
v 0.08379 0.72407 0.48011
v 0.09061 0.72647 0.47966
v 0.09743 0.72412 0.47902
v 0.10290 0.71815 0.47833
v 0.10678 0.71143 0.47773
v 0.07672 0.71122 0.51528
v 0.08072 0.71816 0.51525
v 0.08637 0.72434 0.51506
v 0.09341 0.72680 0.51460
v 0.10044 0.72438 0.51393
v 0.10609 0.71825 0.51322
v 0.11009 0.71133 0.51261
v 0.07995 0.70829 0.55004
v 0.08385 0.71502 0.55001
v 0.08935 0.72101 0.54982
v 0.09620 0.72340 0.54937
v 0.10305 0.72106 0.54872
v 0.10855 0.71510 0.54803
v 0.11245 0.70840 0.54744
v 0.08323 0.70524 0.58479
v 0.08701 0.71175 0.58476
v 0.09235 0.71754 0.58458
v 0.09900 0.71986 0.58414
v 0.10565 0.71759 0.58351
v 0.11099 0.71183 0.58284
v 0.11477 0.70535 0.58227
v 0.08650 0.70219 0.61954
v 0.09017 0.70848 0.61951
v 0.09535 0.71407 0.61933
v 0.10180 0.71631 0.61891
v 0.10824 0.71412 0.61830
v 0.11342 0.70856 0.61765
v 0.11709 0.70229 0.61709
v 0.08981 0.69904 0.65429
v 0.09336 0.70509 0.65426
v 0.09836 0.71048 0.65408
v 0.10459 0.71263 0.65368
v 0.11082 0.71052 0.65309
v 0.11583 0.70517 0.65246
v 0.11937 0.69914 0.65192
v 0.09391 0.69360 0.68888
v 0.09715 0.69909 0.68885
v 0.10171 0.70398 0.68869
v 0.10739 0.70593 0.68831
v 0.11307 0.70402 0.68778
v 0.11763 0.69916 0.68721
v 0.12087 0.69369 0.68672
v 0.09391 0.61535 0.68559
v 0.09715 0.60988 0.68510
v 0.10171 0.60502 0.68453
v 0.10739 0.60311 0.68399
v 0.11307 0.60506 0.68362
v 0.11763 0.60995 0.68346
v 0.12087 0.61544 0.68343
v 0.08981 0.61283 0.65067
v 0.09336 0.60680 0.65013
v 0.09836 0.60145 0.64950
v 0.10459 0.59934 0.64891
v 0.11082 0.60149 0.64850
v 0.11583 0.60687 0.64833
v 0.11937 0.61293 0.64830
v 0.08650 0.61260 0.61578
v 0.09017 0.60634 0.61522
v 0.09535 0.60078 0.61457
v 0.10180 0.59859 0.61396
v 0.10824 0.60082 0.61354
v 0.11342 0.60642 0.61336
v 0.11709 0.61271 0.61333
v 0.08323 0.61248 0.58089
v 0.08701 0.60600 0.58032
v 0.09235 0.60024 0.57965
v 0.09900 0.59797 0.57902
v 0.10565 0.60028 0.57858
v 0.11099 0.60608 0.57840
v 0.11477 0.61259 0.57837
v 0.07995 0.61236 0.54601
v 0.08385 0.60565 0.54541
v 0.08935 0.59970 0.54472
v 0.09620 0.59735 0.54407
v 0.10305 0.59974 0.54363
v 0.10855 0.60574 0.54344
v 0.11245 0.61247 0.54341
v 0.07672 0.61235 0.51112
v 0.08072 0.60544 0.51051
v 0.08637 0.59930 0.50980
v 0.09341 0.59689 0.50914
v 0.10044 0.59935 0.50867
v 0.10609 0.60553 0.50848
v 0.11009 0.61246 0.50845
v 0.07444 0.61518 0.47628
v 0.07832 0.60846 0.47569
v 0.08379 0.60250 0.47500
v 0.09061 0.60015 0.47435
v 0.09743 0.60254 0.47391
v 0.10290 0.60855 0.47372
v 0.10678 0.61529 0.47369
v 0.09391 0.69360 0.68888
v 0.09715 0.69909 0.68885
v 0.10171 0.70398 0.68869
v 0.10739 0.70593 0.68831
v 0.11307 0.70402 0.68778
v 0.11763 0.69916 0.68721
v 0.12087 0.69369 0.68672
v 0.09203 0.68420 0.68863
v 0.09841 0.68057 0.68797
v 0.10196 0.68601 0.68791
v 0.10739 0.68879 0.68759
v 0.11282 0.68604 0.68704
v 0.11638 0.68063 0.68653
v 0.12276 0.68431 0.68617
v 0.09035 0.67095 0.68821
v 0.09654 0.67023 0.68768
v 0.10290 0.66754 0.68706
v 0.10739 0.67165 0.68687
v 0.11188 0.66758 0.68634
v 0.11824 0.67031 0.68594
v 0.12444 0.67107 0.68548
v 0.08968 0.65446 0.68757
v 0.09558 0.65448 0.68710
v 0.10149 0.65450 0.68662
v 0.10739 0.65452 0.68615
v 0.11329 0.65454 0.68568
v 0.11920 0.65456 0.68521
v 0.12510 0.65458 0.68473
v 0.09035 0.63797 0.68682
v 0.09654 0.63873 0.68636
v 0.10290 0.64146 0.68596
v 0.10739 0.63738 0.68543
v 0.11188 0.64149 0.68524
v 0.11824 0.63880 0.68462
v 0.12444 0.63808 0.68409
v 0.09203 0.62473 0.68613
v 0.09841 0.62840 0.68578
v 0.10196 0.62299 0.68526
v 0.10739 0.62024 0.68471
v 0.11282 0.62303 0.68439
v 0.11638 0.62846 0.68434
v 0.12276 0.62483 0.68367
v 0.09391 0.61535 0.68559
v 0.09715 0.60988 0.68510
v 0.10171 0.60502 0.68453
v 0.10739 0.60311 0.68399
v 0.11307 0.60506 0.68362
v 0.11763 0.60995 0.68346
v 0.12087 0.61544 0.68343
v 0.10678 0.71143 0.47773
v 0.10290 0.71815 0.47833
v 0.09743 0.72412 0.47902
v 0.09061 0.72647 0.47966
v 0.08379 0.72407 0.48011
v 0.07832 0.71807 0.48030
v 0.07444 0.71132 0.48032
v 0.10905 0.69990 0.47707
v 0.10139 0.69539 0.47749
v 0.09712 0.70204 0.47811
v 0.09061 0.70541 0.47878
v 0.08410 0.70199 0.47916
v 0.07983 0.69532 0.47922
v 0.07217 0.69978 0.48002
v 0.11106 0.68364 0.47622
v 0.10363 0.68270 0.47678
v 0.09600 0.67935 0.47725
v 0.09061 0.68436 0.47789
v 0.08522 0.67931 0.47811
v 0.07759 0.68262 0.47886
v 0.07016 0.68350 0.47950
v 0.11186 0.66338 0.47531
v 0.10478 0.66336 0.47587
v 0.09769 0.66333 0.47644
v 0.09061 0.66331 0.47701
v 0.08353 0.66328 0.47758
v 0.07644 0.66326 0.47814
v 0.06936 0.66324 0.47871
v 0.11106 0.64311 0.47452
v 0.10363 0.64400 0.47515
v 0.09600 0.64730 0.47590
v 0.09061 0.64225 0.47612
v 0.08522 0.64727 0.47677
v 0.07759 0.64391 0.47724
v 0.07016 0.64298 0.47780
v 0.10905 0.62683 0.47400
v 0.10139 0.63130 0.47480
v 0.09712 0.62462 0.47486
v 0.09061 0.62120 0.47524
v 0.08410 0.62458 0.47590
v 0.07983 0.63123 0.47653
v 0.07217 0.62671 0.47695
v 0.10678 0.61529 0.47369
v 0.10290 0.60855 0.47372
v 0.09743 0.60254 0.47391
v 0.09061 0.60015 0.47435
v 0.08379 0.60250 0.47500
v 0.07832 0.60846 0.47569
v 0.07444 0.61518 0.47628
v -0.09448 0.85820 0.72723
v -0.08595 0.85980 0.70609
v -0.07838 0.86118 0.68476
v -0.07086 0.86255 0.66341
v -0.06334 0.86392 0.64207
v -0.05589 0.86527 0.62071
v -0.05023 0.86596 0.59900
v -0.09204 0.85621 0.72774
v -0.08306 0.85723 0.70670
v -0.07516 0.85811 0.68543
v -0.06731 0.85899 0.66416
v -0.05945 0.85987 0.64289
v -0.05168 0.86073 0.62160
v -0.04591 0.86117 0.59991
v -0.08995 0.85361 0.72819
v -0.08060 0.85385 0.70722
v -0.07242 0.85407 0.68602
v -0.06429 0.85430 0.66481
v -0.05617 0.85452 0.64360
v -0.04813 0.85474 0.62237
v -0.04226 0.85483 0.60070
v -0.08931 0.85062 0.72834
v -0.07988 0.84994 0.70740
v -0.07164 0.84938 0.68622
v -0.06346 0.84883 0.66502
v -0.05528 0.84828 0.64383
v -0.04718 0.84774 0.62262
v -0.04130 0.84742 0.60096
v -0.09052 0.84781 0.72812
v -0.08135 0.84625 0.70713
v -0.07332 0.84494 0.68591
v -0.06534 0.84364 0.66468
v -0.05737 0.84234 0.64345
v -0.04948 0.84106 0.62221
v -0.04369 0.84033 0.60053
v -0.09307 0.84568 0.72762
v -0.08442 0.84343 0.70653
v -0.07679 0.84152 0.68524
v -0.06921 0.83964 0.66393
v -0.06163 0.83775 0.64263
v -0.05412 0.83589 0.62131
v -0.04849 0.83485 0.59960
v -0.09585 0.84422 0.72706
v -0.08775 0.84148 0.70587
v -0.08055 0.83916 0.68449
v -0.07339 0.83685 0.66311
v -0.06623 0.83455 0.64172
v -0.05913 0.83228 0.62032
v -0.05367 0.83101 0.59858
v -0.12363 0.87336 0.58406
v -0.12707 0.87244 0.60623
v -0.12887 0.87052 0.62873
v -0.13061 0.86857 0.65125
v -0.13235 0.86662 0.67377
v -0.13405 0.86465 0.69630
v -0.13485 0.86226 0.71901
v -0.12880 0.86952 0.58304
v -0.13208 0.86883 0.60524
v -0.13347 0.86732 0.62783
v -0.13479 0.86579 0.65043
v -0.13611 0.86425 0.67303
v -0.13738 0.86270 0.69564
v -0.13763 0.86080 0.71846
v -0.13361 0.86404 0.58211
v -0.13672 0.86367 0.60434
v -0.13773 0.86274 0.62700
v -0.13866 0.86179 0.64968
v -0.13958 0.86084 0.67235
v -0.14046 0.85988 0.69504
v -0.14019 0.85867 0.71796
v -0.13600 0.85696 0.58169
v -0.13902 0.85699 0.60393
v -0.13982 0.85680 0.62662
v -0.14054 0.85660 0.64934
v -0.14126 0.85640 0.67205
v -0.14193 0.85619 0.69477
v -0.14139 0.85586 0.71774
v -0.13504 0.84954 0.58194
v -0.13807 0.84998 0.60418
v -0.13893 0.85055 0.62686
v -0.13971 0.85113 0.64955
v -0.14048 0.85170 0.67224
v -0.14120 0.85228 0.69495
v -0.14076 0.85287 0.71789
v -0.13139 0.84320 0.58273
v -0.13452 0.84399 0.60495
v -0.13564 0.84521 0.62756
v -0.13669 0.84644 0.65020
v -0.13774 0.84767 0.67283
v -0.13874 0.84890 0.69548
v -0.13867 0.85027 0.71834
v -0.12707 0.83841 0.58364
v -0.13031 0.83946 0.60583
v -0.13176 0.84115 0.62838
v -0.13314 0.84287 0.65095
v -0.13452 0.84459 0.67351
v -0.13585 0.84633 0.69608
v -0.13622 0.84828 0.71885
v -0.12363 0.87336 0.58406
v -0.11434 0.87471 0.58593
v -0.10174 0.87547 0.58848
v -0.08643 0.87473 0.59159
v -0.07129 0.87240 0.59468
v -0.05908 0.86914 0.59718
v -0.05023 0.86596 0.59900
v -0.12707 0.87244 0.60623
v -0.11807 0.87369 0.60804
v -0.10585 0.87437 0.61051
v -0.09101 0.87364 0.61353
v -0.07632 0.87140 0.61652
v -0.06447 0.86829 0.61895
v -0.05589 0.86527 0.62071
v -0.12887 0.87052 0.62873
v -0.12059 0.87161 0.63040
v -0.10935 0.87218 0.63268
v -0.09569 0.87148 0.63545
v -0.08216 0.86945 0.63821
v -0.07125 0.86664 0.64045
v -0.06334 0.86392 0.64207
v -0.13061 0.86857 0.65125
v -0.12307 0.86949 0.65278
v -0.11282 0.86995 0.65485
v -0.10037 0.86929 0.65738
v -0.08803 0.86746 0.65989
v -0.07808 0.86496 0.66193
v -0.07086 0.86255 0.66341
v -0.13235 0.86662 0.67377
v -0.12554 0.86738 0.67515
v -0.11630 0.86772 0.67702
v -0.10505 0.86710 0.67930
v -0.09391 0.86547 0.68157
v -0.08491 0.86328 0.68342
v -0.07838 0.86118 0.68476
v -0.13405 0.86465 0.69630
v -0.12799 0.86524 0.69752
v -0.11976 0.86547 0.69919
v -0.10974 0.86488 0.70123
v -0.09980 0.86346 0.70325
v -0.09178 0.86159 0.70489
v -0.08595 0.85980 0.70609
v -0.13485 0.86226 0.71901
v -0.12977 0.86267 0.72004
v -0.12287 0.86278 0.72144
v -0.11446 0.86226 0.72315
v -0.10612 0.86110 0.72485
v -0.09938 0.85960 0.72623
v -0.09448 0.85820 0.72723
v -0.13622 0.84828 0.71885
v -0.13132 0.84688 0.71985
v -0.12458 0.84538 0.72123
v -0.11624 0.84422 0.72293
v -0.10783 0.84370 0.72464
v -0.10093 0.84381 0.72604
v -0.09585 0.84422 0.72706
v -0.13585 0.84633 0.69608
v -0.13002 0.84454 0.69728
v -0.12200 0.84267 0.69892
v -0.11206 0.84124 0.70094
v -0.10205 0.84066 0.70298
v -0.09381 0.84089 0.70465
v -0.08775 0.84148 0.70587
v -0.13452 0.84459 0.67351
v -0.12799 0.84250 0.67485
v -0.11899 0.84031 0.67669
v -0.10785 0.83868 0.67896
v -0.09660 0.83805 0.68125
v -0.08736 0.83840 0.68312
v -0.08055 0.83916 0.68449
v -0.13314 0.84287 0.65095
v -0.12592 0.84047 0.65243
v -0.11597 0.83797 0.65447
v -0.10363 0.83613 0.65698
v -0.09118 0.83547 0.65951
v -0.08093 0.83593 0.66159
v -0.07339 0.83685 0.66311
v -0.13176 0.84115 0.62838
v -0.12385 0.83844 0.63001
v -0.11294 0.83563 0.63224
v -0.09941 0.83359 0.63500
v -0.08575 0.83289 0.63778
v -0.07451 0.83346 0.64005
v -0.06623 0.83455 0.64172
v -0.13031 0.83946 0.60583
v -0.12173 0.83644 0.60760
v -0.10988 0.83333 0.61002
v -0.09519 0.83109 0.61302
v -0.08035 0.83035 0.61603
v -0.06813 0.83104 0.61851
v -0.05913 0.83228 0.62032
v -0.12707 0.83841 0.58364
v -0.11822 0.83523 0.58546
v -0.10601 0.83197 0.58796
v -0.09087 0.82964 0.59105
v -0.07556 0.82890 0.59416
v -0.06296 0.82966 0.59671
v -0.05367 0.83101 0.59858
v -0.13485 0.86226 0.71901
v -0.12977 0.86267 0.72004
v -0.12287 0.86278 0.72144
v -0.11446 0.86226 0.72315
v -0.10612 0.86110 0.72485
v -0.09938 0.85960 0.72623
v -0.09448 0.85820 0.72723
v -0.13763 0.86080 0.71846
v -0.12835 0.85926 0.72036
v -0.12282 0.85960 0.72147
v -0.11476 0.85925 0.72311
v -0.10678 0.85799 0.72474
v -0.10144 0.85654 0.72583
v -0.09204 0.85621 0.72774
v -0.14019 0.85867 0.71796
v -0.13112 0.85763 0.71981
v -0.12185 0.85625 0.72170
v -0.11505 0.85625 0.72307
v -0.10839 0.85489 0.72444
v -0.09904 0.85440 0.72634
v -0.08995 0.85361 0.72819
v -0.14139 0.85586 0.71774
v -0.13271 0.85499 0.71951
v -0.12403 0.85411 0.72127
v -0.11535 0.85324 0.72304
v -0.10667 0.85237 0.72481
v -0.09799 0.85149 0.72657
v -0.08931 0.85062 0.72834
v -0.14076 0.85287 0.71789
v -0.13166 0.85208 0.71974
v -0.12231 0.85159 0.72164
v -0.11565 0.85023 0.72300
v -0.10885 0.85023 0.72438
v -0.09958 0.84885 0.72627
v -0.09052 0.84781 0.72812
v -0.13867 0.85027 0.71834
v -0.12926 0.84994 0.72024
v -0.12392 0.84849 0.72134
v -0.11594 0.84723 0.72297
v -0.10788 0.84688 0.72460
v -0.10235 0.84722 0.72572
v -0.09307 0.84568 0.72762
v -0.13622 0.84828 0.71885
v -0.13132 0.84688 0.71985
v -0.12458 0.84538 0.72123
v -0.11624 0.84422 0.72293
v -0.10783 0.84370 0.72464
v -0.10093 0.84381 0.72604
v -0.09585 0.84422 0.72706
v -0.05023 0.86596 0.59900
v -0.05908 0.86914 0.59718
v -0.07129 0.87240 0.59468
v -0.08643 0.87473 0.59159
v -0.10174 0.87547 0.58848
v -0.11434 0.87471 0.58593
v -0.12363 0.87336 0.58406
v -0.04591 0.86117 0.59991
v -0.06304 0.86137 0.59644
v -0.07270 0.86461 0.59446
v -0.08717 0.86722 0.59150
v -0.10187 0.86754 0.58852
v -0.11197 0.86630 0.58648
v -0.12880 0.86952 0.58304
v -0.04226 0.85483 0.60070
v -0.05880 0.85619 0.59734
v -0.07584 0.85678 0.59388
v -0.08791 0.85970 0.59141
v -0.10031 0.85924 0.58890
v -0.11713 0.86207 0.58547
v -0.13361 0.86404 0.58211
v -0.04130 0.84742 0.60096
v -0.05709 0.84901 0.59775
v -0.07287 0.85060 0.59453
v -0.08865 0.85219 0.59132
v -0.10443 0.85378 0.58811
v -0.12021 0.85537 0.58490
v -0.13600 0.85696 0.58169
v -0.04369 0.84033 0.60053
v -0.06017 0.84230 0.59717
v -0.07699 0.84513 0.59374
v -0.08939 0.84467 0.59123
v -0.10145 0.84759 0.58876
v -0.11850 0.84818 0.58530
v -0.13504 0.84954 0.58194
v -0.04849 0.83485 0.59960
v -0.06533 0.83807 0.59616
v -0.07543 0.83683 0.59412
v -0.09013 0.83715 0.59114
v -0.10460 0.83977 0.58819
v -0.11426 0.84300 0.58620
v -0.13139 0.84320 0.58273
v -0.05367 0.83101 0.59858
v -0.06296 0.82966 0.59671
v -0.07556 0.82890 0.59416
v -0.09087 0.82964 0.59105
v -0.10601 0.83197 0.58796
v -0.11822 0.83523 0.58546
v -0.12707 0.83841 0.58364
v 0.13485 0.86226 0.71901
v 0.13405 0.86465 0.69630
v 0.13235 0.86662 0.67377
v 0.13061 0.86857 0.65125
v 0.12887 0.87052 0.62873
v 0.12707 0.87244 0.60623
v 0.12363 0.87336 0.58406
v 0.13763 0.86080 0.71846
v 0.13738 0.86270 0.69564
v 0.13611 0.86425 0.67303
v 0.13479 0.86579 0.65043
v 0.13347 0.86732 0.62783
v 0.13208 0.86883 0.60524
v 0.12880 0.86952 0.58304
v 0.14019 0.85867 0.71796
v 0.14046 0.85988 0.69504
v 0.13958 0.86084 0.67235
v 0.13866 0.86179 0.64968
v 0.13773 0.86274 0.62700
v 0.13672 0.86367 0.60434
v 0.13361 0.86404 0.58211
v 0.14139 0.85586 0.71774
v 0.14193 0.85619 0.69477
v 0.14126 0.85640 0.67205
v 0.14054 0.85660 0.64934
v 0.13982 0.85680 0.62662
v 0.13902 0.85699 0.60393
v 0.13600 0.85696 0.58169
v 0.14076 0.85287 0.71789
v 0.14120 0.85228 0.69495
v 0.14048 0.85170 0.67224
v 0.13971 0.85113 0.64955
v 0.13893 0.85055 0.62686
v 0.13807 0.84998 0.60418
v 0.13504 0.84954 0.58194
v 0.13867 0.85027 0.71834
v 0.13874 0.84890 0.69548
v 0.13774 0.84767 0.67283
v 0.13669 0.84644 0.65020
v 0.13564 0.84521 0.62756
v 0.13452 0.84399 0.60495
v 0.13139 0.84320 0.58273
v 0.13622 0.84828 0.71885
v 0.13585 0.84633 0.69608
v 0.13452 0.84459 0.67351
v 0.13314 0.84287 0.65095
v 0.13176 0.84115 0.62838
v 0.13031 0.83946 0.60583
v 0.12707 0.83841 0.58364
v 0.05023 0.86596 0.59900
v 0.05589 0.86527 0.62071
v 0.06334 0.86392 0.64207
v 0.07086 0.86255 0.66341
v 0.07838 0.86118 0.68476
v 0.08595 0.85980 0.70609
v 0.09448 0.85820 0.72723
v 0.04591 0.86117 0.59991
v 0.05168 0.86073 0.62160
v 0.05945 0.85987 0.64289
v 0.06731 0.85899 0.66416
v 0.07516 0.85811 0.68543
v 0.08306 0.85723 0.70670
v 0.09204 0.85621 0.72774
v 0.04226 0.85483 0.60070
v 0.04813 0.85474 0.62237
v 0.05617 0.85452 0.64360
v 0.06429 0.85430 0.66481
v 0.07242 0.85407 0.68602
v 0.08060 0.85385 0.70722
v 0.08995 0.85361 0.72819
v 0.04130 0.84742 0.60096
v 0.04718 0.84774 0.62262
v 0.05528 0.84828 0.64383
v 0.06346 0.84883 0.66502
v 0.07164 0.84938 0.68622
v 0.07988 0.84994 0.70740
v 0.08931 0.85062 0.72834
v 0.04369 0.84033 0.60053
v 0.04948 0.84106 0.62221
v 0.05737 0.84234 0.64345
v 0.06534 0.84364 0.66468
v 0.07332 0.84494 0.68591
v 0.08135 0.84625 0.70713
v 0.09052 0.84781 0.72812
v 0.04849 0.83485 0.59960
v 0.05412 0.83589 0.62131
v 0.06163 0.83775 0.64263
v 0.06921 0.83964 0.66393
v 0.07679 0.84152 0.68524
v 0.08442 0.84343 0.70653
v 0.09307 0.84568 0.72762
v 0.05367 0.83101 0.59858
v 0.05913 0.83228 0.62032
v 0.06623 0.83455 0.64172
v 0.07339 0.83685 0.66311
v 0.08055 0.83916 0.68449
v 0.08775 0.84148 0.70587
v 0.09585 0.84422 0.72706
v 0.05023 0.86596 0.59900
v 0.05908 0.86914 0.59718
v 0.07129 0.87240 0.59468
v 0.08643 0.87473 0.59159
v 0.10174 0.87547 0.58848
v 0.11434 0.87471 0.58593
v 0.12363 0.87336 0.58406
v 0.05589 0.86527 0.62071
v 0.06447 0.86829 0.61895
v 0.07632 0.87140 0.61652
v 0.09101 0.87364 0.61353
v 0.10585 0.87437 0.61051
v 0.11807 0.87369 0.60804
v 0.12707 0.87244 0.60623
v 0.06334 0.86392 0.64207
v 0.07125 0.86664 0.64045
v 0.08216 0.86945 0.63821
v 0.09569 0.87148 0.63545
v 0.10935 0.87218 0.63268
v 0.12059 0.87161 0.63040
v 0.12887 0.87052 0.62873
v 0.07086 0.86255 0.66341
v 0.07808 0.86496 0.66193
v 0.08803 0.86746 0.65989
v 0.10037 0.86929 0.65738
v 0.11282 0.86995 0.65485
v 0.12307 0.86949 0.65278
v 0.13061 0.86857 0.65125
v 0.07838 0.86118 0.68476
v 0.08491 0.86328 0.68342
v 0.09391 0.86547 0.68157
v 0.10505 0.86710 0.67930
v 0.11630 0.86772 0.67702
v 0.12554 0.86738 0.67515
v 0.13235 0.86662 0.67377
v 0.08595 0.85980 0.70609
v 0.09178 0.86159 0.70489
v 0.09980 0.86346 0.70325
v 0.10974 0.86488 0.70123
v 0.11976 0.86547 0.69919
v 0.12799 0.86524 0.69752
v 0.13405 0.86465 0.69630
v 0.09448 0.85820 0.72723
v 0.09938 0.85960 0.72623
v 0.10612 0.86110 0.72485
v 0.11446 0.86226 0.72315
v 0.12287 0.86278 0.72144
v 0.12977 0.86267 0.72004
v 0.13485 0.86226 0.71901
v 0.09585 0.84422 0.72706
v 0.10093 0.84381 0.72604
v 0.10783 0.84370 0.72464
v 0.11624 0.84422 0.72293
v 0.12458 0.84538 0.72123
v 0.13132 0.84688 0.71985
v 0.13622 0.84828 0.71885
v 0.08775 0.84148 0.70587
v 0.09381 0.84089 0.70465
v 0.10205 0.84066 0.70298
v 0.11206 0.84124 0.70094
v 0.12200 0.84267 0.69892
v 0.13002 0.84454 0.69728
v 0.13585 0.84633 0.69608
v 0.08055 0.83916 0.68449
v 0.08736 0.83840 0.68312
v 0.09660 0.83805 0.68125
v 0.10785 0.83868 0.67896
v 0.11899 0.84031 0.67669
v 0.12799 0.84250 0.67485
v 0.13452 0.84459 0.67351
v 0.07339 0.83685 0.66311
v 0.08093 0.83593 0.66159
v 0.09118 0.83547 0.65951
v 0.10363 0.83613 0.65698
v 0.11597 0.83797 0.65447
v 0.12592 0.84047 0.65243
v 0.13314 0.84287 0.65095
v 0.06623 0.83455 0.64172
v 0.07451 0.83346 0.64005
v 0.08575 0.83289 0.63778
v 0.09941 0.83359 0.63500
v 0.11294 0.83563 0.63224
v 0.12385 0.83844 0.63001
v 0.13176 0.84115 0.62838
v 0.05913 0.83228 0.62032
v 0.06813 0.83104 0.61851
v 0.08035 0.83035 0.61603
v 0.09519 0.83109 0.61302
v 0.10988 0.83333 0.61002
v 0.12173 0.83644 0.60760
v 0.13031 0.83946 0.60583
v 0.05367 0.83101 0.59858
v 0.06296 0.82966 0.59671
v 0.07556 0.82890 0.59416
v 0.09087 0.82964 0.59105
v 0.10601 0.83197 0.58796
v 0.11822 0.83523 0.58546
v 0.12707 0.83841 0.58364
v 0.09448 0.85820 0.72723
v 0.09938 0.85960 0.72623
v 0.10612 0.86110 0.72485
v 0.11446 0.86226 0.72315
v 0.12287 0.86278 0.72144
v 0.12977 0.86267 0.72004
v 0.13485 0.86226 0.71901
v 0.09204 0.85621 0.72774
v 0.10144 0.85654 0.72583
v 0.10678 0.85799 0.72474
v 0.11476 0.85925 0.72311
v 0.12282 0.85960 0.72147
v 0.12835 0.85926 0.72036
v 0.13763 0.86080 0.71846
v 0.08995 0.85361 0.72819
v 0.09904 0.85440 0.72634
v 0.10839 0.85489 0.72444
v 0.11505 0.85625 0.72307
v 0.12185 0.85625 0.72170
v 0.13112 0.85763 0.71981
v 0.14019 0.85867 0.71796
v 0.08931 0.85062 0.72834
v 0.09799 0.85149 0.72657
v 0.10667 0.85237 0.72481
v 0.11535 0.85324 0.72304
v 0.12403 0.85411 0.72127
v 0.13271 0.85499 0.71951
v 0.14139 0.85586 0.71774
v 0.09052 0.84781 0.72812
v 0.09958 0.84885 0.72627
v 0.10885 0.85023 0.72438
v 0.11565 0.85023 0.72300
v 0.12231 0.85159 0.72164
v 0.13166 0.85208 0.71974
v 0.14076 0.85287 0.71789
v 0.09307 0.84568 0.72762
v 0.10235 0.84722 0.72572
v 0.10788 0.84688 0.72460
v 0.11594 0.84723 0.72297
v 0.12392 0.84849 0.72134
v 0.12926 0.84994 0.72024
v 0.13867 0.85027 0.71834
v 0.09585 0.84422 0.72706
v 0.10093 0.84381 0.72604
v 0.10783 0.84370 0.72464
v 0.11624 0.84422 0.72293
v 0.12458 0.84538 0.72123
v 0.13132 0.84688 0.71985
v 0.13622 0.84828 0.71885
v 0.12363 0.87336 0.58406
v 0.11434 0.87471 0.58593
v 0.10174 0.87547 0.58848
v 0.08643 0.87473 0.59159
v 0.07129 0.87240 0.59468
v 0.05908 0.86914 0.59718
v 0.05023 0.86596 0.59900
v 0.12880 0.86952 0.58304
v 0.11197 0.86630 0.58648
v 0.10187 0.86754 0.58852
v 0.08717 0.86722 0.59150
v 0.07270 0.86461 0.59446
v 0.06304 0.86137 0.59644
v 0.04591 0.86117 0.59991
v 0.13361 0.86404 0.58211
v 0.11713 0.86207 0.58547
v 0.10031 0.85924 0.58890
v 0.08791 0.85970 0.59141
v 0.07584 0.85678 0.59388
v 0.05880 0.85619 0.59734
v 0.04226 0.85483 0.60070
v 0.13600 0.85696 0.58169
v 0.12021 0.85537 0.58490
v 0.10443 0.85378 0.58811
v 0.08865 0.85219 0.59132
v 0.07287 0.85060 0.59453
v 0.05709 0.84901 0.59775
v 0.04130 0.84742 0.60096
v 0.13504 0.84954 0.58194
v 0.11850 0.84818 0.58530
v 0.10145 0.84759 0.58876
v 0.08939 0.84467 0.59123
v 0.07699 0.84513 0.59374
v 0.06017 0.84230 0.59717
v 0.04369 0.84033 0.60053
v 0.13139 0.84320 0.58273
v 0.11426 0.84300 0.58620
v 0.10460 0.83977 0.58819
v 0.09013 0.83715 0.59114
v 0.07543 0.83683 0.59412
v 0.06533 0.83807 0.59616
v 0.04849 0.83485 0.59960
v 0.12707 0.83841 0.58364
v 0.11822 0.83523 0.58546
v 0.10601 0.83197 0.58796
v 0.09087 0.82964 0.59105
v 0.07556 0.82890 0.59416
v 0.06296 0.82966 0.59671
v 0.05367 0.83101 0.59858
v 0.05469 0.72169 0.96385
v 0.06725 0.73627 0.91416
v 0.07890 0.74998 0.86445
v 0.09050 0.76365 0.81474
v 0.10210 0.77733 0.76503
v 0.11362 0.79093 0.71531
v 0.12305 0.80272 0.66556
v 0.05868 0.70686 0.96352
v 0.07215 0.71856 0.91377
v 0.08465 0.72963 0.86400
v 0.09710 0.74067 0.81423
v 0.10955 0.75171 0.76446
v 0.12191 0.76270 0.71469
v 0.13203 0.77240 0.66489
v 0.06223 0.68937 0.96314
v 0.07652 0.69765 0.91331
v 0.08977 0.70560 0.86347
v 0.10297 0.71354 0.81363
v 0.11618 0.72147 0.76380
v 0.12929 0.72939 0.71396
v 0.14001 0.73661 0.66411
v 0.06363 0.66962 0.96270
v 0.07825 0.67405 0.91279
v 0.09180 0.67848 0.86287
v 0.10530 0.68292 0.81296
v 0.11880 0.68735 0.76305
v 0.13221 0.69178 0.71313
v 0.14318 0.69621 0.66322
v 0.06223 0.64987 0.96227
v 0.07652 0.65045 0.91227
v 0.08977 0.65136 0.86228
v 0.10297 0.65229 0.81229
v 0.11618 0.65322 0.76229
v 0.12929 0.65418 0.71230
v 0.14001 0.65582 0.66233
v 0.05868 0.63237 0.96188
v 0.07215 0.62954 0.91181
v 0.08465 0.62734 0.86175
v 0.09710 0.62516 0.81169
v 0.10955 0.62299 0.76163
v 0.12191 0.62086 0.71157
v 0.13203 0.62003 0.66154
v 0.05469 0.61755 0.96156
v 0.06725 0.61183 0.91142
v 0.07890 0.60698 0.86130
v 0.09050 0.60218 0.81118
v 0.10210 0.59737 0.76107
v 0.11362 0.59263 0.71095
v 0.12305 0.58971 0.66087
v -0.12305 0.80272 0.66556
v -0.11362 0.79093 0.71531
v -0.10210 0.77733 0.76503
v -0.09050 0.76365 0.81474
v -0.07890 0.74998 0.86445
v -0.06725 0.73627 0.91416
v -0.05469 0.72169 0.96385
v -0.13203 0.77240 0.66489
v -0.12191 0.76270 0.71469
v -0.10955 0.75171 0.76446
v -0.09710 0.74067 0.81423
v -0.08465 0.72963 0.86400
v -0.07215 0.71856 0.91377
v -0.05868 0.70686 0.96352
v -0.14001 0.73661 0.66411
v -0.12929 0.72939 0.71396
v -0.11618 0.72147 0.76380
v -0.10297 0.71354 0.81363
v -0.08977 0.70560 0.86347
v -0.07652 0.69765 0.91331
v -0.06223 0.68937 0.96314
v -0.14318 0.69621 0.66322
v -0.13221 0.69178 0.71313
v -0.11880 0.68735 0.76305
v -0.10530 0.68292 0.81296
v -0.09180 0.67848 0.86287
v -0.07825 0.67405 0.91279
v -0.06363 0.66962 0.96270
v -0.14001 0.65582 0.66233
v -0.12929 0.65418 0.71230
v -0.11618 0.65322 0.76229
v -0.10297 0.65229 0.81229
v -0.08977 0.65136 0.86228
v -0.07652 0.65045 0.91227
v -0.06223 0.64987 0.96227
v -0.13203 0.62003 0.66154
v -0.12191 0.62086 0.71157
v -0.10955 0.62299 0.76163
v -0.09710 0.62516 0.81169
v -0.08465 0.62734 0.86175
v -0.07215 0.62954 0.91181
v -0.05868 0.63237 0.96188
v -0.12305 0.58971 0.66087
v -0.11362 0.59263 0.71095
v -0.10210 0.59737 0.76107
v -0.09050 0.60218 0.81118
v -0.07890 0.60698 0.86130
v -0.06725 0.61183 0.91142
v -0.05469 0.61755 0.96156
v -0.12305 0.80272 0.66556
v -0.08802 0.81049 0.66573
v -0.04667 0.81740 0.66588
v 0.00000 0.82014 0.66594
v 0.04667 0.81740 0.66588
v 0.08802 0.81049 0.66573
v 0.12305 0.80272 0.66556
v -0.11362 0.79093 0.71531
v -0.08128 0.79816 0.71547
v -0.04310 0.80459 0.71561
v 0.00000 0.80714 0.71567
v 0.04310 0.80459 0.71561
v 0.08128 0.79816 0.71547
v 0.11362 0.79093 0.71531
v -0.10210 0.77733 0.76503
v -0.07303 0.78389 0.76517
v -0.03873 0.78973 0.76530
v 0.00000 0.79204 0.76535
v 0.03873 0.78973 0.76530
v 0.07303 0.78389 0.76517
v 0.10210 0.77733 0.76503
v -0.09050 0.76365 0.81474
v -0.06473 0.76955 0.81487
v -0.03432 0.77478 0.81498
v 0.00000 0.77686 0.81503
v 0.03432 0.77478 0.81498
v 0.06473 0.76955 0.81487
v 0.09050 0.76365 0.81474
v -0.07890 0.74998 0.86445
v -0.05644 0.75520 0.86456
v -0.02992 0.75984 0.86466
v 0.00000 0.76168 0.86471
v 0.02992 0.75984 0.86466
v 0.05644 0.75520 0.86456
v 0.07890 0.74998 0.86445
v -0.06725 0.73627 0.91416
v -0.04810 0.74081 0.91426
v -0.02551 0.74485 0.91435
v 0.00000 0.74644 0.91438
v 0.02551 0.74485 0.91435
v 0.04810 0.74081 0.91426
v 0.06725 0.73627 0.91416
v -0.05469 0.72169 0.96385
v -0.03912 0.72549 0.96393
v -0.02074 0.72886 0.96401
v 0.00000 0.73020 0.96404
v 0.02074 0.72886 0.96401
v 0.03912 0.72549 0.96393
v 0.05469 0.72169 0.96385
v -0.05469 0.61755 0.96156
v -0.03912 0.61375 0.96147
v -0.02074 0.61037 0.96140
v 0.00000 0.60903 0.96137
v 0.02074 0.61037 0.96140
v 0.03912 0.61375 0.96147
v 0.05469 0.61755 0.96156
v -0.06725 0.61183 0.91142
v -0.04810 0.60729 0.91132
v -0.02551 0.60326 0.91123
v 0.00000 0.60166 0.91120
v 0.02551 0.60326 0.91123
v 0.04810 0.60729 0.91132
v 0.06725 0.61183 0.91142
v -0.07890 0.60698 0.86130
v -0.05644 0.60176 0.86119
v -0.02992 0.59713 0.86108
v 0.00000 0.59529 0.86104
v 0.02992 0.59713 0.86108
v 0.05644 0.60176 0.86119
v 0.07890 0.60698 0.86130
v -0.09050 0.60218 0.81118
v -0.06473 0.59628 0.81105
v -0.03432 0.59105 0.81094
v 0.00000 0.58897 0.81089
v 0.03432 0.59105 0.81094
v 0.06473 0.59628 0.81105
v 0.09050 0.60218 0.81118
v -0.10210 0.59737 0.76107
v -0.07303 0.59080 0.76092
v -0.03873 0.58497 0.76079
v 0.00000 0.58265 0.76074
v 0.03873 0.58497 0.76079
v 0.07303 0.59080 0.76092
v 0.10210 0.59737 0.76107
v -0.11362 0.59263 0.71095
v -0.08128 0.58540 0.71079
v -0.04310 0.57897 0.71065
v 0.00000 0.57642 0.71059
v 0.04310 0.57897 0.71065
v 0.08128 0.58540 0.71079
v 0.11362 0.59263 0.71095
v -0.12305 0.58971 0.66087
v -0.08802 0.58194 0.66070
v -0.04667 0.57503 0.66055
v 0.00000 0.57229 0.66049
v 0.04667 0.57503 0.66055
v 0.08802 0.58194 0.66070
v 0.12305 0.58971 0.66087
v -0.05469 0.72169 0.96385
v -0.03912 0.72549 0.96393
v -0.02074 0.72886 0.96401
v 0.00000 0.73020 0.96404
v 0.02074 0.72886 0.96401
v 0.03912 0.72549 0.96393
v 0.05469 0.72169 0.96385
v -0.05868 0.70686 0.96352
v -0.03646 0.70433 0.96347
v -0.02020 0.70809 0.96355
v 0.00000 0.71001 0.96359
v 0.02020 0.70809 0.96355
v 0.03646 0.70433 0.96347
v 0.05868 0.70686 0.96352
v -0.06223 0.68937 0.96314
v -0.04041 0.68885 0.96313
v -0.01823 0.68697 0.96309
v 0.00000 0.68981 0.96315
v 0.01823 0.68697 0.96309
v 0.04041 0.68885 0.96313
v 0.06223 0.68937 0.96314
v -0.06363 0.66962 0.96270
v -0.04242 0.66962 0.96270
v -0.02121 0.66962 0.96270
v 0.00000 0.66962 0.96270
v 0.02121 0.66962 0.96270
v 0.04242 0.66962 0.96270
v 0.06363 0.66962 0.96270
v -0.06223 0.64987 0.96227
v -0.04041 0.65038 0.96228
v -0.01823 0.65226 0.96232
v 0.00000 0.64942 0.96226
v 0.01823 0.65226 0.96232
v 0.04041 0.65038 0.96228
v 0.06223 0.64987 0.96227
v -0.05868 0.63237 0.96188
v -0.03646 0.63491 0.96194
v -0.02020 0.63115 0.96186
v 0.00000 0.62923 0.96182
v 0.02020 0.63115 0.96186
v 0.03646 0.63491 0.96194
v 0.05868 0.63237 0.96188
v -0.05469 0.61755 0.96156
v -0.03912 0.61375 0.96147
v -0.02074 0.61037 0.96140
v 0.00000 0.60903 0.96137
v 0.02074 0.61037 0.96140
v 0.03912 0.61375 0.96147
v 0.05469 0.61755 0.96156
v 0.12305 0.80272 0.66556
v 0.08802 0.81049 0.66573
v 0.04667 0.81740 0.66588
v 0.00000 0.82014 0.66594
v -0.04667 0.81740 0.66588
v -0.08802 0.81049 0.66573
v -0.12305 0.80272 0.66556
v 0.13203 0.77240 0.66489
v 0.08203 0.76722 0.66478
v 0.04546 0.77490 0.66495
v 0.00000 0.77883 0.66503
v -0.04546 0.77490 0.66495
v -0.08203 0.76722 0.66478
v -0.13203 0.77240 0.66489
v 0.14001 0.73661 0.66411
v 0.09092 0.73556 0.66408
v 0.04102 0.73171 0.66400
v 0.00000 0.73752 0.66413
v -0.04102 0.73171 0.66400
v -0.09092 0.73556 0.66408
v -0.14001 0.73661 0.66411
v 0.14318 0.69621 0.66322
v 0.09545 0.69621 0.66322
v 0.04773 0.69621 0.66322
v 0.00000 0.69621 0.66322
v -0.04773 0.69621 0.66322
v -0.09545 0.69621 0.66322
v -0.14318 0.69621 0.66322
v 0.14001 0.65582 0.66233
v 0.09092 0.65687 0.66235
v 0.04102 0.66071 0.66244
v 0.00000 0.65490 0.66231
v -0.04102 0.66071 0.66244
v -0.09092 0.65687 0.66235
v -0.14001 0.65582 0.66233
v 0.13203 0.62003 0.66154
v 0.08203 0.62521 0.66165
v 0.04546 0.61752 0.66149
v 0.00000 0.61360 0.66140
v -0.04546 0.61752 0.66149
v -0.08203 0.62521 0.66165
v -0.13203 0.62003 0.66154
v 0.12305 0.58971 0.66087
v 0.08802 0.58194 0.66070
v 0.04667 0.57503 0.66055
v 0.00000 0.57229 0.66049
v -0.04667 0.57503 0.66055
v -0.08802 0.58194 0.66070
v -0.12305 0.58971 0.66087
v 0.03813 0.70580 0.99218
v 0.03926 0.70674 0.98385
v 0.03931 0.70678 0.97551
v 0.03931 0.70678 0.96718
v 0.03931 0.70678 0.95885
v 0.03926 0.70674 0.95051
v 0.03813 0.70580 0.94218
v 0.04059 0.69660 0.99218
v 0.04180 0.69727 0.98385
v 0.04185 0.69730 0.97551
v 0.04185 0.69730 0.96718
v 0.04185 0.69730 0.95885
v 0.04180 0.69727 0.95051
v 0.04059 0.69660 0.94218
v 0.04278 0.68597 0.99218
v 0.04405 0.68632 0.98385
v 0.04411 0.68633 0.97551
v 0.04411 0.68633 0.96718
v 0.04411 0.68633 0.95885
v 0.04405 0.68632 0.95051
v 0.04278 0.68597 0.94218
v 0.04365 0.67411 0.99218
v 0.04495 0.67411 0.98385
v 0.04500 0.67411 0.97551
v 0.04500 0.67411 0.96718
v 0.04500 0.67411 0.95885
v 0.04495 0.67411 0.95051
v 0.04365 0.67411 0.94218
v 0.04278 0.66226 0.99218
v 0.04405 0.66191 0.98385
v 0.04411 0.66189 0.97551
v 0.04411 0.66189 0.96718
v 0.04411 0.66189 0.95885
v 0.04405 0.66191 0.95051
v 0.04278 0.66226 0.94218
v 0.04059 0.65162 0.99218
v 0.04180 0.65095 0.98385
v 0.04185 0.65093 0.97551
v 0.04185 0.65093 0.96718
v 0.04185 0.65093 0.95885
v 0.04180 0.65095 0.95051
v 0.04059 0.65162 0.94218
v 0.03813 0.64242 0.99218
v 0.03926 0.64148 0.98385
v 0.03931 0.64144 0.97551
v 0.03931 0.64144 0.96718
v 0.03931 0.64144 0.95885
v 0.03926 0.64148 0.95051
v 0.03813 0.64242 0.94218
v -0.03813 0.70580 0.94218
v -0.03926 0.70674 0.95051
v -0.03931 0.70678 0.95885
v -0.03931 0.70678 0.96718
v -0.03931 0.70678 0.97551
v -0.03926 0.70674 0.98385
v -0.03813 0.70580 0.99218
v -0.04059 0.69660 0.94218
v -0.04180 0.69727 0.95051
v -0.04185 0.69730 0.95885
v -0.04185 0.69730 0.96718
v -0.04185 0.69730 0.97551
v -0.04180 0.69727 0.98385
v -0.04059 0.69660 0.99218
v -0.04278 0.68597 0.94218
v -0.04405 0.68632 0.95051
v -0.04411 0.68633 0.95885
v -0.04411 0.68633 0.96718
v -0.04411 0.68633 0.97551
v -0.04405 0.68632 0.98385
v -0.04278 0.68597 0.99218
v -0.04365 0.67411 0.94218
v -0.04495 0.67411 0.95051
v -0.04500 0.67411 0.95885
v -0.04500 0.67411 0.96718
v -0.04500 0.67411 0.97551
v -0.04495 0.67411 0.98385
v -0.04365 0.67411 0.99218
v -0.04278 0.66226 0.94218
v -0.04405 0.66191 0.95051
v -0.04411 0.66189 0.95885
v -0.04411 0.66189 0.96718
v -0.04411 0.66189 0.97551
v -0.04405 0.66191 0.98385
v -0.04278 0.66226 0.99218
v -0.04059 0.65162 0.94218
v -0.04180 0.65095 0.95051
v -0.04185 0.65093 0.95885
v -0.04185 0.65093 0.96718
v -0.04185 0.65093 0.97551
v -0.04180 0.65095 0.98385
v -0.04059 0.65162 0.99218
v -0.03813 0.64242 0.94218
v -0.03926 0.64148 0.95051
v -0.03931 0.64144 0.95885
v -0.03931 0.64144 0.96718
v -0.03931 0.64144 0.97551
v -0.03926 0.64148 0.98385
v -0.03813 0.64242 0.99218
v -0.03813 0.70580 0.94218
v -0.02706 0.70785 0.94218
v -0.01426 0.70967 0.94218
v 0.00000 0.71039 0.94218
v 0.01426 0.70967 0.94218
v 0.02706 0.70785 0.94218
v 0.03813 0.70580 0.94218
v -0.03926 0.70674 0.95051
v -0.02787 0.70885 0.95051
v -0.01468 0.71073 0.95051
v 0.00000 0.71147 0.95051
v 0.01468 0.71073 0.95051
v 0.02787 0.70885 0.95051
v 0.03926 0.70674 0.95051
v -0.03931 0.70678 0.95885
v -0.02790 0.70889 0.95885
v -0.01470 0.71077 0.95885
v 0.00000 0.71151 0.95885
v 0.01470 0.71077 0.95885
v 0.02790 0.70889 0.95885
v 0.03931 0.70678 0.95885
v -0.03931 0.70678 0.96718
v -0.02790 0.70889 0.96718
v -0.01470 0.71077 0.96718
v 0.00000 0.71151 0.96718
v 0.01470 0.71077 0.96718
v 0.02790 0.70889 0.96718
v 0.03931 0.70678 0.96718
v -0.03931 0.70678 0.97551
v -0.02790 0.70889 0.97551
v -0.01470 0.71077 0.97551
v 0.00000 0.71151 0.97551
v 0.01470 0.71077 0.97551
v 0.02790 0.70889 0.97551
v 0.03931 0.70678 0.97551
v -0.03926 0.70674 0.98385
v -0.02787 0.70885 0.98385
v -0.01468 0.71073 0.98385
v 0.00000 0.71147 0.98385
v 0.01468 0.71073 0.98385
v 0.02787 0.70885 0.98385
v 0.03926 0.70674 0.98385
v -0.03813 0.70580 0.99218
v -0.02706 0.70785 0.99218
v -0.01426 0.70967 0.99218
v 0.00000 0.71039 0.99218
v 0.01426 0.70967 0.99218
v 0.02706 0.70785 0.99218
v 0.03813 0.70580 0.99218
v -0.03813 0.64242 0.99218
v -0.02706 0.64038 0.99218
v -0.01426 0.63856 0.99218
v 0.00000 0.63783 0.99218
v 0.01426 0.63856 0.99218
v 0.02706 0.64038 0.99218
v 0.03813 0.64242 0.99218
v -0.03926 0.64148 0.98385
v -0.02787 0.63937 0.98385
v -0.01468 0.63750 0.98385
v 0.00000 0.63676 0.98385
v 0.01468 0.63750 0.98385
v 0.02787 0.63937 0.98385
v 0.03926 0.64148 0.98385
v -0.03931 0.64144 0.97551
v -0.02790 0.63933 0.97551
v -0.01470 0.63746 0.97551
v 0.00000 0.63671 0.97551
v 0.01470 0.63746 0.97551
v 0.02790 0.63933 0.97551
v 0.03931 0.64144 0.97551
v -0.03931 0.64144 0.96718
v -0.02790 0.63933 0.96718
v -0.01470 0.63746 0.96718
v 0.00000 0.63671 0.96718
v 0.01470 0.63746 0.96718
v 0.02790 0.63933 0.96718
v 0.03931 0.64144 0.96718
v -0.03931 0.64144 0.95885
v -0.02790 0.63933 0.95885
v -0.01470 0.63746 0.95885
v 0.00000 0.63671 0.95885
v 0.01470 0.63746 0.95885
v 0.02790 0.63933 0.95885
v 0.03931 0.64144 0.95885
v -0.03926 0.64148 0.95051
v -0.02787 0.63937 0.95051
v -0.01468 0.63750 0.95051
v 0.00000 0.63676 0.95051
v 0.01468 0.63750 0.95051
v 0.02787 0.63937 0.95051
v 0.03926 0.64148 0.95051
v -0.03813 0.64242 0.94218
v -0.02706 0.64038 0.94218
v -0.01426 0.63856 0.94218
v 0.00000 0.63783 0.94218
v 0.01426 0.63856 0.94218
v 0.02706 0.64038 0.94218
v 0.03813 0.64242 0.94218
v -0.03813 0.70580 0.99218
v -0.02706 0.70785 0.99218
v -0.01426 0.70967 0.99218
v 0.00000 0.71039 0.99218
v 0.01426 0.70967 0.99218
v 0.02706 0.70785 0.99218
v 0.03813 0.70580 0.99218
v -0.04059 0.69660 0.99218
v -0.02542 0.69524 0.99218
v -0.01393 0.69726 0.99218
v 0.00000 0.69830 0.99218
v 0.01393 0.69726 0.99218
v 0.02542 0.69524 0.99218
v 0.04059 0.69660 0.99218
v -0.04278 0.68597 0.99218
v -0.02786 0.68569 0.99218
v -0.01271 0.68468 0.99218
v 0.00000 0.68621 0.99218
v 0.01271 0.68468 0.99218
v 0.02786 0.68569 0.99218
v 0.04278 0.68597 0.99218
v -0.04365 0.67411 0.99218
v -0.02910 0.67411 0.99218
v -0.01455 0.67411 0.99218
v 0.00000 0.67411 0.99218
v 0.01455 0.67411 0.99218
v 0.02910 0.67411 0.99218
v 0.04365 0.67411 0.99218
v -0.04278 0.66226 0.99218
v -0.02786 0.66254 0.99218
v -0.01271 0.66355 0.99218
v 0.00000 0.66202 0.99218
v 0.01271 0.66355 0.99218
v 0.02786 0.66254 0.99218
v 0.04278 0.66226 0.99218
v -0.04059 0.65162 0.99218
v -0.02542 0.65299 0.99218
v -0.01393 0.65096 0.99218
v 0.00000 0.64993 0.99218
v 0.01393 0.65096 0.99218
v 0.02542 0.65299 0.99218
v 0.04059 0.65162 0.99218
v -0.03813 0.64242 0.99218
v -0.02706 0.64038 0.99218
v -0.01426 0.63856 0.99218
v 0.00000 0.63783 0.99218
v 0.01426 0.63856 0.99218
v 0.02706 0.64038 0.99218
v 0.03813 0.64242 0.99218
v 0.03813 0.70580 0.94218
v 0.02706 0.70785 0.94218
v 0.01426 0.70967 0.94218
v 0.00000 0.71039 0.94218
v -0.01426 0.70967 0.94218
v -0.02706 0.70785 0.94218
v -0.03813 0.70580 0.94218
v 0.04059 0.69660 0.94218
v 0.02542 0.69524 0.94218
v 0.01393 0.69726 0.94218
v 0.00000 0.69830 0.94218
v -0.01393 0.69726 0.94218
v -0.02542 0.69524 0.94218
v -0.04059 0.69660 0.94218
v 0.04278 0.68597 0.94218
v 0.02786 0.68569 0.94218
v 0.01271 0.68468 0.94218
v 0.00000 0.68621 0.94218
v -0.01271 0.68468 0.94218
v -0.02786 0.68569 0.94218
v -0.04278 0.68597 0.94218
v 0.04365 0.67411 0.94218
v 0.02910 0.67411 0.94218
v 0.01455 0.67411 0.94218
v 0.00000 0.67411 0.94218
v -0.01455 0.67411 0.94218
v -0.02910 0.67411 0.94218
v -0.04365 0.67411 0.94218
v 0.04278 0.66226 0.94218
v 0.02786 0.66254 0.94218
v 0.01271 0.66355 0.94218
v 0.00000 0.66202 0.94218
v -0.01271 0.66355 0.94218
v -0.02786 0.66254 0.94218
v -0.04278 0.66226 0.94218
v 0.04059 0.65162 0.94218
v 0.02542 0.65299 0.94218
v 0.01393 0.65096 0.94218
v 0.00000 0.64993 0.94218
v -0.01393 0.65096 0.94218
v -0.02542 0.65299 0.94218
v -0.04059 0.65162 0.94218
v 0.03813 0.64242 0.94218
v 0.02706 0.64038 0.94218
v 0.01426 0.63856 0.94218
v 0.00000 0.63783 0.94218
v -0.01426 0.63856 0.94218
v -0.02706 0.64038 0.94218
v -0.03813 0.64242 0.94218
v -0.10040 0.78953 0.66768
v -0.09961 0.79043 0.66138
v -0.09927 0.79084 0.65508
v -0.09894 0.79124 0.64878
v -0.09862 0.79164 0.64248
v -0.09832 0.79201 0.63618
v -0.09857 0.79177 0.62988
v -0.09907 0.78774 0.66768
v -0.09814 0.78845 0.66138
v -0.09774 0.78878 0.65508
v -0.09736 0.78909 0.64878
v -0.09698 0.78940 0.64248
v -0.09663 0.78969 0.63618
v -0.09693 0.78950 0.62988
v -0.09789 0.78495 0.66768
v -0.09684 0.78535 0.66138
v -0.09639 0.78554 0.65508
v -0.09596 0.78571 0.64878
v -0.09553 0.78589 0.64248
v -0.09513 0.78605 0.63618
v -0.09547 0.78595 0.62988
v -0.09742 0.78131 0.66768
v -0.09633 0.78131 0.66138
v -0.09585 0.78131 0.65508
v -0.09540 0.78131 0.64878
v -0.09495 0.78131 0.64248
v -0.09453 0.78131 0.63618
v -0.09489 0.78131 0.62988
v -0.09789 0.77767 0.66768
v -0.09684 0.77727 0.66138
v -0.09639 0.77709 0.65508
v -0.09596 0.77691 0.64878
v -0.09553 0.77674 0.64248
v -0.09513 0.77657 0.63618
v -0.09547 0.77668 0.62988
v -0.09907 0.77488 0.66768
v -0.09814 0.77418 0.66138
v -0.09774 0.77385 0.65508
v -0.09736 0.77354 0.64878
v -0.09698 0.77323 0.64248
v -0.09663 0.77294 0.63618
v -0.09693 0.77313 0.62988
v -0.10040 0.77310 0.66768
v -0.09961 0.77220 0.66138
v -0.09927 0.77178 0.65508
v -0.09894 0.77138 0.64878
v -0.09862 0.77099 0.64248
v -0.09832 0.77061 0.63618
v -0.09857 0.77086 0.62988
v -0.11743 0.79177 0.62988
v -0.11768 0.79201 0.63618
v -0.11738 0.79164 0.64248
v -0.11706 0.79124 0.64878
v -0.11673 0.79084 0.65508
v -0.11639 0.79043 0.66138
v -0.11560 0.78953 0.66768
v -0.11907 0.78950 0.62988
v -0.11937 0.78969 0.63618
v -0.11902 0.78940 0.64248
v -0.11864 0.78909 0.64878
v -0.11826 0.78878 0.65508
v -0.11786 0.78845 0.66138
v -0.11693 0.78774 0.66768
v -0.12053 0.78595 0.62988
v -0.12087 0.78605 0.63618
v -0.12047 0.78589 0.64248
v -0.12004 0.78571 0.64878
v -0.11961 0.78554 0.65508
v -0.11916 0.78535 0.66138
v -0.11811 0.78495 0.66768
v -0.12111 0.78131 0.62988
v -0.12147 0.78131 0.63618
v -0.12105 0.78131 0.64248
v -0.12060 0.78131 0.64878
v -0.12015 0.78131 0.65508
v -0.11967 0.78131 0.66138
v -0.11858 0.78131 0.66768
v -0.12053 0.77668 0.62988
v -0.12087 0.77657 0.63618
v -0.12047 0.77674 0.64248
v -0.12004 0.77691 0.64878
v -0.11961 0.77709 0.65508
v -0.11916 0.77727 0.66138
v -0.11811 0.77767 0.66768
v -0.11907 0.77313 0.62988
v -0.11937 0.77294 0.63618
v -0.11902 0.77323 0.64248
v -0.11864 0.77354 0.64878
v -0.11826 0.77385 0.65508
v -0.11786 0.77418 0.66138
v -0.11693 0.77488 0.66768
v -0.11743 0.77086 0.62988
v -0.11768 0.77061 0.63618
v -0.11738 0.77099 0.64248
v -0.11706 0.77138 0.64878
v -0.11673 0.77178 0.65508
v -0.11639 0.77220 0.66138
v -0.11560 0.77310 0.66768
v -0.11743 0.79177 0.62988
v -0.11538 0.79359 0.62988
v -0.11218 0.79521 0.62988
v -0.10800 0.79585 0.62988
v -0.10382 0.79521 0.62988
v -0.10062 0.79359 0.62988
v -0.09857 0.79177 0.62988
v -0.11768 0.79201 0.63618
v -0.11558 0.79388 0.63618
v -0.11229 0.79554 0.63618
v -0.10800 0.79620 0.63618
v -0.10371 0.79554 0.63618
v -0.10042 0.79388 0.63618
v -0.09832 0.79201 0.63618
v -0.11738 0.79164 0.64248
v -0.11535 0.79344 0.64248
v -0.11216 0.79504 0.64248
v -0.10800 0.79568 0.64248
v -0.10384 0.79504 0.64248
v -0.10065 0.79344 0.64248
v -0.09862 0.79164 0.64248
v -0.11706 0.79124 0.64878
v -0.11509 0.79297 0.64878
v -0.11201 0.79451 0.64878
v -0.10800 0.79513 0.64878
v -0.10399 0.79451 0.64878
v -0.10091 0.79297 0.64878
v -0.09894 0.79124 0.64878
v -0.11673 0.79084 0.65508
v -0.11484 0.79251 0.65508
v -0.11187 0.79399 0.65508
v -0.10800 0.79457 0.65508
v -0.10413 0.79399 0.65508
v -0.10116 0.79251 0.65508
v -0.09927 0.79084 0.65508
v -0.11639 0.79043 0.66138
v -0.11457 0.79202 0.66138
v -0.11172 0.79343 0.66138
v -0.10800 0.79399 0.66138
v -0.10428 0.79343 0.66138
v -0.10143 0.79202 0.66138
v -0.09961 0.79043 0.66138
v -0.11560 0.78953 0.66768
v -0.11395 0.79096 0.66768
v -0.11137 0.79223 0.66768
v -0.10800 0.79274 0.66768
v -0.10463 0.79223 0.66768
v -0.10205 0.79096 0.66768
v -0.10040 0.78953 0.66768
v -0.11560 0.77310 0.66768
v -0.11395 0.77167 0.66768
v -0.11137 0.77039 0.66768
v -0.10800 0.76989 0.66768
v -0.10463 0.77039 0.66768
v -0.10205 0.77167 0.66768
v -0.10040 0.77310 0.66768
v -0.11639 0.77220 0.66138
v -0.11457 0.77061 0.66138
v -0.11172 0.76920 0.66138
v -0.10800 0.76864 0.66138
v -0.10428 0.76920 0.66138
v -0.10143 0.77061 0.66138
v -0.09961 0.77220 0.66138
v -0.11673 0.77178 0.65508
v -0.11484 0.77012 0.65508
v -0.11187 0.76864 0.65508
v -0.10800 0.76805 0.65508
v -0.10413 0.76864 0.65508
v -0.10116 0.77012 0.65508
v -0.09927 0.77178 0.65508
v -0.11706 0.77138 0.64878
v -0.11509 0.76965 0.64878
v -0.11201 0.76811 0.64878
v -0.10800 0.76750 0.64878
v -0.10399 0.76811 0.64878
v -0.10091 0.76965 0.64878
v -0.09894 0.77138 0.64878
v -0.11738 0.77099 0.64248
v -0.11535 0.76918 0.64248
v -0.11216 0.76758 0.64248
v -0.10800 0.76695 0.64248
v -0.10384 0.76758 0.64248
v -0.10065 0.76918 0.64248
v -0.09862 0.77099 0.64248
v -0.11768 0.77061 0.63618
v -0.11558 0.76875 0.63618
v -0.11229 0.76709 0.63618
v -0.10800 0.76643 0.63618
v -0.10371 0.76709 0.63618
v -0.10042 0.76875 0.63618
v -0.09832 0.77061 0.63618
v -0.11743 0.77086 0.62988
v -0.11538 0.76904 0.62988
v -0.11218 0.76741 0.62988
v -0.10800 0.76677 0.62988
v -0.10382 0.76741 0.62988
v -0.10062 0.76904 0.62988
v -0.09857 0.77086 0.62988
v -0.11560 0.78953 0.66768
v -0.11395 0.79096 0.66768
v -0.11137 0.79223 0.66768
v -0.10800 0.79274 0.66768
v -0.10463 0.79223 0.66768
v -0.10205 0.79096 0.66768
v -0.10040 0.78953 0.66768
v -0.11693 0.78774 0.66768
v -0.11307 0.78679 0.66768
v -0.11119 0.78821 0.66768
v -0.10800 0.78893 0.66768
v -0.10481 0.78821 0.66768
v -0.10293 0.78679 0.66768
v -0.09907 0.78774 0.66768
v -0.11811 0.78495 0.66768
v -0.11438 0.78476 0.66768
v -0.11053 0.78405 0.66768
v -0.10800 0.78512 0.66768
v -0.10547 0.78405 0.66768
v -0.10162 0.78476 0.66768
v -0.09789 0.78495 0.66768
v -0.11858 0.78131 0.66768
v -0.11505 0.78131 0.66768
v -0.11153 0.78131 0.66768
v -0.10800 0.78131 0.66768
v -0.10447 0.78131 0.66768
v -0.10095 0.78131 0.66768
v -0.09742 0.78131 0.66768
v -0.11811 0.77767 0.66768
v -0.11438 0.77787 0.66768
v -0.11053 0.77857 0.66768
v -0.10800 0.77750 0.66768
v -0.10547 0.77857 0.66768
v -0.10162 0.77787 0.66768
v -0.09789 0.77767 0.66768
v -0.11693 0.77488 0.66768
v -0.11307 0.77584 0.66768
v -0.11119 0.77442 0.66768
v -0.10800 0.77370 0.66768
v -0.10481 0.77442 0.66768
v -0.10293 0.77584 0.66768
v -0.09907 0.77488 0.66768
v -0.11560 0.77310 0.66768
v -0.11395 0.77167 0.66768
v -0.11137 0.77039 0.66768
v -0.10800 0.76989 0.66768
v -0.10463 0.77039 0.66768
v -0.10205 0.77167 0.66768
v -0.10040 0.77310 0.66768
v -0.09857 0.79177 0.62988
v -0.10062 0.79359 0.62988
v -0.10382 0.79521 0.62988
v -0.10800 0.79585 0.62988
v -0.11218 0.79521 0.62988
v -0.11538 0.79359 0.62988
v -0.11743 0.79177 0.62988
v -0.09693 0.78950 0.62988
v -0.10172 0.78828 0.62988
v -0.10404 0.79009 0.62988
v -0.10800 0.79101 0.62988
v -0.11196 0.79009 0.62988
v -0.11428 0.78828 0.62988
v -0.11907 0.78950 0.62988
v -0.09547 0.78595 0.62988
v -0.10009 0.78570 0.62988
v -0.10486 0.78480 0.62988
v -0.10800 0.78616 0.62988
v -0.11114 0.78480 0.62988
v -0.11591 0.78570 0.62988
v -0.12053 0.78595 0.62988
v -0.09489 0.78131 0.62988
v -0.09926 0.78131 0.62988
v -0.10363 0.78131 0.62988
v -0.10800 0.78131 0.62988
v -0.11237 0.78131 0.62988
v -0.11674 0.78131 0.62988
v -0.12111 0.78131 0.62988
v -0.09547 0.77668 0.62988
v -0.10009 0.77693 0.62988
v -0.10486 0.77783 0.62988
v -0.10800 0.77647 0.62988
v -0.11114 0.77783 0.62988
v -0.11591 0.77693 0.62988
v -0.12053 0.77668 0.62988
v -0.09693 0.77313 0.62988
v -0.10172 0.77434 0.62988
v -0.10404 0.77254 0.62988
v -0.10800 0.77162 0.62988
v -0.11196 0.77254 0.62988
v -0.11428 0.77434 0.62988
v -0.11907 0.77313 0.62988
v -0.09857 0.77086 0.62988
v -0.10062 0.76904 0.62988
v -0.10382 0.76741 0.62988
v -0.10800 0.76677 0.62988
v -0.11218 0.76741 0.62988
v -0.11538 0.76904 0.62988
v -0.11743 0.77086 0.62988
v 0.11560 0.78953 0.66768
v 0.11639 0.79043 0.66138
v 0.11673 0.79084 0.65508
v 0.11706 0.79124 0.64878
v 0.11738 0.79164 0.64248
v 0.11768 0.79201 0.63618
v 0.11743 0.79177 0.62988
v 0.11693 0.78774 0.66768
v 0.11786 0.78845 0.66138
v 0.11826 0.78878 0.65508
v 0.11864 0.78909 0.64878
v 0.11902 0.78940 0.64248
v 0.11937 0.78969 0.63618
v 0.11907 0.78950 0.62988
v 0.11811 0.78495 0.66768
v 0.11916 0.78535 0.66138
v 0.11961 0.78554 0.65508
v 0.12004 0.78571 0.64878
v 0.12047 0.78589 0.64248
v 0.12087 0.78605 0.63618
v 0.12053 0.78595 0.62988
v 0.11858 0.78131 0.66768
v 0.11967 0.78131 0.66138
v 0.12015 0.78131 0.65508
v 0.12060 0.78131 0.64878
v 0.12105 0.78131 0.64248
v 0.12147 0.78131 0.63618
v 0.12111 0.78131 0.62988
v 0.11811 0.77767 0.66768
v 0.11916 0.77727 0.66138
v 0.11961 0.77709 0.65508
v 0.12004 0.77691 0.64878
v 0.12047 0.77674 0.64248
v 0.12087 0.77657 0.63618
v 0.12053 0.77668 0.62988
v 0.11693 0.77488 0.66768
v 0.11786 0.77418 0.66138
v 0.11826 0.77385 0.65508
v 0.11864 0.77354 0.64878
v 0.11902 0.77323 0.64248
v 0.11937 0.77294 0.63618
v 0.11907 0.77313 0.62988
v 0.11560 0.77310 0.66768
v 0.11639 0.77220 0.66138
v 0.11673 0.77178 0.65508
v 0.11706 0.77138 0.64878
v 0.11738 0.77099 0.64248
v 0.11768 0.77061 0.63618
v 0.11743 0.77086 0.62988
v 0.09857 0.79177 0.62988
v 0.09832 0.79201 0.63618
v 0.09862 0.79164 0.64248
v 0.09894 0.79124 0.64878
v 0.09927 0.79084 0.65508
v 0.09961 0.79043 0.66138
v 0.10040 0.78953 0.66768
v 0.09693 0.78950 0.62988
v 0.09663 0.78969 0.63618
v 0.09698 0.78940 0.64248
v 0.09736 0.78909 0.64878
v 0.09774 0.78878 0.65508
v 0.09814 0.78845 0.66138
v 0.09907 0.78774 0.66768
v 0.09547 0.78595 0.62988
v 0.09513 0.78605 0.63618
v 0.09553 0.78589 0.64248
v 0.09596 0.78571 0.64878
v 0.09639 0.78554 0.65508
v 0.09684 0.78535 0.66138
v 0.09789 0.78495 0.66768
v 0.09489 0.78131 0.62988
v 0.09453 0.78131 0.63618
v 0.09495 0.78131 0.64248
v 0.09540 0.78131 0.64878
v 0.09585 0.78131 0.65508
v 0.09633 0.78131 0.66138
v 0.09742 0.78131 0.66768
v 0.09547 0.77668 0.62988
v 0.09513 0.77657 0.63618
v 0.09553 0.77674 0.64248
v 0.09596 0.77691 0.64878
v 0.09639 0.77709 0.65508
v 0.09684 0.77727 0.66138
v 0.09789 0.77767 0.66768
v 0.09693 0.77313 0.62988
v 0.09663 0.77294 0.63618
v 0.09698 0.77323 0.64248
v 0.09736 0.77354 0.64878
v 0.09774 0.77385 0.65508
v 0.09814 0.77418 0.66138
v 0.09907 0.77488 0.66768
v 0.09857 0.77086 0.62988
v 0.09832 0.77061 0.63618
v 0.09862 0.77099 0.64248
v 0.09894 0.77138 0.64878
v 0.09927 0.77178 0.65508
v 0.09961 0.77220 0.66138
v 0.10040 0.77310 0.66768
v 0.09857 0.79177 0.62988
v 0.10062 0.79359 0.62988
v 0.10382 0.79521 0.62988
v 0.10800 0.79585 0.62988
v 0.11218 0.79521 0.62988
v 0.11538 0.79359 0.62988
v 0.11743 0.79177 0.62988
v 0.09832 0.79201 0.63618
v 0.10042 0.79388 0.63618
v 0.10371 0.79554 0.63618
v 0.10800 0.79620 0.63618
v 0.11229 0.79554 0.63618
v 0.11558 0.79388 0.63618
v 0.11768 0.79201 0.63618
v 0.09862 0.79164 0.64248
v 0.10065 0.79344 0.64248
v 0.10384 0.79504 0.64248
v 0.10800 0.79568 0.64248
v 0.11216 0.79504 0.64248
v 0.11535 0.79344 0.64248
v 0.11738 0.79164 0.64248
v 0.09894 0.79124 0.64878
v 0.10091 0.79297 0.64878
v 0.10399 0.79451 0.64878
v 0.10800 0.79513 0.64878
v 0.11201 0.79451 0.64878
v 0.11509 0.79297 0.64878
v 0.11706 0.79124 0.64878
v 0.09927 0.79084 0.65508
v 0.10116 0.79251 0.65508
v 0.10413 0.79399 0.65508
v 0.10800 0.79457 0.65508
v 0.11187 0.79399 0.65508
v 0.11484 0.79251 0.65508
v 0.11673 0.79084 0.65508
v 0.09961 0.79043 0.66138
v 0.10143 0.79202 0.66138
v 0.10428 0.79343 0.66138
v 0.10800 0.79399 0.66138
v 0.11172 0.79343 0.66138
v 0.11457 0.79202 0.66138
v 0.11639 0.79043 0.66138
v 0.10040 0.78953 0.66768
v 0.10205 0.79096 0.66768
v 0.10463 0.79223 0.66768
v 0.10800 0.79274 0.66768
v 0.11137 0.79223 0.66768
v 0.11395 0.79096 0.66768
v 0.11560 0.78953 0.66768
v 0.10040 0.77310 0.66768
v 0.10205 0.77167 0.66768
v 0.10463 0.77039 0.66768
v 0.10800 0.76989 0.66768
v 0.11137 0.77039 0.66768
v 0.11395 0.77167 0.66768
v 0.11560 0.77310 0.66768
v 0.09961 0.77220 0.66138
v 0.10143 0.77061 0.66138
v 0.10428 0.76920 0.66138
v 0.10800 0.76864 0.66138
v 0.11172 0.76920 0.66138
v 0.11457 0.77061 0.66138
v 0.11639 0.77220 0.66138
v 0.09927 0.77178 0.65508
v 0.10116 0.77012 0.65508
v 0.10413 0.76864 0.65508
v 0.10800 0.76805 0.65508
v 0.11187 0.76864 0.65508
v 0.11484 0.77012 0.65508
v 0.11673 0.77178 0.65508
v 0.09894 0.77138 0.64878
v 0.10091 0.76965 0.64878
v 0.10399 0.76811 0.64878
v 0.10800 0.76750 0.64878
v 0.11201 0.76811 0.64878
v 0.11509 0.76965 0.64878
v 0.11706 0.77138 0.64878
v 0.09862 0.77099 0.64248
v 0.10065 0.76918 0.64248
v 0.10384 0.76758 0.64248
v 0.10800 0.76695 0.64248
v 0.11216 0.76758 0.64248
v 0.11535 0.76918 0.64248
v 0.11738 0.77099 0.64248
v 0.09832 0.77061 0.63618
v 0.10042 0.76875 0.63618
v 0.10371 0.76709 0.63618
v 0.10800 0.76643 0.63618
v 0.11229 0.76709 0.63618
v 0.11558 0.76875 0.63618
v 0.11768 0.77061 0.63618
v 0.09857 0.77086 0.62988
v 0.10062 0.76904 0.62988
v 0.10382 0.76741 0.62988
v 0.10800 0.76677 0.62988
v 0.11218 0.76741 0.62988
v 0.11538 0.76904 0.62988
v 0.11743 0.77086 0.62988
v 0.10040 0.78953 0.66768
v 0.10205 0.79096 0.66768
v 0.10463 0.79223 0.66768
v 0.10800 0.79274 0.66768
v 0.11137 0.79223 0.66768
v 0.11395 0.79096 0.66768
v 0.11560 0.78953 0.66768
v 0.09907 0.78774 0.66768
v 0.10293 0.78679 0.66768
v 0.10481 0.78821 0.66768
v 0.10800 0.78893 0.66768
v 0.11119 0.78821 0.66768
v 0.11307 0.78679 0.66768
v 0.11693 0.78774 0.66768
v 0.09789 0.78495 0.66768
v 0.10162 0.78476 0.66768
v 0.10547 0.78405 0.66768
v 0.10800 0.78512 0.66768
v 0.11053 0.78405 0.66768
v 0.11438 0.78476 0.66768
v 0.11811 0.78495 0.66768
v 0.09742 0.78131 0.66768
v 0.10095 0.78131 0.66768
v 0.10447 0.78131 0.66768
v 0.10800 0.78131 0.66768
v 0.11153 0.78131 0.66768
v 0.11505 0.78131 0.66768
v 0.11858 0.78131 0.66768
v 0.09789 0.77767 0.66768
v 0.10162 0.77787 0.66768
v 0.10547 0.77857 0.66768
v 0.10800 0.77750 0.66768
v 0.11053 0.77857 0.66768
v 0.11438 0.77787 0.66768
v 0.11811 0.77767 0.66768
v 0.09907 0.77488 0.66768
v 0.10293 0.77584 0.66768
v 0.10481 0.77442 0.66768
v 0.10800 0.77370 0.66768
v 0.11119 0.77442 0.66768
v 0.11307 0.77584 0.66768
v 0.11693 0.77488 0.66768
v 0.10040 0.77310 0.66768
v 0.10205 0.77167 0.66768
v 0.10463 0.77039 0.66768
v 0.10800 0.76989 0.66768
v 0.11137 0.77039 0.66768
v 0.11395 0.77167 0.66768
v 0.11560 0.77310 0.66768
v 0.11743 0.79177 0.62988
v 0.11538 0.79359 0.62988
v 0.11218 0.79521 0.62988
v 0.10800 0.79585 0.62988
v 0.10382 0.79521 0.62988
v 0.10062 0.79359 0.62988
v 0.09857 0.79177 0.62988
v 0.11907 0.78950 0.62988
v 0.11428 0.78828 0.62988
v 0.11196 0.79009 0.62988
v 0.10800 0.79101 0.62988
v 0.10404 0.79009 0.62988
v 0.10172 0.78828 0.62988
v 0.09693 0.78950 0.62988
v 0.12053 0.78595 0.62988
v 0.11591 0.78570 0.62988
v 0.11114 0.78480 0.62988
v 0.10800 0.78616 0.62988
v 0.10486 0.78480 0.62988
v 0.10009 0.78570 0.62988
v 0.09547 0.78595 0.62988
v 0.12111 0.78131 0.62988
v 0.11674 0.78131 0.62988
v 0.11237 0.78131 0.62988
v 0.10800 0.78131 0.62988
v 0.10363 0.78131 0.62988
v 0.09926 0.78131 0.62988
v 0.09489 0.78131 0.62988
v 0.12053 0.77668 0.62988
v 0.11591 0.77693 0.62988
v 0.11114 0.77783 0.62988
v 0.10800 0.77647 0.62988
v 0.10486 0.77783 0.62988
v 0.10009 0.77693 0.62988
v 0.09547 0.77668 0.62988
v 0.11907 0.77313 0.62988
v 0.11428 0.77434 0.62988
v 0.11196 0.77254 0.62988
v 0.10800 0.77162 0.62988
v 0.10404 0.77254 0.62988
v 0.10172 0.77434 0.62988
v 0.09693 0.77313 0.62988
v 0.11743 0.77086 0.62988
v 0.11538 0.76904 0.62988
v 0.11218 0.76741 0.62988
v 0.10800 0.76677 0.62988
v 0.10382 0.76741 0.62988
v 0.10062 0.76904 0.62988
v 0.09857 0.77086 0.62988
v -0.07087 0.96558 0.52418
v -0.06939 0.96718 0.52310
v -0.06835 0.96716 0.52190
v -0.06733 0.96708 0.52069
v -0.06631 0.96699 0.51948
v -0.06531 0.96684 0.51826
v -0.06487 0.96509 0.51691
v -0.08735 0.81905 0.51882
v -0.08531 0.81712 0.51641
v -0.08334 0.81688 0.51408
v -0.08137 0.81672 0.51175
v -0.07941 0.81656 0.50943
v -0.07745 0.81647 0.50710
v -0.07580 0.81812 0.50484
v -0.09100 0.96946 0.51451
v -0.09027 0.97101 0.51596
v -0.08951 0.97087 0.51734
v -0.08874 0.97065 0.51872
v -0.08798 0.97044 0.52009
v -0.08722 0.97016 0.52146
v -0.08655 0.96820 0.52274
v -0.12605 0.82651 0.50021
v -0.12546 0.82449 0.50268
v -0.12402 0.82401 0.50532
v -0.12256 0.82360 0.50796
v -0.12109 0.82319 0.51060
v -0.11960 0.82284 0.51325
v -0.11750 0.82409 0.51604
v -0.09100 0.96946 0.51451
v -0.08645 0.97351 0.51517
v -0.08140 0.97695 0.51585
v -0.07624 0.97779 0.51640
v -0.07162 0.97532 0.51675
v -0.06791 0.97042 0.51687
v -0.06487 0.96509 0.51691
v -0.09027 0.97101 0.51596
v -0.08587 0.97520 0.51662
v -0.08100 0.97877 0.51728
v -0.07606 0.97968 0.51783
v -0.07166 0.97721 0.51814
v -0.06816 0.97225 0.51825
v -0.06531 0.96684 0.51826
v -0.08951 0.97087 0.51734
v -0.08537 0.97511 0.51797
v -0.08079 0.97873 0.51861
v -0.07617 0.97970 0.51912
v -0.07211 0.97728 0.51941
v -0.06890 0.97236 0.51949
v -0.06631 0.96699 0.51948
v -0.08874 0.97065 0.51872
v -0.08486 0.97494 0.51932
v -0.08058 0.97861 0.51993
v -0.07630 0.97963 0.52042
v -0.07257 0.97727 0.52067
v -0.06966 0.97240 0.52072
v -0.06733 0.96708 0.52069
v -0.08798 0.97044 0.52009
v -0.08436 0.97477 0.52067
v -0.08038 0.97849 0.52126
v -0.07643 0.97957 0.52171
v -0.07303 0.97726 0.52193
v -0.07043 0.97244 0.52195
v -0.06835 0.96716 0.52190
v -0.08722 0.97016 0.52146
v -0.08386 0.97452 0.52202
v -0.08018 0.97829 0.52258
v -0.07658 0.97942 0.52299
v -0.07351 0.97718 0.52319
v -0.07121 0.97241 0.52318
v -0.06939 0.96718 0.52310
v -0.08655 0.96820 0.52274
v -0.08352 0.97251 0.52326
v -0.08022 0.97623 0.52378
v -0.07702 0.97740 0.52416
v -0.07436 0.97526 0.52432
v -0.07240 0.97065 0.52428
v -0.07087 0.96558 0.52418
v -0.11750 0.82409 0.51604
v -0.11388 0.81867 0.51613
v -0.10949 0.81366 0.51632
v -0.10412 0.81106 0.51673
v -0.09821 0.81177 0.51736
v -0.09248 0.81510 0.51810
v -0.08735 0.81905 0.51882
v -0.11960 0.82284 0.51325
v -0.11539 0.81721 0.51339
v -0.11032 0.81198 0.51364
v -0.10418 0.80922 0.51412
v -0.09750 0.80984 0.51482
v -0.09106 0.81315 0.51563
v -0.08531 0.81712 0.51641
v -0.12109 0.82319 0.51060
v -0.11638 0.81747 0.51079
v -0.11073 0.81214 0.51109
v -0.10395 0.80927 0.51163
v -0.09661 0.80978 0.51239
v -0.08959 0.81299 0.51326
v -0.08334 0.81688 0.51408
v -0.12256 0.82360 0.50796
v -0.11735 0.81780 0.50819
v -0.11113 0.81237 0.50855
v -0.10370 0.80939 0.50914
v -0.09572 0.80980 0.50997
v -0.08812 0.81291 0.51089
v -0.08137 0.81672 0.51175
v -0.12402 0.82401 0.50532
v -0.11832 0.81812 0.50560
v -0.11152 0.81260 0.50600
v -0.10345 0.80952 0.50666
v -0.09483 0.80982 0.50754
v -0.08665 0.81284 0.50851
v -0.07941 0.81656 0.50943
v -0.12546 0.82449 0.50268
v -0.11926 0.81852 0.50301
v -0.11189 0.81291 0.50347
v -0.10318 0.80972 0.50418
v -0.09393 0.80991 0.50512
v -0.08519 0.81283 0.50614
v -0.07745 0.81647 0.50710
v -0.12605 0.82651 0.50021
v -0.11951 0.82061 0.50057
v -0.11175 0.81503 0.50107
v -0.10262 0.81181 0.50183
v -0.09296 0.81189 0.50280
v -0.08385 0.81465 0.50385
v -0.07580 0.81812 0.50484
v -0.08655 0.96820 0.52274
v -0.08352 0.97251 0.52326
v -0.08022 0.97623 0.52378
v -0.07702 0.97740 0.52416
v -0.07436 0.97526 0.52432
v -0.07240 0.97065 0.52428
v -0.07087 0.96558 0.52418
v -0.11750 0.82409 0.51604
v -0.11388 0.81867 0.51613
v -0.10949 0.81366 0.51632
v -0.10412 0.81106 0.51673
v -0.09821 0.81177 0.51736
v -0.09248 0.81510 0.51810
v -0.08735 0.81905 0.51882
v -0.06487 0.96509 0.51691
v -0.06791 0.97042 0.51687
v -0.07162 0.97532 0.51675
v -0.07624 0.97779 0.51640
v -0.08140 0.97695 0.51585
v -0.08645 0.97351 0.51517
v -0.09100 0.96946 0.51451
v -0.07580 0.81812 0.50484
v -0.08385 0.81465 0.50385
v -0.09296 0.81189 0.50280
v -0.10262 0.81181 0.50183
v -0.11175 0.81503 0.50107
v -0.11951 0.82061 0.50057
v -0.12605 0.82651 0.50021
v 0.08655 0.96820 0.52274
v 0.08722 0.97016 0.52146
v 0.08798 0.97044 0.52009
v 0.08874 0.97065 0.51872
v 0.08951 0.97087 0.51734
v 0.09027 0.97101 0.51596
v 0.09100 0.96946 0.51451
v 0.11750 0.82409 0.51604
v 0.11960 0.82284 0.51325
v 0.12109 0.82319 0.51060
v 0.12256 0.82360 0.50796
v 0.12402 0.82401 0.50532
v 0.12546 0.82449 0.50268
v 0.12605 0.82651 0.50021
v 0.06487 0.96509 0.51691
v 0.06531 0.96684 0.51826
v 0.06631 0.96699 0.51948
v 0.06733 0.96708 0.52069
v 0.06835 0.96716 0.52190
v 0.06939 0.96718 0.52310
v 0.07087 0.96558 0.52418
v 0.07580 0.81812 0.50484
v 0.07745 0.81647 0.50710
v 0.07941 0.81656 0.50943
v 0.08137 0.81672 0.51175
v 0.08334 0.81688 0.51408
v 0.08531 0.81712 0.51641
v 0.08735 0.81905 0.51882
v 0.06487 0.96509 0.51691
v 0.06791 0.97042 0.51687
v 0.07162 0.97532 0.51675
v 0.07624 0.97779 0.51640
v 0.08140 0.97695 0.51585
v 0.08645 0.97351 0.51517
v 0.09100 0.96946 0.51451
v 0.06531 0.96684 0.51826
v 0.06816 0.97225 0.51825
v 0.07166 0.97721 0.51814
v 0.07606 0.97968 0.51783
v 0.08100 0.97877 0.51728
v 0.08587 0.97520 0.51662
v 0.09027 0.97101 0.51596
v 0.06631 0.96699 0.51948
v 0.06890 0.97236 0.51949
v 0.07211 0.97728 0.51941
v 0.07617 0.97970 0.51912
v 0.08079 0.97873 0.51861
v 0.08537 0.97511 0.51797
v 0.08951 0.97087 0.51734
v 0.06733 0.96708 0.52069
v 0.06966 0.97240 0.52072
v 0.07257 0.97727 0.52067
v 0.07630 0.97963 0.52042
v 0.08058 0.97861 0.51993
v 0.08486 0.97494 0.51932
v 0.08874 0.97065 0.51872
v 0.06835 0.96716 0.52190
v 0.07043 0.97244 0.52195
v 0.07303 0.97726 0.52193
v 0.07643 0.97957 0.52171
v 0.08038 0.97849 0.52126
v 0.08436 0.97477 0.52067
v 0.08798 0.97044 0.52009
v 0.06939 0.96718 0.52310
v 0.07121 0.97241 0.52318
v 0.07351 0.97718 0.52319
v 0.07658 0.97942 0.52299
v 0.08018 0.97829 0.52258
v 0.08386 0.97452 0.52202
v 0.08722 0.97016 0.52146
v 0.07087 0.96558 0.52418
v 0.07240 0.97065 0.52428
v 0.07436 0.97526 0.52432
v 0.07702 0.97740 0.52416
v 0.08022 0.97623 0.52378
v 0.08352 0.97251 0.52326
v 0.08655 0.96820 0.52274
v 0.08735 0.81905 0.51882
v 0.09248 0.81510 0.51810
v 0.09821 0.81177 0.51736
v 0.10412 0.81106 0.51673
v 0.10949 0.81366 0.51632
v 0.11388 0.81867 0.51613
v 0.11750 0.82409 0.51604
v 0.08531 0.81712 0.51641
v 0.09106 0.81315 0.51563
v 0.09750 0.80984 0.51482
v 0.10418 0.80922 0.51412
v 0.11032 0.81198 0.51364
v 0.11539 0.81721 0.51339
v 0.11960 0.82284 0.51325
v 0.08334 0.81688 0.51408
v 0.08959 0.81299 0.51326
v 0.09661 0.80978 0.51239
v 0.10395 0.80927 0.51163
v 0.11073 0.81214 0.51109
v 0.11638 0.81747 0.51079
v 0.12109 0.82319 0.51060
v 0.08137 0.81672 0.51175
v 0.08812 0.81291 0.51089
v 0.09572 0.80980 0.50997
v 0.10370 0.80939 0.50914
v 0.11113 0.81237 0.50855
v 0.11735 0.81780 0.50819
v 0.12256 0.82360 0.50796
v 0.07941 0.81656 0.50943
v 0.08665 0.81284 0.50851
v 0.09483 0.80982 0.50754
v 0.10345 0.80952 0.50666
v 0.11152 0.81260 0.50600
v 0.11832 0.81812 0.50560
v 0.12402 0.82401 0.50532
v 0.07745 0.81647 0.50710
v 0.08519 0.81283 0.50614
v 0.09393 0.80991 0.50512
v 0.10318 0.80972 0.50418
v 0.11189 0.81291 0.50347
v 0.11926 0.81852 0.50301
v 0.12546 0.82449 0.50268
v 0.07580 0.81812 0.50484
v 0.08385 0.81465 0.50385
v 0.09296 0.81189 0.50280
v 0.10262 0.81181 0.50183
v 0.11175 0.81503 0.50107
v 0.11951 0.82061 0.50057
v 0.12605 0.82651 0.50021
v 0.07087 0.96558 0.52418
v 0.07240 0.97065 0.52428
v 0.07436 0.97526 0.52432
v 0.07702 0.97740 0.52416
v 0.08022 0.97623 0.52378
v 0.08352 0.97251 0.52326
v 0.08655 0.96820 0.52274
v 0.08735 0.81905 0.51882
v 0.09248 0.81510 0.51810
v 0.09821 0.81177 0.51736
v 0.10412 0.81106 0.51673
v 0.10949 0.81366 0.51632
v 0.11388 0.81867 0.51613
v 0.11750 0.82409 0.51604
v 0.09100 0.96946 0.51451
v 0.08645 0.97351 0.51517
v 0.08140 0.97695 0.51585
v 0.07624 0.97779 0.51640
v 0.07162 0.97532 0.51675
v 0.06791 0.97042 0.51687
v 0.06487 0.96509 0.51691
v 0.12605 0.82651 0.50021
v 0.11951 0.82061 0.50057
v 0.11175 0.81503 0.50107
v 0.10262 0.81181 0.50183
v 0.09296 0.81189 0.50280
v 0.08385 0.81465 0.50385
v 0.07580 0.81812 0.50484
v -0.05674 1.01033 0.54003
v -0.05422 1.01522 0.53782
v -0.05308 1.01542 0.53524
v -0.05199 1.01542 0.53265
v -0.05090 1.01541 0.53005
v -0.04988 1.01521 0.52744
v -0.05043 1.01035 0.52444
v -0.08188 0.77022 0.53297
v -0.07939 0.76501 0.52776
v -0.07728 0.76479 0.52277
v -0.07519 0.76479 0.51778
v -0.07310 0.76478 0.51279
v -0.07104 0.76499 0.50781
v -0.06974 0.77025 0.50300
v -0.08976 1.01691 0.52082
v -0.08923 1.02178 0.52382
v -0.08868 1.02172 0.52657
v -0.08813 1.02145 0.52932
v -0.08758 1.02118 0.53207
v -0.08704 1.02070 0.53480
v -0.08666 1.01533 0.53727
v -0.14537 0.78288 0.49603
v -0.14671 0.77763 0.50084
v -0.14575 0.77692 0.50610
v -0.14469 0.77639 0.51138
v -0.14363 0.77588 0.51665
v -0.14249 0.77555 0.52195
v -0.13942 0.77983 0.52767
v -0.08976 1.01691 0.52082
v -0.08281 1.02363 0.52185
v -0.07512 1.02935 0.52291
v -0.06733 1.03082 0.52377
v -0.06041 1.02689 0.52427
v -0.05490 1.01897 0.52442
v -0.05043 1.01035 0.52444
v -0.08923 1.02178 0.52382
v -0.08223 1.02882 0.52487
v -0.07449 1.03483 0.52595
v -0.06667 1.03642 0.52682
v -0.05977 1.03237 0.52731
v -0.05431 1.02416 0.52745
v -0.04988 1.01521 0.52744
v -0.08868 1.02172 0.52657
v -0.08191 1.02881 0.52761
v -0.07442 1.03487 0.52867
v -0.06690 1.03651 0.52950
v -0.06029 1.03251 0.52997
v -0.05510 1.02434 0.53008
v -0.05090 1.01541 0.53005
v -0.08813 1.02145 0.52932
v -0.08160 1.02858 0.53033
v -0.07439 1.03469 0.53136
v -0.06717 1.03638 0.53217
v -0.06087 1.03243 0.53261
v -0.05595 1.02430 0.53270
v -0.05199 1.01542 0.53265
v -0.08758 1.02118 0.53207
v -0.08129 1.02835 0.53306
v -0.07435 1.03450 0.53406
v -0.06744 1.03625 0.53484
v -0.06144 1.03235 0.53525
v -0.05680 1.02426 0.53531
v -0.05308 1.01542 0.53524
v -0.08704 1.02070 0.53480
v -0.08099 1.02790 0.53577
v -0.07434 1.03409 0.53675
v -0.06775 1.03588 0.53750
v -0.06206 1.03204 0.53788
v -0.05770 1.02401 0.53791
v -0.05422 1.01522 0.53782
v -0.08666 1.01533 0.53727
v -0.08109 1.02227 0.53818
v -0.07497 1.02825 0.53909
v -0.06894 1.03002 0.53979
v -0.06378 1.02639 0.54012
v -0.05985 1.01873 0.54014
v -0.05674 1.01033 0.54003
v -0.13942 0.77983 0.52767
v -0.13230 0.77076 0.52794
v -0.12374 0.76233 0.52837
v -0.11342 0.75783 0.52919
v -0.10222 0.75874 0.53036
v -0.09146 0.76394 0.53170
v -0.08188 0.77022 0.53297
v -0.14249 0.77555 0.52195
v -0.13462 0.76603 0.52227
v -0.12517 0.75715 0.52277
v -0.11382 0.75236 0.52367
v -0.10157 0.75321 0.52495
v -0.08983 0.75855 0.52639
v -0.07939 0.76501 0.52776
v -0.14363 0.77588 0.51665
v -0.13529 0.76626 0.51701
v -0.12530 0.75728 0.51757
v -0.11334 0.75239 0.51852
v -0.10048 0.75314 0.51985
v -0.08820 0.75840 0.52135
v -0.07728 0.76479 0.52277
v -0.14469 0.77639 0.51138
v -0.13589 0.76670 0.51177
v -0.12537 0.75764 0.51238
v -0.11283 0.75264 0.51339
v -0.09938 0.75329 0.51477
v -0.08656 0.75847 0.51632
v -0.07519 0.76479 0.51778
v -0.14575 0.77692 0.50610
v -0.13649 0.76715 0.50654
v -0.12544 0.75799 0.50719
v -0.11231 0.75290 0.50825
v -0.09827 0.75345 0.50969
v -0.08493 0.75854 0.51129
v -0.07310 0.76478 0.51279
v -0.14671 0.77763 0.50084
v -0.13701 0.76780 0.50132
v -0.12546 0.75857 0.50202
v -0.11176 0.75339 0.50313
v -0.09715 0.75384 0.50462
v -0.08331 0.75883 0.50626
v -0.07104 0.76499 0.50781
v -0.14537 0.78288 0.49603
v -0.13563 0.77338 0.49654
v -0.12403 0.76444 0.49726
v -0.11032 0.75937 0.49838
v -0.09574 0.75971 0.49986
v -0.08195 0.76441 0.50148
v -0.06974 0.77025 0.50300
v -0.08666 1.01533 0.53727
v -0.08109 1.02227 0.53818
v -0.07497 1.02825 0.53909
v -0.06894 1.03002 0.53979
v -0.06378 1.02639 0.54012
v -0.05985 1.01873 0.54014
v -0.05674 1.01033 0.54003
v -0.13942 0.77983 0.52767
v -0.13230 0.77076 0.52794
v -0.12374 0.76233 0.52837
v -0.11342 0.75783 0.52919
v -0.10222 0.75874 0.53036
v -0.09146 0.76394 0.53170
v -0.08188 0.77022 0.53297
v -0.05043 1.01035 0.52444
v -0.05490 1.01897 0.52442
v -0.06041 1.02689 0.52427
v -0.06733 1.03082 0.52377
v -0.07512 1.02935 0.52291
v -0.08281 1.02363 0.52185
v -0.08976 1.01691 0.52082
v -0.06974 0.77025 0.50300
v -0.08195 0.76441 0.50148
v -0.09574 0.75971 0.49986
v -0.11032 0.75937 0.49838
v -0.12403 0.76444 0.49726
v -0.13563 0.77338 0.49654
v -0.14537 0.78288 0.49603
v 0.08666 1.01533 0.53727
v 0.08704 1.02070 0.53480
v 0.08758 1.02118 0.53207
v 0.08813 1.02145 0.52932
v 0.08868 1.02172 0.52657
v 0.08923 1.02178 0.52382
v 0.08976 1.01691 0.52082
v 0.13942 0.77983 0.52767
v 0.14249 0.77555 0.52195
v 0.14363 0.77588 0.51665
v 0.14469 0.77639 0.51138
v 0.14575 0.77692 0.50610
v 0.14671 0.77763 0.50084
v 0.14537 0.78288 0.49603
v 0.05043 1.01035 0.52444
v 0.04988 1.01521 0.52744
v 0.05090 1.01541 0.53005
v 0.05199 1.01542 0.53265
v 0.05308 1.01542 0.53524
v 0.05422 1.01522 0.53782
v 0.05674 1.01033 0.54003
v 0.06974 0.77025 0.50300
v 0.07104 0.76499 0.50781
v 0.07310 0.76478 0.51279
v 0.07519 0.76479 0.51778
v 0.07728 0.76479 0.52277
v 0.07939 0.76501 0.52776
v 0.08188 0.77022 0.53297
v 0.05043 1.01035 0.52444
v 0.05490 1.01897 0.52442
v 0.06041 1.02689 0.52427
v 0.06733 1.03082 0.52377
v 0.07512 1.02935 0.52291
v 0.08281 1.02363 0.52185
v 0.08976 1.01691 0.52082
v 0.04988 1.01521 0.52744
v 0.05431 1.02416 0.52745
v 0.05977 1.03237 0.52731
v 0.06667 1.03642 0.52682
v 0.07449 1.03483 0.52595
v 0.08223 1.02882 0.52487
v 0.08923 1.02178 0.52382
v 0.05090 1.01541 0.53005
v 0.05510 1.02434 0.53008
v 0.06029 1.03251 0.52997
v 0.06690 1.03651 0.52950
v 0.07442 1.03487 0.52867
v 0.08191 1.02881 0.52761
v 0.08868 1.02172 0.52657
v 0.05199 1.01542 0.53265
v 0.05595 1.02430 0.53270
v 0.06087 1.03243 0.53261
v 0.06717 1.03638 0.53217
v 0.07439 1.03469 0.53136
v 0.08160 1.02858 0.53033
v 0.08813 1.02145 0.52932
v 0.05308 1.01542 0.53524
v 0.05680 1.02426 0.53531
v 0.06144 1.03235 0.53525
v 0.06744 1.03625 0.53484
v 0.07435 1.03450 0.53406
v 0.08129 1.02835 0.53306
v 0.08758 1.02118 0.53207
v 0.05422 1.01522 0.53782
v 0.05770 1.02401 0.53791
v 0.06206 1.03204 0.53788
v 0.06775 1.03588 0.53750
v 0.07434 1.03409 0.53675
v 0.08099 1.02790 0.53577
v 0.08704 1.02070 0.53480
v 0.05674 1.01033 0.54003
v 0.05985 1.01873 0.54014
v 0.06378 1.02639 0.54012
v 0.06894 1.03002 0.53979
v 0.07497 1.02825 0.53909
v 0.08109 1.02227 0.53818
v 0.08666 1.01533 0.53727
v 0.08188 0.77022 0.53297
v 0.09146 0.76394 0.53170
v 0.10222 0.75874 0.53036
v 0.11342 0.75783 0.52919
v 0.12374 0.76233 0.52837
v 0.13230 0.77076 0.52794
v 0.13942 0.77983 0.52767
v 0.07939 0.76501 0.52776
v 0.08983 0.75855 0.52639
v 0.10157 0.75321 0.52495
v 0.11382 0.75236 0.52367
v 0.12517 0.75715 0.52277
v 0.13462 0.76603 0.52227
v 0.14249 0.77555 0.52195
v 0.07728 0.76479 0.52277
v 0.08820 0.75840 0.52135
v 0.10048 0.75314 0.51985
v 0.11334 0.75239 0.51852
v 0.12530 0.75728 0.51757
v 0.13529 0.76626 0.51701
v 0.14363 0.77588 0.51665
v 0.07519 0.76479 0.51778
v 0.08656 0.75847 0.51632
v 0.09938 0.75329 0.51477
v 0.11283 0.75264 0.51339
v 0.12537 0.75764 0.51238
v 0.13589 0.76670 0.51177
v 0.14469 0.77639 0.51138
v 0.07310 0.76478 0.51279
v 0.08493 0.75854 0.51129
v 0.09827 0.75345 0.50969
v 0.11231 0.75290 0.50825
v 0.12544 0.75799 0.50719
v 0.13649 0.76715 0.50654
v 0.14575 0.77692 0.50610
v 0.07104 0.76499 0.50781
v 0.08331 0.75883 0.50626
v 0.09715 0.75384 0.50462
v 0.11176 0.75339 0.50313
v 0.12546 0.75857 0.50202
v 0.13701 0.76780 0.50132
v 0.14671 0.77763 0.50084
v 0.06974 0.77025 0.50300
v 0.08195 0.76441 0.50148
v 0.09574 0.75971 0.49986
v 0.11032 0.75937 0.49838
v 0.12403 0.76444 0.49726
v 0.13563 0.77338 0.49654
v 0.14537 0.78288 0.49603
v 0.05674 1.01033 0.54003
v 0.05985 1.01873 0.54014
v 0.06378 1.02639 0.54012
v 0.06894 1.03002 0.53979
v 0.07497 1.02825 0.53909
v 0.08109 1.02227 0.53818
v 0.08666 1.01533 0.53727
v 0.08188 0.77022 0.53297
v 0.09146 0.76394 0.53170
v 0.10222 0.75874 0.53036
v 0.11342 0.75783 0.52919
v 0.12374 0.76233 0.52837
v 0.13230 0.77076 0.52794
v 0.13942 0.77983 0.52767
v 0.08976 1.01691 0.52082
v 0.08281 1.02363 0.52185
v 0.07512 1.02935 0.52291
v 0.06733 1.03082 0.52377
v 0.06041 1.02689 0.52427
v 0.05490 1.01897 0.52442
v 0.05043 1.01035 0.52444
v 0.14537 0.78288 0.49603
v 0.13563 0.77338 0.49654
v 0.12403 0.76444 0.49726
v 0.11032 0.75937 0.49838
v 0.09574 0.75971 0.49986
v 0.08195 0.76441 0.50148
v 0.06974 0.77025 0.50300
v -0.09619 0.45219 0.46350
v -0.09027 0.46236 0.42233
v -0.08826 0.46277 0.38117
v -0.08642 0.46277 0.34000
v -0.08458 0.46277 0.29883
v -0.08293 0.46236 0.25767
v -0.08588 0.45219 0.21650
v -0.13107 0.15261 0.39187
v -0.12858 0.14244 0.37458
v -0.12774 0.14203 0.35729
v -0.12697 0.14203 0.34000
v -0.12619 0.14203 0.32271
v -0.12550 0.14244 0.30542
v -0.12674 0.15261 0.28813
v -0.22677 0.45219 0.21650
v -0.22972 0.46236 0.25767
v -0.22807 0.46277 0.29883
v -0.22623 0.46277 0.34000
v -0.22439 0.46277 0.38117
v -0.22238 0.46236 0.42233
v -0.21646 0.45219 0.46350
v -0.18591 0.15261 0.28813
v -0.18715 0.14244 0.30542
v -0.18646 0.14203 0.32271
v -0.18569 0.14203 0.34000
v -0.18491 0.14203 0.35729
v -0.18407 0.14244 0.37458
v -0.18158 0.15261 0.39187
v -0.22677 0.45219 0.21650
v -0.20632 0.46187 0.21650
v -0.18267 0.47047 0.21650
v -0.15633 0.47388 0.21650
v -0.12998 0.47047 0.21650
v -0.10633 0.46187 0.21650
v -0.08588 0.45219 0.21650
v -0.22972 0.46236 0.25767
v -0.20842 0.47270 0.25767
v -0.18378 0.48189 0.25767
v -0.15633 0.48553 0.25767
v -0.12888 0.48189 0.25767
v -0.10424 0.47270 0.25767
v -0.08293 0.46236 0.25767
v -0.22807 0.46277 0.29883
v -0.20725 0.47313 0.29883
v -0.18316 0.48235 0.29883
v -0.15633 0.48600 0.29883
v -0.12949 0.48235 0.29883
v -0.10541 0.47313 0.29883
v -0.08458 0.46277 0.29883
v -0.22623 0.46277 0.34000
v -0.20594 0.47314 0.34000
v -0.18247 0.48235 0.34000
v -0.15633 0.48600 0.34000
v -0.13018 0.48235 0.34000
v -0.10671 0.47314 0.34000
v -0.08642 0.46277 0.34000
v -0.22439 0.46277 0.38117
v -0.20463 0.47313 0.38117
v -0.18178 0.48235 0.38117
v -0.15633 0.48600 0.38117
v -0.13087 0.48235 0.38117
v -0.10802 0.47313 0.38117
v -0.08826 0.46277 0.38117
v -0.22238 0.46236 0.42233
v -0.20321 0.47270 0.42233
v -0.18103 0.48189 0.42233
v -0.15633 0.48553 0.42233
v -0.13162 0.48189 0.42233
v -0.10944 0.47270 0.42233
v -0.09027 0.46236 0.42233
v -0.21646 0.45219 0.46350
v -0.19901 0.46187 0.46350
v -0.17882 0.47047 0.46350
v -0.15633 0.47388 0.46350
v -0.13383 0.47047 0.46350
v -0.11365 0.46187 0.46350
v -0.09619 0.45219 0.46350
v -0.18158 0.15261 0.39187
v -0.17425 0.14293 0.39187
v -0.16577 0.13433 0.39187
v -0.15633 0.13092 0.39187
v -0.14688 0.13433 0.39187
v -0.13840 0.14293 0.39187
v -0.13107 0.15261 0.39187
v -0.18407 0.14244 0.37458
v -0.17602 0.13210 0.37458
v -0.16670 0.12291 0.37458
v -0.15633 0.11927 0.37458
v -0.14595 0.12291 0.37458
v -0.13664 0.13210 0.37458
v -0.12858 0.14244 0.37458
v -0.18491 0.14203 0.35729
v -0.17662 0.13167 0.35729
v -0.16702 0.12245 0.35729
v -0.15633 0.11880 0.35729
v -0.14563 0.12245 0.35729
v -0.13604 0.13167 0.35729
v -0.12774 0.14203 0.35729
v -0.18569 0.14203 0.34000
v -0.17716 0.13166 0.34000
v -0.16731 0.12245 0.34000
v -0.15633 0.11880 0.34000
v -0.14535 0.12245 0.34000
v -0.13549 0.13166 0.34000
v -0.12697 0.14203 0.34000
v -0.18646 0.14203 0.32271
v -0.17771 0.13167 0.32271
v -0.16760 0.12245 0.32271
v -0.15633 0.11880 0.32271
v -0.14506 0.12245 0.32271
v -0.13494 0.13167 0.32271
v -0.12619 0.14203 0.32271
v -0.18715 0.14244 0.30542
v -0.17820 0.13210 0.30542
v -0.16786 0.12291 0.30542
v -0.15633 0.11927 0.30542
v -0.14480 0.12291 0.30542
v -0.13445 0.13210 0.30542
v -0.12550 0.14244 0.30542
v -0.18591 0.15261 0.28813
v -0.17733 0.14293 0.28813
v -0.16739 0.13433 0.28813
v -0.15633 0.13092 0.28813
v -0.14526 0.13433 0.28813
v -0.13533 0.14293 0.28813
v -0.12674 0.15261 0.28813
v -0.21646 0.45219 0.46350
v -0.19901 0.46187 0.46350
v -0.17882 0.47047 0.46350
v -0.15633 0.47388 0.46350
v -0.13383 0.47047 0.46350
v -0.11365 0.46187 0.46350
v -0.09619 0.45219 0.46350
v -0.18158 0.15261 0.39187
v -0.17425 0.14293 0.39187
v -0.16577 0.13433 0.39187
v -0.15633 0.13092 0.39187
v -0.14688 0.13433 0.39187
v -0.13840 0.14293 0.39187
v -0.13107 0.15261 0.39187
v -0.08588 0.45219 0.21650
v -0.10633 0.46187 0.21650
v -0.12998 0.47047 0.21650
v -0.15633 0.47388 0.21650
v -0.18267 0.47047 0.21650
v -0.20632 0.46187 0.21650
v -0.22677 0.45219 0.21650
v -0.12674 0.15261 0.28813
v -0.13533 0.14293 0.28813
v -0.14526 0.13433 0.28813
v -0.15633 0.13092 0.28813
v -0.16739 0.13433 0.28813
v -0.17733 0.14293 0.28813
v -0.18591 0.15261 0.28813
v 0.21646 0.45219 0.46350
v 0.22238 0.46236 0.42233
v 0.22439 0.46277 0.38117
v 0.22623 0.46277 0.34000
v 0.22807 0.46277 0.29883
v 0.22972 0.46236 0.25767
v 0.22677 0.45219 0.21650
v 0.18158 0.15261 0.39187
v 0.18407 0.14244 0.37458
v 0.18491 0.14203 0.35729
v 0.18569 0.14203 0.34000
v 0.18646 0.14203 0.32271
v 0.18715 0.14244 0.30542
v 0.18591 0.15261 0.28813
v 0.08588 0.45219 0.21650
v 0.08293 0.46236 0.25767
v 0.08458 0.46277 0.29883
v 0.08642 0.46277 0.34000
v 0.08826 0.46277 0.38117
v 0.09027 0.46236 0.42233
v 0.09619 0.45219 0.46350
v 0.12674 0.15261 0.28813
v 0.12550 0.14244 0.30542
v 0.12619 0.14203 0.32271
v 0.12697 0.14203 0.34000
v 0.12774 0.14203 0.35729
v 0.12858 0.14244 0.37458
v 0.13107 0.15261 0.39187
v 0.08588 0.45219 0.21650
v 0.10633 0.46187 0.21650
v 0.12998 0.47047 0.21650
v 0.15633 0.47388 0.21650
v 0.18267 0.47047 0.21650
v 0.20632 0.46187 0.21650
v 0.22677 0.45219 0.21650
v 0.08293 0.46236 0.25767
v 0.10424 0.47270 0.25767
v 0.12888 0.48189 0.25767
v 0.15633 0.48553 0.25767
v 0.18378 0.48189 0.25767
v 0.20842 0.47270 0.25767
v 0.22972 0.46236 0.25767
v 0.08458 0.46277 0.29883
v 0.10541 0.47313 0.29883
v 0.12949 0.48235 0.29883
v 0.15633 0.48600 0.29883
v 0.18316 0.48235 0.29883
v 0.20725 0.47313 0.29883
v 0.22807 0.46277 0.29883
v 0.08642 0.46277 0.34000
v 0.10671 0.47314 0.34000
v 0.13018 0.48235 0.34000
v 0.15633 0.48600 0.34000
v 0.18247 0.48235 0.34000
v 0.20594 0.47314 0.34000
v 0.22623 0.46277 0.34000
v 0.08826 0.46277 0.38117
v 0.10802 0.47313 0.38117
v 0.13087 0.48235 0.38117
v 0.15633 0.48600 0.38117
v 0.18178 0.48235 0.38117
v 0.20463 0.47313 0.38117
v 0.22439 0.46277 0.38117
v 0.09027 0.46236 0.42233
v 0.10944 0.47270 0.42233
v 0.13162 0.48189 0.42233
v 0.15633 0.48553 0.42233
v 0.18103 0.48189 0.42233
v 0.20321 0.47270 0.42233
v 0.22238 0.46236 0.42233
v 0.09619 0.45219 0.46350
v 0.11365 0.46187 0.46350
v 0.13383 0.47047 0.46350
v 0.15633 0.47388 0.46350
v 0.17882 0.47047 0.46350
v 0.19901 0.46187 0.46350
v 0.21646 0.45219 0.46350
v 0.13107 0.15261 0.39187
v 0.13840 0.14293 0.39187
v 0.14688 0.13433 0.39187
v 0.15633 0.13092 0.39187
v 0.16577 0.13433 0.39187
v 0.17425 0.14293 0.39187
v 0.18158 0.15261 0.39187
v 0.12858 0.14244 0.37458
v 0.13664 0.13210 0.37458
v 0.14595 0.12291 0.37458
v 0.15633 0.11927 0.37458
v 0.16670 0.12291 0.37458
v 0.17602 0.13210 0.37458
v 0.18407 0.14244 0.37458
v 0.12774 0.14203 0.35729
v 0.13604 0.13167 0.35729
v 0.14563 0.12245 0.35729
v 0.15633 0.11880 0.35729
v 0.16702 0.12245 0.35729
v 0.17662 0.13167 0.35729
v 0.18491 0.14203 0.35729
v 0.12697 0.14203 0.34000
v 0.13549 0.13166 0.34000
v 0.14535 0.12245 0.34000
v 0.15633 0.11880 0.34000
v 0.16731 0.12245 0.34000
v 0.17716 0.13166 0.34000
v 0.18569 0.14203 0.34000
v 0.12619 0.14203 0.32271
v 0.13494 0.13167 0.32271
v 0.14506 0.12245 0.32271
v 0.15633 0.11880 0.32271
v 0.16760 0.12245 0.32271
v 0.17771 0.13167 0.32271
v 0.18646 0.14203 0.32271
v 0.12550 0.14244 0.30542
v 0.13445 0.13210 0.30542
v 0.14480 0.12291 0.30542
v 0.15633 0.11927 0.30542
v 0.16786 0.12291 0.30542
v 0.17820 0.13210 0.30542
v 0.18715 0.14244 0.30542
v 0.12674 0.15261 0.28813
v 0.13533 0.14293 0.28813
v 0.14526 0.13433 0.28813
v 0.15633 0.13092 0.28813
v 0.16739 0.13433 0.28813
v 0.17733 0.14293 0.28813
v 0.18591 0.15261 0.28813
v 0.09619 0.45219 0.46350
v 0.11365 0.46187 0.46350
v 0.13383 0.47047 0.46350
v 0.15633 0.47388 0.46350
v 0.17882 0.47047 0.46350
v 0.19901 0.46187 0.46350
v 0.21646 0.45219 0.46350
v 0.13107 0.15261 0.39187
v 0.13840 0.14293 0.39187
v 0.14688 0.13433 0.39187
v 0.15633 0.13092 0.39187
v 0.16577 0.13433 0.39187
v 0.17425 0.14293 0.39187
v 0.18158 0.15261 0.39187
v 0.22677 0.45219 0.21650
v 0.20632 0.46187 0.21650
v 0.18267 0.47047 0.21650
v 0.15633 0.47388 0.21650
v 0.12998 0.47047 0.21650
v 0.10633 0.46187 0.21650
v 0.08588 0.45219 0.21650
v 0.18591 0.15261 0.28813
v 0.17733 0.14293 0.28813
v 0.16739 0.13433 0.28813
v 0.15633 0.13092 0.28813
v 0.14526 0.13433 0.28813
v 0.13533 0.14293 0.28813
v 0.12674 0.15261 0.28813
v -0.10997 0.34540 0.40475
v -0.10846 0.34739 0.37983
v -0.10840 0.34748 0.35492
v -0.10840 0.34748 0.33000
v -0.10840 0.34748 0.30508
v -0.10846 0.34739 0.28017
v -0.10997 0.34540 0.25525
v -0.11634 0.17660 0.39728
v -0.11499 0.17461 0.37485
v -0.11493 0.17452 0.35243
v -0.11493 0.17452 0.33000
v -0.11493 0.17452 0.30757
v -0.11499 0.17461 0.28515
v -0.11634 0.17660 0.26272
v -0.23742 0.34540 0.25525
v -0.23893 0.34739 0.28017
v -0.23899 0.34748 0.30508
v -0.23899 0.34748 0.33000
v -0.23899 0.34748 0.35492
v -0.23893 0.34739 0.37983
v -0.23742 0.34540 0.40475
v -0.23105 0.17660 0.26272
v -0.23241 0.17461 0.28515
v -0.23246 0.17452 0.30757
v -0.23246 0.17452 0.33000
v -0.23246 0.17452 0.35243
v -0.23241 0.17461 0.37485
v -0.23105 0.17660 0.39728
v -0.23742 0.34540 0.25525
v -0.21893 0.35085 0.25525
v -0.19753 0.35570 0.25525
v -0.17370 0.35762 0.25525
v -0.14986 0.35570 0.25525
v -0.12847 0.35085 0.25525
v -0.10997 0.34540 0.25525
v -0.23893 0.34739 0.28017
v -0.21999 0.35298 0.28017
v -0.19809 0.35794 0.28017
v -0.17370 0.35991 0.28017
v -0.14930 0.35794 0.28017
v -0.12740 0.35298 0.28017
v -0.10846 0.34739 0.28017
v -0.23899 0.34748 0.30508
v -0.22004 0.35306 0.30508
v -0.19812 0.35803 0.30508
v -0.17370 0.36000 0.30508
v -0.14927 0.35803 0.30508
v -0.12735 0.35306 0.30508
v -0.10840 0.34748 0.30508
v -0.23899 0.34748 0.33000
v -0.22004 0.35306 0.33000
v -0.19812 0.35803 0.33000
v -0.17370 0.36000 0.33000
v -0.14927 0.35803 0.33000
v -0.12735 0.35306 0.33000
v -0.10840 0.34748 0.33000
v -0.23899 0.34748 0.35492
v -0.22004 0.35306 0.35492
v -0.19812 0.35803 0.35492
v -0.17370 0.36000 0.35492
v -0.14927 0.35803 0.35492
v -0.12735 0.35306 0.35492
v -0.10840 0.34748 0.35492
v -0.23893 0.34739 0.37983
v -0.21999 0.35298 0.37983
v -0.19809 0.35794 0.37983
v -0.17370 0.35991 0.37983
v -0.14930 0.35794 0.37983
v -0.12740 0.35298 0.37983
v -0.10846 0.34739 0.37983
v -0.23742 0.34540 0.40475
v -0.21893 0.35085 0.40475
v -0.19753 0.35570 0.40475
v -0.17370 0.35762 0.40475
v -0.14986 0.35570 0.40475
v -0.12847 0.35085 0.40475
v -0.10997 0.34540 0.40475
v -0.23105 0.17660 0.39728
v -0.21440 0.17115 0.39728
v -0.19515 0.16630 0.39728
v -0.17370 0.16438 0.39728
v -0.15224 0.16630 0.39728
v -0.13299 0.17115 0.39728
v -0.11634 0.17660 0.39728
v -0.23241 0.17461 0.37485
v -0.21536 0.16902 0.37485
v -0.19565 0.16406 0.37485
v -0.17370 0.16209 0.37485
v -0.15174 0.16406 0.37485
v -0.13203 0.16902 0.37485
v -0.11499 0.17461 0.37485
v -0.23246 0.17452 0.35243
v -0.21540 0.16894 0.35243
v -0.19568 0.16397 0.35243
v -0.17370 0.16200 0.35243
v -0.15172 0.16397 0.35243
v -0.13199 0.16894 0.35243
v -0.11493 0.17452 0.35243
v -0.23246 0.17452 0.33000
v -0.21540 0.16894 0.33000
v -0.19568 0.16397 0.33000
v -0.17370 0.16200 0.33000
v -0.15172 0.16397 0.33000
v -0.13199 0.16894 0.33000
v -0.11493 0.17452 0.33000
v -0.23246 0.17452 0.30757
v -0.21540 0.16894 0.30757
v -0.19568 0.16397 0.30757
v -0.17370 0.16200 0.30757
v -0.15172 0.16397 0.30757
v -0.13199 0.16894 0.30757
v -0.11493 0.17452 0.30757
v -0.23241 0.17461 0.28515
v -0.21536 0.16902 0.28515
v -0.19565 0.16406 0.28515
v -0.17370 0.16209 0.28515
v -0.15174 0.16406 0.28515
v -0.13203 0.16902 0.28515
v -0.11499 0.17461 0.28515
v -0.23105 0.17660 0.26272
v -0.21440 0.17115 0.26272
v -0.19515 0.16630 0.26272
v -0.17370 0.16438 0.26272
v -0.15224 0.16630 0.26272
v -0.13299 0.17115 0.26272
v -0.11634 0.17660 0.26272
v -0.23742 0.34540 0.40475
v -0.21893 0.35085 0.40475
v -0.19753 0.35570 0.40475
v -0.17370 0.35762 0.40475
v -0.14986 0.35570 0.40475
v -0.12847 0.35085 0.40475
v -0.10997 0.34540 0.40475
v -0.23105 0.17660 0.39728
v -0.21440 0.17115 0.39728
v -0.19515 0.16630 0.39728
v -0.17370 0.16438 0.39728
v -0.15224 0.16630 0.39728
v -0.13299 0.17115 0.39728
v -0.11634 0.17660 0.39728
v -0.10997 0.34540 0.25525
v -0.12847 0.35085 0.25525
v -0.14986 0.35570 0.25525
v -0.17370 0.35762 0.25525
v -0.19753 0.35570 0.25525
v -0.21893 0.35085 0.25525
v -0.23742 0.34540 0.25525
v -0.11634 0.17660 0.26272
v -0.13299 0.17115 0.26272
v -0.15224 0.16630 0.26272
v -0.17370 0.16438 0.26272
v -0.19515 0.16630 0.26272
v -0.21440 0.17115 0.26272
v -0.23105 0.17660 0.26272
v -0.11634 0.17406 0.40728
v -0.11499 0.17596 0.38485
v -0.11493 0.17603 0.36242
v -0.11493 0.17603 0.34000
v -0.11493 0.17603 0.31758
v -0.11499 0.17596 0.29515
v -0.11634 0.17406 0.27272
v -0.13240 0.01386 0.38844
v -0.13143 0.01196 0.37229
v -0.13139 0.01189 0.35615
v -0.13139 0.01189 0.34000
v -0.13139 0.01189 0.32385
v -0.13143 0.01196 0.30771
v -0.13240 0.01386 0.29156
v -0.23105 0.17406 0.27272
v -0.23241 0.17596 0.29515
v -0.23246 0.17603 0.31758
v -0.23246 0.17603 0.34000
v -0.23246 0.17603 0.36242
v -0.23241 0.17596 0.38485
v -0.23105 0.17406 0.40728
v -0.21499 0.01386 0.29156
v -0.21597 0.01196 0.30771
v -0.21601 0.01189 0.32385
v -0.21601 0.01189 0.34000
v -0.21601 0.01189 0.35615
v -0.21597 0.01196 0.37229
v -0.21499 0.01386 0.38844
v -0.23105 0.17406 0.27272
v -0.21440 0.17924 0.27272
v -0.19515 0.18384 0.27272
v -0.17370 0.18566 0.27272
v -0.15224 0.18384 0.27272
v -0.13299 0.17924 0.27272
v -0.11634 0.17406 0.27272
v -0.23241 0.17596 0.29515
v -0.21536 0.18125 0.29515
v -0.19565 0.18597 0.29515
v -0.17370 0.18783 0.29515
v -0.15174 0.18597 0.29515
v -0.13203 0.18125 0.29515
v -0.11499 0.17596 0.29515
v -0.23246 0.17603 0.31758
v -0.21540 0.18134 0.31758
v -0.19568 0.18605 0.31758
v -0.17370 0.18792 0.31758
v -0.15172 0.18605 0.31758
v -0.13199 0.18134 0.31758
v -0.11493 0.17603 0.31758
v -0.23246 0.17603 0.34000
v -0.21540 0.18134 0.34000
v -0.19568 0.18605 0.34000
v -0.17370 0.18792 0.34000
v -0.15172 0.18605 0.34000
v -0.13199 0.18134 0.34000
v -0.11493 0.17603 0.34000
v -0.23246 0.17603 0.36242
v -0.21540 0.18134 0.36242
v -0.19568 0.18605 0.36242
v -0.17370 0.18792 0.36242
v -0.15172 0.18605 0.36242
v -0.13199 0.18134 0.36242
v -0.11493 0.17603 0.36242
v -0.23241 0.17596 0.38485
v -0.21536 0.18125 0.38485
v -0.19565 0.18597 0.38485
v -0.17370 0.18783 0.38485
v -0.15174 0.18597 0.38485
v -0.13203 0.18125 0.38485
v -0.11499 0.17596 0.38485
v -0.23105 0.17406 0.40728
v -0.21440 0.17924 0.40728
v -0.19515 0.18384 0.40728
v -0.17370 0.18566 0.40728
v -0.15224 0.18384 0.40728
v -0.13299 0.17924 0.40728
v -0.11634 0.17406 0.40728
v -0.21499 0.01386 0.38844
v -0.20300 0.00868 0.38844
v -0.18914 0.00408 0.38844
v -0.17370 0.00226 0.38844
v -0.15825 0.00408 0.38844
v -0.14439 0.00868 0.38844
v -0.13240 0.01386 0.38844
v -0.21597 0.01196 0.37229
v -0.20370 0.00667 0.37229
v -0.18951 0.00195 0.37229
v -0.17370 0.00009 0.37229
v -0.15789 0.00195 0.37229
v -0.14369 0.00667 0.37229
v -0.13143 0.01196 0.37229
v -0.21601 0.01189 0.35615
v -0.20373 0.00658 0.35615
v -0.18952 0.00187 0.35615
v -0.17370 0.00000 0.35615
v -0.15787 0.00187 0.35615
v -0.14367 0.00658 0.35615
v -0.13139 0.01189 0.35615
v -0.21601 0.01189 0.34000
v -0.20373 0.00658 0.34000
v -0.18952 0.00187 0.34000
v -0.17370 0.00000 0.34000
v -0.15787 0.00187 0.34000
v -0.14367 0.00658 0.34000
v -0.13139 0.01189 0.34000
v -0.21601 0.01189 0.32385
v -0.20373 0.00658 0.32385
v -0.18952 0.00187 0.32385
v -0.17370 0.00000 0.32385
v -0.15787 0.00187 0.32385
v -0.14367 0.00658 0.32385
v -0.13139 0.01189 0.32385
v -0.21597 0.01196 0.30771
v -0.20370 0.00667 0.30771
v -0.18951 0.00195 0.30771
v -0.17370 0.00009 0.30771
v -0.15789 0.00195 0.30771
v -0.14369 0.00667 0.30771
v -0.13143 0.01196 0.30771
v -0.21499 0.01386 0.29156
v -0.20300 0.00868 0.29156
v -0.18914 0.00408 0.29156
v -0.17370 0.00226 0.29156
v -0.15825 0.00408 0.29156
v -0.14439 0.00868 0.29156
v -0.13240 0.01386 0.29156
v -0.23105 0.17406 0.40728
v -0.21440 0.17924 0.40728
v -0.19515 0.18384 0.40728
v -0.17370 0.18566 0.40728
v -0.15224 0.18384 0.40728
v -0.13299 0.17924 0.40728
v -0.11634 0.17406 0.40728
v -0.21499 0.01386 0.38844
v -0.20300 0.00868 0.38844
v -0.18914 0.00408 0.38844
v -0.17370 0.00226 0.38844
v -0.15825 0.00408 0.38844
v -0.14439 0.00868 0.38844
v -0.13240 0.01386 0.38844
v -0.11634 0.17406 0.27272
v -0.13299 0.17924 0.27272
v -0.15224 0.18384 0.27272
v -0.17370 0.18566 0.27272
v -0.19515 0.18384 0.27272
v -0.21440 0.17924 0.27272
v -0.23105 0.17406 0.27272
v -0.13240 0.01386 0.29156
v -0.14439 0.00868 0.29156
v -0.15825 0.00408 0.29156
v -0.17370 0.00226 0.29156
v -0.18914 0.00408 0.29156
v -0.20300 0.00868 0.29156
v -0.21499 0.01386 0.29156
v 0.23742 0.34540 0.40475
v 0.23893 0.34739 0.37983
v 0.23899 0.34748 0.35492
v 0.23899 0.34748 0.33000
v 0.23899 0.34748 0.30508
v 0.23893 0.34739 0.28017
v 0.23742 0.34540 0.25525
v 0.23105 0.17660 0.39728
v 0.23241 0.17461 0.37485
v 0.23246 0.17452 0.35243
v 0.23246 0.17452 0.33000
v 0.23246 0.17452 0.30757
v 0.23241 0.17461 0.28515
v 0.23105 0.17660 0.26272
v 0.10997 0.34540 0.25525
v 0.10846 0.34739 0.28017
v 0.10840 0.34748 0.30508
v 0.10840 0.34748 0.33000
v 0.10840 0.34748 0.35492
v 0.10846 0.34739 0.37983
v 0.10997 0.34540 0.40475
v 0.11634 0.17660 0.26272
v 0.11499 0.17461 0.28515
v 0.11493 0.17452 0.30757
v 0.11493 0.17452 0.33000
v 0.11493 0.17452 0.35243
v 0.11499 0.17461 0.37485
v 0.11634 0.17660 0.39728
v 0.10997 0.34540 0.25525
v 0.12847 0.35085 0.25525
v 0.14986 0.35570 0.25525
v 0.17370 0.35762 0.25525
v 0.19753 0.35570 0.25525
v 0.21893 0.35085 0.25525
v 0.23742 0.34540 0.25525
v 0.10846 0.34739 0.28017
v 0.12740 0.35298 0.28017
v 0.14930 0.35794 0.28017
v 0.17370 0.35991 0.28017
v 0.19809 0.35794 0.28017
v 0.21999 0.35298 0.28017
v 0.23893 0.34739 0.28017
v 0.10840 0.34748 0.30508
v 0.12735 0.35306 0.30508
v 0.14927 0.35803 0.30508
v 0.17370 0.36000 0.30508
v 0.19812 0.35803 0.30508
v 0.22004 0.35306 0.30508
v 0.23899 0.34748 0.30508
v 0.10840 0.34748 0.33000
v 0.12735 0.35306 0.33000
v 0.14927 0.35803 0.33000
v 0.17370 0.36000 0.33000
v 0.19812 0.35803 0.33000
v 0.22004 0.35306 0.33000
v 0.23899 0.34748 0.33000
v 0.10840 0.34748 0.35492
v 0.12735 0.35306 0.35492
v 0.14927 0.35803 0.35492
v 0.17370 0.36000 0.35492
v 0.19812 0.35803 0.35492
v 0.22004 0.35306 0.35492
v 0.23899 0.34748 0.35492
v 0.10846 0.34739 0.37983
v 0.12740 0.35298 0.37983
v 0.14930 0.35794 0.37983
v 0.17370 0.35991 0.37983
v 0.19809 0.35794 0.37983
v 0.21999 0.35298 0.37983
v 0.23893 0.34739 0.37983
v 0.10997 0.34540 0.40475
v 0.12847 0.35085 0.40475
v 0.14986 0.35570 0.40475
v 0.17370 0.35762 0.40475
v 0.19753 0.35570 0.40475
v 0.21893 0.35085 0.40475
v 0.23742 0.34540 0.40475
v 0.11634 0.17660 0.39728
v 0.13299 0.17115 0.39728
v 0.15224 0.16630 0.39728
v 0.17370 0.16438 0.39728
v 0.19515 0.16630 0.39728
v 0.21440 0.17115 0.39728
v 0.23105 0.17660 0.39728
v 0.11499 0.17461 0.37485
v 0.13203 0.16902 0.37485
v 0.15174 0.16406 0.37485
v 0.17370 0.16209 0.37485
v 0.19565 0.16406 0.37485
v 0.21536 0.16902 0.37485
v 0.23241 0.17461 0.37485
v 0.11493 0.17452 0.35243
v 0.13199 0.16894 0.35243
v 0.15172 0.16397 0.35243
v 0.17370 0.16200 0.35243
v 0.19568 0.16397 0.35243
v 0.21540 0.16894 0.35243
v 0.23246 0.17452 0.35243
v 0.11493 0.17452 0.33000
v 0.13199 0.16894 0.33000
v 0.15172 0.16397 0.33000
v 0.17370 0.16200 0.33000
v 0.19568 0.16397 0.33000
v 0.21540 0.16894 0.33000
v 0.23246 0.17452 0.33000
v 0.11493 0.17452 0.30757
v 0.13199 0.16894 0.30757
v 0.15172 0.16397 0.30757
v 0.17370 0.16200 0.30757
v 0.19568 0.16397 0.30757
v 0.21540 0.16894 0.30757
v 0.23246 0.17452 0.30757
v 0.11499 0.17461 0.28515
v 0.13203 0.16902 0.28515
v 0.15174 0.16406 0.28515
v 0.17370 0.16209 0.28515
v 0.19565 0.16406 0.28515
v 0.21536 0.16902 0.28515
v 0.23241 0.17461 0.28515
v 0.11634 0.17660 0.26272
v 0.13299 0.17115 0.26272
v 0.15224 0.16630 0.26272
v 0.17370 0.16438 0.26272
v 0.19515 0.16630 0.26272
v 0.21440 0.17115 0.26272
v 0.23105 0.17660 0.26272
v 0.10997 0.34540 0.40475
v 0.12847 0.35085 0.40475
v 0.14986 0.35570 0.40475
v 0.17370 0.35762 0.40475
v 0.19753 0.35570 0.40475
v 0.21893 0.35085 0.40475
v 0.23742 0.34540 0.40475
v 0.11634 0.17660 0.39728
v 0.13299 0.17115 0.39728
v 0.15224 0.16630 0.39728
v 0.17370 0.16438 0.39728
v 0.19515 0.16630 0.39728
v 0.21440 0.17115 0.39728
v 0.23105 0.17660 0.39728
v 0.23742 0.34540 0.25525
v 0.21893 0.35085 0.25525
v 0.19753 0.35570 0.25525
v 0.17370 0.35762 0.25525
v 0.14986 0.35570 0.25525
v 0.12847 0.35085 0.25525
v 0.10997 0.34540 0.25525
v 0.23105 0.17660 0.26272
v 0.21440 0.17115 0.26272
v 0.19515 0.16630 0.26272
v 0.17370 0.16438 0.26272
v 0.15224 0.16630 0.26272
v 0.13299 0.17115 0.26272
v 0.11634 0.17660 0.26272
v 0.23105 0.17406 0.40728
v 0.23241 0.17596 0.38485
v 0.23246 0.17603 0.36242
v 0.23246 0.17603 0.34000
v 0.23246 0.17603 0.31758
v 0.23241 0.17596 0.29515
v 0.23105 0.17406 0.27272
v 0.21499 0.01386 0.38844
v 0.21597 0.01196 0.37229
v 0.21601 0.01189 0.35615
v 0.21601 0.01189 0.34000
v 0.21601 0.01189 0.32385
v 0.21597 0.01196 0.30771
v 0.21499 0.01386 0.29156
v 0.11634 0.17406 0.27272
v 0.11499 0.17596 0.29515
v 0.11493 0.17603 0.31758
v 0.11493 0.17603 0.34000
v 0.11493 0.17603 0.36242
v 0.11499 0.17596 0.38485
v 0.11634 0.17406 0.40728
v 0.13240 0.01386 0.29156
v 0.13143 0.01196 0.30771
v 0.13139 0.01189 0.32385
v 0.13139 0.01189 0.34000
v 0.13139 0.01189 0.35615
v 0.13143 0.01196 0.37229
v 0.13240 0.01386 0.38844
v 0.11634 0.17406 0.27272
v 0.13299 0.17924 0.27272
v 0.15224 0.18384 0.27272
v 0.17370 0.18566 0.27272
v 0.19515 0.18384 0.27272
v 0.21440 0.17924 0.27272
v 0.23105 0.17406 0.27272
v 0.11499 0.17596 0.29515
v 0.13203 0.18125 0.29515
v 0.15174 0.18597 0.29515
v 0.17370 0.18783 0.29515
v 0.19565 0.18597 0.29515
v 0.21536 0.18125 0.29515
v 0.23241 0.17596 0.29515
v 0.11493 0.17603 0.31758
v 0.13199 0.18134 0.31758
v 0.15172 0.18605 0.31758
v 0.17370 0.18792 0.31758
v 0.19568 0.18605 0.31758
v 0.21540 0.18134 0.31758
v 0.23246 0.17603 0.31758
v 0.11493 0.17603 0.34000
v 0.13199 0.18134 0.34000
v 0.15172 0.18605 0.34000
v 0.17370 0.18792 0.34000
v 0.19568 0.18605 0.34000
v 0.21540 0.18134 0.34000
v 0.23246 0.17603 0.34000
v 0.11493 0.17603 0.36242
v 0.13199 0.18134 0.36242
v 0.15172 0.18605 0.36242
v 0.17370 0.18792 0.36242
v 0.19568 0.18605 0.36242
v 0.21540 0.18134 0.36242
v 0.23246 0.17603 0.36242
v 0.11499 0.17596 0.38485
v 0.13203 0.18125 0.38485
v 0.15174 0.18597 0.38485
v 0.17370 0.18783 0.38485
v 0.19565 0.18597 0.38485
v 0.21536 0.18125 0.38485
v 0.23241 0.17596 0.38485
v 0.11634 0.17406 0.40728
v 0.13299 0.17924 0.40728
v 0.15224 0.18384 0.40728
v 0.17370 0.18566 0.40728
v 0.19515 0.18384 0.40728
v 0.21440 0.17924 0.40728
v 0.23105 0.17406 0.40728
v 0.13240 0.01386 0.38844
v 0.14439 0.00868 0.38844
v 0.15825 0.00408 0.38844
v 0.17370 0.00226 0.38844
v 0.18914 0.00408 0.38844
v 0.20300 0.00868 0.38844
v 0.21499 0.01386 0.38844
v 0.13143 0.01196 0.37229
v 0.14369 0.00667 0.37229
v 0.15789 0.00195 0.37229
v 0.17370 0.00009 0.37229
v 0.18951 0.00195 0.37229
v 0.20370 0.00667 0.37229
v 0.21597 0.01196 0.37229
v 0.13139 0.01189 0.35615
v 0.14367 0.00658 0.35615
v 0.15787 0.00187 0.35615
v 0.17370 0.00000 0.35615
v 0.18952 0.00187 0.35615
v 0.20373 0.00658 0.35615
v 0.21601 0.01189 0.35615
v 0.13139 0.01189 0.34000
v 0.14367 0.00658 0.34000
v 0.15787 0.00187 0.34000
v 0.17370 0.00000 0.34000
v 0.18952 0.00187 0.34000
v 0.20373 0.00658 0.34000
v 0.21601 0.01189 0.34000
v 0.13139 0.01189 0.32385
v 0.14367 0.00658 0.32385
v 0.15787 0.00187 0.32385
v 0.17370 0.00000 0.32385
v 0.18952 0.00187 0.32385
v 0.20373 0.00658 0.32385
v 0.21601 0.01189 0.32385
v 0.13143 0.01196 0.30771
v 0.14369 0.00667 0.30771
v 0.15789 0.00195 0.30771
v 0.17370 0.00009 0.30771
v 0.18951 0.00195 0.30771
v 0.20370 0.00667 0.30771
v 0.21597 0.01196 0.30771
v 0.13240 0.01386 0.29156
v 0.14439 0.00868 0.29156
v 0.15825 0.00408 0.29156
v 0.17370 0.00226 0.29156
v 0.18914 0.00408 0.29156
v 0.20300 0.00868 0.29156
v 0.21499 0.01386 0.29156
v 0.11634 0.17406 0.40728
v 0.13299 0.17924 0.40728
v 0.15224 0.18384 0.40728
v 0.17370 0.18566 0.40728
v 0.19515 0.18384 0.40728
v 0.21440 0.17924 0.40728
v 0.23105 0.17406 0.40728
v 0.13240 0.01386 0.38844
v 0.14439 0.00868 0.38844
v 0.15825 0.00408 0.38844
v 0.17370 0.00226 0.38844
v 0.18914 0.00408 0.38844
v 0.20300 0.00868 0.38844
v 0.21499 0.01386 0.38844
v 0.23105 0.17406 0.27272
v 0.21440 0.17924 0.27272
v 0.19515 0.18384 0.27272
v 0.17370 0.18566 0.27272
v 0.15224 0.18384 0.27272
v 0.13299 0.17924 0.27272
v 0.11634 0.17406 0.27272
v 0.21499 0.01386 0.29156
v 0.20300 0.00868 0.29156
v 0.18914 0.00408 0.29156
v 0.17370 0.00226 0.29156
v 0.15825 0.00408 0.29156
v 0.14439 0.00868 0.29156
v 0.13240 0.01386 0.29156
v -0.13267 0.02993 0.43075
v -0.13145 0.03033 0.40367
v -0.13140 0.03035 0.37658
v -0.13140 0.03035 0.34950
v -0.13140 0.03035 0.32242
v -0.13145 0.03033 0.29533
v -0.13267 0.02993 0.26825
v -0.12282 0.00247 0.45025
v -0.12131 0.00207 0.41667
v -0.12125 0.00205 0.38308
v -0.12125 0.00205 0.34950
v -0.12125 0.00205 0.31592
v -0.12131 0.00207 0.28233
v -0.12282 0.00247 0.24875
v -0.21473 0.02993 0.26825
v -0.21595 0.03033 0.29533
v -0.21599 0.03035 0.32242
v -0.21599 0.03035 0.34950
v -0.21599 0.03035 0.37658
v -0.21595 0.03033 0.40367
v -0.21473 0.02993 0.43075
v -0.22457 0.00247 0.24875
v -0.22609 0.00207 0.28233
v -0.22615 0.00205 0.31592
v -0.22615 0.00205 0.34950
v -0.22615 0.00205 0.38308
v -0.22609 0.00207 0.41667
v -0.22457 0.00247 0.45025
v -0.21473 0.02993 0.26825
v -0.20282 0.03081 0.26825
v -0.18904 0.03160 0.26825
v -0.17370 0.03191 0.26825
v -0.15835 0.03160 0.26825
v -0.14458 0.03081 0.26825
v -0.13267 0.02993 0.26825
v -0.21595 0.03033 0.29533
v -0.20368 0.03125 0.29533
v -0.18950 0.03206 0.29533
v -0.17370 0.03238 0.29533
v -0.15789 0.03206 0.29533
v -0.14371 0.03125 0.29533
v -0.13145 0.03033 0.29533
v -0.21599 0.03035 0.32242
v -0.20372 0.03126 0.32242
v -0.18952 0.03208 0.32242
v -0.17370 0.03240 0.32242
v -0.15788 0.03208 0.32242
v -0.14367 0.03126 0.32242
v -0.13140 0.03035 0.32242
v -0.21599 0.03035 0.34950
v -0.20372 0.03126 0.34950
v -0.18952 0.03208 0.34950
v -0.17370 0.03240 0.34950
v -0.15788 0.03208 0.34950
v -0.14367 0.03126 0.34950
v -0.13140 0.03035 0.34950
v -0.21599 0.03035 0.37658
v -0.20372 0.03126 0.37658
v -0.18952 0.03208 0.37658
v -0.17370 0.03240 0.37658
v -0.15788 0.03208 0.37658
v -0.14367 0.03126 0.37658
v -0.13140 0.03035 0.37658
v -0.21595 0.03033 0.40367
v -0.20368 0.03125 0.40367
v -0.18950 0.03206 0.40367
v -0.17370 0.03238 0.40367
v -0.15789 0.03206 0.40367
v -0.14371 0.03125 0.40367
v -0.13145 0.03033 0.40367
v -0.21473 0.02993 0.43075
v -0.20282 0.03081 0.43075
v -0.18904 0.03160 0.43075
v -0.17370 0.03191 0.43075
v -0.15835 0.03160 0.43075
v -0.14458 0.03081 0.43075
v -0.13267 0.02993 0.43075
v -0.22457 0.00247 0.45025
v -0.20981 0.00159 0.45025
v -0.19273 0.00080 0.45025
v -0.17370 0.00049 0.45025
v -0.15467 0.00080 0.45025
v -0.13759 0.00159 0.45025
v -0.12282 0.00247 0.45025
v -0.22609 0.00207 0.41667
v -0.21088 0.00115 0.41667
v -0.19329 0.00034 0.41667
v -0.17370 0.00002 0.41667
v -0.15410 0.00034 0.41667
v -0.13651 0.00115 0.41667
v -0.12131 0.00207 0.41667
v -0.22615 0.00205 0.38308
v -0.21092 0.00114 0.38308
v -0.19331 0.00032 0.38308
v -0.17370 0.00000 0.38308
v -0.15408 0.00032 0.38308
v -0.13647 0.00114 0.38308
v -0.12125 0.00205 0.38308
v -0.22615 0.00205 0.34950
v -0.21092 0.00114 0.34950
v -0.19331 0.00032 0.34950
v -0.17370 0.00000 0.34950
v -0.15408 0.00032 0.34950
v -0.13647 0.00114 0.34950
v -0.12125 0.00205 0.34950
v -0.22615 0.00205 0.31592
v -0.21092 0.00114 0.31592
v -0.19331 0.00032 0.31592
v -0.17370 0.00000 0.31592
v -0.15408 0.00032 0.31592
v -0.13647 0.00114 0.31592
v -0.12125 0.00205 0.31592
v -0.22609 0.00207 0.28233
v -0.21088 0.00115 0.28233
v -0.19329 0.00034 0.28233
v -0.17370 0.00002 0.28233
v -0.15410 0.00034 0.28233
v -0.13651 0.00115 0.28233
v -0.12131 0.00207 0.28233
v -0.22457 0.00247 0.24875
v -0.20981 0.00159 0.24875
v -0.19273 0.00080 0.24875
v -0.17370 0.00049 0.24875
v -0.15467 0.00080 0.24875
v -0.13759 0.00159 0.24875
v -0.12282 0.00247 0.24875
v -0.21473 0.02993 0.43075
v -0.20282 0.03081 0.43075
v -0.18904 0.03160 0.43075
v -0.17370 0.03191 0.43075
v -0.15835 0.03160 0.43075
v -0.14458 0.03081 0.43075
v -0.13267 0.02993 0.43075
v -0.22457 0.00247 0.45025
v -0.20981 0.00159 0.45025
v -0.19273 0.00080 0.45025
v -0.17370 0.00049 0.45025
v -0.15467 0.00080 0.45025
v -0.13759 0.00159 0.45025
v -0.12282 0.00247 0.45025
v -0.13267 0.02993 0.26825
v -0.14458 0.03081 0.26825
v -0.15835 0.03160 0.26825
v -0.17370 0.03191 0.26825
v -0.18904 0.03160 0.26825
v -0.20282 0.03081 0.26825
v -0.21473 0.02993 0.26825
v -0.12282 0.00247 0.24875
v -0.13759 0.00159 0.24875
v -0.15467 0.00080 0.24875
v -0.17370 0.00049 0.24875
v -0.19273 0.00080 0.24875
v -0.20981 0.00159 0.24875
v -0.22457 0.00247 0.24875
v 0.21473 0.02993 0.43075
v 0.21595 0.03033 0.40367
v 0.21599 0.03035 0.37658
v 0.21599 0.03035 0.34950
v 0.21599 0.03035 0.32242
v 0.21595 0.03033 0.29533
v 0.21473 0.02993 0.26825
v 0.22457 0.00247 0.45025
v 0.22609 0.00207 0.41667
v 0.22615 0.00205 0.38308
v 0.22615 0.00205 0.34950
v 0.22615 0.00205 0.31592
v 0.22609 0.00207 0.28233
v 0.22457 0.00247 0.24875
v 0.13267 0.02993 0.26825
v 0.13145 0.03033 0.29533
v 0.13140 0.03035 0.32242
v 0.13140 0.03035 0.34950
v 0.13140 0.03035 0.37658
v 0.13145 0.03033 0.40367
v 0.13267 0.02993 0.43075
v 0.12282 0.00247 0.24875
v 0.12131 0.00207 0.28233
v 0.12125 0.00205 0.31592
v 0.12125 0.00205 0.34950
v 0.12125 0.00205 0.38308
v 0.12131 0.00207 0.41667
v 0.12282 0.00247 0.45025
v 0.13267 0.02993 0.26825
v 0.14458 0.03081 0.26825
v 0.15835 0.03160 0.26825
v 0.17370 0.03191 0.26825
v 0.18904 0.03160 0.26825
v 0.20282 0.03081 0.26825
v 0.21473 0.02993 0.26825
v 0.13145 0.03033 0.29533
v 0.14371 0.03125 0.29533
v 0.15789 0.03206 0.29533
v 0.17370 0.03238 0.29533
v 0.18950 0.03206 0.29533
v 0.20368 0.03125 0.29533
v 0.21595 0.03033 0.29533
v 0.13140 0.03035 0.32242
v 0.14367 0.03126 0.32242
v 0.15788 0.03208 0.32242
v 0.17370 0.03240 0.32242
v 0.18952 0.03208 0.32242
v 0.20372 0.03126 0.32242
v 0.21599 0.03035 0.32242
v 0.13140 0.03035 0.34950
v 0.14367 0.03126 0.34950
v 0.15788 0.03208 0.34950
v 0.17370 0.03240 0.34950
v 0.18952 0.03208 0.34950
v 0.20372 0.03126 0.34950
v 0.21599 0.03035 0.34950
v 0.13140 0.03035 0.37658
v 0.14367 0.03126 0.37658
v 0.15788 0.03208 0.37658
v 0.17370 0.03240 0.37658
v 0.18952 0.03208 0.37658
v 0.20372 0.03126 0.37658
v 0.21599 0.03035 0.37658
v 0.13145 0.03033 0.40367
v 0.14371 0.03125 0.40367
v 0.15789 0.03206 0.40367
v 0.17370 0.03238 0.40367
v 0.18950 0.03206 0.40367
v 0.20368 0.03125 0.40367
v 0.21595 0.03033 0.40367
v 0.13267 0.02993 0.43075
v 0.14458 0.03081 0.43075
v 0.15835 0.03160 0.43075
v 0.17370 0.03191 0.43075
v 0.18904 0.03160 0.43075
v 0.20282 0.03081 0.43075
v 0.21473 0.02993 0.43075
v 0.12282 0.00247 0.45025
v 0.13759 0.00159 0.45025
v 0.15467 0.00080 0.45025
v 0.17370 0.00049 0.45025
v 0.19273 0.00080 0.45025
v 0.20981 0.00159 0.45025
v 0.22457 0.00247 0.45025
v 0.12131 0.00207 0.41667
v 0.13651 0.00115 0.41667
v 0.15410 0.00034 0.41667
v 0.17370 0.00002 0.41667
v 0.19329 0.00034 0.41667
v 0.21088 0.00115 0.41667
v 0.22609 0.00207 0.41667
v 0.12125 0.00205 0.38308
v 0.13647 0.00114 0.38308
v 0.15408 0.00032 0.38308
v 0.17370 0.00000 0.38308
v 0.19331 0.00032 0.38308
v 0.21092 0.00114 0.38308
v 0.22615 0.00205 0.38308
v 0.12125 0.00205 0.34950
v 0.13647 0.00114 0.34950
v 0.15408 0.00032 0.34950
v 0.17370 0.00000 0.34950
v 0.19331 0.00032 0.34950
v 0.21092 0.00114 0.34950
v 0.22615 0.00205 0.34950
v 0.12125 0.00205 0.31592
v 0.13647 0.00114 0.31592
v 0.15408 0.00032 0.31592
v 0.17370 0.00000 0.31592
v 0.19331 0.00032 0.31592
v 0.21092 0.00114 0.31592
v 0.22615 0.00205 0.31592
v 0.12131 0.00207 0.28233
v 0.13651 0.00115 0.28233
v 0.15410 0.00034 0.28233
v 0.17370 0.00002 0.28233
v 0.19329 0.00034 0.28233
v 0.21088 0.00115 0.28233
v 0.22609 0.00207 0.28233
v 0.12282 0.00247 0.24875
v 0.13759 0.00159 0.24875
v 0.15467 0.00080 0.24875
v 0.17370 0.00049 0.24875
v 0.19273 0.00080 0.24875
v 0.20981 0.00159 0.24875
v 0.22457 0.00247 0.24875
v 0.13267 0.02993 0.43075
v 0.14458 0.03081 0.43075
v 0.15835 0.03160 0.43075
v 0.17370 0.03191 0.43075
v 0.18904 0.03160 0.43075
v 0.20282 0.03081 0.43075
v 0.21473 0.02993 0.43075
v 0.12282 0.00247 0.45025
v 0.13759 0.00159 0.45025
v 0.15467 0.00080 0.45025
v 0.17370 0.00049 0.45025
v 0.19273 0.00080 0.45025
v 0.20981 0.00159 0.45025
v 0.22457 0.00247 0.45025
v 0.21473 0.02993 0.26825
v 0.20282 0.03081 0.26825
v 0.18904 0.03160 0.26825
v 0.17370 0.03191 0.26825
v 0.15835 0.03160 0.26825
v 0.14458 0.03081 0.26825
v 0.13267 0.02993 0.26825
v 0.22457 0.00247 0.24875
v 0.20981 0.00159 0.24875
v 0.19273 0.00080 0.24875
v 0.17370 0.00049 0.24875
v 0.15467 0.00080 0.24875
v 0.13759 0.00159 0.24875
v 0.12282 0.00247 0.24875
v -0.05547 0.45219 -0.19700
v -0.05264 0.46236 -0.24467
v -0.05430 0.46277 -0.29233
v -0.05614 0.46277 -0.34000
v -0.05798 0.46277 -0.38767
v -0.05998 0.46236 -0.43533
v -0.06578 0.45219 -0.48300
v -0.09533 0.15261 -0.27994
v -0.09415 0.14244 -0.29996
v -0.09484 0.14203 -0.31998
v -0.09561 0.14203 -0.34000
v -0.09639 0.14203 -0.36002
v -0.09723 0.14244 -0.38004
v -0.09966 0.15261 -0.40006
v -0.18262 0.45219 -0.48300
v -0.18842 0.46236 -0.43533
v -0.19042 0.46277 -0.38767
v -0.19226 0.46277 -0.34000
v -0.19410 0.46277 -0.29233
v -0.19576 0.46236 -0.24467
v -0.19293 0.45219 -0.19700
v -0.14874 0.15261 -0.40006
v -0.15117 0.14244 -0.38004
v -0.15201 0.14203 -0.36002
v -0.15279 0.14203 -0.34000
v -0.15356 0.14203 -0.31998
v -0.15425 0.14244 -0.29996
v -0.15307 0.15261 -0.27994
v -0.18262 0.45219 -0.48300
v -0.16566 0.46187 -0.48300
v -0.14605 0.47047 -0.48300
v -0.12420 0.47388 -0.48300
v -0.10235 0.47047 -0.48300
v -0.08274 0.46187 -0.48300
v -0.06578 0.45219 -0.48300
v -0.18842 0.46236 -0.43533
v -0.16978 0.47270 -0.43533
v -0.14822 0.48189 -0.43533
v -0.12420 0.48553 -0.43533
v -0.10018 0.48189 -0.43533
v -0.07862 0.47270 -0.43533
v -0.05998 0.46236 -0.43533
v -0.19042 0.46277 -0.38767
v -0.17120 0.47313 -0.38767
v -0.14897 0.48235 -0.38767
v -0.12420 0.48600 -0.38767
v -0.09943 0.48235 -0.38767
v -0.07720 0.47313 -0.38767
v -0.05798 0.46277 -0.38767
v -0.19226 0.46277 -0.34000
v -0.17251 0.47314 -0.34000
v -0.14966 0.48235 -0.34000
v -0.12420 0.48600 -0.34000
v -0.09874 0.48235 -0.34000
v -0.07589 0.47314 -0.34000
v -0.05614 0.46277 -0.34000
v -0.19410 0.46277 -0.29233
v -0.17381 0.47313 -0.29233
v -0.15035 0.48235 -0.29233
v -0.12420 0.48600 -0.29233
v -0.09805 0.48235 -0.29233
v -0.07459 0.47313 -0.29233
v -0.05430 0.46277 -0.29233
v -0.19576 0.46236 -0.24467
v -0.17499 0.47270 -0.24467
v -0.15096 0.48189 -0.24467
v -0.12420 0.48553 -0.24467
v -0.09744 0.48189 -0.24467
v -0.07341 0.47270 -0.24467
v -0.05264 0.46236 -0.24467
v -0.19293 0.45219 -0.19700
v -0.17298 0.46187 -0.19700
v -0.14991 0.47047 -0.19700
v -0.12420 0.47388 -0.19700
v -0.09849 0.47047 -0.19700
v -0.07542 0.46187 -0.19700
v -0.05547 0.45219 -0.19700
v -0.15307 0.15261 -0.27994
v -0.14469 0.14293 -0.27994
v -0.13500 0.13433 -0.27994
v -0.12420 0.13092 -0.27994
v -0.11340 0.13433 -0.27994
v -0.10371 0.14293 -0.27994
v -0.09533 0.15261 -0.27994
v -0.15425 0.14244 -0.29996
v -0.14553 0.13210 -0.29996
v -0.13544 0.12291 -0.29996
v -0.12420 0.11927 -0.29996
v -0.11296 0.12291 -0.29996
v -0.10287 0.13210 -0.29996
v -0.09415 0.14244 -0.29996
v -0.15356 0.14203 -0.31998
v -0.14504 0.13167 -0.31998
v -0.13518 0.12245 -0.31998
v -0.12420 0.11880 -0.31998
v -0.11322 0.12245 -0.31998
v -0.10336 0.13167 -0.31998
v -0.09484 0.14203 -0.31998
v -0.15279 0.14203 -0.34000
v -0.14449 0.13166 -0.34000
v -0.13489 0.12245 -0.34000
v -0.12420 0.11880 -0.34000
v -0.11351 0.12245 -0.34000
v -0.10391 0.13166 -0.34000
v -0.09561 0.14203 -0.34000
v -0.15201 0.14203 -0.36002
v -0.14394 0.13167 -0.36002
v -0.13460 0.12245 -0.36002
v -0.12420 0.11880 -0.36002
v -0.11380 0.12245 -0.36002
v -0.10446 0.13167 -0.36002
v -0.09639 0.14203 -0.36002
v -0.15117 0.14244 -0.38004
v -0.14334 0.13210 -0.38004
v -0.13429 0.12291 -0.38004
v -0.12420 0.11927 -0.38004
v -0.11411 0.12291 -0.38004
v -0.10506 0.13210 -0.38004
v -0.09723 0.14244 -0.38004
v -0.14874 0.15261 -0.40006
v -0.14161 0.14293 -0.40006
v -0.13338 0.13433 -0.40006
v -0.12420 0.13092 -0.40006
v -0.11502 0.13433 -0.40006
v -0.10679 0.14293 -0.40006
v -0.09966 0.15261 -0.40006
v -0.19293 0.45219 -0.19700
v -0.17298 0.46187 -0.19700
v -0.14991 0.47047 -0.19700
v -0.12420 0.47388 -0.19700
v -0.09849 0.47047 -0.19700
v -0.07542 0.46187 -0.19700
v -0.05547 0.45219 -0.19700
v -0.15307 0.15261 -0.27994
v -0.14469 0.14293 -0.27994
v -0.13500 0.13433 -0.27994
v -0.12420 0.13092 -0.27994
v -0.11340 0.13433 -0.27994
v -0.10371 0.14293 -0.27994
v -0.09533 0.15261 -0.27994
v -0.06578 0.45219 -0.48300
v -0.08274 0.46187 -0.48300
v -0.10235 0.47047 -0.48300
v -0.12420 0.47388 -0.48300
v -0.14605 0.47047 -0.48300
v -0.16566 0.46187 -0.48300
v -0.18262 0.45219 -0.48300
v -0.09966 0.15261 -0.40006
v -0.10679 0.14293 -0.40006
v -0.11502 0.13433 -0.40006
v -0.12420 0.13092 -0.40006
v -0.13338 0.13433 -0.40006
v -0.14161 0.14293 -0.40006
v -0.14874 0.15261 -0.40006
v 0.19293 0.45219 -0.19700
v 0.19576 0.46236 -0.24467
v 0.19410 0.46277 -0.29233
v 0.19226 0.46277 -0.34000
v 0.19042 0.46277 -0.38767
v 0.18842 0.46236 -0.43533
v 0.18262 0.45219 -0.48300
v 0.15307 0.15261 -0.27994
v 0.15425 0.14244 -0.29996
v 0.15356 0.14203 -0.31998
v 0.15279 0.14203 -0.34000
v 0.15201 0.14203 -0.36002
v 0.15117 0.14244 -0.38004
v 0.14874 0.15261 -0.40006
v 0.06578 0.45219 -0.48300
v 0.05998 0.46236 -0.43533
v 0.05798 0.46277 -0.38767
v 0.05614 0.46277 -0.34000
v 0.05430 0.46277 -0.29233
v 0.05264 0.46236 -0.24467
v 0.05547 0.45219 -0.19700
v 0.09966 0.15261 -0.40006
v 0.09723 0.14244 -0.38004
v 0.09639 0.14203 -0.36002
v 0.09561 0.14203 -0.34000
v 0.09484 0.14203 -0.31998
v 0.09415 0.14244 -0.29996
v 0.09533 0.15261 -0.27994
v 0.06578 0.45219 -0.48300
v 0.08274 0.46187 -0.48300
v 0.10235 0.47047 -0.48300
v 0.12420 0.47388 -0.48300
v 0.14605 0.47047 -0.48300
v 0.16566 0.46187 -0.48300
v 0.18262 0.45219 -0.48300
v 0.05998 0.46236 -0.43533
v 0.07862 0.47270 -0.43533
v 0.10018 0.48189 -0.43533
v 0.12420 0.48553 -0.43533
v 0.14822 0.48189 -0.43533
v 0.16978 0.47270 -0.43533
v 0.18842 0.46236 -0.43533
v 0.05798 0.46277 -0.38767
v 0.07720 0.47313 -0.38767
v 0.09943 0.48235 -0.38767
v 0.12420 0.48600 -0.38767
v 0.14897 0.48235 -0.38767
v 0.17120 0.47313 -0.38767
v 0.19042 0.46277 -0.38767
v 0.05614 0.46277 -0.34000
v 0.07589 0.47314 -0.34000
v 0.09874 0.48235 -0.34000
v 0.12420 0.48600 -0.34000
v 0.14966 0.48235 -0.34000
v 0.17251 0.47314 -0.34000
v 0.19226 0.46277 -0.34000
v 0.05430 0.46277 -0.29233
v 0.07459 0.47313 -0.29233
v 0.09805 0.48235 -0.29233
v 0.12420 0.48600 -0.29233
v 0.15035 0.48235 -0.29233
v 0.17381 0.47313 -0.29233
v 0.19410 0.46277 -0.29233
v 0.05264 0.46236 -0.24467
v 0.07341 0.47270 -0.24467
v 0.09744 0.48189 -0.24467
v 0.12420 0.48553 -0.24467
v 0.15096 0.48189 -0.24467
v 0.17499 0.47270 -0.24467
v 0.19576 0.46236 -0.24467
v 0.05547 0.45219 -0.19700
v 0.07542 0.46187 -0.19700
v 0.09849 0.47047 -0.19700
v 0.12420 0.47388 -0.19700
v 0.14991 0.47047 -0.19700
v 0.17298 0.46187 -0.19700
v 0.19293 0.45219 -0.19700
v 0.09533 0.15261 -0.27994
v 0.10371 0.14293 -0.27994
v 0.11340 0.13433 -0.27994
v 0.12420 0.13092 -0.27994
v 0.13500 0.13433 -0.27994
v 0.14469 0.14293 -0.27994
v 0.15307 0.15261 -0.27994
v 0.09415 0.14244 -0.29996
v 0.10287 0.13210 -0.29996
v 0.11296 0.12291 -0.29996
v 0.12420 0.11927 -0.29996
v 0.13544 0.12291 -0.29996
v 0.14553 0.13210 -0.29996
v 0.15425 0.14244 -0.29996
v 0.09484 0.14203 -0.31998
v 0.10336 0.13167 -0.31998
v 0.11322 0.12245 -0.31998
v 0.12420 0.11880 -0.31998
v 0.13518 0.12245 -0.31998
v 0.14504 0.13167 -0.31998
v 0.15356 0.14203 -0.31998
v 0.09561 0.14203 -0.34000
v 0.10391 0.13166 -0.34000
v 0.11351 0.12245 -0.34000
v 0.12420 0.11880 -0.34000
v 0.13489 0.12245 -0.34000
v 0.14449 0.13166 -0.34000
v 0.15279 0.14203 -0.34000
v 0.09639 0.14203 -0.36002
v 0.10446 0.13167 -0.36002
v 0.11380 0.12245 -0.36002
v 0.12420 0.11880 -0.36002
v 0.13460 0.12245 -0.36002
v 0.14394 0.13167 -0.36002
v 0.15201 0.14203 -0.36002
v 0.09723 0.14244 -0.38004
v 0.10506 0.13210 -0.38004
v 0.11411 0.12291 -0.38004
v 0.12420 0.11927 -0.38004
v 0.13429 0.12291 -0.38004
v 0.14334 0.13210 -0.38004
v 0.15117 0.14244 -0.38004
v 0.09966 0.15261 -0.40006
v 0.10679 0.14293 -0.40006
v 0.11502 0.13433 -0.40006
v 0.12420 0.13092 -0.40006
v 0.13338 0.13433 -0.40006
v 0.14161 0.14293 -0.40006
v 0.14874 0.15261 -0.40006
v 0.05547 0.45219 -0.19700
v 0.07542 0.46187 -0.19700
v 0.09849 0.47047 -0.19700
v 0.12420 0.47388 -0.19700
v 0.14991 0.47047 -0.19700
v 0.17298 0.46187 -0.19700
v 0.19293 0.45219 -0.19700
v 0.09533 0.15261 -0.27994
v 0.10371 0.14293 -0.27994
v 0.11340 0.13433 -0.27994
v 0.12420 0.13092 -0.27994
v 0.13500 0.13433 -0.27994
v 0.14469 0.14293 -0.27994
v 0.15307 0.15261 -0.27994
v 0.18262 0.45219 -0.48300
v 0.16566 0.46187 -0.48300
v 0.14605 0.47047 -0.48300
v 0.12420 0.47388 -0.48300
v 0.10235 0.47047 -0.48300
v 0.08274 0.46187 -0.48300
v 0.06578 0.45219 -0.48300
v 0.14874 0.15261 -0.40006
v 0.14161 0.14293 -0.40006
v 0.13338 0.13433 -0.40006
v 0.12420 0.13092 -0.40006
v 0.11502 0.13433 -0.40006
v 0.10679 0.14293 -0.40006
v 0.09966 0.15261 -0.40006
v -0.07427 0.34540 -0.24525
v -0.07277 0.34739 -0.27017
v -0.07271 0.34748 -0.29508
v -0.07271 0.34748 -0.32000
v -0.07271 0.34748 -0.34492
v -0.07277 0.34739 -0.36983
v -0.07427 0.34540 -0.39475
v -0.08065 0.17660 -0.25272
v -0.07929 0.17461 -0.27515
v -0.07924 0.17452 -0.29757
v -0.07924 0.17452 -0.32000
v -0.07924 0.17452 -0.34243
v -0.07929 0.17461 -0.36485
v -0.08065 0.17660 -0.38728
v -0.20173 0.34540 -0.39475
v -0.20323 0.34739 -0.36983
v -0.20329 0.34748 -0.34492
v -0.20329 0.34748 -0.32000
v -0.20329 0.34748 -0.29508
v -0.20323 0.34739 -0.27017
v -0.20173 0.34540 -0.24525
v -0.19535 0.17660 -0.38728
v -0.19671 0.17461 -0.36485
v -0.19676 0.17452 -0.34243
v -0.19676 0.17452 -0.32000
v -0.19676 0.17452 -0.29757
v -0.19671 0.17461 -0.27515
v -0.19535 0.17660 -0.25272
v -0.20173 0.34540 -0.39475
v -0.18323 0.35085 -0.39475
v -0.16184 0.35570 -0.39475
v -0.13800 0.35762 -0.39475
v -0.11416 0.35570 -0.39475
v -0.09277 0.35085 -0.39475
v -0.07427 0.34540 -0.39475
v -0.20323 0.34739 -0.36983
v -0.18430 0.35298 -0.36983
v -0.16240 0.35794 -0.36983
v -0.13800 0.35991 -0.36983
v -0.11360 0.35794 -0.36983
v -0.09170 0.35298 -0.36983
v -0.07277 0.34739 -0.36983
v -0.20329 0.34748 -0.34492
v -0.18434 0.35306 -0.34492
v -0.16242 0.35803 -0.34492
v -0.13800 0.36000 -0.34492
v -0.11358 0.35803 -0.34492
v -0.09166 0.35306 -0.34492
v -0.07271 0.34748 -0.34492
v -0.20329 0.34748 -0.32000
v -0.18434 0.35306 -0.32000
v -0.16242 0.35803 -0.32000
v -0.13800 0.36000 -0.32000
v -0.11358 0.35803 -0.32000
v -0.09166 0.35306 -0.32000
v -0.07271 0.34748 -0.32000
v -0.20329 0.34748 -0.29508
v -0.18434 0.35306 -0.29508
v -0.16242 0.35803 -0.29508
v -0.13800 0.36000 -0.29508
v -0.11358 0.35803 -0.29508
v -0.09166 0.35306 -0.29508
v -0.07271 0.34748 -0.29508
v -0.20323 0.34739 -0.27017
v -0.18430 0.35298 -0.27017
v -0.16240 0.35794 -0.27017
v -0.13800 0.35991 -0.27017
v -0.11360 0.35794 -0.27017
v -0.09170 0.35298 -0.27017
v -0.07277 0.34739 -0.27017
v -0.20173 0.34540 -0.24525
v -0.18323 0.35085 -0.24525
v -0.16184 0.35570 -0.24525
v -0.13800 0.35762 -0.24525
v -0.11416 0.35570 -0.24525
v -0.09277 0.35085 -0.24525
v -0.07427 0.34540 -0.24525
v -0.19535 0.17660 -0.25272
v -0.17871 0.17115 -0.25272
v -0.15945 0.16630 -0.25272
v -0.13800 0.16438 -0.25272
v -0.11655 0.16630 -0.25272
v -0.09729 0.17115 -0.25272
v -0.08065 0.17660 -0.25272
v -0.19671 0.17461 -0.27515
v -0.17967 0.16902 -0.27515
v -0.15996 0.16406 -0.27515
v -0.13800 0.16209 -0.27515
v -0.11604 0.16406 -0.27515
v -0.09633 0.16902 -0.27515
v -0.07929 0.17461 -0.27515
v -0.19676 0.17452 -0.29757
v -0.17971 0.16894 -0.29757
v -0.15998 0.16397 -0.29757
v -0.13800 0.16200 -0.29757
v -0.11602 0.16397 -0.29757
v -0.09629 0.16894 -0.29757
v -0.07924 0.17452 -0.29757
v -0.19676 0.17452 -0.32000
v -0.17971 0.16894 -0.32000
v -0.15998 0.16397 -0.32000
v -0.13800 0.16200 -0.32000
v -0.11602 0.16397 -0.32000
v -0.09629 0.16894 -0.32000
v -0.07924 0.17452 -0.32000
v -0.19676 0.17452 -0.34243
v -0.17971 0.16894 -0.34243
v -0.15998 0.16397 -0.34243
v -0.13800 0.16200 -0.34243
v -0.11602 0.16397 -0.34243
v -0.09629 0.16894 -0.34243
v -0.07924 0.17452 -0.34243
v -0.19671 0.17461 -0.36485
v -0.17967 0.16902 -0.36485
v -0.15996 0.16406 -0.36485
v -0.13800 0.16209 -0.36485
v -0.11604 0.16406 -0.36485
v -0.09633 0.16902 -0.36485
v -0.07929 0.17461 -0.36485
v -0.19535 0.17660 -0.38728
v -0.17871 0.17115 -0.38728
v -0.15945 0.16630 -0.38728
v -0.13800 0.16438 -0.38728
v -0.11655 0.16630 -0.38728
v -0.09729 0.17115 -0.38728
v -0.08065 0.17660 -0.38728
v -0.20173 0.34540 -0.24525
v -0.18323 0.35085 -0.24525
v -0.16184 0.35570 -0.24525
v -0.13800 0.35762 -0.24525
v -0.11416 0.35570 -0.24525
v -0.09277 0.35085 -0.24525
v -0.07427 0.34540 -0.24525
v -0.19535 0.17660 -0.25272
v -0.17871 0.17115 -0.25272
v -0.15945 0.16630 -0.25272
v -0.13800 0.16438 -0.25272
v -0.11655 0.16630 -0.25272
v -0.09729 0.17115 -0.25272
v -0.08065 0.17660 -0.25272
v -0.07427 0.34540 -0.39475
v -0.09277 0.35085 -0.39475
v -0.11416 0.35570 -0.39475
v -0.13800 0.35762 -0.39475
v -0.16184 0.35570 -0.39475
v -0.18323 0.35085 -0.39475
v -0.20173 0.34540 -0.39475
v -0.08065 0.17660 -0.38728
v -0.09729 0.17115 -0.38728
v -0.11655 0.16630 -0.38728
v -0.13800 0.16438 -0.38728
v -0.15945 0.16630 -0.38728
v -0.17871 0.17115 -0.38728
v -0.19535 0.17660 -0.38728
v -0.08065 0.17406 -0.27272
v -0.07929 0.17596 -0.29515
v -0.07924 0.17603 -0.31758
v -0.07924 0.17603 -0.34000
v -0.07924 0.17603 -0.36242
v -0.07929 0.17596 -0.38485
v -0.08065 0.17406 -0.40728
v -0.09671 0.01386 -0.29156
v -0.09573 0.01196 -0.30771
v -0.09569 0.01189 -0.32385
v -0.09569 0.01189 -0.34000
v -0.09569 0.01189 -0.35615
v -0.09573 0.01196 -0.37229
v -0.09671 0.01386 -0.38844
v -0.19535 0.17406 -0.40728
v -0.19671 0.17596 -0.38485
v -0.19676 0.17603 -0.36242
v -0.19676 0.17603 -0.34000
v -0.19676 0.17603 -0.31758
v -0.19671 0.17596 -0.29515
v -0.19535 0.17406 -0.27272
v -0.17929 0.01386 -0.38844
v -0.18027 0.01196 -0.37229
v -0.18031 0.01189 -0.35615
v -0.18031 0.01189 -0.34000
v -0.18031 0.01189 -0.32385
v -0.18027 0.01196 -0.30771
v -0.17929 0.01386 -0.29156
v -0.19535 0.17406 -0.40728
v -0.17871 0.17924 -0.40728
v -0.15945 0.18384 -0.40728
v -0.13800 0.18566 -0.40728
v -0.11655 0.18384 -0.40728
v -0.09729 0.17924 -0.40728
v -0.08065 0.17406 -0.40728
v -0.19671 0.17596 -0.38485
v -0.17967 0.18125 -0.38485
v -0.15996 0.18597 -0.38485
v -0.13800 0.18783 -0.38485
v -0.11604 0.18597 -0.38485
v -0.09633 0.18125 -0.38485
v -0.07929 0.17596 -0.38485
v -0.19676 0.17603 -0.36242
v -0.17971 0.18134 -0.36242
v -0.15998 0.18605 -0.36242
v -0.13800 0.18792 -0.36242
v -0.11602 0.18605 -0.36242
v -0.09629 0.18134 -0.36242
v -0.07924 0.17603 -0.36242
v -0.19676 0.17603 -0.34000
v -0.17971 0.18134 -0.34000
v -0.15998 0.18605 -0.34000
v -0.13800 0.18792 -0.34000
v -0.11602 0.18605 -0.34000
v -0.09629 0.18134 -0.34000
v -0.07924 0.17603 -0.34000
v -0.19676 0.17603 -0.31758
v -0.17971 0.18134 -0.31758
v -0.15998 0.18605 -0.31758
v -0.13800 0.18792 -0.31758
v -0.11602 0.18605 -0.31758
v -0.09629 0.18134 -0.31758
v -0.07924 0.17603 -0.31758
v -0.19671 0.17596 -0.29515
v -0.17967 0.18125 -0.29515
v -0.15996 0.18597 -0.29515
v -0.13800 0.18783 -0.29515
v -0.11604 0.18597 -0.29515
v -0.09633 0.18125 -0.29515
v -0.07929 0.17596 -0.29515
v -0.19535 0.17406 -0.27272
v -0.17871 0.17924 -0.27272
v -0.15945 0.18384 -0.27272
v -0.13800 0.18566 -0.27272
v -0.11655 0.18384 -0.27272
v -0.09729 0.17924 -0.27272
v -0.08065 0.17406 -0.27272
v -0.17929 0.01386 -0.29156
v -0.16731 0.00868 -0.29156
v -0.15345 0.00408 -0.29156
v -0.13800 0.00226 -0.29156
v -0.12255 0.00408 -0.29156
v -0.10869 0.00868 -0.29156
v -0.09671 0.01386 -0.29156
v -0.18027 0.01196 -0.30771
v -0.16800 0.00667 -0.30771
v -0.15381 0.00195 -0.30771
v -0.13800 0.00009 -0.30771
v -0.12219 0.00195 -0.30771
v -0.10800 0.00667 -0.30771
v -0.09573 0.01196 -0.30771
v -0.18031 0.01189 -0.32385
v -0.16803 0.00658 -0.32385
v -0.15382 0.00187 -0.32385
v -0.13800 0.00000 -0.32385
v -0.12218 0.00187 -0.32385
v -0.10797 0.00658 -0.32385
v -0.09569 0.01189 -0.32385
v -0.18031 0.01189 -0.34000
v -0.16803 0.00658 -0.34000
v -0.15382 0.00187 -0.34000
v -0.13800 0.00000 -0.34000
v -0.12218 0.00187 -0.34000
v -0.10797 0.00658 -0.34000
v -0.09569 0.01189 -0.34000
v -0.18031 0.01189 -0.35615
v -0.16803 0.00658 -0.35615
v -0.15382 0.00187 -0.35615
v -0.13800 0.00000 -0.35615
v -0.12218 0.00187 -0.35615
v -0.10797 0.00658 -0.35615
v -0.09569 0.01189 -0.35615
v -0.18027 0.01196 -0.37229
v -0.16800 0.00667 -0.37229
v -0.15381 0.00195 -0.37229
v -0.13800 0.00009 -0.37229
v -0.12219 0.00195 -0.37229
v -0.10800 0.00667 -0.37229
v -0.09573 0.01196 -0.37229
v -0.17929 0.01386 -0.38844
v -0.16731 0.00868 -0.38844
v -0.15345 0.00408 -0.38844
v -0.13800 0.00226 -0.38844
v -0.12255 0.00408 -0.38844
v -0.10869 0.00868 -0.38844
v -0.09671 0.01386 -0.38844
v -0.19535 0.17406 -0.27272
v -0.17871 0.17924 -0.27272
v -0.15945 0.18384 -0.27272
v -0.13800 0.18566 -0.27272
v -0.11655 0.18384 -0.27272
v -0.09729 0.17924 -0.27272
v -0.08065 0.17406 -0.27272
v -0.17929 0.01386 -0.29156
v -0.16731 0.00868 -0.29156
v -0.15345 0.00408 -0.29156
v -0.13800 0.00226 -0.29156
v -0.12255 0.00408 -0.29156
v -0.10869 0.00868 -0.29156
v -0.09671 0.01386 -0.29156
v -0.08065 0.17406 -0.40728
v -0.09729 0.17924 -0.40728
v -0.11655 0.18384 -0.40728
v -0.13800 0.18566 -0.40728
v -0.15945 0.18384 -0.40728
v -0.17871 0.17924 -0.40728
v -0.19535 0.17406 -0.40728
v -0.09671 0.01386 -0.38844
v -0.10869 0.00868 -0.38844
v -0.12255 0.00408 -0.38844
v -0.13800 0.00226 -0.38844
v -0.15345 0.00408 -0.38844
v -0.16731 0.00868 -0.38844
v -0.17929 0.01386 -0.38844
v 0.20173 0.34540 -0.24525
v 0.20323 0.34739 -0.27017
v 0.20329 0.34748 -0.29508
v 0.20329 0.34748 -0.32000
v 0.20329 0.34748 -0.34492
v 0.20323 0.34739 -0.36983
v 0.20173 0.34540 -0.39475
v 0.19535 0.17660 -0.25272
v 0.19671 0.17461 -0.27515
v 0.19676 0.17452 -0.29757
v 0.19676 0.17452 -0.32000
v 0.19676 0.17452 -0.34243
v 0.19671 0.17461 -0.36485
v 0.19535 0.17660 -0.38728
v 0.07427 0.34540 -0.39475
v 0.07277 0.34739 -0.36983
v 0.07271 0.34748 -0.34492
v 0.07271 0.34748 -0.32000
v 0.07271 0.34748 -0.29508
v 0.07277 0.34739 -0.27017
v 0.07427 0.34540 -0.24525
v 0.08065 0.17660 -0.38728
v 0.07929 0.17461 -0.36485
v 0.07924 0.17452 -0.34243
v 0.07924 0.17452 -0.32000
v 0.07924 0.17452 -0.29757
v 0.07929 0.17461 -0.27515
v 0.08065 0.17660 -0.25272
v 0.07427 0.34540 -0.39475
v 0.09277 0.35085 -0.39475
v 0.11416 0.35570 -0.39475
v 0.13800 0.35762 -0.39475
v 0.16184 0.35570 -0.39475
v 0.18323 0.35085 -0.39475
v 0.20173 0.34540 -0.39475
v 0.07277 0.34739 -0.36983
v 0.09170 0.35298 -0.36983
v 0.11360 0.35794 -0.36983
v 0.13800 0.35991 -0.36983
v 0.16240 0.35794 -0.36983
v 0.18430 0.35298 -0.36983
v 0.20323 0.34739 -0.36983
v 0.07271 0.34748 -0.34492
v 0.09166 0.35306 -0.34492
v 0.11358 0.35803 -0.34492
v 0.13800 0.36000 -0.34492
v 0.16242 0.35803 -0.34492
v 0.18434 0.35306 -0.34492
v 0.20329 0.34748 -0.34492
v 0.07271 0.34748 -0.32000
v 0.09166 0.35306 -0.32000
v 0.11358 0.35803 -0.32000
v 0.13800 0.36000 -0.32000
v 0.16242 0.35803 -0.32000
v 0.18434 0.35306 -0.32000
v 0.20329 0.34748 -0.32000
v 0.07271 0.34748 -0.29508
v 0.09166 0.35306 -0.29508
v 0.11358 0.35803 -0.29508
v 0.13800 0.36000 -0.29508
v 0.16242 0.35803 -0.29508
v 0.18434 0.35306 -0.29508
v 0.20329 0.34748 -0.29508
v 0.07277 0.34739 -0.27017
v 0.09170 0.35298 -0.27017
v 0.11360 0.35794 -0.27017
v 0.13800 0.35991 -0.27017
v 0.16240 0.35794 -0.27017
v 0.18430 0.35298 -0.27017
v 0.20323 0.34739 -0.27017
v 0.07427 0.34540 -0.24525
v 0.09277 0.35085 -0.24525
v 0.11416 0.35570 -0.24525
v 0.13800 0.35762 -0.24525
v 0.16184 0.35570 -0.24525
v 0.18323 0.35085 -0.24525
v 0.20173 0.34540 -0.24525
v 0.08065 0.17660 -0.25272
v 0.09729 0.17115 -0.25272
v 0.11655 0.16630 -0.25272
v 0.13800 0.16438 -0.25272
v 0.15945 0.16630 -0.25272
v 0.17871 0.17115 -0.25272
v 0.19535 0.17660 -0.25272
v 0.07929 0.17461 -0.27515
v 0.09633 0.16902 -0.27515
v 0.11604 0.16406 -0.27515
v 0.13800 0.16209 -0.27515
v 0.15996 0.16406 -0.27515
v 0.17967 0.16902 -0.27515
v 0.19671 0.17461 -0.27515
v 0.07924 0.17452 -0.29757
v 0.09629 0.16894 -0.29757
v 0.11602 0.16397 -0.29757
v 0.13800 0.16200 -0.29757
v 0.15998 0.16397 -0.29757
v 0.17971 0.16894 -0.29757
v 0.19676 0.17452 -0.29757
v 0.07924 0.17452 -0.32000
v 0.09629 0.16894 -0.32000
v 0.11602 0.16397 -0.32000
v 0.13800 0.16200 -0.32000
v 0.15998 0.16397 -0.32000
v 0.17971 0.16894 -0.32000
v 0.19676 0.17452 -0.32000
v 0.07924 0.17452 -0.34243
v 0.09629 0.16894 -0.34243
v 0.11602 0.16397 -0.34243
v 0.13800 0.16200 -0.34243
v 0.15998 0.16397 -0.34243
v 0.17971 0.16894 -0.34243
v 0.19676 0.17452 -0.34243
v 0.07929 0.17461 -0.36485
v 0.09633 0.16902 -0.36485
v 0.11604 0.16406 -0.36485
v 0.13800 0.16209 -0.36485
v 0.15996 0.16406 -0.36485
v 0.17967 0.16902 -0.36485
v 0.19671 0.17461 -0.36485
v 0.08065 0.17660 -0.38728
v 0.09729 0.17115 -0.38728
v 0.11655 0.16630 -0.38728
v 0.13800 0.16438 -0.38728
v 0.15945 0.16630 -0.38728
v 0.17871 0.17115 -0.38728
v 0.19535 0.17660 -0.38728
v 0.07427 0.34540 -0.24525
v 0.09277 0.35085 -0.24525
v 0.11416 0.35570 -0.24525
v 0.13800 0.35762 -0.24525
v 0.16184 0.35570 -0.24525
v 0.18323 0.35085 -0.24525
v 0.20173 0.34540 -0.24525
v 0.08065 0.17660 -0.25272
v 0.09729 0.17115 -0.25272
v 0.11655 0.16630 -0.25272
v 0.13800 0.16438 -0.25272
v 0.15945 0.16630 -0.25272
v 0.17871 0.17115 -0.25272
v 0.19535 0.17660 -0.25272
v 0.20173 0.34540 -0.39475
v 0.18323 0.35085 -0.39475
v 0.16184 0.35570 -0.39475
v 0.13800 0.35762 -0.39475
v 0.11416 0.35570 -0.39475
v 0.09277 0.35085 -0.39475
v 0.07427 0.34540 -0.39475
v 0.19535 0.17660 -0.38728
v 0.17871 0.17115 -0.38728
v 0.15945 0.16630 -0.38728
v 0.13800 0.16438 -0.38728
v 0.11655 0.16630 -0.38728
v 0.09729 0.17115 -0.38728
v 0.08065 0.17660 -0.38728
v 0.19535 0.17406 -0.27272
v 0.19671 0.17596 -0.29515
v 0.19676 0.17603 -0.31758
v 0.19676 0.17603 -0.34000
v 0.19676 0.17603 -0.36242
v 0.19671 0.17596 -0.38485
v 0.19535 0.17406 -0.40728
v 0.17929 0.01386 -0.29156
v 0.18027 0.01196 -0.30771
v 0.18031 0.01189 -0.32385
v 0.18031 0.01189 -0.34000
v 0.18031 0.01189 -0.35615
v 0.18027 0.01196 -0.37229
v 0.17929 0.01386 -0.38844
v 0.08065 0.17406 -0.40728
v 0.07929 0.17596 -0.38485
v 0.07924 0.17603 -0.36242
v 0.07924 0.17603 -0.34000
v 0.07924 0.17603 -0.31758
v 0.07929 0.17596 -0.29515
v 0.08065 0.17406 -0.27272
v 0.09671 0.01386 -0.38844
v 0.09573 0.01196 -0.37229
v 0.09569 0.01189 -0.35615
v 0.09569 0.01189 -0.34000
v 0.09569 0.01189 -0.32385
v 0.09573 0.01196 -0.30771
v 0.09671 0.01386 -0.29156
v 0.08065 0.17406 -0.40728
v 0.09729 0.17924 -0.40728
v 0.11655 0.18384 -0.40728
v 0.13800 0.18566 -0.40728
v 0.15945 0.18384 -0.40728
v 0.17871 0.17924 -0.40728
v 0.19535 0.17406 -0.40728
v 0.07929 0.17596 -0.38485
v 0.09633 0.18125 -0.38485
v 0.11604 0.18597 -0.38485
v 0.13800 0.18783 -0.38485
v 0.15996 0.18597 -0.38485
v 0.17967 0.18125 -0.38485
v 0.19671 0.17596 -0.38485
v 0.07924 0.17603 -0.36242
v 0.09629 0.18134 -0.36242
v 0.11602 0.18605 -0.36242
v 0.13800 0.18792 -0.36242
v 0.15998 0.18605 -0.36242
v 0.17971 0.18134 -0.36242
v 0.19676 0.17603 -0.36242
v 0.07924 0.17603 -0.34000
v 0.09629 0.18134 -0.34000
v 0.11602 0.18605 -0.34000
v 0.13800 0.18792 -0.34000
v 0.15998 0.18605 -0.34000
v 0.17971 0.18134 -0.34000
v 0.19676 0.17603 -0.34000
v 0.07924 0.17603 -0.31758
v 0.09629 0.18134 -0.31758
v 0.11602 0.18605 -0.31758
v 0.13800 0.18792 -0.31758
v 0.15998 0.18605 -0.31758
v 0.17971 0.18134 -0.31758
v 0.19676 0.17603 -0.31758
v 0.07929 0.17596 -0.29515
v 0.09633 0.18125 -0.29515
v 0.11604 0.18597 -0.29515
v 0.13800 0.18783 -0.29515
v 0.15996 0.18597 -0.29515
v 0.17967 0.18125 -0.29515
v 0.19671 0.17596 -0.29515
v 0.08065 0.17406 -0.27272
v 0.09729 0.17924 -0.27272
v 0.11655 0.18384 -0.27272
v 0.13800 0.18566 -0.27272
v 0.15945 0.18384 -0.27272
v 0.17871 0.17924 -0.27272
v 0.19535 0.17406 -0.27272
v 0.09671 0.01386 -0.29156
v 0.10869 0.00868 -0.29156
v 0.12255 0.00408 -0.29156
v 0.13800 0.00226 -0.29156
v 0.15345 0.00408 -0.29156
v 0.16731 0.00868 -0.29156
v 0.17929 0.01386 -0.29156
v 0.09573 0.01196 -0.30771
v 0.10800 0.00667 -0.30771
v 0.12219 0.00195 -0.30771
v 0.13800 0.00009 -0.30771
v 0.15381 0.00195 -0.30771
v 0.16800 0.00667 -0.30771
v 0.18027 0.01196 -0.30771
v 0.09569 0.01189 -0.32385
v 0.10797 0.00658 -0.32385
v 0.12218 0.00187 -0.32385
v 0.13800 0.00000 -0.32385
v 0.15382 0.00187 -0.32385
v 0.16803 0.00658 -0.32385
v 0.18031 0.01189 -0.32385
v 0.09569 0.01189 -0.34000
v 0.10797 0.00658 -0.34000
v 0.12218 0.00187 -0.34000
v 0.13800 0.00000 -0.34000
v 0.15382 0.00187 -0.34000
v 0.16803 0.00658 -0.34000
v 0.18031 0.01189 -0.34000
v 0.09569 0.01189 -0.35615
v 0.10797 0.00658 -0.35615
v 0.12218 0.00187 -0.35615
v 0.13800 0.00000 -0.35615
v 0.15382 0.00187 -0.35615
v 0.16803 0.00658 -0.35615
v 0.18031 0.01189 -0.35615
v 0.09573 0.01196 -0.37229
v 0.10800 0.00667 -0.37229
v 0.12219 0.00195 -0.37229
v 0.13800 0.00009 -0.37229
v 0.15381 0.00195 -0.37229
v 0.16800 0.00667 -0.37229
v 0.18027 0.01196 -0.37229
v 0.09671 0.01386 -0.38844
v 0.10869 0.00868 -0.38844
v 0.12255 0.00408 -0.38844
v 0.13800 0.00226 -0.38844
v 0.15345 0.00408 -0.38844
v 0.16731 0.00868 -0.38844
v 0.17929 0.01386 -0.38844
v 0.08065 0.17406 -0.27272
v 0.09729 0.17924 -0.27272
v 0.11655 0.18384 -0.27272
v 0.13800 0.18566 -0.27272
v 0.15945 0.18384 -0.27272
v 0.17871 0.17924 -0.27272
v 0.19535 0.17406 -0.27272
v 0.09671 0.01386 -0.29156
v 0.10869 0.00868 -0.29156
v 0.12255 0.00408 -0.29156
v 0.13800 0.00226 -0.29156
v 0.15345 0.00408 -0.29156
v 0.16731 0.00868 -0.29156
v 0.17929 0.01386 -0.29156
v 0.19535 0.17406 -0.40728
v 0.17871 0.17924 -0.40728
v 0.15945 0.18384 -0.40728
v 0.13800 0.18566 -0.40728
v 0.11655 0.18384 -0.40728
v 0.09729 0.17924 -0.40728
v 0.08065 0.17406 -0.40728
v 0.17929 0.01386 -0.38844
v 0.16731 0.00868 -0.38844
v 0.15345 0.00408 -0.38844
v 0.13800 0.00226 -0.38844
v 0.12255 0.00408 -0.38844
v 0.10869 0.00868 -0.38844
v 0.09671 0.01386 -0.38844
v -0.09697 0.02993 -0.21925
v -0.09575 0.03033 -0.24633
v -0.09570 0.03035 -0.27342
v -0.09570 0.03035 -0.30050
v -0.09570 0.03035 -0.32758
v -0.09575 0.03033 -0.35467
v -0.09697 0.02993 -0.38175
v -0.08712 0.00247 -0.19975
v -0.08561 0.00207 -0.23333
v -0.08555 0.00205 -0.26692
v -0.08555 0.00205 -0.30050
v -0.08555 0.00205 -0.33408
v -0.08561 0.00207 -0.36767
v -0.08712 0.00247 -0.40125
v -0.17903 0.02993 -0.38175
v -0.18025 0.03033 -0.35467
v -0.18030 0.03035 -0.32758
v -0.18030 0.03035 -0.30050
v -0.18030 0.03035 -0.27342
v -0.18025 0.03033 -0.24633
v -0.17903 0.02993 -0.21925
v -0.18888 0.00247 -0.40125
v -0.19039 0.00207 -0.36767
v -0.19045 0.00205 -0.33408
v -0.19045 0.00205 -0.30050
v -0.19045 0.00205 -0.26692
v -0.19039 0.00207 -0.23333
v -0.18888 0.00247 -0.19975
v -0.17903 0.02993 -0.38175
v -0.16712 0.03081 -0.38175
v -0.15335 0.03160 -0.38175
v -0.13800 0.03191 -0.38175
v -0.12265 0.03160 -0.38175
v -0.10888 0.03081 -0.38175
v -0.09697 0.02993 -0.38175
v -0.18025 0.03033 -0.35467
v -0.16799 0.03125 -0.35467
v -0.15380 0.03206 -0.35467
v -0.13800 0.03238 -0.35467
v -0.12220 0.03206 -0.35467
v -0.10801 0.03125 -0.35467
v -0.09575 0.03033 -0.35467
v -0.18030 0.03035 -0.32758
v -0.16802 0.03126 -0.32758
v -0.15382 0.03208 -0.32758
v -0.13800 0.03240 -0.32758
v -0.12218 0.03208 -0.32758
v -0.10798 0.03126 -0.32758
v -0.09570 0.03035 -0.32758
v -0.18030 0.03035 -0.30050
v -0.16802 0.03126 -0.30050
v -0.15382 0.03208 -0.30050
v -0.13800 0.03240 -0.30050
v -0.12218 0.03208 -0.30050
v -0.10798 0.03126 -0.30050
v -0.09570 0.03035 -0.30050
v -0.18030 0.03035 -0.27342
v -0.16802 0.03126 -0.27342
v -0.15382 0.03208 -0.27342
v -0.13800 0.03240 -0.27342
v -0.12218 0.03208 -0.27342
v -0.10798 0.03126 -0.27342
v -0.09570 0.03035 -0.27342
v -0.18025 0.03033 -0.24633
v -0.16799 0.03125 -0.24633
v -0.15380 0.03206 -0.24633
v -0.13800 0.03238 -0.24633
v -0.12220 0.03206 -0.24633
v -0.10801 0.03125 -0.24633
v -0.09575 0.03033 -0.24633
v -0.17903 0.02993 -0.21925
v -0.16712 0.03081 -0.21925
v -0.15335 0.03160 -0.21925
v -0.13800 0.03191 -0.21925
v -0.12265 0.03160 -0.21925
v -0.10888 0.03081 -0.21925
v -0.09697 0.02993 -0.21925
v -0.18888 0.00247 -0.19975
v -0.17411 0.00159 -0.19975
v -0.15703 0.00080 -0.19975
v -0.13800 0.00049 -0.19975
v -0.11897 0.00080 -0.19975
v -0.10189 0.00159 -0.19975
v -0.08712 0.00247 -0.19975
v -0.19039 0.00207 -0.23333
v -0.17518 0.00115 -0.23333
v -0.15759 0.00034 -0.23333
v -0.13800 0.00002 -0.23333
v -0.11841 0.00034 -0.23333
v -0.10082 0.00115 -0.23333
v -0.08561 0.00207 -0.23333
v -0.19045 0.00205 -0.26692
v -0.17523 0.00114 -0.26692
v -0.15762 0.00032 -0.26692
v -0.13800 0.00000 -0.26692
v -0.11838 0.00032 -0.26692
v -0.10077 0.00114 -0.26692
v -0.08555 0.00205 -0.26692
v -0.19045 0.00205 -0.30050
v -0.17523 0.00114 -0.30050
v -0.15762 0.00032 -0.30050
v -0.13800 0.00000 -0.30050
v -0.11838 0.00032 -0.30050
v -0.10077 0.00114 -0.30050
v -0.08555 0.00205 -0.30050
v -0.19045 0.00205 -0.33408
v -0.17523 0.00114 -0.33408
v -0.15762 0.00032 -0.33408
v -0.13800 0.00000 -0.33408
v -0.11838 0.00032 -0.33408
v -0.10077 0.00114 -0.33408
v -0.08555 0.00205 -0.33408
v -0.19039 0.00207 -0.36767
v -0.17518 0.00115 -0.36767
v -0.15759 0.00034 -0.36767
v -0.13800 0.00002 -0.36767
v -0.11841 0.00034 -0.36767
v -0.10082 0.00115 -0.36767
v -0.08561 0.00207 -0.36767
v -0.18888 0.00247 -0.40125
v -0.17411 0.00159 -0.40125
v -0.15703 0.00080 -0.40125
v -0.13800 0.00049 -0.40125
v -0.11897 0.00080 -0.40125
v -0.10189 0.00159 -0.40125
v -0.08712 0.00247 -0.40125
v -0.17903 0.02993 -0.21925
v -0.16712 0.03081 -0.21925
v -0.15335 0.03160 -0.21925
v -0.13800 0.03191 -0.21925
v -0.12265 0.03160 -0.21925
v -0.10888 0.03081 -0.21925
v -0.09697 0.02993 -0.21925
v -0.18888 0.00247 -0.19975
v -0.17411 0.00159 -0.19975
v -0.15703 0.00080 -0.19975
v -0.13800 0.00049 -0.19975
v -0.11897 0.00080 -0.19975
v -0.10189 0.00159 -0.19975
v -0.08712 0.00247 -0.19975
v -0.09697 0.02993 -0.38175
v -0.10888 0.03081 -0.38175
v -0.12265 0.03160 -0.38175
v -0.13800 0.03191 -0.38175
v -0.15335 0.03160 -0.38175
v -0.16712 0.03081 -0.38175
v -0.17903 0.02993 -0.38175
v -0.08712 0.00247 -0.40125
v -0.10189 0.00159 -0.40125
v -0.11897 0.00080 -0.40125
v -0.13800 0.00049 -0.40125
v -0.15703 0.00080 -0.40125
v -0.17411 0.00159 -0.40125
v -0.18888 0.00247 -0.40125
v 0.17903 0.02993 -0.21925
v 0.18025 0.03033 -0.24633
v 0.18030 0.03035 -0.27342
v 0.18030 0.03035 -0.30050
v 0.18030 0.03035 -0.32758
v 0.18025 0.03033 -0.35467
v 0.17903 0.02993 -0.38175
v 0.18888 0.00247 -0.19975
v 0.19039 0.00207 -0.23333
v 0.19045 0.00205 -0.26692
v 0.19045 0.00205 -0.30050
v 0.19045 0.00205 -0.33408
v 0.19039 0.00207 -0.36767
v 0.18888 0.00247 -0.40125
v 0.09697 0.02993 -0.38175
v 0.09575 0.03033 -0.35467
v 0.09570 0.03035 -0.32758
v 0.09570 0.03035 -0.30050
v 0.09570 0.03035 -0.27342
v 0.09575 0.03033 -0.24633
v 0.09697 0.02993 -0.21925
v 0.08712 0.00247 -0.40125
v 0.08561 0.00207 -0.36767
v 0.08555 0.00205 -0.33408
v 0.08555 0.00205 -0.30050
v 0.08555 0.00205 -0.26692
v 0.08561 0.00207 -0.23333
v 0.08712 0.00247 -0.19975
v 0.09697 0.02993 -0.38175
v 0.10888 0.03081 -0.38175
v 0.12265 0.03160 -0.38175
v 0.13800 0.03191 -0.38175
v 0.15335 0.03160 -0.38175
v 0.16712 0.03081 -0.38175
v 0.17903 0.02993 -0.38175
v 0.09575 0.03033 -0.35467
v 0.10801 0.03125 -0.35467
v 0.12220 0.03206 -0.35467
v 0.13800 0.03238 -0.35467
v 0.15380 0.03206 -0.35467
v 0.16799 0.03125 -0.35467
v 0.18025 0.03033 -0.35467
v 0.09570 0.03035 -0.32758
v 0.10798 0.03126 -0.32758
v 0.12218 0.03208 -0.32758
v 0.13800 0.03240 -0.32758
v 0.15382 0.03208 -0.32758
v 0.16802 0.03126 -0.32758
v 0.18030 0.03035 -0.32758
v 0.09570 0.03035 -0.30050
v 0.10798 0.03126 -0.30050
v 0.12218 0.03208 -0.30050
v 0.13800 0.03240 -0.30050
v 0.15382 0.03208 -0.30050
v 0.16802 0.03126 -0.30050
v 0.18030 0.03035 -0.30050
v 0.09570 0.03035 -0.27342
v 0.10798 0.03126 -0.27342
v 0.12218 0.03208 -0.27342
v 0.13800 0.03240 -0.27342
v 0.15382 0.03208 -0.27342
v 0.16802 0.03126 -0.27342
v 0.18030 0.03035 -0.27342
v 0.09575 0.03033 -0.24633
v 0.10801 0.03125 -0.24633
v 0.12220 0.03206 -0.24633
v 0.13800 0.03238 -0.24633
v 0.15380 0.03206 -0.24633
v 0.16799 0.03125 -0.24633
v 0.18025 0.03033 -0.24633
v 0.09697 0.02993 -0.21925
v 0.10888 0.03081 -0.21925
v 0.12265 0.03160 -0.21925
v 0.13800 0.03191 -0.21925
v 0.15335 0.03160 -0.21925
v 0.16712 0.03081 -0.21925
v 0.17903 0.02993 -0.21925
v 0.08712 0.00247 -0.19975
v 0.10189 0.00159 -0.19975
v 0.11897 0.00080 -0.19975
v 0.13800 0.00049 -0.19975
v 0.15703 0.00080 -0.19975
v 0.17411 0.00159 -0.19975
v 0.18888 0.00247 -0.19975
v 0.08561 0.00207 -0.23333
v 0.10082 0.00115 -0.23333
v 0.11841 0.00034 -0.23333
v 0.13800 0.00002 -0.23333
v 0.15759 0.00034 -0.23333
v 0.17518 0.00115 -0.23333
v 0.19039 0.00207 -0.23333
v 0.08555 0.00205 -0.26692
v 0.10077 0.00114 -0.26692
v 0.11838 0.00032 -0.26692
v 0.13800 0.00000 -0.26692
v 0.15762 0.00032 -0.26692
v 0.17523 0.00114 -0.26692
v 0.19045 0.00205 -0.26692
v 0.08555 0.00205 -0.30050
v 0.10077 0.00114 -0.30050
v 0.11838 0.00032 -0.30050
v 0.13800 0.00000 -0.30050
v 0.15762 0.00032 -0.30050
v 0.17523 0.00114 -0.30050
v 0.19045 0.00205 -0.30050
v 0.08555 0.00205 -0.33408
v 0.10077 0.00114 -0.33408
v 0.11838 0.00032 -0.33408
v 0.13800 0.00000 -0.33408
v 0.15762 0.00032 -0.33408
v 0.17523 0.00114 -0.33408
v 0.19045 0.00205 -0.33408
v 0.08561 0.00207 -0.36767
v 0.10082 0.00115 -0.36767
v 0.11841 0.00034 -0.36767
v 0.13800 0.00002 -0.36767
v 0.15759 0.00034 -0.36767
v 0.17518 0.00115 -0.36767
v 0.19039 0.00207 -0.36767
v 0.08712 0.00247 -0.40125
v 0.10189 0.00159 -0.40125
v 0.11897 0.00080 -0.40125
v 0.13800 0.00049 -0.40125
v 0.15703 0.00080 -0.40125
v 0.17411 0.00159 -0.40125
v 0.18888 0.00247 -0.40125
v 0.09697 0.02993 -0.21925
v 0.10888 0.03081 -0.21925
v 0.12265 0.03160 -0.21925
v 0.13800 0.03191 -0.21925
v 0.15335 0.03160 -0.21925
v 0.16712 0.03081 -0.21925
v 0.17903 0.02993 -0.21925
v 0.08712 0.00247 -0.19975
v 0.10189 0.00159 -0.19975
v 0.11897 0.00080 -0.19975
v 0.13800 0.00049 -0.19975
v 0.15703 0.00080 -0.19975
v 0.17411 0.00159 -0.19975
v 0.18888 0.00247 -0.19975
v 0.17903 0.02993 -0.38175
v 0.16712 0.03081 -0.38175
v 0.15335 0.03160 -0.38175
v 0.13800 0.03191 -0.38175
v 0.12265 0.03160 -0.38175
v 0.10888 0.03081 -0.38175
v 0.09697 0.02993 -0.38175
v 0.18888 0.00247 -0.40125
v 0.17411 0.00159 -0.40125
v 0.15703 0.00080 -0.40125
v 0.13800 0.00049 -0.40125
v 0.11897 0.00080 -0.40125
v 0.10189 0.00159 -0.40125
v 0.08712 0.00247 -0.40125
v 0.01487 0.76657 -0.50295
v 0.01603 0.76528 -0.51516
v 0.01677 0.76358 -0.52729
v 0.01749 0.76186 -0.53941
v 0.01821 0.76014 -0.55153
v 0.01891 0.75839 -0.56365
v 0.01906 0.75611 -0.57566
v 0.01583 0.76234 -0.50210
v 0.01707 0.76072 -0.51424
v 0.01785 0.75881 -0.52632
v 0.01862 0.75688 -0.53840
v 0.01939 0.75496 -0.55048
v 0.02013 0.75301 -0.56256
v 0.02030 0.75069 -0.57456
v 0.01669 0.75745 -0.50110
v 0.01799 0.75545 -0.51317
v 0.01882 0.75329 -0.52520
v 0.01963 0.75113 -0.53724
v 0.02044 0.74896 -0.54927
v 0.02122 0.74679 -0.56130
v 0.02139 0.74442 -0.57329
v 0.01702 0.75200 -0.50000
v 0.01835 0.74957 -0.51198
v 0.01920 0.74714 -0.52396
v 0.02002 0.74472 -0.53594
v 0.02085 0.74229 -0.54791
v 0.02165 0.73986 -0.55989
v 0.02183 0.73743 -0.57187
v 0.01669 0.74655 -0.49890
v 0.01799 0.74370 -0.51079
v 0.01882 0.74100 -0.52271
v 0.01963 0.73830 -0.53464
v 0.02044 0.73561 -0.54656
v 0.02122 0.73293 -0.55849
v 0.02139 0.73044 -0.57045
v 0.01583 0.74166 -0.49790
v 0.01707 0.73842 -0.50972
v 0.01785 0.73548 -0.52159
v 0.01862 0.73255 -0.53347
v 0.01939 0.72962 -0.54535
v 0.02013 0.72670 -0.55723
v 0.02030 0.72417 -0.56918
v 0.01487 0.73743 -0.49705
v 0.01603 0.73386 -0.50879
v 0.01677 0.73071 -0.52063
v 0.01749 0.72757 -0.53246
v 0.01821 0.72444 -0.54430
v 0.01891 0.72133 -0.55614
v 0.01906 0.71875 -0.56808
v -0.01906 0.75611 -0.57566
v -0.01891 0.75839 -0.56365
v -0.01821 0.76014 -0.55153
v -0.01749 0.76186 -0.53941
v -0.01677 0.76358 -0.52729
v -0.01603 0.76528 -0.51516
v -0.01487 0.76657 -0.50295
v -0.02030 0.75069 -0.57456
v -0.02013 0.75301 -0.56256
v -0.01939 0.75496 -0.55048
v -0.01862 0.75688 -0.53840
v -0.01785 0.75881 -0.52632
v -0.01707 0.76072 -0.51424
v -0.01583 0.76234 -0.50210
v -0.02139 0.74442 -0.57329
v -0.02122 0.74679 -0.56130
v -0.02044 0.74896 -0.54927
v -0.01963 0.75113 -0.53724
v -0.01882 0.75329 -0.52520
v -0.01799 0.75545 -0.51317
v -0.01669 0.75745 -0.50110
v -0.02183 0.73743 -0.57187
v -0.02165 0.73986 -0.55989
v -0.02085 0.74229 -0.54791
v -0.02002 0.74472 -0.53594
v -0.01920 0.74714 -0.52396
v -0.01835 0.74957 -0.51198
v -0.01702 0.75200 -0.50000
v -0.02139 0.73044 -0.57045
v -0.02122 0.73293 -0.55849
v -0.02044 0.73561 -0.54656
v -0.01963 0.73830 -0.53464
v -0.01882 0.74100 -0.52271
v -0.01799 0.74370 -0.51079
v -0.01669 0.74655 -0.49890
v -0.02030 0.72417 -0.56918
v -0.02013 0.72670 -0.55723
v -0.01939 0.72962 -0.54535
v -0.01862 0.73255 -0.53347
v -0.01785 0.73548 -0.52159
v -0.01707 0.73842 -0.50972
v -0.01583 0.74166 -0.49790
v -0.01906 0.71875 -0.56808
v -0.01891 0.72133 -0.55614
v -0.01821 0.72444 -0.54430
v -0.01749 0.72757 -0.53246
v -0.01677 0.73071 -0.52063
v -0.01603 0.73386 -0.50879
v -0.01487 0.73743 -0.49705
v -0.01906 0.75611 -0.57566
v -0.01353 0.75732 -0.57590
v -0.00713 0.75840 -0.57612
v 0.00000 0.75882 -0.57621
v 0.00713 0.75840 -0.57612
v 0.01353 0.75732 -0.57590
v 0.01906 0.75611 -0.57566
v -0.01891 0.75839 -0.56365
v -0.01342 0.75959 -0.56389
v -0.00707 0.76066 -0.56411
v 0.00000 0.76108 -0.56419
v 0.00707 0.76066 -0.56411
v 0.01342 0.75959 -0.56389
v 0.01891 0.75839 -0.56365
v -0.01821 0.76014 -0.55153
v -0.01293 0.76129 -0.55177
v -0.00681 0.76232 -0.55197
v 0.00000 0.76272 -0.55206
v 0.00681 0.76232 -0.55197
v 0.01293 0.76129 -0.55177
v 0.01821 0.76014 -0.55153
v -0.01749 0.76186 -0.53941
v -0.01241 0.76297 -0.53964
v -0.00654 0.76395 -0.53984
v 0.00000 0.76434 -0.53991
v 0.00654 0.76395 -0.53984
v 0.01241 0.76297 -0.53964
v 0.01749 0.76186 -0.53941
v -0.01677 0.76358 -0.52729
v -0.01190 0.76464 -0.52750
v -0.00627 0.76559 -0.52770
v 0.00000 0.76596 -0.52777
v 0.00627 0.76559 -0.52770
v 0.01190 0.76464 -0.52750
v 0.01677 0.76358 -0.52729
v -0.01603 0.76528 -0.51516
v -0.01138 0.76630 -0.51537
v -0.00600 0.76720 -0.51555
v 0.00000 0.76756 -0.51562
v 0.00600 0.76720 -0.51555
v 0.01138 0.76630 -0.51537
v 0.01603 0.76528 -0.51516
v -0.01487 0.76657 -0.50295
v -0.01055 0.76752 -0.50315
v -0.00556 0.76835 -0.50331
v 0.00000 0.76868 -0.50338
v 0.00556 0.76835 -0.50331
v 0.01055 0.76752 -0.50315
v 0.01487 0.76657 -0.50295
v -0.01487 0.73743 -0.49705
v -0.01055 0.73648 -0.49685
v -0.00556 0.73565 -0.49669
v 0.00000 0.73532 -0.49662
v 0.00556 0.73565 -0.49669
v 0.01055 0.73648 -0.49685
v 0.01487 0.73743 -0.49705
v -0.01603 0.73386 -0.50879
v -0.01138 0.73284 -0.50859
v -0.00600 0.73194 -0.50840
v 0.00000 0.73158 -0.50833
v 0.00600 0.73194 -0.50840
v 0.01138 0.73284 -0.50859
v 0.01603 0.73386 -0.50879
v -0.01677 0.73071 -0.52063
v -0.01190 0.72964 -0.52041
v -0.00627 0.72870 -0.52022
v 0.00000 0.72833 -0.52014
v 0.00627 0.72870 -0.52022
v 0.01190 0.72964 -0.52041
v 0.01677 0.73071 -0.52063
v -0.01749 0.72757 -0.53246
v -0.01241 0.72646 -0.53224
v -0.00654 0.72548 -0.53204
v 0.00000 0.72509 -0.53196
v 0.00654 0.72548 -0.53204
v 0.01241 0.72646 -0.53224
v 0.01749 0.72757 -0.53246
v -0.01821 0.72444 -0.54430
v -0.01293 0.72328 -0.54406
v -0.00681 0.72226 -0.54385
v 0.00000 0.72185 -0.54377
v 0.00681 0.72226 -0.54385
v 0.01293 0.72328 -0.54406
v 0.01821 0.72444 -0.54430
v -0.01891 0.72133 -0.55614
v -0.01342 0.72013 -0.55589
v -0.00707 0.71906 -0.55568
v 0.00000 0.71864 -0.55559
v 0.00707 0.71906 -0.55568
v 0.01342 0.72013 -0.55589
v 0.01891 0.72133 -0.55614
v -0.01906 0.71875 -0.56808
v -0.01353 0.71754 -0.56784
v -0.00713 0.71647 -0.56762
v 0.00000 0.71604 -0.56754
v 0.00713 0.71647 -0.56762
v 0.01353 0.71754 -0.56784
v 0.01906 0.71875 -0.56808
v -0.01487 0.76657 -0.50295
v -0.01055 0.76752 -0.50315
v -0.00556 0.76835 -0.50331
v 0.00000 0.76868 -0.50338
v 0.00556 0.76835 -0.50331
v 0.01055 0.76752 -0.50315
v 0.01487 0.76657 -0.50295
v -0.01583 0.76234 -0.50210
v -0.00991 0.76172 -0.50197
v -0.00543 0.76265 -0.50216
v 0.00000 0.76312 -0.50225
v 0.00543 0.76265 -0.50216
v 0.00991 0.76172 -0.50197
v 0.01583 0.76234 -0.50210
v -0.01669 0.75745 -0.50110
v -0.01086 0.75732 -0.50108
v -0.00496 0.75686 -0.50098
v 0.00000 0.75756 -0.50113
v 0.00496 0.75686 -0.50098
v 0.01086 0.75732 -0.50108
v 0.01669 0.75745 -0.50110
v -0.01702 0.75200 -0.50000
v -0.01135 0.75200 -0.50000
v -0.00567 0.75200 -0.50000
v 0.00000 0.75200 -0.50000
v 0.00567 0.75200 -0.50000
v 0.01135 0.75200 -0.50000
v 0.01702 0.75200 -0.50000
v -0.01669 0.74655 -0.49890
v -0.01086 0.74668 -0.49892
v -0.00496 0.74714 -0.49902
v 0.00000 0.74644 -0.49887
v 0.00496 0.74714 -0.49902
v 0.01086 0.74668 -0.49892
v 0.01669 0.74655 -0.49890
v -0.01583 0.74166 -0.49790
v -0.00991 0.74228 -0.49803
v -0.00543 0.74135 -0.49784
v 0.00000 0.74088 -0.49775
v 0.00543 0.74135 -0.49784
v 0.00991 0.74228 -0.49803
v 0.01583 0.74166 -0.49790
v -0.01487 0.73743 -0.49705
v -0.01055 0.73648 -0.49685
v -0.00556 0.73565 -0.49669
v 0.00000 0.73532 -0.49662
v 0.00556 0.73565 -0.49669
v 0.01055 0.73648 -0.49685
v 0.01487 0.73743 -0.49705
v 0.01906 0.75611 -0.57566
v 0.01353 0.75732 -0.57590
v 0.00713 0.75840 -0.57612
v 0.00000 0.75882 -0.57621
v -0.00713 0.75840 -0.57612
v -0.01353 0.75732 -0.57590
v -0.01906 0.75611 -0.57566
v 0.02030 0.75069 -0.57456
v 0.01271 0.74989 -0.57440
v 0.00696 0.75108 -0.57464
v 0.00000 0.75169 -0.57476
v -0.00696 0.75108 -0.57464
v -0.01271 0.74989 -0.57440
v -0.02030 0.75069 -0.57456
v 0.02139 0.74442 -0.57329
v 0.01393 0.74426 -0.57326
v 0.00635 0.74366 -0.57313
v 0.00000 0.74456 -0.57332
v -0.00635 0.74366 -0.57313
v -0.01393 0.74426 -0.57326
v -0.02139 0.74442 -0.57329
v 0.02183 0.73743 -0.57187
v 0.01455 0.73743 -0.57187
v 0.00727 0.73743 -0.57187
v 0.00000 0.73743 -0.57187
v -0.00727 0.73743 -0.57187
v -0.01455 0.73743 -0.57187
v -0.02183 0.73743 -0.57187
v 0.02139 0.73044 -0.57045
v 0.01393 0.73061 -0.57049
v 0.00635 0.73120 -0.57061
v 0.00000 0.73030 -0.57043
v -0.00635 0.73120 -0.57061
v -0.01393 0.73061 -0.57049
v -0.02139 0.73044 -0.57045
v 0.02030 0.72417 -0.56918
v 0.01271 0.72497 -0.56935
v 0.00696 0.72378 -0.56910
v 0.00000 0.72317 -0.56898
v -0.00696 0.72378 -0.56910
v -0.01271 0.72497 -0.56935
v -0.02030 0.72417 -0.56918
v 0.01906 0.71875 -0.56808
v 0.01353 0.71754 -0.56784
v 0.00713 0.71647 -0.56762
v 0.00000 0.71604 -0.56754
v -0.00713 0.71647 -0.56762
v -0.01353 0.71754 -0.56784
v -0.01906 0.71875 -0.56808
v 0.01190 0.74848 -0.57628
v 0.01283 0.74481 -0.58798
v 0.01342 0.74082 -0.59955
v 0.01399 0.73683 -0.61111
v 0.01457 0.73283 -0.62268
v 0.01513 0.72881 -0.63423
v 0.01525 0.72439 -0.64563
v 0.01266 0.74527 -0.57500
v 0.01365 0.74135 -0.58660
v 0.01428 0.73721 -0.59810
v 0.01490 0.73305 -0.60961
v 0.01551 0.72890 -0.62111
v 0.01611 0.72474 -0.63261
v 0.01624 0.72028 -0.64399
v 0.01335 0.74156 -0.57352
v 0.01439 0.73735 -0.58500
v 0.01505 0.73302 -0.59643
v 0.01570 0.72869 -0.60786
v 0.01635 0.72436 -0.61929
v 0.01698 0.72002 -0.63072
v 0.01711 0.71553 -0.64209
v 0.01362 0.73743 -0.57187
v 0.01468 0.73290 -0.58322
v 0.01536 0.72836 -0.59457
v 0.01602 0.72383 -0.60592
v 0.01668 0.71930 -0.61727
v 0.01732 0.71476 -0.62862
v 0.01746 0.71023 -0.63997
v 0.01335 0.73330 -0.57022
v 0.01439 0.72844 -0.58144
v 0.01505 0.72370 -0.59271
v 0.01570 0.71897 -0.60398
v 0.01635 0.71424 -0.61525
v 0.01698 0.70951 -0.62652
v 0.01711 0.70493 -0.63786
v 0.01266 0.72959 -0.56874
v 0.01365 0.72444 -0.57985
v 0.01428 0.71952 -0.59104
v 0.01490 0.71461 -0.60224
v 0.01551 0.70969 -0.61344
v 0.01611 0.70479 -0.62464
v 0.01624 0.70018 -0.63596
v 0.01190 0.72638 -0.56746
v 0.01283 0.72099 -0.57846
v 0.01342 0.71590 -0.58960
v 0.01399 0.71084 -0.60073
v 0.01457 0.70577 -0.61187
v 0.01513 0.70071 -0.62301
v 0.01525 0.69607 -0.63432
v -0.01525 0.72439 -0.64563
v -0.01513 0.72881 -0.63423
v -0.01457 0.73283 -0.62268
v -0.01399 0.73683 -0.61111
v -0.01342 0.74082 -0.59955
v -0.01283 0.74481 -0.58798
v -0.01190 0.74848 -0.57628
v -0.01624 0.72028 -0.64399
v -0.01611 0.72474 -0.63261
v -0.01551 0.72890 -0.62111
v -0.01490 0.73305 -0.60961
v -0.01428 0.73721 -0.59810
v -0.01365 0.74135 -0.58660
v -0.01266 0.74527 -0.57500
v -0.01711 0.71553 -0.64209
v -0.01698 0.72002 -0.63072
v -0.01635 0.72436 -0.61929
v -0.01570 0.72869 -0.60786
v -0.01505 0.73302 -0.59643
v -0.01439 0.73735 -0.58500
v -0.01335 0.74156 -0.57352
v -0.01746 0.71023 -0.63997
v -0.01732 0.71476 -0.62862
v -0.01668 0.71930 -0.61727
v -0.01602 0.72383 -0.60592
v -0.01536 0.72836 -0.59457
v -0.01468 0.73290 -0.58322
v -0.01362 0.73743 -0.57187
v -0.01711 0.70493 -0.63786
v -0.01698 0.70951 -0.62652
v -0.01635 0.71424 -0.61525
v -0.01570 0.71897 -0.60398
v -0.01505 0.72370 -0.59271
v -0.01439 0.72844 -0.58144
v -0.01335 0.73330 -0.57022
v -0.01624 0.70018 -0.63596
v -0.01611 0.70479 -0.62464
v -0.01551 0.70969 -0.61344
v -0.01490 0.71461 -0.60224
v -0.01428 0.71952 -0.59104
v -0.01365 0.72444 -0.57985
v -0.01266 0.72959 -0.56874
v -0.01525 0.69607 -0.63432
v -0.01513 0.70071 -0.62301
v -0.01457 0.70577 -0.61187
v -0.01399 0.71084 -0.60073
v -0.01342 0.71590 -0.58960
v -0.01283 0.72099 -0.57846
v -0.01190 0.72638 -0.56746
v -0.01525 0.72439 -0.64563
v -0.01082 0.72531 -0.64600
v -0.00570 0.72612 -0.64632
v 0.00000 0.72644 -0.64645
v 0.00570 0.72612 -0.64632
v 0.01082 0.72531 -0.64600
v 0.01525 0.72439 -0.64563
v -0.01513 0.72881 -0.63423
v -0.01074 0.72972 -0.63460
v -0.00566 0.73053 -0.63492
v 0.00000 0.73085 -0.63505
v 0.00566 0.73053 -0.63492
v 0.01074 0.72972 -0.63460
v 0.01513 0.72881 -0.63423
v -0.01457 0.73283 -0.62268
v -0.01034 0.73370 -0.62303
v -0.00545 0.73448 -0.62334
v 0.00000 0.73479 -0.62346
v 0.00545 0.73448 -0.62334
v 0.01034 0.73370 -0.62303
v 0.01457 0.73283 -0.62268
v -0.01399 0.73683 -0.61111
v -0.00993 0.73767 -0.61145
v -0.00523 0.73841 -0.61175
v 0.00000 0.73871 -0.61186
v 0.00523 0.73841 -0.61175
v 0.00993 0.73767 -0.61145
v 0.01399 0.73683 -0.61111
v -0.01342 0.74082 -0.59955
v -0.00952 0.74163 -0.59987
v -0.00502 0.74234 -0.60016
v 0.00000 0.74263 -0.60027
v 0.00502 0.74234 -0.60016
v 0.00952 0.74163 -0.59987
v 0.01342 0.74082 -0.59955
v -0.01283 0.74481 -0.58798
v -0.00910 0.74558 -0.58829
v -0.00480 0.74626 -0.58856
v 0.00000 0.74653 -0.58867
v 0.00480 0.74626 -0.58856
v 0.00910 0.74558 -0.58829
v 0.01283 0.74481 -0.58798
v -0.01190 0.74848 -0.57628
v -0.00844 0.74919 -0.57657
v -0.00445 0.74983 -0.57682
v 0.00000 0.75008 -0.57692
v 0.00445 0.74983 -0.57682
v 0.00844 0.74919 -0.57657
v 0.01190 0.74848 -0.57628
v -0.01190 0.72638 -0.56746
v -0.00844 0.72567 -0.56717
v -0.00445 0.72504 -0.56692
v 0.00000 0.72478 -0.56682
v 0.00445 0.72504 -0.56692
v 0.00844 0.72567 -0.56717
v 0.01190 0.72638 -0.56746
v -0.01283 0.72099 -0.57846
v -0.00910 0.72022 -0.57816
v -0.00480 0.71953 -0.57788
v 0.00000 0.71926 -0.57778
v 0.00480 0.71953 -0.57788
v 0.00910 0.72022 -0.57816
v 0.01283 0.72099 -0.57846
v -0.01342 0.71590 -0.58960
v -0.00952 0.71510 -0.58927
v -0.00502 0.71438 -0.58899
v 0.00000 0.71410 -0.58887
v 0.00502 0.71438 -0.58899
v 0.00952 0.71510 -0.58927
v 0.01342 0.71590 -0.58960
v -0.01399 0.71084 -0.60073
v -0.00993 0.71000 -0.60040
v -0.00523 0.70925 -0.60010
v 0.00000 0.70895 -0.59998
v 0.00523 0.70925 -0.60010
v 0.00993 0.71000 -0.60040
v 0.01399 0.71084 -0.60073
v -0.01457 0.70577 -0.61187
v -0.01034 0.70489 -0.61152
v -0.00545 0.70411 -0.61121
v 0.00000 0.70381 -0.61109
v 0.00545 0.70411 -0.61121
v 0.01034 0.70489 -0.61152
v 0.01457 0.70577 -0.61187
v -0.01513 0.70071 -0.62301
v -0.01074 0.69981 -0.62265
v -0.00566 0.69900 -0.62233
v 0.00000 0.69868 -0.62220
v 0.00566 0.69900 -0.62233
v 0.01074 0.69981 -0.62265
v 0.01513 0.70071 -0.62301
v -0.01525 0.69607 -0.63432
v -0.01082 0.69515 -0.63395
v -0.00570 0.69434 -0.63363
v 0.00000 0.69402 -0.63350
v 0.00570 0.69434 -0.63363
v 0.01082 0.69515 -0.63395
v 0.01525 0.69607 -0.63432
v -0.01190 0.74848 -0.57628
v -0.00844 0.74919 -0.57657
v -0.00445 0.74983 -0.57682
v 0.00000 0.75008 -0.57692
v 0.00445 0.74983 -0.57682
v 0.00844 0.74919 -0.57657
v 0.01190 0.74848 -0.57628
v -0.01266 0.74527 -0.57500
v -0.00793 0.74480 -0.57481
v -0.00435 0.74550 -0.57510
v 0.00000 0.74586 -0.57524
v 0.00435 0.74550 -0.57510
v 0.00793 0.74480 -0.57481
v 0.01266 0.74527 -0.57500
v -0.01335 0.74156 -0.57352
v -0.00869 0.74147 -0.57348
v -0.00397 0.74111 -0.57334
v 0.00000 0.74165 -0.57356
v 0.00397 0.74111 -0.57334
v 0.00869 0.74147 -0.57348
v 0.01335 0.74156 -0.57352
v -0.01362 0.73743 -0.57187
v -0.00908 0.73743 -0.57187
v -0.00454 0.73743 -0.57187
v 0.00000 0.73743 -0.57187
v 0.00454 0.73743 -0.57187
v 0.00908 0.73743 -0.57187
v 0.01362 0.73743 -0.57187
v -0.01335 0.73330 -0.57022
v -0.00869 0.73340 -0.57026
v -0.00397 0.73375 -0.57040
v 0.00000 0.73322 -0.57019
v 0.00397 0.73375 -0.57040
v 0.00869 0.73340 -0.57026
v 0.01335 0.73330 -0.57022
v -0.01266 0.72959 -0.56874
v -0.00793 0.73007 -0.56893
v -0.00435 0.72936 -0.56865
v 0.00000 0.72900 -0.56850
v 0.00435 0.72936 -0.56865
v 0.00793 0.73007 -0.56893
v 0.01266 0.72959 -0.56874
v -0.01190 0.72638 -0.56746
v -0.00844 0.72567 -0.56717
v -0.00445 0.72504 -0.56692
v 0.00000 0.72478 -0.56682
v 0.00445 0.72504 -0.56692
v 0.00844 0.72567 -0.56717
v 0.01190 0.72638 -0.56746
v 0.01525 0.72439 -0.64563
v 0.01082 0.72531 -0.64600
v 0.00570 0.72612 -0.64632
v 0.00000 0.72644 -0.64645
v -0.00570 0.72612 -0.64632
v -0.01082 0.72531 -0.64600
v -0.01525 0.72439 -0.64563
v 0.01624 0.72028 -0.64399
v 0.01017 0.71967 -0.64374
v 0.00557 0.72058 -0.64411
v 0.00000 0.72104 -0.64429
v -0.00557 0.72058 -0.64411
v -0.01017 0.71967 -0.64374
v -0.01624 0.72028 -0.64399
v 0.01711 0.71553 -0.64209
v 0.01114 0.71540 -0.64204
v 0.00508 0.71495 -0.64186
v 0.00000 0.71563 -0.64213
v -0.00508 0.71495 -0.64186
v -0.01114 0.71540 -0.64204
v -0.01711 0.71553 -0.64209
v 0.01746 0.71023 -0.63997
v 0.01164 0.71023 -0.63997
v 0.00582 0.71023 -0.63997
v 0.00000 0.71023 -0.63997
v -0.00582 0.71023 -0.63997
v -0.01164 0.71023 -0.63997
v -0.01746 0.71023 -0.63997
v 0.01711 0.70493 -0.63786
v 0.01114 0.70506 -0.63791
v 0.00508 0.70551 -0.63809
v 0.00000 0.70483 -0.63781
v -0.00508 0.70551 -0.63809
v -0.01114 0.70506 -0.63791
v -0.01711 0.70493 -0.63786
v 0.01624 0.70018 -0.63596
v 0.01017 0.70079 -0.63620
v 0.00557 0.69988 -0.63584
v 0.00000 0.69942 -0.63566
v -0.00557 0.69988 -0.63584
v -0.01017 0.70079 -0.63620
v -0.01624 0.70018 -0.63596
v 0.01525 0.69607 -0.63432
v 0.01082 0.69515 -0.63395
v 0.00570 0.69434 -0.63363
v 0.00000 0.69402 -0.63350
v -0.00570 0.69434 -0.63363
v -0.01082 0.69515 -0.63395
v -0.01525 0.69607 -0.63432
v 0.00952 0.71829 -0.64503
v 0.01026 0.71243 -0.65578
v 0.01073 0.70634 -0.66639
v 0.01119 0.70024 -0.67699
v 0.01166 0.69414 -0.68759
v 0.01210 0.68802 -0.69818
v 0.01220 0.68161 -0.70859
v 0.01013 0.71595 -0.64356
v 0.01092 0.70991 -0.65420
v 0.01143 0.70370 -0.66473
v 0.01192 0.69749 -0.67526
v 0.01241 0.69127 -0.68579
v 0.01288 0.68505 -0.69631
v 0.01299 0.67861 -0.70671
v 0.01068 0.71325 -0.64186
v 0.01151 0.70699 -0.65237
v 0.01204 0.70065 -0.66282
v 0.01256 0.69430 -0.67326
v 0.01308 0.68795 -0.68371
v 0.01358 0.68160 -0.69415
v 0.01369 0.67514 -0.70453
v 0.01090 0.71023 -0.63997
v 0.01175 0.70374 -0.65033
v 0.01229 0.69725 -0.66068
v 0.01282 0.69075 -0.67104
v 0.01334 0.68426 -0.68139
v 0.01386 0.67777 -0.69175
v 0.01397 0.67128 -0.70211
v 0.01068 0.70721 -0.63808
v 0.01151 0.70049 -0.64829
v 0.01204 0.69384 -0.65855
v 0.01256 0.68721 -0.66882
v 0.01308 0.68057 -0.67908
v 0.01358 0.67393 -0.68935
v 0.01369 0.66741 -0.69968
v 0.01013 0.70451 -0.63639
v 0.01092 0.69757 -0.64646
v 0.01143 0.69079 -0.65664
v 0.01192 0.68402 -0.66682
v 0.01241 0.67725 -0.67700
v 0.01288 0.67049 -0.68719
v 0.01299 0.66394 -0.69751
v 0.00952 0.70217 -0.63492
v 0.01026 0.69504 -0.64488
v 0.01073 0.68815 -0.65498
v 0.01119 0.68127 -0.66509
v 0.01166 0.67439 -0.67520
v 0.01210 0.66751 -0.68532
v 0.01220 0.66094 -0.69562
v -0.01220 0.68161 -0.70859
v -0.01210 0.68802 -0.69818
v -0.01166 0.69414 -0.68759
v -0.01119 0.70024 -0.67699
v -0.01073 0.70634 -0.66639
v -0.01026 0.71243 -0.65578
v -0.00952 0.71829 -0.64503
v -0.01299 0.67861 -0.70671
v -0.01288 0.68505 -0.69631
v -0.01241 0.69127 -0.68579
v -0.01192 0.69749 -0.67526
v -0.01143 0.70370 -0.66473
v -0.01092 0.70991 -0.65420
v -0.01013 0.71595 -0.64356
v -0.01369 0.67514 -0.70453
v -0.01358 0.68160 -0.69415
v -0.01308 0.68795 -0.68371
v -0.01256 0.69430 -0.67326
v -0.01204 0.70065 -0.66282
v -0.01151 0.70699 -0.65237
v -0.01068 0.71325 -0.64186
v -0.01397 0.67128 -0.70211
v -0.01386 0.67777 -0.69175
v -0.01334 0.68426 -0.68139
v -0.01282 0.69075 -0.67104
v -0.01229 0.69725 -0.66068
v -0.01175 0.70374 -0.65033
v -0.01090 0.71023 -0.63997
v -0.01369 0.66741 -0.69968
v -0.01358 0.67393 -0.68935
v -0.01308 0.68057 -0.67908
v -0.01256 0.68721 -0.66882
v -0.01204 0.69384 -0.65855
v -0.01151 0.70049 -0.64829
v -0.01068 0.70721 -0.63808
v -0.01299 0.66394 -0.69751
v -0.01288 0.67049 -0.68719
v -0.01241 0.67725 -0.67700
v -0.01192 0.68402 -0.66682
v -0.01143 0.69079 -0.65664
v -0.01092 0.69757 -0.64646
v -0.01013 0.70451 -0.63639
v -0.01220 0.66094 -0.69562
v -0.01210 0.66751 -0.68532
v -0.01166 0.67439 -0.67520
v -0.01119 0.68127 -0.66509
v -0.01073 0.68815 -0.65498
v -0.01026 0.69504 -0.64488
v -0.00952 0.70217 -0.63492
v -0.01220 0.68161 -0.70859
v -0.00866 0.68228 -0.70901
v -0.00456 0.68288 -0.70938
v 0.00000 0.68311 -0.70953
v 0.00456 0.68288 -0.70938
v 0.00866 0.68228 -0.70901
v 0.01220 0.68161 -0.70859
v -0.01210 0.68802 -0.69818
v -0.00859 0.68869 -0.69859
v -0.00453 0.68927 -0.69896
v 0.00000 0.68951 -0.69911
v 0.00453 0.68927 -0.69896
v 0.00859 0.68869 -0.69859
v 0.01210 0.68802 -0.69818
v -0.01166 0.69414 -0.68759
v -0.00827 0.69477 -0.68799
v -0.00436 0.69534 -0.68834
v 0.00000 0.69557 -0.68848
v 0.00436 0.69534 -0.68834
v 0.00827 0.69477 -0.68799
v 0.01166 0.69414 -0.68759
v -0.01119 0.70024 -0.67699
v -0.00795 0.70085 -0.67737
v -0.00419 0.70140 -0.67771
v 0.00000 0.70161 -0.67785
v 0.00419 0.70140 -0.67771
v 0.00795 0.70085 -0.67737
v 0.01119 0.70024 -0.67699
v -0.01073 0.70634 -0.66639
v -0.00762 0.70693 -0.66675
v -0.00401 0.70745 -0.66708
v 0.00000 0.70766 -0.66721
v 0.00401 0.70745 -0.66708
v 0.00762 0.70693 -0.66675
v 0.01073 0.70634 -0.66639
v -0.01026 0.71243 -0.65578
v -0.00728 0.71299 -0.65613
v -0.00384 0.71349 -0.65644
v 0.00000 0.71369 -0.65657
v 0.00384 0.71349 -0.65644
v 0.00728 0.71299 -0.65613
v 0.01026 0.71243 -0.65578
v -0.00952 0.71829 -0.64503
v -0.00675 0.71881 -0.64536
v -0.00356 0.71928 -0.64565
v 0.00000 0.71946 -0.64576
v 0.00356 0.71928 -0.64565
v 0.00675 0.71881 -0.64536
v 0.00952 0.71829 -0.64503
v -0.00952 0.70217 -0.63492
v -0.00675 0.70165 -0.63459
v -0.00356 0.70118 -0.63430
v 0.00000 0.70100 -0.63419
v 0.00356 0.70118 -0.63430
v 0.00675 0.70165 -0.63459
v 0.00952 0.70217 -0.63492
v -0.01026 0.69504 -0.64488
v -0.00728 0.69448 -0.64453
v -0.00384 0.69398 -0.64421
v 0.00000 0.69379 -0.64409
v 0.00384 0.69398 -0.64421
v 0.00728 0.69448 -0.64453
v 0.01026 0.69504 -0.64488
v -0.01073 0.68815 -0.65498
v -0.00762 0.68756 -0.65461
v -0.00401 0.68704 -0.65429
v 0.00000 0.68683 -0.65416
v 0.00401 0.68704 -0.65429
v 0.00762 0.68756 -0.65461
v 0.01073 0.68815 -0.65498
v -0.01119 0.68127 -0.66509
v -0.00795 0.68066 -0.66471
v -0.00419 0.68011 -0.66437
v 0.00000 0.67989 -0.66423
v 0.00419 0.68011 -0.66437
v 0.00795 0.68066 -0.66471
v 0.01119 0.68127 -0.66509
v -0.01166 0.67439 -0.67520
v -0.00827 0.67375 -0.67480
v -0.00436 0.67318 -0.67445
v 0.00000 0.67296 -0.67431
v 0.00436 0.67318 -0.67445
v 0.00827 0.67375 -0.67480
v 0.01166 0.67439 -0.67520
v -0.01210 0.66751 -0.68532
v -0.00859 0.66685 -0.68491
v -0.00453 0.66626 -0.68454
v 0.00000 0.66603 -0.68439
v 0.00453 0.66626 -0.68454
v 0.00859 0.66685 -0.68491
v 0.01210 0.66751 -0.68532
v -0.01220 0.66094 -0.69562
v -0.00866 0.66027 -0.69521
v -0.00456 0.65968 -0.69483
v 0.00000 0.65944 -0.69469
v 0.00456 0.65968 -0.69483
v 0.00866 0.66027 -0.69521
v 0.01220 0.66094 -0.69562
v -0.00952 0.71829 -0.64503
v -0.00675 0.71881 -0.64536
v -0.00356 0.71928 -0.64565
v 0.00000 0.71946 -0.64576
v 0.00356 0.71928 -0.64565
v 0.00675 0.71881 -0.64536
v 0.00952 0.71829 -0.64503
v -0.01013 0.71595 -0.64356
v -0.00634 0.71561 -0.64334
v -0.00348 0.71612 -0.64367
v 0.00000 0.71638 -0.64383
v 0.00348 0.71612 -0.64367
v 0.00634 0.71561 -0.64334
v 0.01013 0.71595 -0.64356
v -0.01068 0.71325 -0.64186
v -0.00695 0.71318 -0.64182
v -0.00317 0.71292 -0.64166
v 0.00000 0.71331 -0.64190
v 0.00317 0.71292 -0.64166
v 0.00695 0.71318 -0.64182
v 0.01068 0.71325 -0.64186
v -0.01090 0.71023 -0.63997
v -0.00726 0.71023 -0.63997
v -0.00363 0.71023 -0.63997
v 0.00000 0.71023 -0.63997
v 0.00363 0.71023 -0.63997
v 0.00726 0.71023 -0.63997
v 0.01090 0.71023 -0.63997
v -0.01068 0.70721 -0.63808
v -0.00695 0.70728 -0.63813
v -0.00317 0.70754 -0.63829
v 0.00000 0.70715 -0.63804
v 0.00317 0.70754 -0.63829
v 0.00695 0.70728 -0.63813
v 0.01068 0.70721 -0.63808
v -0.01013 0.70451 -0.63639
v -0.00634 0.70485 -0.63660
v -0.00348 0.70434 -0.63628
v 0.00000 0.70408 -0.63612
v 0.00348 0.70434 -0.63628
v 0.00634 0.70485 -0.63660
v 0.01013 0.70451 -0.63639
v -0.00952 0.70217 -0.63492
v -0.00675 0.70165 -0.63459
v -0.00356 0.70118 -0.63430
v 0.00000 0.70100 -0.63419
v 0.00356 0.70118 -0.63430
v 0.00675 0.70165 -0.63459
v 0.00952 0.70217 -0.63492
v 0.01220 0.68161 -0.70859
v 0.00866 0.68228 -0.70901
v 0.00456 0.68288 -0.70938
v 0.00000 0.68311 -0.70953
v -0.00456 0.68288 -0.70938
v -0.00866 0.68228 -0.70901
v -0.01220 0.68161 -0.70859
v 0.01299 0.67861 -0.70671
v 0.00813 0.67817 -0.70643
v 0.00446 0.67883 -0.70684
v 0.00000 0.67917 -0.70705
v -0.00446 0.67883 -0.70684
v -0.00813 0.67817 -0.70643
v -0.01299 0.67861 -0.70671
v 0.01369 0.67514 -0.70453
v 0.00891 0.67505 -0.70447
v 0.00407 0.67472 -0.70427
v 0.00000 0.67522 -0.70458
v -0.00407 0.67472 -0.70427
v -0.00891 0.67505 -0.70447
v -0.01369 0.67514 -0.70453
v 0.01397 0.67128 -0.70211
v 0.00931 0.67128 -0.70211
v 0.00466 0.67128 -0.70211
v 0.00000 0.67128 -0.70211
v -0.00466 0.67128 -0.70211
v -0.00931 0.67128 -0.70211
v -0.01397 0.67128 -0.70211
v 0.01369 0.66741 -0.69968
v 0.00891 0.66750 -0.69974
v 0.00407 0.66783 -0.69995
v 0.00000 0.66733 -0.69963
v -0.00407 0.66783 -0.69995
v -0.00891 0.66750 -0.69974
v -0.01369 0.66741 -0.69968
v 0.01299 0.66394 -0.69751
v 0.00813 0.66438 -0.69779
v 0.00446 0.66372 -0.69737
v 0.00000 0.66339 -0.69716
v -0.00446 0.66372 -0.69737
v -0.00813 0.66438 -0.69779
v -0.01299 0.66394 -0.69751
v 0.01220 0.66094 -0.69562
v 0.00866 0.66027 -0.69521
v 0.00456 0.65968 -0.69483
v 0.00000 0.65944 -0.69469
v -0.00456 0.65968 -0.69483
v -0.00866 0.66027 -0.69521
v -0.01220 0.66094 -0.69562
v 0.00424 1.08110 0.45254
v 0.00727 1.09192 0.43772
v 0.01019 1.10225 0.42281
v 0.01310 1.11255 0.40790
v 0.01601 1.12285 0.39298
v 0.01890 1.13309 0.37805
v 0.02118 1.14166 0.36278
v 0.00451 1.07604 0.45151
v 0.00774 1.08468 0.43626
v 0.01085 1.09297 0.42093
v 0.01395 1.10125 0.40560
v 0.01705 1.10952 0.39028
v 0.02012 1.11775 0.37494
v 0.02255 1.12479 0.35936
v 0.00475 1.07019 0.45033
v 0.00816 1.07631 0.43456
v 0.01143 1.08224 0.41876
v 0.01470 1.08817 0.40295
v 0.01797 1.09409 0.38715
v 0.02121 1.10000 0.37134
v 0.02377 1.10527 0.35540
v 0.00485 1.06367 0.44900
v 0.00832 1.06698 0.43267
v 0.01167 1.07029 0.41633
v 0.01500 1.07360 0.40000
v 0.01833 1.07691 0.38367
v 0.02164 1.08022 0.36733
v 0.02425 1.08353 0.35100
v 0.00475 1.05714 0.44768
v 0.00816 1.05765 0.43078
v 0.01143 1.05834 0.41391
v 0.01470 1.05903 0.39705
v 0.01797 1.05973 0.38018
v 0.02121 1.06045 0.36332
v 0.02377 1.06179 0.34659
v 0.00451 1.05129 0.44649
v 0.00774 1.04928 0.42908
v 0.01085 1.04761 0.41174
v 0.01395 1.04595 0.39440
v 0.01705 1.04430 0.37706
v 0.02012 1.04270 0.35972
v 0.02255 1.04228 0.34263
v 0.00424 1.04623 0.44547
v 0.00727 1.04204 0.42761
v 0.01019 1.03833 0.40986
v 0.01310 1.03465 0.39210
v 0.01601 1.03097 0.37435
v 0.01890 1.02735 0.35661
v 0.02118 1.02541 0.33921
v -0.02118 1.14166 0.36278
v -0.01890 1.13309 0.37805
v -0.01601 1.12285 0.39298
v -0.01310 1.11255 0.40790
v -0.01019 1.10225 0.42281
v -0.00727 1.09192 0.43772
v -0.00424 1.08110 0.45254
v -0.02255 1.12479 0.35936
v -0.02012 1.11775 0.37494
v -0.01705 1.10952 0.39028
v -0.01395 1.10125 0.40560
v -0.01085 1.09297 0.42093
v -0.00774 1.08468 0.43626
v -0.00451 1.07604 0.45151
v -0.02377 1.10527 0.35540
v -0.02121 1.10000 0.37134
v -0.01797 1.09409 0.38715
v -0.01470 1.08817 0.40295
v -0.01143 1.08224 0.41876
v -0.00816 1.07631 0.43456
v -0.00475 1.07019 0.45033
v -0.02425 1.08353 0.35100
v -0.02164 1.08022 0.36733
v -0.01833 1.07691 0.38367
v -0.01500 1.07360 0.40000
v -0.01167 1.07029 0.41633
v -0.00832 1.06698 0.43267
v -0.00485 1.06367 0.44900
v -0.02377 1.06179 0.34659
v -0.02121 1.06045 0.36332
v -0.01797 1.05973 0.38018
v -0.01470 1.05903 0.39705
v -0.01143 1.05834 0.41391
v -0.00816 1.05765 0.43078
v -0.00475 1.05714 0.44768
v -0.02255 1.04228 0.34263
v -0.02012 1.04270 0.35972
v -0.01705 1.04430 0.37706
v -0.01395 1.04595 0.39440
v -0.01085 1.04761 0.41174
v -0.00774 1.04928 0.42908
v -0.00451 1.05129 0.44649
v -0.02118 1.02541 0.33921
v -0.01890 1.02735 0.35661
v -0.01601 1.03097 0.37435
v -0.01310 1.03465 0.39210
v -0.01019 1.03833 0.40986
v -0.00727 1.04204 0.42761
v -0.00424 1.04623 0.44547
v -0.02118 1.14166 0.36278
v -0.01503 1.14542 0.36354
v -0.00792 1.14876 0.36422
v 0.00000 1.15008 0.36449
v 0.00792 1.14876 0.36422
v 0.01503 1.14542 0.36354
v 0.02118 1.14166 0.36278
v -0.01890 1.13309 0.37805
v -0.01342 1.13651 0.37874
v -0.00707 1.13955 0.37936
v 0.00000 1.14075 0.37960
v 0.00707 1.13955 0.37936
v 0.01342 1.13651 0.37874
v 0.01890 1.13309 0.37805
v -0.01601 1.12285 0.39298
v -0.01137 1.12582 0.39358
v -0.00599 1.12846 0.39412
v 0.00000 1.12951 0.39433
v 0.00599 1.12846 0.39412
v 0.01137 1.12582 0.39358
v 0.01601 1.12285 0.39298
v -0.01310 1.11255 0.40790
v -0.00930 1.11507 0.40841
v -0.00490 1.11731 0.40886
v 0.00000 1.11819 0.40904
v 0.00490 1.11731 0.40886
v 0.00930 1.11507 0.40841
v 0.01310 1.11255 0.40790
v -0.01019 1.10225 0.42281
v -0.00723 1.10431 0.42323
v -0.00381 1.10615 0.42360
v 0.00000 1.10688 0.42375
v 0.00381 1.10615 0.42360
v 0.00723 1.10431 0.42323
v 0.01019 1.10225 0.42281
v -0.00727 1.09192 0.43772
v -0.00516 1.09353 0.43805
v -0.00272 1.09496 0.43834
v 0.00000 1.09553 0.43846
v 0.00272 1.09496 0.43834
v 0.00516 1.09353 0.43805
v 0.00727 1.09192 0.43772
v -0.00424 1.08110 0.45254
v -0.00301 1.08223 0.45277
v -0.00158 1.08323 0.45297
v 0.00000 1.08363 0.45305
v 0.00158 1.08323 0.45297
v 0.00301 1.08223 0.45277
v 0.00424 1.08110 0.45254
v -0.00424 1.04623 0.44547
v -0.00301 1.04510 0.44524
v -0.00158 1.04410 0.44504
v 0.00000 1.04370 0.44496
v 0.00158 1.04410 0.44504
v 0.00301 1.04510 0.44524
v 0.00424 1.04623 0.44547
v -0.00727 1.04204 0.42761
v -0.00516 1.04043 0.42729
v -0.00272 1.03899 0.42700
v 0.00000 1.03843 0.42688
v 0.00272 1.03899 0.42700
v 0.00516 1.04043 0.42729
v 0.00727 1.04204 0.42761
v -0.01019 1.03833 0.40986
v -0.00723 1.03626 0.40944
v -0.00381 1.03443 0.40906
v 0.00000 1.03370 0.40892
v 0.00381 1.03443 0.40906
v 0.00723 1.03626 0.40944
v 0.01019 1.03833 0.40986
v -0.01310 1.03465 0.39210
v -0.00930 1.03213 0.39159
v -0.00490 1.02989 0.39114
v 0.00000 1.02901 0.39096
v 0.00490 1.02989 0.39114
v 0.00930 1.03213 0.39159
v 0.01310 1.03465 0.39210
v -0.01601 1.03097 0.37435
v -0.01137 1.02800 0.37375
v -0.00599 1.02536 0.37322
v 0.00000 1.02431 0.37300
v 0.00599 1.02536 0.37322
v 0.01137 1.02800 0.37375
v 0.01601 1.03097 0.37435
v -0.01890 1.02735 0.35661
v -0.01342 1.02393 0.35592
v -0.00707 1.02090 0.35531
v 0.00000 1.01969 0.35506
v 0.00707 1.02090 0.35531
v 0.01342 1.02393 0.35592
v 0.01890 1.02735 0.35661
v -0.02118 1.02541 0.33921
v -0.01503 1.02165 0.33845
v -0.00792 1.01831 0.33778
v 0.00000 1.01699 0.33751
v 0.00792 1.01831 0.33778
v 0.01503 1.02165 0.33845
v 0.02118 1.02541 0.33921
v -0.00424 1.08110 0.45254
v -0.00301 1.08223 0.45277
v -0.00158 1.08323 0.45297
v 0.00000 1.08363 0.45305
v 0.00158 1.08323 0.45297
v 0.00301 1.08223 0.45277
v 0.00424 1.08110 0.45254
v -0.00451 1.07604 0.45151
v -0.00282 1.07529 0.45136
v -0.00155 1.07641 0.45159
v 0.00000 1.07698 0.45170
v 0.00155 1.07641 0.45159
v 0.00282 1.07529 0.45136
v 0.00451 1.07604 0.45151
v -0.00475 1.07019 0.45033
v -0.00310 1.07004 0.45029
v -0.00141 1.06948 0.45018
v 0.00000 1.07032 0.45035
v 0.00141 1.06948 0.45018
v 0.00310 1.07004 0.45029
v 0.00475 1.07019 0.45033
v -0.00485 1.06367 0.44900
v -0.00323 1.06367 0.44900
v -0.00162 1.06367 0.44900
v 0.00000 1.06367 0.44900
v 0.00162 1.06367 0.44900
v 0.00323 1.06367 0.44900
v 0.00485 1.06367 0.44900
v -0.00475 1.05714 0.44768
v -0.00310 1.05730 0.44771
v -0.00141 1.05785 0.44783
v 0.00000 1.05701 0.44765
v 0.00141 1.05785 0.44783
v 0.00310 1.05730 0.44771
v 0.00475 1.05714 0.44768
v -0.00451 1.05129 0.44649
v -0.00282 1.05204 0.44665
v -0.00155 1.05093 0.44642
v 0.00000 1.05036 0.44631
v 0.00155 1.05093 0.44642
v 0.00282 1.05204 0.44665
v 0.00451 1.05129 0.44649
v -0.00424 1.04623 0.44547
v -0.00301 1.04510 0.44524
v -0.00158 1.04410 0.44504
v 0.00000 1.04370 0.44496
v 0.00158 1.04410 0.44504
v 0.00301 1.04510 0.44524
v 0.00424 1.04623 0.44547
v 0.02118 1.14166 0.36278
v 0.01503 1.14542 0.36354
v 0.00792 1.14876 0.36422
v 0.00000 1.15008 0.36449
v -0.00792 1.14876 0.36422
v -0.01503 1.14542 0.36354
v -0.02118 1.14166 0.36278
v 0.02255 1.12479 0.35936
v 0.01412 1.12229 0.35885
v 0.00774 1.12600 0.35961
v 0.00000 1.12790 0.35999
v -0.00774 1.12600 0.35961
v -0.01412 1.12229 0.35885
v -0.02255 1.12479 0.35936
v 0.02377 1.10527 0.35540
v 0.01548 1.10477 0.35530
v 0.00706 1.10291 0.35492
v 0.00000 1.10572 0.35549
v -0.00706 1.10291 0.35492
v -0.01548 1.10477 0.35530
v -0.02377 1.10527 0.35540
v 0.02425 1.08353 0.35100
v 0.01617 1.08353 0.35100
v 0.00808 1.08353 0.35100
v 0.00000 1.08353 0.35100
v -0.00808 1.08353 0.35100
v -0.01617 1.08353 0.35100
v -0.02425 1.08353 0.35100
v 0.02377 1.06179 0.34659
v 0.01548 1.06230 0.34669
v 0.00706 1.06416 0.34707
v 0.00000 1.06135 0.34650
v -0.00706 1.06416 0.34707
v -0.01548 1.06230 0.34669
v -0.02377 1.06179 0.34659
v 0.02255 1.04228 0.34263
v 0.01412 1.04478 0.34314
v 0.00774 1.04107 0.34239
v 0.00000 1.03917 0.34200
v -0.00774 1.04107 0.34239
v -0.01412 1.04478 0.34314
v -0.02255 1.04228 0.34263
v 0.02118 1.02541 0.33921
v 0.01503 1.02165 0.33845
v 0.00792 1.01831 0.33778
v 0.00000 1.01699 0.33751
v -0.00792 1.01831 0.33778
v -0.01503 1.02165 0.33845
v -0.02118 1.02541 0.33921
v 0.00424 1.05561 0.29224
v 0.00727 1.06578 0.27729
v 0.01019 1.07551 0.26226
v 0.01310 1.08521 0.24722
v 0.01601 1.09492 0.23218
v 0.01890 1.10456 0.21713
v 0.02118 1.11268 0.20177
v 0.00451 1.05098 0.29130
v 0.00774 1.05916 0.27595
v 0.01085 1.06703 0.26054
v 0.01395 1.07488 0.24512
v 0.01705 1.08272 0.22971
v 0.02012 1.09053 0.21429
v 0.02255 1.09725 0.19864
v 0.00475 1.04563 0.29021
v 0.00816 1.05151 0.27440
v 0.01143 1.05722 0.25855
v 0.01470 1.06292 0.24270
v 0.01797 1.06862 0.22685
v 0.02121 1.07430 0.21100
v 0.02377 1.07941 0.19503
v 0.00485 1.03967 0.28900
v 0.00832 1.04298 0.27267
v 0.01167 1.04629 0.25633
v 0.01500 1.04960 0.24000
v 0.01833 1.05291 0.22367
v 0.02164 1.05622 0.20733
v 0.02425 1.05953 0.19100
v 0.00475 1.03370 0.28779
v 0.00816 1.03445 0.27094
v 0.01143 1.03536 0.25412
v 0.01470 1.03628 0.23730
v 0.01797 1.03720 0.22048
v 0.02121 1.03814 0.20367
v 0.02377 1.03966 0.18697
v 0.00451 1.02835 0.28671
v 0.00774 1.02679 0.26939
v 0.01085 1.02555 0.25213
v 0.01395 1.02432 0.23488
v 0.01705 1.02310 0.21762
v 0.02012 1.02191 0.20038
v 0.02255 1.02181 0.18335
v 0.00424 1.02372 0.28577
v 0.00727 1.02018 0.26805
v 0.01019 1.01707 0.25041
v 0.01310 1.01399 0.23278
v 0.01601 1.01091 0.21515
v 0.01890 1.00788 0.19753
v 0.02118 1.00639 0.18022
v -0.02118 1.11268 0.20177
v -0.01890 1.10456 0.21713
v -0.01601 1.09492 0.23218
v -0.01310 1.08521 0.24722
v -0.01019 1.07551 0.26226
v -0.00727 1.06578 0.27729
v -0.00424 1.05561 0.29224
v -0.02255 1.09725 0.19864
v -0.02012 1.09053 0.21429
v -0.01705 1.08272 0.22971
v -0.01395 1.07488 0.24512
v -0.01085 1.06703 0.26054
v -0.00774 1.05916 0.27595
v -0.00451 1.05098 0.29130
v -0.02377 1.07941 0.19503
v -0.02121 1.07430 0.21100
v -0.01797 1.06862 0.22685
v -0.01470 1.06292 0.24270
v -0.01143 1.05722 0.25855
v -0.00816 1.05151 0.27440
v -0.00475 1.04563 0.29021
v -0.02425 1.05953 0.19100
v -0.02164 1.05622 0.20733
v -0.01833 1.05291 0.22367
v -0.01500 1.04960 0.24000
v -0.01167 1.04629 0.25633
v -0.00832 1.04298 0.27267
v -0.00485 1.03967 0.28900
v -0.02377 1.03966 0.18697
v -0.02121 1.03814 0.20367
v -0.01797 1.03720 0.22048
v -0.01470 1.03628 0.23730
v -0.01143 1.03536 0.25412
v -0.00816 1.03445 0.27094
v -0.00475 1.03370 0.28779
v -0.02255 1.02181 0.18335
v -0.02012 1.02191 0.20038
v -0.01705 1.02310 0.21762
v -0.01395 1.02432 0.23488
v -0.01085 1.02555 0.25213
v -0.00774 1.02679 0.26939
v -0.00451 1.02835 0.28671
v -0.02118 1.00639 0.18022
v -0.01890 1.00788 0.19753
v -0.01601 1.01091 0.21515
v -0.01310 1.01399 0.23278
v -0.01019 1.01707 0.25041
v -0.00727 1.02018 0.26805
v -0.00424 1.02372 0.28577
v -0.02118 1.11268 0.20177
v -0.01503 1.11611 0.20247
v -0.00792 1.11917 0.20308
v 0.00000 1.12038 0.20333
v 0.00792 1.11917 0.20308
v 0.01503 1.11611 0.20247
v 0.02118 1.11268 0.20177
v -0.01890 1.10456 0.21713
v -0.01342 1.10769 0.21776
v -0.00707 1.11046 0.21833
v 0.00000 1.11156 0.21855
v 0.00707 1.11046 0.21833
v 0.01342 1.10769 0.21776
v 0.01890 1.10456 0.21713
v -0.01601 1.09492 0.23218
v -0.01137 1.09763 0.23273
v -0.00599 1.10004 0.23322
v 0.00000 1.10100 0.23341
v 0.00599 1.10004 0.23322
v 0.01137 1.09763 0.23273
v 0.01601 1.09492 0.23218
v -0.01310 1.08521 0.24722
v -0.00930 1.08751 0.24769
v -0.00490 1.08956 0.24810
v 0.00000 1.09037 0.24826
v 0.00490 1.08956 0.24810
v 0.00930 1.08751 0.24769
v 0.01310 1.08521 0.24722
v -0.01019 1.07551 0.26226
v -0.00723 1.07740 0.26264
v -0.00381 1.07908 0.26298
v 0.00000 1.07974 0.26312
v 0.00381 1.07908 0.26298
v 0.00723 1.07740 0.26264
v 0.01019 1.07551 0.26226
v -0.00727 1.06578 0.27729
v -0.00516 1.06725 0.27759
v -0.00272 1.06856 0.27786
v 0.00000 1.06908 0.27796
v 0.00272 1.06856 0.27786
v 0.00516 1.06725 0.27759
v 0.00727 1.06578 0.27729
v -0.00424 1.05561 0.29224
v -0.00301 1.05664 0.29244
v -0.00158 1.05756 0.29263
v 0.00000 1.05792 0.29270
v 0.00158 1.05756 0.29263
v 0.00301 1.05664 0.29244
v 0.00424 1.05561 0.29224
v -0.00424 1.02372 0.28577
v -0.00301 1.02269 0.28556
v -0.00158 1.02178 0.28538
v 0.00000 1.02141 0.28530
v 0.00158 1.02178 0.28538
v 0.00301 1.02269 0.28556
v 0.00424 1.02372 0.28577
v -0.00727 1.02018 0.26805
v -0.00516 1.01870 0.26775
v -0.00272 1.01739 0.26748
v 0.00000 1.01687 0.26738
v 0.00272 1.01739 0.26748
v 0.00516 1.01870 0.26775
v 0.00727 1.02018 0.26805
v -0.01019 1.01707 0.25041
v -0.00723 1.01518 0.25003
v -0.00381 1.01350 0.24969
v 0.00000 1.01284 0.24955
v 0.00381 1.01350 0.24969
v 0.00723 1.01518 0.25003
v 0.01019 1.01707 0.25041
v -0.01310 1.01399 0.23278
v -0.00930 1.01169 0.23231
v -0.00490 1.00964 0.23190
v 0.00000 1.00883 0.23174
v 0.00490 1.00964 0.23190
v 0.00930 1.01169 0.23231
v 0.01310 1.01399 0.23278
v -0.01601 1.01091 0.21515
v -0.01137 1.00819 0.21460
v -0.00599 1.00578 0.21411
v 0.00000 1.00482 0.21392
v 0.00599 1.00578 0.21411
v 0.01137 1.00819 0.21460
v 0.01601 1.01091 0.21515
v -0.01890 1.00788 0.19753
v -0.01342 1.00476 0.19690
v -0.00707 1.00198 0.19634
v 0.00000 1.00088 0.19611
v 0.00707 1.00198 0.19634
v 0.01342 1.00476 0.19690
v 0.01890 1.00788 0.19753
v -0.02118 1.00639 0.18022
v -0.01503 1.00295 0.17953
v -0.00792 0.99990 0.17891
v 0.00000 0.99869 0.17866
v 0.00792 0.99990 0.17891
v 0.01503 1.00295 0.17953
v 0.02118 1.00639 0.18022
v -0.00424 1.05561 0.29224
v -0.00301 1.05664 0.29244
v -0.00158 1.05756 0.29263
v 0.00000 1.05792 0.29270
v 0.00158 1.05756 0.29263
v 0.00301 1.05664 0.29244
v 0.00424 1.05561 0.29224
v -0.00451 1.05098 0.29130
v -0.00282 1.05030 0.29116
v -0.00155 1.05131 0.29136
v 0.00000 1.05184 0.29147
v 0.00155 1.05131 0.29136
v 0.00282 1.05030 0.29116
v 0.00451 1.05098 0.29130
v -0.00475 1.04563 0.29021
v -0.00310 1.04549 0.29018
v -0.00141 1.04498 0.29008
v 0.00000 1.04575 0.29024
v 0.00141 1.04498 0.29008
v 0.00310 1.04549 0.29018
v 0.00475 1.04563 0.29021
v -0.00485 1.03967 0.28900
v -0.00323 1.03967 0.28900
v -0.00162 1.03967 0.28900
v 0.00000 1.03967 0.28900
v 0.00162 1.03967 0.28900
v 0.00323 1.03967 0.28900
v 0.00485 1.03967 0.28900
v -0.00475 1.03370 0.28779
v -0.00310 1.03384 0.28782
v -0.00141 1.03435 0.28793
v 0.00000 1.03358 0.28777
v 0.00141 1.03435 0.28793
v 0.00310 1.03384 0.28782
v 0.00475 1.03370 0.28779
v -0.00451 1.02835 0.28671
v -0.00282 1.02904 0.28685
v -0.00155 1.02802 0.28664
v 0.00000 1.02750 0.28654
v 0.00155 1.02802 0.28664
v 0.00282 1.02904 0.28685
v 0.00451 1.02835 0.28671
v -0.00424 1.02372 0.28577
v -0.00301 1.02269 0.28556
v -0.00158 1.02178 0.28538
v 0.00000 1.02141 0.28530
v 0.00158 1.02178 0.28538
v 0.00301 1.02269 0.28556
v 0.00424 1.02372 0.28577
v 0.02118 1.11268 0.20177
v 0.01503 1.11611 0.20247
v 0.00792 1.11917 0.20308
v 0.00000 1.12038 0.20333
v -0.00792 1.11917 0.20308
v -0.01503 1.11611 0.20247
v -0.02118 1.11268 0.20177
v 0.02255 1.09725 0.19864
v 0.01412 1.09496 0.19818
v 0.00774 1.09836 0.19887
v 0.00000 1.10010 0.19922
v -0.00774 1.09836 0.19887
v -0.01412 1.09496 0.19818
v -0.02255 1.09725 0.19864
v 0.02377 1.07941 0.19503
v 0.01548 1.07895 0.19493
v 0.00706 1.07725 0.19459
v 0.00000 1.07981 0.19511
v -0.00706 1.07725 0.19459
v -0.01548 1.07895 0.19493
v -0.02377 1.07941 0.19503
v 0.02425 1.05953 0.19100
v 0.01617 1.05953 0.19100
v 0.00808 1.05953 0.19100
v 0.00000 1.05953 0.19100
v -0.00808 1.05953 0.19100
v -0.01617 1.05953 0.19100
v -0.02425 1.05953 0.19100
v 0.02377 1.03966 0.18697
v 0.01548 1.04012 0.18706
v 0.00706 1.04182 0.18741
v 0.00000 1.03925 0.18689
v -0.00706 1.04182 0.18741
v -0.01548 1.04012 0.18706
v -0.02377 1.03966 0.18697
v 0.02255 1.02181 0.18335
v 0.01412 1.02410 0.18381
v 0.00774 1.02071 0.18313
v 0.00000 1.01897 0.18277
v -0.00774 1.02071 0.18313
v -0.01412 1.02410 0.18381
v -0.02255 1.02181 0.18335
v 0.02118 1.00639 0.18022
v 0.01503 1.00295 0.17953
v 0.00792 0.99990 0.17891
v 0.00000 0.99869 0.17866
v -0.00792 0.99990 0.17891
v -0.01503 1.00295 0.17953
v -0.02118 1.00639 0.18022
v 0.00424 1.03012 0.13193
v 0.00727 1.03964 0.11686
v 0.01019 1.04877 0.10170
v 0.01310 1.05787 0.08654
v 0.01601 1.06698 0.07138
v 0.01890 1.07603 0.05621
v 0.02118 1.08370 0.04076
v 0.00451 1.02592 0.13108
v 0.00774 1.03364 0.11564
v 0.01085 1.04108 0.10014
v 0.01395 1.04851 0.08464
v 0.01705 1.05593 0.06914
v 0.02012 1.06332 0.05363
v 0.02255 1.06972 0.03793
v 0.00475 1.02107 0.13010
v 0.00816 1.02671 0.11424
v 0.01143 1.03219 0.09834
v 0.01470 1.03767 0.08245
v 0.01797 1.04315 0.06655
v 0.02121 1.04861 0.05065
v 0.02377 1.05355 0.03465
v 0.00485 1.01567 0.12900
v 0.00832 1.01898 0.11267
v 0.01167 1.02229 0.09633
v 0.01500 1.02560 0.08000
v 0.01833 1.02891 0.06367
v 0.02164 1.03222 0.04733
v 0.02425 1.03553 0.03100
v 0.00475 1.01026 0.12791
v 0.00816 1.01125 0.11110
v 0.01143 1.01238 0.09433
v 0.01470 1.01353 0.07755
v 0.01797 1.01467 0.06078
v 0.02121 1.01584 0.04401
v 0.02377 1.01752 0.02735
v 0.00451 1.00541 0.12692
v 0.00774 1.00431 0.10970
v 0.01085 1.00349 0.09252
v 0.01395 1.00269 0.07536
v 0.01705 1.00189 0.05819
v 0.02012 1.00113 0.04103
v 0.02255 1.00135 0.02407
v 0.00424 1.00122 0.12607
v 0.00727 0.99831 0.10848
v 0.01019 0.99581 0.09097
v 0.01310 0.99333 0.07346
v 0.01601 0.99084 0.05595
v 0.01890 0.98841 0.03845
v 0.02118 0.98737 0.02123
v -0.02118 1.08370 0.04076
v -0.01890 1.07603 0.05621
v -0.01601 1.06698 0.07138
v -0.01310 1.05787 0.08654
v -0.01019 1.04877 0.10170
v -0.00727 1.03964 0.11686
v -0.00424 1.03012 0.13193
v -0.02255 1.06972 0.03793
v -0.02012 1.06332 0.05363
v -0.01705 1.05593 0.06914
v -0.01395 1.04851 0.08464
v -0.01085 1.04108 0.10014
v -0.00774 1.03364 0.11564
v -0.00451 1.02592 0.13108
v -0.02377 1.05355 0.03465
v -0.02121 1.04861 0.05065
v -0.01797 1.04315 0.06655
v -0.01470 1.03767 0.08245
v -0.01143 1.03219 0.09834
v -0.00816 1.02671 0.11424
v -0.00475 1.02107 0.13010
v -0.02425 1.03553 0.03100
v -0.02164 1.03222 0.04733
v -0.01833 1.02891 0.06367
v -0.01500 1.02560 0.08000
v -0.01167 1.02229 0.09633
v -0.00832 1.01898 0.11267
v -0.00485 1.01567 0.12900
v -0.02377 1.01752 0.02735
v -0.02121 1.01584 0.04401
v -0.01797 1.01467 0.06078
v -0.01470 1.01353 0.07755
v -0.01143 1.01238 0.09433
v -0.00816 1.01125 0.11110
v -0.00475 1.01026 0.12791
v -0.02255 1.00135 0.02407
v -0.02012 1.00113 0.04103
v -0.01705 1.00189 0.05819
v -0.01395 1.00269 0.07536
v -0.01085 1.00349 0.09252
v -0.00774 1.00431 0.10970
v -0.00451 1.00541 0.12692
v -0.02118 0.98737 0.02123
v -0.01890 0.98841 0.03845
v -0.01601 0.99084 0.05595
v -0.01310 0.99333 0.07346
v -0.01019 0.99581 0.09097
v -0.00727 0.99831 0.10848
v -0.00424 1.00122 0.12607
v -0.02118 1.08370 0.04076
v -0.01503 1.08681 0.04139
v -0.00792 1.08958 0.04195
v 0.00000 1.09067 0.04217
v 0.00792 1.08958 0.04195
v 0.01503 1.08681 0.04139
v 0.02118 1.08370 0.04076
v -0.01890 1.07603 0.05621
v -0.01342 1.07886 0.05679
v -0.00707 1.08138 0.05730
v 0.00000 1.08238 0.05750
v 0.00707 1.08138 0.05730
v 0.01342 1.07886 0.05679
v 0.01890 1.07603 0.05621
v -0.01601 1.06698 0.07138
v -0.01137 1.06944 0.07188
v -0.00599 1.07162 0.07232
v 0.00000 1.07249 0.07250
v 0.00599 1.07162 0.07232
v 0.01137 1.06944 0.07188
v 0.01601 1.06698 0.07138
v -0.01310 1.05787 0.08654
v -0.00930 1.05996 0.08697
v -0.00490 1.06181 0.08734
v 0.00000 1.06255 0.08749
v 0.00490 1.06181 0.08734
v 0.00930 1.05996 0.08697
v 0.01310 1.05787 0.08654
v -0.01019 1.04877 0.10170
v -0.00723 1.05048 0.10205
v -0.00381 1.05200 0.10236
v 0.00000 1.05261 0.10248
v 0.00381 1.05200 0.10236
v 0.00723 1.05048 0.10205
v 0.01019 1.04877 0.10170
v -0.00727 1.03964 0.11686
v -0.00516 1.04098 0.11713
v -0.00272 1.04216 0.11737
v 0.00000 1.04263 0.11746
v 0.00272 1.04216 0.11737
v 0.00516 1.04098 0.11713
v 0.00727 1.03964 0.11686
v -0.00424 1.03012 0.13193
v -0.00301 1.03105 0.13212
v -0.00158 1.03188 0.13229
v 0.00000 1.03221 0.13236
v 0.00158 1.03188 0.13229
v 0.00301 1.03105 0.13212
v 0.00424 1.03012 0.13193
v -0.00424 1.00122 0.12607
v -0.00301 1.00028 0.12589
v -0.00158 0.99945 0.12572
v 0.00000 0.99912 0.12565
v 0.00158 0.99945 0.12572
v 0.00301 1.00028 0.12589
v 0.00424 1.00122 0.12607
v -0.00727 0.99831 0.10848
v -0.00516 0.99698 0.10821
v -0.00272 0.99579 0.10797
v 0.00000 0.99532 0.10787
v 0.00272 0.99579 0.10797
v 0.00516 0.99698 0.10821
v 0.00727 0.99831 0.10848
v -0.01019 0.99581 0.09097
v -0.00723 0.99410 0.09062
v -0.00381 0.99258 0.09031
v 0.00000 0.99197 0.09019
v 0.00381 0.99258 0.09031
v 0.00723 0.99410 0.09062
v 0.01019 0.99581 0.09097
v -0.01310 0.99333 0.07346
v -0.00930 0.99124 0.07303
v -0.00490 0.98939 0.07266
v 0.00000 0.98865 0.07251
v 0.00490 0.98939 0.07266
v 0.00930 0.99124 0.07303
v 0.01310 0.99333 0.07346
v -0.01601 0.99084 0.05595
v -0.01137 0.98838 0.05545
v -0.00599 0.98620 0.05501
v 0.00000 0.98533 0.05483
v 0.00599 0.98620 0.05501
v 0.01137 0.98838 0.05545
v 0.01601 0.99084 0.05595
v -0.01890 0.98841 0.03845
v -0.01342 0.98558 0.03788
v -0.00707 0.98307 0.03737
v 0.00000 0.98207 0.03716
v 0.00707 0.98307 0.03737
v 0.01342 0.98558 0.03788
v 0.01890 0.98841 0.03845
v -0.02118 0.98737 0.02123
v -0.01503 0.98426 0.02060
v -0.00792 0.98149 0.02004
v 0.00000 0.98039 0.01982
v 0.00792 0.98149 0.02004
v 0.01503 0.98426 0.02060
v 0.02118 0.98737 0.02123
v -0.00424 1.03012 0.13193
v -0.00301 1.03105 0.13212
v -0.00158 1.03188 0.13229
v 0.00000 1.03221 0.13236
v 0.00158 1.03188 0.13229
v 0.00301 1.03105 0.13212
v 0.00424 1.03012 0.13193
v -0.00451 1.02592 0.13108
v -0.00282 1.02530 0.13096
v -0.00155 1.02622 0.13114
v 0.00000 1.02669 0.13124
v 0.00155 1.02622 0.13114
v 0.00282 1.02530 0.13096
v 0.00451 1.02592 0.13108
v -0.00475 1.02107 0.13010
v -0.00310 1.02094 0.13007
v -0.00141 1.02048 0.12998
v 0.00000 1.02118 0.13012
v 0.00141 1.02048 0.12998
v 0.00310 1.02094 0.13007
v 0.00475 1.02107 0.13010
v -0.00485 1.01567 0.12900
v -0.00323 1.01567 0.12900
v -0.00162 1.01567 0.12900
v 0.00000 1.01567 0.12900
v 0.00162 1.01567 0.12900
v 0.00323 1.01567 0.12900
v 0.00485 1.01567 0.12900
v -0.00475 1.01026 0.12791
v -0.00310 1.01039 0.12793
v -0.00141 1.01085 0.12803
v 0.00000 1.01015 0.12789
v 0.00141 1.01085 0.12803
v 0.00310 1.01039 0.12793
v 0.00475 1.01026 0.12791
v -0.00451 1.00541 0.12692
v -0.00282 1.00603 0.12705
v -0.00155 1.00511 0.12686
v 0.00000 1.00464 0.12677
v 0.00155 1.00511 0.12686
v 0.00282 1.00603 0.12705
v 0.00451 1.00541 0.12692
v -0.00424 1.00122 0.12607
v -0.00301 1.00028 0.12589
v -0.00158 0.99945 0.12572
v 0.00000 0.99912 0.12565
v 0.00158 0.99945 0.12572
v 0.00301 1.00028 0.12589
v 0.00424 1.00122 0.12607
v 0.02118 1.08370 0.04076
v 0.01503 1.08681 0.04139
v 0.00792 1.08958 0.04195
v 0.00000 1.09067 0.04217
v -0.00792 1.08958 0.04195
v -0.01503 1.08681 0.04139
v -0.02118 1.08370 0.04076
v 0.02255 1.06972 0.03793
v 0.01412 1.06764 0.03751
v 0.00774 1.07072 0.03813
v 0.00000 1.07229 0.03845
v -0.00774 1.07072 0.03813
v -0.01412 1.06764 0.03751
v -0.02255 1.06972 0.03793
v 0.02377 1.05355 0.03465
v 0.01548 1.05313 0.03456
v 0.00706 1.05159 0.03425
v 0.00000 1.05391 0.03472
v -0.00706 1.05159 0.03425
v -0.01548 1.05313 0.03456
v -0.02377 1.05355 0.03465
v 0.02425 1.03553 0.03100
v 0.01617 1.03553 0.03100
v 0.00808 1.03553 0.03100
v 0.00000 1.03553 0.03100
v -0.00808 1.03553 0.03100
v -0.01617 1.03553 0.03100
v -0.02425 1.03553 0.03100
v 0.02377 1.01752 0.02735
v 0.01548 1.01794 0.02743
v 0.00706 1.01948 0.02774
v 0.00000 1.01715 0.02727
v -0.00706 1.01948 0.02774
v -0.01548 1.01794 0.02743
v -0.02377 1.01752 0.02735
v 0.02255 1.00135 0.02407
v 0.01412 1.00342 0.02449
v 0.00774 1.00035 0.02386
v 0.00000 0.99877 0.02355
v -0.00774 1.00035 0.02386
v -0.01412 1.00342 0.02449
v -0.02255 1.00135 0.02407
v 0.02118 0.98737 0.02123
v 0.01503 0.98426 0.02060
v 0.00792 0.98149 0.02004
v 0.00000 0.98039 0.01982
v -0.00792 0.98149 0.02004
v -0.01503 0.98426 0.02060
v -0.02118 0.98737 0.02123
v 0.00424 1.00462 -0.02837
v 0.00727 1.01350 -0.04358
v 0.01019 1.02203 -0.05885
v 0.01310 1.03054 -0.07413
v 0.01601 1.03904 -0.08942
v 0.01890 1.04750 -0.10471
v 0.02118 1.05471 -0.12025
v 0.00451 1.00086 -0.02913
v 0.00774 1.00813 -0.04467
v 0.01085 1.01514 -0.06025
v 0.01395 1.02214 -0.07584
v 0.01705 1.02913 -0.09142
v 0.02012 1.03610 -0.10702
v 0.02255 1.04218 -0.12279
v 0.00475 0.99651 -0.03001
v 0.00816 1.00191 -0.04593
v 0.01143 1.00717 -0.06187
v 0.01470 1.01242 -0.07781
v 0.01797 1.01768 -0.09375
v 0.02121 1.02291 -0.10969
v 0.02377 1.02768 -0.12573
v 0.00485 0.99167 -0.03100
v 0.00832 0.99498 -0.04733
v 0.01167 0.99829 -0.06367
v 0.01500 1.00160 -0.08000
v 0.01833 1.00491 -0.09633
v 0.02164 1.00822 -0.11267
v 0.02425 1.01153 -0.12900
v 0.00475 0.98682 -0.03198
v 0.00816 0.98805 -0.04874
v 0.01143 0.98941 -0.06547
v 0.01470 0.99078 -0.08219
v 0.01797 0.99215 -0.09892
v 0.02121 0.99353 -0.11565
v 0.02377 0.99538 -0.13228
v 0.00451 0.98247 -0.03286
v 0.00774 0.98183 -0.05000
v 0.01085 0.98144 -0.06708
v 0.01395 0.98106 -0.08416
v 0.01705 0.98069 -0.10124
v 0.02012 0.98035 -0.11832
v 0.02255 0.98089 -0.13522
v 0.00424 0.97871 -0.03362
v 0.00727 0.97645 -0.05109
v 0.01019 0.97455 -0.06848
v 0.01310 0.97266 -0.08587
v 0.01601 0.97078 -0.10325
v 0.01890 0.96895 -0.12063
v 0.02118 0.96835 -0.13776
v -0.02118 1.05471 -0.12025
v -0.01890 1.04750 -0.10471
v -0.01601 1.03904 -0.08942
v -0.01310 1.03054 -0.07413
v -0.01019 1.02203 -0.05885
v -0.00727 1.01350 -0.04358
v -0.00424 1.00462 -0.02837
v -0.02255 1.04218 -0.12279
v -0.02012 1.03610 -0.10702
v -0.01705 1.02913 -0.09142
v -0.01395 1.02214 -0.07584
v -0.01085 1.01514 -0.06025
v -0.00774 1.00813 -0.04467
v -0.00451 1.00086 -0.02913
v -0.02377 1.02768 -0.12573
v -0.02121 1.02291 -0.10969
v -0.01797 1.01768 -0.09375
v -0.01470 1.01242 -0.07781
v -0.01143 1.00717 -0.06187
v -0.00816 1.00191 -0.04593
v -0.00475 0.99651 -0.03001
v -0.02425 1.01153 -0.12900
v -0.02164 1.00822 -0.11267
v -0.01833 1.00491 -0.09633
v -0.01500 1.00160 -0.08000
v -0.01167 0.99829 -0.06367
v -0.00832 0.99498 -0.04733
v -0.00485 0.99167 -0.03100
v -0.02377 0.99538 -0.13228
v -0.02121 0.99353 -0.11565
v -0.01797 0.99215 -0.09892
v -0.01470 0.99078 -0.08219
v -0.01143 0.98941 -0.06547
v -0.00816 0.98805 -0.04874
v -0.00475 0.98682 -0.03198
v -0.02255 0.98089 -0.13522
v -0.02012 0.98035 -0.11832
v -0.01705 0.98069 -0.10124
v -0.01395 0.98106 -0.08416
v -0.01085 0.98144 -0.06708
v -0.00774 0.98183 -0.05000
v -0.00451 0.98247 -0.03286
v -0.02118 0.96835 -0.13776
v -0.01890 0.96895 -0.12063
v -0.01601 0.97078 -0.10325
v -0.01310 0.97266 -0.08587
v -0.01019 0.97455 -0.06848
v -0.00727 0.97645 -0.05109
v -0.00424 0.97871 -0.03362
v -0.02118 1.05471 -0.12025
v -0.01503 1.05750 -0.11968
v -0.00792 1.05999 -0.11918
v 0.00000 1.06097 -0.11898
v 0.00792 1.05999 -0.11918
v 0.01503 1.05750 -0.11968
v 0.02118 1.05471 -0.12025
v -0.01890 1.04750 -0.10471
v -0.01342 1.05004 -0.10419
v -0.00707 1.05229 -0.10374
v 0.00000 1.05319 -0.10355
v 0.00707 1.05229 -0.10374
v 0.01342 1.05004 -0.10419
v 0.01890 1.04750 -0.10471
v -0.01601 1.03904 -0.08942
v -0.01137 1.04125 -0.08897
v -0.00599 1.04321 -0.08857
v 0.00000 1.04398 -0.08841
v 0.00599 1.04321 -0.08857
v 0.01137 1.04125 -0.08897
v 0.01601 1.03904 -0.08942
v -0.01310 1.03054 -0.07413
v -0.00930 1.03241 -0.07376
v -0.00490 1.03407 -0.07342
v 0.00000 1.03473 -0.07328
v 0.00490 1.03407 -0.07342
v 0.00930 1.03241 -0.07376
v 0.01310 1.03054 -0.07413
v -0.01019 1.02203 -0.05885
v -0.00723 1.02356 -0.05854
v -0.00381 1.02493 -0.05827
v 0.00000 1.02547 -0.05816
v 0.00381 1.02493 -0.05827
v 0.00723 1.02356 -0.05854
v 0.01019 1.02203 -0.05885
v -0.00727 1.01350 -0.04358
v -0.00516 1.01470 -0.04333
v -0.00272 1.01577 -0.04312
v 0.00000 1.01619 -0.04303
v 0.00272 1.01577 -0.04312
v 0.00516 1.01470 -0.04333
v 0.00727 1.01350 -0.04358
v -0.00424 1.00462 -0.02837
v -0.00301 1.00546 -0.02820
v -0.00158 1.00620 -0.02805
v 0.00000 1.00650 -0.02799
v 0.00158 1.00620 -0.02805
v 0.00301 1.00546 -0.02820
v 0.00424 1.00462 -0.02837
v -0.00424 0.97871 -0.03362
v -0.00301 0.97788 -0.03379
v -0.00158 0.97713 -0.03394
v 0.00000 0.97684 -0.03400
v 0.00158 0.97713 -0.03394
v 0.00301 0.97788 -0.03379
v 0.00424 0.97871 -0.03362
v -0.00727 0.97645 -0.05109
v -0.00516 0.97525 -0.05133
v -0.00272 0.97419 -0.05155
v 0.00000 0.97377 -0.05163
v 0.00272 0.97419 -0.05155
v 0.00516 0.97525 -0.05133
v 0.00727 0.97645 -0.05109
v -0.01019 0.97455 -0.06848
v -0.00723 0.97301 -0.06879
v -0.00381 0.97165 -0.06907
v 0.00000 0.97111 -0.06918
v 0.00381 0.97165 -0.06907
v 0.00723 0.97301 -0.06879
v 0.01019 0.97455 -0.06848
v -0.01310 0.97266 -0.08587
v -0.00930 0.97079 -0.08624
v -0.00490 0.96913 -0.08658
v 0.00000 0.96847 -0.08672
v 0.00490 0.96913 -0.08658
v 0.00930 0.97079 -0.08624
v 0.01310 0.97266 -0.08587
v -0.01601 0.97078 -0.10325
v -0.01137 0.96858 -0.10370
v -0.00599 0.96662 -0.10410
v 0.00000 0.96584 -0.10425
v 0.00599 0.96662 -0.10410
v 0.01137 0.96858 -0.10370
v 0.01601 0.97078 -0.10325
v -0.01890 0.96895 -0.12063
v -0.01342 0.96641 -0.12115
v -0.00707 0.96415 -0.12160
v 0.00000 0.96326 -0.12178
v 0.00707 0.96415 -0.12160
v 0.01342 0.96641 -0.12115
v 0.01890 0.96895 -0.12063
v -0.02118 0.96835 -0.13776
v -0.01503 0.96556 -0.13832
v -0.00792 0.96308 -0.13882
v 0.00000 0.96210 -0.13902
v 0.00792 0.96308 -0.13882
v 0.01503 0.96556 -0.13832
v 0.02118 0.96835 -0.13776
v -0.00424 1.00462 -0.02837
v -0.00301 1.00546 -0.02820
v -0.00158 1.00620 -0.02805
v 0.00000 1.00650 -0.02799
v 0.00158 1.00620 -0.02805
v 0.00301 1.00546 -0.02820
v 0.00424 1.00462 -0.02837
v -0.00451 1.00086 -0.02913
v -0.00282 1.00030 -0.02925
v -0.00155 1.00113 -0.02908
v 0.00000 1.00155 -0.02899
v 0.00155 1.00113 -0.02908
v 0.00282 1.00030 -0.02925
v 0.00451 1.00086 -0.02913
v -0.00475 0.99651 -0.03001
v -0.00310 0.99640 -0.03004
v -0.00141 0.99598 -0.03012
v 0.00000 0.99661 -0.02999
v 0.00141 0.99598 -0.03012
v 0.00310 0.99640 -0.03004
v 0.00475 0.99651 -0.03001
v -0.00485 0.99167 -0.03100
v -0.00323 0.99167 -0.03100
v -0.00162 0.99167 -0.03100
v 0.00000 0.99167 -0.03100
v 0.00162 0.99167 -0.03100
v 0.00323 0.99167 -0.03100
v 0.00485 0.99167 -0.03100
v -0.00475 0.98682 -0.03198
v -0.00310 0.98693 -0.03196
v -0.00141 0.98735 -0.03187
v 0.00000 0.98672 -0.03200
v 0.00141 0.98735 -0.03187
v 0.00310 0.98693 -0.03196
v 0.00475 0.98682 -0.03198
v -0.00451 0.98247 -0.03286
v -0.00282 0.98303 -0.03275
v -0.00155 0.98220 -0.03292
v 0.00000 0.98178 -0.03300
v 0.00155 0.98220 -0.03292
v 0.00282 0.98303 -0.03275
v 0.00451 0.98247 -0.03286
v -0.00424 0.97871 -0.03362
v -0.00301 0.97788 -0.03379
v -0.00158 0.97713 -0.03394
v 0.00000 0.97684 -0.03400
v 0.00158 0.97713 -0.03394
v 0.00301 0.97788 -0.03379
v 0.00424 0.97871 -0.03362
v 0.02118 1.05471 -0.12025
v 0.01503 1.05750 -0.11968
v 0.00792 1.05999 -0.11918
v 0.00000 1.06097 -0.11898
v -0.00792 1.05999 -0.11918
v -0.01503 1.05750 -0.11968
v -0.02118 1.05471 -0.12025
v 0.02255 1.04218 -0.12279
v 0.01412 1.04032 -0.12317
v 0.00774 1.04308 -0.12261
v 0.00000 1.04449 -0.12232
v -0.00774 1.04308 -0.12261
v -0.01412 1.04032 -0.12317
v -0.02255 1.04218 -0.12279
v 0.02377 1.02768 -0.12573
v 0.01548 1.02731 -0.12581
v 0.00706 1.02593 -0.12609
v 0.00000 1.02801 -0.12566
v -0.00706 1.02593 -0.12609
v -0.01548 1.02731 -0.12581
v -0.02377 1.02768 -0.12573
v 0.02425 1.01153 -0.12900
v 0.01617 1.01153 -0.12900
v 0.00808 1.01153 -0.12900
v 0.00000 1.01153 -0.12900
v -0.00808 1.01153 -0.12900
v -0.01617 1.01153 -0.12900
v -0.02425 1.01153 -0.12900
v 0.02377 0.99538 -0.13228
v 0.01548 0.99576 -0.13220
v 0.00706 0.99714 -0.13192
v 0.00000 0.99506 -0.13234
v -0.00706 0.99714 -0.13192
v -0.01548 0.99576 -0.13220
v -0.02377 0.99538 -0.13228
v 0.02255 0.98089 -0.13522
v 0.01412 0.98275 -0.13484
v 0.00774 0.97999 -0.13540
v 0.00000 0.97858 -0.13568
v -0.00774 0.97999 -0.13540
v -0.01412 0.98275 -0.13484
v -0.02255 0.98089 -0.13522
v 0.02118 0.96835 -0.13776
v 0.01503 0.96556 -0.13832
v 0.00792 0.96308 -0.13882
v 0.00000 0.96210 -0.13902
v -0.00792 0.96308 -0.13882
v -0.01503 0.96556 -0.13832
v -0.02118 0.96835 -0.13776
v 0.00424 0.97913 -0.18867
v 0.00727 0.98737 -0.20401
v 0.01019 0.99529 -0.21941
v 0.01310 1.00320 -0.23481
v 0.01601 1.01110 -0.25021
v 0.01890 1.01897 -0.26563
v 0.02118 1.02573 -0.28126
v 0.00451 0.97580 -0.18935
v 0.00774 0.98261 -0.20497
v 0.01085 0.98920 -0.22064
v 0.01395 0.99577 -0.23632
v 0.01705 1.00234 -0.25199
v 0.02012 1.00888 -0.26767
v 0.02255 1.01464 -0.28351
v 0.00475 0.97195 -0.19013
v 0.00816 0.97711 -0.20609
v 0.01143 0.98214 -0.22207
v 0.01470 0.98717 -0.23806
v 0.01797 0.99220 -0.25405
v 0.02121 0.99722 -0.27003
v 0.02377 1.00182 -0.28611
v 0.00485 0.96767 -0.19100
v 0.00832 0.97098 -0.20733
v 0.01167 0.97429 -0.22367
v 0.01500 0.97760 -0.24000
v 0.01833 0.98091 -0.25633
v 0.02164 0.98422 -0.27267
v 0.02425 0.98753 -0.28900
v 0.00475 0.96338 -0.19187
v 0.00816 0.96485 -0.20857
v 0.01143 0.96643 -0.22526
v 0.01470 0.96803 -0.24194
v 0.01797 0.96962 -0.25862
v 0.02121 0.97123 -0.27530
v 0.02377 0.97325 -0.29190
v 0.00451 0.95953 -0.19265
v 0.00774 0.95935 -0.20969
v 0.01085 0.95938 -0.22669
v 0.01395 0.95943 -0.24368
v 0.01705 0.95948 -0.26068
v 0.02012 0.95956 -0.27767
v 0.02255 0.96042 -0.29450
v 0.00424 0.95621 -0.19332
v 0.00727 0.95459 -0.21065
v 0.01019 0.95329 -0.22792
v 0.01310 0.95200 -0.24519
v 0.01601 0.95072 -0.26245
v 0.01890 0.94948 -0.27971
v 0.02118 0.94934 -0.29675
v -0.02118 1.02573 -0.28126
v -0.01890 1.01897 -0.26563
v -0.01601 1.01110 -0.25021
v -0.01310 1.00320 -0.23481
v -0.01019 0.99529 -0.21941
v -0.00727 0.98737 -0.20401
v -0.00424 0.97913 -0.18867
v -0.02255 1.01464 -0.28351
v -0.02012 1.00888 -0.26767
v -0.01705 1.00234 -0.25199
v -0.01395 0.99577 -0.23632
v -0.01085 0.98920 -0.22064
v -0.00774 0.98261 -0.20497
v -0.00451 0.97580 -0.18935
v -0.02377 1.00182 -0.28611
v -0.02121 0.99722 -0.27003
v -0.01797 0.99220 -0.25405
v -0.01470 0.98717 -0.23806
v -0.01143 0.98214 -0.22207
v -0.00816 0.97711 -0.20609
v -0.00475 0.97195 -0.19013
v -0.02425 0.98753 -0.28900
v -0.02164 0.98422 -0.27267
v -0.01833 0.98091 -0.25633
v -0.01500 0.97760 -0.24000
v -0.01167 0.97429 -0.22367
v -0.00832 0.97098 -0.20733
v -0.00485 0.96767 -0.19100
v -0.02377 0.97325 -0.29190
v -0.02121 0.97123 -0.27530
v -0.01797 0.96962 -0.25862
v -0.01470 0.96803 -0.24194
v -0.01143 0.96643 -0.22526
v -0.00816 0.96485 -0.20857
v -0.00475 0.96338 -0.19187
v -0.02255 0.96042 -0.29450
v -0.02012 0.95956 -0.27767
v -0.01705 0.95948 -0.26068
v -0.01395 0.95943 -0.24368
v -0.01085 0.95938 -0.22669
v -0.00774 0.95935 -0.20969
v -0.00451 0.95953 -0.19265
v -0.02118 0.94934 -0.29675
v -0.01890 0.94948 -0.27971
v -0.01601 0.95072 -0.26245
v -0.01310 0.95200 -0.24519
v -0.01019 0.95329 -0.22792
v -0.00727 0.95459 -0.21065
v -0.00424 0.95621 -0.19332
v -0.02118 1.02573 -0.28126
v -0.01503 1.02820 -0.28076
v -0.00792 1.03039 -0.28031
v 0.00000 1.03126 -0.28014
v 0.00792 1.03039 -0.28031
v 0.01503 1.02820 -0.28076
v 0.02118 1.02573 -0.28126
v -0.01890 1.01897 -0.26563
v -0.01342 1.02121 -0.26517
v -0.00707 1.02321 -0.26477
v 0.00000 1.02400 -0.26461
v 0.00707 1.02321 -0.26477
v 0.01342 1.02121 -0.26517
v 0.01890 1.01897 -0.26563
v -0.01601 1.01110 -0.25021
v -0.01137 1.01305 -0.24982
v -0.00599 1.01479 -0.24947
v 0.00000 1.01547 -0.24933
v 0.00599 1.01479 -0.24947
v 0.01137 1.01305 -0.24982
v 0.01601 1.01110 -0.25021
v -0.01310 1.00320 -0.23481
v -0.00930 1.00485 -0.23448
v -0.00490 1.00632 -0.23418
v 0.00000 1.00690 -0.23406
v 0.00490 1.00632 -0.23418
v 0.00930 1.00485 -0.23448
v 0.01310 1.00320 -0.23481
v -0.01019 0.99529 -0.21941
v -0.00723 0.99665 -0.21913
v -0.00381 0.99785 -0.21889
v 0.00000 0.99833 -0.21879
v 0.00381 0.99785 -0.21889
v 0.00723 0.99665 -0.21913
v 0.01019 0.99529 -0.21941
v -0.00727 0.98737 -0.20401
v -0.00516 0.98843 -0.20379
v -0.00272 0.98937 -0.20360
v 0.00000 0.98974 -0.20353
v 0.00272 0.98937 -0.20360
v 0.00516 0.98843 -0.20379
v 0.00727 0.98737 -0.20401
v -0.00424 0.97913 -0.18867
v -0.00301 0.97987 -0.18852
v -0.00158 0.98052 -0.18839
v 0.00000 0.98079 -0.18834
v 0.00158 0.98052 -0.18839
v 0.00301 0.97987 -0.18852
v 0.00424 0.97913 -0.18867
v -0.00424 0.95621 -0.19332
v -0.00301 0.95547 -0.19347
v -0.00158 0.95481 -0.19360
v 0.00000 0.95455 -0.19366
v 0.00158 0.95481 -0.19360
v 0.00301 0.95547 -0.19347
v 0.00424 0.95621 -0.19332
v -0.00727 0.95459 -0.21065
v -0.00516 0.95353 -0.21087
v -0.00272 0.95259 -0.21106
v 0.00000 0.95222 -0.21113
v 0.00272 0.95259 -0.21106
v 0.00516 0.95353 -0.21087
v 0.00727 0.95459 -0.21065
v -0.01019 0.95329 -0.22792
v -0.00723 0.95193 -0.22820
v -0.00381 0.95072 -0.22844
v 0.00000 0.95024 -0.22854
v 0.00381 0.95072 -0.22844
v 0.00723 0.95193 -0.22820
v 0.01019 0.95329 -0.22792
v -0.01310 0.95200 -0.24519
v -0.00930 0.95035 -0.24552
v -0.00490 0.94888 -0.24582
v 0.00000 0.94830 -0.24594
v 0.00490 0.94888 -0.24582
v 0.00930 0.95035 -0.24552
v 0.01310 0.95200 -0.24519
v -0.01601 0.95072 -0.26245
v -0.01137 0.94877 -0.26285
v -0.00599 0.94703 -0.26320
v 0.00000 0.94635 -0.26334
v 0.00599 0.94703 -0.26320
v 0.01137 0.94877 -0.26285
v 0.01601 0.95072 -0.26245
v -0.01890 0.94948 -0.27971
v -0.01342 0.94723 -0.28017
v -0.00707 0.94524 -0.28057
v 0.00000 0.94445 -0.28073
v 0.00707 0.94524 -0.28057
v 0.01342 0.94723 -0.28017
v 0.01890 0.94948 -0.27971
v -0.02118 0.94934 -0.29675
v -0.01503 0.94687 -0.29725
v -0.00792 0.94467 -0.29769
v 0.00000 0.94380 -0.29787
v 0.00792 0.94467 -0.29769
v 0.01503 0.94687 -0.29725
v 0.02118 0.94934 -0.29675
v -0.00424 0.97913 -0.18867
v -0.00301 0.97987 -0.18852
v -0.00158 0.98052 -0.18839
v 0.00000 0.98079 -0.18834
v 0.00158 0.98052 -0.18839
v 0.00301 0.97987 -0.18852
v 0.00424 0.97913 -0.18867
v -0.00451 0.97580 -0.18935
v -0.00282 0.97531 -0.18945
v -0.00155 0.97604 -0.18930
v 0.00000 0.97641 -0.18922
v 0.00155 0.97604 -0.18930
v 0.00282 0.97531 -0.18945
v 0.00451 0.97580 -0.18935
v -0.00475 0.97195 -0.19013
v -0.00310 0.97185 -0.19015
v -0.00141 0.97149 -0.19022
v 0.00000 0.97204 -0.19011
v 0.00141 0.97149 -0.19022
v 0.00310 0.97185 -0.19015
v 0.00475 0.97195 -0.19013
v -0.00485 0.96767 -0.19100
v -0.00323 0.96767 -0.19100
v -0.00162 0.96767 -0.19100
v 0.00000 0.96767 -0.19100
v 0.00162 0.96767 -0.19100
v 0.00323 0.96767 -0.19100
v 0.00485 0.96767 -0.19100
v -0.00475 0.96338 -0.19187
v -0.00310 0.96348 -0.19185
v -0.00141 0.96385 -0.19177
v 0.00000 0.96329 -0.19188
v 0.00141 0.96385 -0.19177
v 0.00310 0.96348 -0.19185
v 0.00475 0.96338 -0.19187
v -0.00451 0.95953 -0.19265
v -0.00282 0.96003 -0.19255
v -0.00155 0.95929 -0.19269
v 0.00000 0.95892 -0.19277
v 0.00155 0.95929 -0.19269
v 0.00282 0.96003 -0.19255
v 0.00451 0.95953 -0.19265
v -0.00424 0.95621 -0.19332
v -0.00301 0.95547 -0.19347
v -0.00158 0.95481 -0.19360
v 0.00000 0.95455 -0.19366
v 0.00158 0.95481 -0.19360
v 0.00301 0.95547 -0.19347
v 0.00424 0.95621 -0.19332
v 0.02118 1.02573 -0.28126
v 0.01503 1.02820 -0.28076
v 0.00792 1.03039 -0.28031
v 0.00000 1.03126 -0.28014
v -0.00792 1.03039 -0.28031
v -0.01503 1.02820 -0.28076
v -0.02118 1.02573 -0.28126
v 0.02255 1.01464 -0.28351
v 0.01412 1.01300 -0.28384
v 0.00774 1.01544 -0.28335
v 0.00000 1.01669 -0.28309
v -0.00774 1.01544 -0.28335
v -0.01412 1.01300 -0.28384
v -0.02255 1.01464 -0.28351
v 0.02377 1.00182 -0.28611
v 0.01548 1.00149 -0.28617
v 0.00706 1.00027 -0.28642
v 0.00000 1.00211 -0.28605
v -0.00706 1.00027 -0.28642
v -0.01548 1.00149 -0.28617
v -0.02377 1.00182 -0.28611
v 0.02425 0.98753 -0.28900
v 0.01617 0.98753 -0.28900
v 0.00808 0.98753 -0.28900
v 0.00000 0.98753 -0.28900
v -0.00808 0.98753 -0.28900
v -0.01617 0.98753 -0.28900
v -0.02425 0.98753 -0.28900
v 0.02377 0.97325 -0.29190
v 0.01548 0.97358 -0.29183
v 0.00706 0.97480 -0.29158
v 0.00000 0.97296 -0.29196
v -0.00706 0.97480 -0.29158
v -0.01548 0.97358 -0.29183
v -0.02377 0.97325 -0.29190
v 0.02255 0.96042 -0.29450
v 0.01412 0.96207 -0.29417
v 0.00774 0.95963 -0.29466
v 0.00000 0.95838 -0.29491
v -0.00774 0.95963 -0.29466
v -0.01412 0.96207 -0.29417
v -0.02255 0.96042 -0.29450
v 0.02118 0.94934 -0.29675
v 0.01503 0.94687 -0.29725
v 0.00792 0.94467 -0.29769
v 0.00000 0.94380 -0.29787
v -0.00792 0.94467 -0.29769
v -0.01503 0.94687 -0.29725
v -0.02118 0.94934 -0.29675
v 0.00424 0.95363 -0.34898
v 0.00727 0.96123 -0.36444
v 0.01019 0.96855 -0.37996
v 0.01310 0.97586 -0.39549
v 0.01601 0.98316 -0.41101
v 0.01890 0.99044 -0.42654
v 0.02118 0.99675 -0.44227
v 0.00451 0.95074 -0.34956
v 0.00774 0.95709 -0.36528
v 0.01085 0.96325 -0.38104
v 0.01395 0.96940 -0.39680
v 0.01705 0.97554 -0.41256
v 0.02012 0.98167 -0.42832
v 0.02255 0.98711 -0.44422
v 0.00475 0.94739 -0.35024
v 0.00816 0.95231 -0.36625
v 0.01143 0.95712 -0.38228
v 0.01470 0.96193 -0.39831
v 0.01797 0.96673 -0.41434
v 0.02121 0.97152 -0.43038
v 0.02377 0.97596 -0.44648
v 0.00485 0.94367 -0.35100
v 0.00832 0.94698 -0.36733
v 0.01167 0.95029 -0.38367
v 0.01500 0.95360 -0.40000
v 0.01833 0.95691 -0.41633
v 0.02164 0.96022 -0.43267
v 0.02425 0.96353 -0.44900
v 0.00475 0.93994 -0.35175
v 0.00816 0.94165 -0.36841
v 0.01143 0.94346 -0.38505
v 0.01470 0.94527 -0.40169
v 0.01797 0.94709 -0.41832
v 0.02121 0.94892 -0.43496
v 0.02377 0.95111 -0.45152
v 0.00451 0.93659 -0.35243
v 0.00774 0.93686 -0.36938
v 0.01085 0.93733 -0.38629
v 0.01395 0.93780 -0.40320
v 0.01705 0.93828 -0.42011
v 0.02012 0.93878 -0.43702
v 0.02255 0.93996 -0.45378
v 0.00424 0.93370 -0.35302
v 0.00727 0.93273 -0.37022
v 0.01019 0.93203 -0.38737
v 0.01310 0.93134 -0.40451
v 0.01601 0.93066 -0.42166
v 0.01890 0.93001 -0.43879
v 0.02118 0.93032 -0.45574
v -0.02118 0.99675 -0.44227
v -0.01890 0.99044 -0.42654
v -0.01601 0.98316 -0.41101
v -0.01310 0.97586 -0.39549
v -0.01019 0.96855 -0.37996
v -0.00727 0.96123 -0.36444
v -0.00424 0.95363 -0.34898
v -0.02255 0.98711 -0.44422
v -0.02012 0.98167 -0.42832
v -0.01705 0.97554 -0.41256
v -0.01395 0.96940 -0.39680
v -0.01085 0.96325 -0.38104
v -0.00774 0.95709 -0.36528
v -0.00451 0.95074 -0.34956
v -0.02377 0.97596 -0.44648
v -0.02121 0.97152 -0.43038
v -0.01797 0.96673 -0.41434
v -0.01470 0.96193 -0.39831
v -0.01143 0.95712 -0.38228
v -0.00816 0.95231 -0.36625
v -0.00475 0.94739 -0.35024
v -0.02425 0.96353 -0.44900
v -0.02164 0.96022 -0.43267
v -0.01833 0.95691 -0.41633
v -0.01500 0.95360 -0.40000
v -0.01167 0.95029 -0.38367
v -0.00832 0.94698 -0.36733
v -0.00485 0.94367 -0.35100
v -0.02377 0.95111 -0.45152
v -0.02121 0.94892 -0.43496
v -0.01797 0.94709 -0.41832
v -0.01470 0.94527 -0.40169
v -0.01143 0.94346 -0.38505
v -0.00816 0.94165 -0.36841
v -0.00475 0.93994 -0.35175
v -0.02255 0.93996 -0.45378
v -0.02012 0.93878 -0.43702
v -0.01705 0.93828 -0.42011
v -0.01395 0.93780 -0.40320
v -0.01085 0.93733 -0.38629
v -0.00774 0.93686 -0.36938
v -0.00451 0.93659 -0.35243
v -0.02118 0.93032 -0.45574
v -0.01890 0.93001 -0.43879
v -0.01601 0.93066 -0.42166
v -0.01310 0.93134 -0.40451
v -0.01019 0.93203 -0.38737
v -0.00727 0.93273 -0.37022
v -0.00424 0.93370 -0.35302
v -0.02118 0.99675 -0.44227
v -0.01503 0.99890 -0.44184
v -0.00792 1.00080 -0.44145
v 0.00000 1.00156 -0.44129
v 0.00792 1.00080 -0.44145
v 0.01503 0.99890 -0.44184
v 0.02118 0.99675 -0.44227
v -0.01890 0.99044 -0.42654
v -0.01342 0.99239 -0.42615
v -0.00707 0.99412 -0.42580
v 0.00000 0.99481 -0.42566
v 0.00707 0.99412 -0.42580
v 0.01342 0.99239 -0.42615
v 0.01890 0.99044 -0.42654
v -0.01601 0.98316 -0.41101
v -0.01137 0.98486 -0.41067
v -0.00599 0.98637 -0.41036
v 0.00000 0.98697 -0.41024
v 0.00599 0.98637 -0.41036
v 0.01137 0.98486 -0.41067
v 0.01601 0.98316 -0.41101
v -0.01310 0.97586 -0.39549
v -0.00930 0.97730 -0.39520
v -0.00490 0.97858 -0.39494
v 0.00000 0.97908 -0.39483
v 0.00490 0.97858 -0.39494
v 0.00930 0.97730 -0.39520
v 0.01310 0.97586 -0.39549
v -0.01019 0.96855 -0.37996
v -0.00723 0.96973 -0.37972
v -0.00381 0.97078 -0.37951
v 0.00000 0.97120 -0.37943
v 0.00381 0.97078 -0.37951
v 0.00723 0.96973 -0.37972
v 0.01019 0.96855 -0.37996
v -0.00727 0.96123 -0.36444
v -0.00516 0.96215 -0.36426
v -0.00272 0.96297 -0.36409
v 0.00000 0.96329 -0.36402
v 0.00272 0.96297 -0.36409
v 0.00516 0.96215 -0.36426
v 0.00727 0.96123 -0.36444
v -0.00424 0.95363 -0.34898
v -0.00301 0.95428 -0.34885
v -0.00158 0.95485 -0.34873
v 0.00000 0.95507 -0.34868
v 0.00158 0.95485 -0.34873
v 0.00301 0.95428 -0.34885
v 0.00424 0.95363 -0.34898
v -0.00424 0.93370 -0.35302
v -0.00301 0.93306 -0.35315
v -0.00158 0.93249 -0.35326
v 0.00000 0.93226 -0.35331
v 0.00158 0.93249 -0.35326
v 0.00301 0.93306 -0.35315
v 0.00424 0.93370 -0.35302
v -0.00727 0.93273 -0.37022
v -0.00516 0.93181 -0.37041
v -0.00272 0.93099 -0.37057
v 0.00000 0.93066 -0.37064
v 0.00272 0.93099 -0.37057
v 0.00516 0.93181 -0.37041
v 0.00727 0.93273 -0.37022
v -0.01019 0.93203 -0.38737
v -0.00723 0.93085 -0.38761
v -0.00381 0.92980 -0.38782
v 0.00000 0.92938 -0.38790
v 0.00381 0.92980 -0.38782
v 0.00723 0.93085 -0.38761
v 0.01019 0.93203 -0.38737
v -0.01310 0.93134 -0.40451
v -0.00930 0.92990 -0.40480
v -0.00490 0.92862 -0.40506
v 0.00000 0.92812 -0.40517
v 0.00490 0.92862 -0.40506
v 0.00930 0.92990 -0.40480
v 0.01310 0.93134 -0.40451
v -0.01601 0.93066 -0.42166
v -0.01137 0.92896 -0.42200
v -0.00599 0.92745 -0.42231
v 0.00000 0.92686 -0.42243
v 0.00599 0.92745 -0.42231
v 0.01137 0.92896 -0.42200
v 0.01601 0.93066 -0.42166
v -0.01890 0.93001 -0.43879
v -0.01342 0.92806 -0.43919
v -0.00707 0.92632 -0.43954
v 0.00000 0.92563 -0.43968
v 0.00707 0.92632 -0.43954
v 0.01342 0.92806 -0.43919
v 0.01890 0.93001 -0.43879
v -0.02118 0.93032 -0.45574
v -0.01503 0.92817 -0.45617
v -0.00792 0.92626 -0.45656
v 0.00000 0.92551 -0.45671
v 0.00792 0.92626 -0.45656
v 0.01503 0.92817 -0.45617
v 0.02118 0.93032 -0.45574
v -0.00424 0.95363 -0.34898
v -0.00301 0.95428 -0.34885
v -0.00158 0.95485 -0.34873
v 0.00000 0.95507 -0.34868
v 0.00158 0.95485 -0.34873
v 0.00301 0.95428 -0.34885
v 0.00424 0.95363 -0.34898
v -0.00451 0.95074 -0.34956
v -0.00282 0.95031 -0.34965
v -0.00155 0.95095 -0.34952
v 0.00000 0.95127 -0.34945
v 0.00155 0.95095 -0.34952
v 0.00282 0.95031 -0.34965
v 0.00451 0.95074 -0.34956
v -0.00475 0.94739 -0.35024
v -0.00310 0.94731 -0.35026
v -0.00141 0.94699 -0.35032
v 0.00000 0.94747 -0.35023
v 0.00141 0.94699 -0.35032
v 0.00310 0.94731 -0.35026
v 0.00475 0.94739 -0.35024
v -0.00485 0.94367 -0.35100
v -0.00323 0.94367 -0.35100
v -0.00162 0.94367 -0.35100
v 0.00000 0.94367 -0.35100
v 0.00162 0.94367 -0.35100
v 0.00323 0.94367 -0.35100
v 0.00485 0.94367 -0.35100
v -0.00475 0.93994 -0.35175
v -0.00310 0.94003 -0.35173
v -0.00141 0.94034 -0.35167
v 0.00000 0.93986 -0.35177
v 0.00141 0.94034 -0.35167
v 0.00310 0.94003 -0.35173
v 0.00475 0.93994 -0.35175
v -0.00451 0.93659 -0.35243
v -0.00282 0.93702 -0.35234
v -0.00155 0.93639 -0.35247
v 0.00000 0.93606 -0.35254
v 0.00155 0.93639 -0.35247
v 0.00282 0.93702 -0.35234
v 0.00451 0.93659 -0.35243
v -0.00424 0.93370 -0.35302
v -0.00301 0.93306 -0.35315
v -0.00158 0.93249 -0.35326
v 0.00000 0.93226 -0.35331
v 0.00158 0.93249 -0.35326
v 0.00301 0.93306 -0.35315
v 0.00424 0.93370 -0.35302
v 0.02118 0.99675 -0.44227
v 0.01503 0.99890 -0.44184
v 0.00792 1.00080 -0.44145
v 0.00000 1.00156 -0.44129
v -0.00792 1.00080 -0.44145
v -0.01503 0.99890 -0.44184
v -0.02118 0.99675 -0.44227
v 0.02255 0.98711 -0.44422
v 0.01412 0.98568 -0.44451
v 0.00774 0.98780 -0.44408
v 0.00000 0.98888 -0.44386
v -0.00774 0.98780 -0.44408
v -0.01412 0.98568 -0.44451
v -0.02255 0.98711 -0.44422
v 0.02377 0.97596 -0.44648
v 0.01548 0.97567 -0.44654
v 0.00706 0.97461 -0.44676
v 0.00000 0.97621 -0.44643
v -0.00706 0.97461 -0.44676
v -0.01548 0.97567 -0.44654
v -0.02377 0.97596 -0.44648
v 0.02425 0.96353 -0.44900
v 0.01617 0.96353 -0.44900
v 0.00808 0.96353 -0.44900
v 0.00000 0.96353 -0.44900
v -0.00808 0.96353 -0.44900
v -0.01617 0.96353 -0.44900
v -0.02425 0.96353 -0.44900
v 0.02377 0.95111 -0.45152
v 0.01548 0.95140 -0.45146
v 0.00706 0.95246 -0.45125
v 0.00000 0.95086 -0.45157
v -0.00706 0.95246 -0.45125
v -0.01548 0.95140 -0.45146
v -0.02377 0.95111 -0.45152
v 0.02255 0.93996 -0.45378
v 0.01412 0.94139 -0.45349
v 0.00774 0.93927 -0.45392
v 0.00000 0.93818 -0.45414
v -0.00774 0.93927 -0.45392
v -0.01412 0.94139 -0.45349
v -0.02255 0.93996 -0.45378
v 0.02118 0.93032 -0.45574
v 0.01503 0.92817 -0.45617
v 0.00792 0.92626 -0.45656
v 0.00000 0.92551 -0.45671
v -0.00792 0.92626 -0.45656
v -0.01503 0.92817 -0.45617
v -0.02118 0.93032 -0.45574
v -0.11717 0.75128 0.83966
v -0.10743 0.73209 0.82379
v -0.09787 0.71255 0.80826
v -0.08832 0.69300 0.79274
v -0.07877 0.67345 0.77723
v -0.06924 0.65388 0.76172
v -0.06017 0.63390 0.74651
v -0.11675 0.74833 0.84359
v -0.10689 0.72907 0.82786
v -0.09722 0.70956 0.81235
v -0.08756 0.69003 0.79686
v -0.07791 0.67051 0.78136
v -0.06827 0.65097 0.76588
v -0.05912 0.63110 0.75057
v -0.11638 0.74488 0.84812
v -0.10641 0.72555 0.83254
v -0.09664 0.70605 0.81706
v -0.08689 0.68655 0.80158
v -0.07714 0.66705 0.78611
v -0.06740 0.64754 0.77063
v -0.05819 0.62779 0.75520
v -0.11623 0.74098 0.85311
v -0.10622 0.72154 0.83769
v -0.09642 0.70205 0.82222
v -0.08663 0.68255 0.80675
v -0.07683 0.66306 0.79128
v -0.06706 0.64356 0.77581
v -0.05782 0.62394 0.76024
v -0.11638 0.73700 0.85805
v -0.10641 0.71743 0.84276
v -0.09664 0.69793 0.82729
v -0.08689 0.67843 0.81182
v -0.07714 0.65893 0.79634
v -0.06740 0.63942 0.78086
v -0.05819 0.61991 0.76513
v -0.11675 0.73337 0.86243
v -0.10689 0.71368 0.84726
v -0.09722 0.69414 0.83178
v -0.08756 0.67462 0.81628
v -0.07791 0.65509 0.80079
v -0.06827 0.63557 0.78528
v -0.05912 0.61615 0.76941
v -0.11717 0.73022 0.86621
v -0.10743 0.71040 0.85112
v -0.09787 0.69084 0.83563
v -0.08832 0.67128 0.82011
v -0.07877 0.65173 0.80460
v -0.06924 0.63219 0.78906
v -0.06017 0.61283 0.77306
v -0.09255 0.62606 0.74029
v -0.09924 0.64661 0.75595
v -0.10547 0.66698 0.77209
v -0.11168 0.68734 0.78825
v -0.11789 0.70770 0.80441
v -0.12410 0.72805 0.82058
v -0.13012 0.74814 0.83717
v -0.09359 0.62275 0.74394
v -0.10021 0.64323 0.75974
v -0.10633 0.66362 0.77590
v -0.11244 0.68401 0.79208
v -0.11854 0.70439 0.80825
v -0.12463 0.72477 0.82444
v -0.13054 0.74499 0.84094
v -0.09452 0.61898 0.74821
v -0.10107 0.63938 0.76416
v -0.10710 0.65979 0.78035
v -0.11311 0.68020 0.79654
v -0.11912 0.70061 0.81274
v -0.12511 0.72102 0.82894
v -0.13091 0.74136 0.84533
v -0.09489 0.61495 0.75311
v -0.10141 0.63524 0.76921
v -0.10740 0.65565 0.78541
v -0.11337 0.67607 0.80161
v -0.11934 0.69649 0.81781
v -0.12530 0.71691 0.83402
v -0.13106 0.73738 0.85026
v -0.09452 0.61110 0.75814
v -0.10107 0.63127 0.77438
v -0.10710 0.65167 0.79058
v -0.11311 0.67207 0.80678
v -0.11912 0.69248 0.82297
v -0.12511 0.71290 0.83917
v -0.13091 0.73348 0.85526
v -0.09359 0.60779 0.76278
v -0.10021 0.62783 0.77914
v -0.10633 0.64821 0.79532
v -0.11244 0.66859 0.81150
v -0.11854 0.68898 0.82768
v -0.12463 0.70938 0.84385
v -0.13054 0.73003 0.85978
v -0.09255 0.60499 0.76683
v -0.09924 0.62492 0.78329
v -0.10547 0.64526 0.79946
v -0.11168 0.66562 0.81562
v -0.11789 0.68598 0.83178
v -0.12410 0.70636 0.84792
v -0.13012 0.72708 0.86372
v -0.09255 0.62606 0.74029
v -0.08785 0.62788 0.74033
v -0.08241 0.62980 0.74061
v -0.07636 0.63150 0.74148
v -0.07030 0.63273 0.74294
v -0.06487 0.63344 0.74475
v -0.06017 0.63390 0.74651
v -0.09924 0.64661 0.75595
v -0.09489 0.64837 0.75591
v -0.08985 0.65021 0.75609
v -0.08424 0.65182 0.75686
v -0.07863 0.65293 0.75825
v -0.07359 0.65353 0.76000
v -0.06924 0.65388 0.76172
v -0.10547 0.66698 0.77209
v -0.10160 0.66862 0.77195
v -0.09711 0.67033 0.77203
v -0.09212 0.67179 0.77268
v -0.08713 0.67275 0.77395
v -0.08264 0.67321 0.77560
v -0.07877 0.67345 0.77723
v -0.11168 0.68734 0.78825
v -0.10829 0.68886 0.78802
v -0.10437 0.69044 0.78798
v -0.10000 0.69175 0.78851
v -0.09563 0.69256 0.78967
v -0.09171 0.69288 0.79121
v -0.08832 0.69300 0.79274
v -0.11789 0.70770 0.80441
v -0.11499 0.70911 0.80408
v -0.11163 0.71055 0.80394
v -0.10788 0.71170 0.80435
v -0.10414 0.71236 0.80538
v -0.10077 0.71255 0.80681
v -0.09787 0.71255 0.80826
v -0.12410 0.72805 0.82058
v -0.12168 0.72934 0.82016
v -0.11888 0.73064 0.81992
v -0.11576 0.73164 0.82020
v -0.11264 0.73215 0.82111
v -0.10985 0.73221 0.82244
v -0.10743 0.73209 0.82379
v -0.13012 0.74814 0.83717
v -0.12824 0.74928 0.83667
v -0.12606 0.75041 0.83633
v -0.12364 0.75124 0.83649
v -0.12122 0.75159 0.83726
v -0.11905 0.75151 0.83844
v -0.11717 0.75128 0.83966
v -0.13012 0.72708 0.86372
v -0.12824 0.72685 0.86494
v -0.12606 0.72677 0.86612
v -0.12364 0.72712 0.86688
v -0.12122 0.72795 0.86705
v -0.11905 0.72908 0.86670
v -0.11717 0.73022 0.86621
v -0.12410 0.70636 0.84792
v -0.12168 0.70624 0.84927
v -0.11888 0.70630 0.85059
v -0.11576 0.70681 0.85150
v -0.11264 0.70781 0.85179
v -0.10985 0.70911 0.85154
v -0.10743 0.71040 0.85112
v -0.11789 0.68598 0.83178
v -0.11499 0.68599 0.83322
v -0.11163 0.68618 0.83465
v -0.10788 0.68684 0.83568
v -0.10414 0.68799 0.83609
v -0.10077 0.68943 0.83595
v -0.09787 0.69084 0.83563
v -0.11168 0.66562 0.81562
v -0.10829 0.66574 0.81715
v -0.10437 0.66607 0.81870
v -0.10000 0.66688 0.81985
v -0.09563 0.66819 0.82038
v -0.09171 0.66976 0.82034
v -0.08832 0.67128 0.82011
v -0.10547 0.64526 0.79946
v -0.10160 0.64550 0.80109
v -0.09711 0.64596 0.80274
v -0.09212 0.64692 0.80401
v -0.08713 0.64838 0.80466
v -0.08264 0.65009 0.80474
v -0.07877 0.65173 0.80460
v -0.09924 0.62492 0.78329
v -0.09489 0.62527 0.78501
v -0.08985 0.62587 0.78677
v -0.08424 0.62698 0.78816
v -0.07863 0.62859 0.78892
v -0.07359 0.63043 0.78911
v -0.06924 0.63219 0.78906
v -0.09255 0.60499 0.76683
v -0.08785 0.60545 0.76859
v -0.08241 0.60616 0.77040
v -0.07636 0.60739 0.77187
v -0.07030 0.60909 0.77273
v -0.06487 0.61102 0.77301
v -0.06017 0.61283 0.77306
v -0.13012 0.74814 0.83717
v -0.12824 0.74928 0.83667
v -0.12606 0.75041 0.83633
v -0.12364 0.75124 0.83649
v -0.12122 0.75159 0.83726
v -0.11905 0.75151 0.83844
v -0.11717 0.75128 0.83966
v -0.13054 0.74499 0.84094
v -0.12796 0.74516 0.84201
v -0.12601 0.74630 0.84154
v -0.12364 0.74722 0.84156
v -0.12128 0.74745 0.84244
v -0.11932 0.74725 0.84367
v -0.11675 0.74833 0.84359
v -0.13091 0.74136 0.84533
v -0.12837 0.74188 0.84593
v -0.12580 0.74217 0.84685
v -0.12364 0.74320 0.84662
v -0.12148 0.74321 0.84768
v -0.11891 0.74417 0.84775
v -0.11638 0.74488 0.84812
v -0.13106 0.73738 0.85026
v -0.12858 0.73798 0.85074
v -0.12611 0.73858 0.85121
v -0.12364 0.73918 0.85169
v -0.12117 0.73978 0.85216
v -0.11870 0.74038 0.85264
v -0.11623 0.74098 0.85311
v -0.13091 0.73348 0.85526
v -0.12837 0.73419 0.85563
v -0.12580 0.73515 0.85570
v -0.12364 0.73516 0.85675
v -0.12148 0.73619 0.85653
v -0.11891 0.73648 0.85745
v -0.11638 0.73700 0.85805
v -0.13054 0.73003 0.85978
v -0.12796 0.73111 0.85971
v -0.12601 0.73091 0.86093
v -0.12364 0.73114 0.86182
v -0.12128 0.73206 0.86184
v -0.11932 0.73320 0.86137
v -0.11675 0.73337 0.86243
v -0.13012 0.72708 0.86372
v -0.12824 0.72685 0.86494
v -0.12606 0.72677 0.86612
v -0.12364 0.72712 0.86688
v -0.12122 0.72795 0.86705
v -0.11905 0.72908 0.86670
v -0.11717 0.73022 0.86621
v -0.06017 0.63390 0.74651
v -0.06487 0.63344 0.74475
v -0.07030 0.63273 0.74294
v -0.07636 0.63150 0.74148
v -0.08241 0.62980 0.74061
v -0.08785 0.62788 0.74033
v -0.09255 0.62606 0.74029
v -0.05912 0.63110 0.75057
v -0.06557 0.62908 0.74990
v -0.07044 0.62857 0.74811
v -0.07636 0.62749 0.74654
v -0.08227 0.62571 0.74584
v -0.08715 0.62385 0.74575
v -0.09359 0.62275 0.74394
v -0.05819 0.62779 0.75520
v -0.06453 0.62616 0.75410
v -0.07096 0.62426 0.75329
v -0.07636 0.62347 0.75161
v -0.08175 0.62165 0.75121
v -0.08819 0.62043 0.74955
v -0.09452 0.61898 0.74821
v -0.05782 0.62394 0.76024
v -0.06400 0.62244 0.75905
v -0.07018 0.62094 0.75786
v -0.07636 0.61945 0.75667
v -0.08254 0.61795 0.75548
v -0.08871 0.61645 0.75430
v -0.09489 0.61495 0.75311
v -0.05819 0.61991 0.76513
v -0.06453 0.61846 0.76380
v -0.07096 0.61724 0.76213
v -0.07636 0.61543 0.76174
v -0.08175 0.61463 0.76006
v -0.08819 0.61273 0.75925
v -0.09452 0.61110 0.75814
v -0.05912 0.61615 0.76941
v -0.06557 0.61504 0.76760
v -0.07044 0.61318 0.76751
v -0.07636 0.61141 0.76680
v -0.08227 0.61032 0.76523
v -0.08715 0.60981 0.76345
v -0.09359 0.60779 0.76278
v -0.06017 0.61283 0.77306
v -0.06487 0.61102 0.77301
v -0.07030 0.60909 0.77273
v -0.07636 0.60739 0.77187
v -0.08241 0.60616 0.77040
v -0.08785 0.60545 0.76859
v -0.09255 0.60499 0.76683
v 0.13012 0.74814 0.83717
v 0.12410 0.72805 0.82058
v 0.11789 0.70770 0.80441
v 0.11168 0.68734 0.78825
v 0.10547 0.66698 0.77209
v 0.09924 0.64661 0.75595
v 0.09255 0.62606 0.74029
v 0.13054 0.74499 0.84094
v 0.12463 0.72477 0.82444
v 0.11854 0.70439 0.80825
v 0.11244 0.68401 0.79208
v 0.10633 0.66362 0.77590
v 0.10021 0.64323 0.75974
v 0.09359 0.62275 0.74394
v 0.13091 0.74136 0.84533
v 0.12511 0.72102 0.82894
v 0.11912 0.70061 0.81274
v 0.11311 0.68020 0.79654
v 0.10710 0.65979 0.78035
v 0.10107 0.63938 0.76416
v 0.09452 0.61898 0.74821
v 0.13106 0.73738 0.85026
v 0.12530 0.71691 0.83402
v 0.11934 0.69649 0.81781
v 0.11337 0.67607 0.80161
v 0.10740 0.65565 0.78541
v 0.10141 0.63524 0.76921
v 0.09489 0.61495 0.75311
v 0.13091 0.73348 0.85526
v 0.12511 0.71290 0.83917
v 0.11912 0.69248 0.82297
v 0.11311 0.67207 0.80678
v 0.10710 0.65167 0.79058
v 0.10107 0.63127 0.77438
v 0.09452 0.61110 0.75814
v 0.13054 0.73003 0.85978
v 0.12463 0.70938 0.84385
v 0.11854 0.68898 0.82768
v 0.11244 0.66859 0.81150
v 0.10633 0.64821 0.79532
v 0.10021 0.62783 0.77914
v 0.09359 0.60779 0.76278
v 0.13012 0.72708 0.86372
v 0.12410 0.70636 0.84792
v 0.11789 0.68598 0.83178
v 0.11168 0.66562 0.81562
v 0.10547 0.64526 0.79946
v 0.09924 0.62492 0.78329
v 0.09255 0.60499 0.76683
v 0.06017 0.63390 0.74651
v 0.06924 0.65388 0.76172
v 0.07877 0.67345 0.77723
v 0.08832 0.69300 0.79274
v 0.09787 0.71255 0.80826
v 0.10743 0.73209 0.82379
v 0.11717 0.75128 0.83966
v 0.05912 0.63110 0.75057
v 0.06827 0.65097 0.76588
v 0.07791 0.67051 0.78136
v 0.08756 0.69003 0.79686
v 0.09722 0.70956 0.81235
v 0.10689 0.72907 0.82786
v 0.11675 0.74833 0.84359
v 0.05819 0.62779 0.75520
v 0.06740 0.64754 0.77063
v 0.07714 0.66705 0.78611
v 0.08689 0.68655 0.80158
v 0.09664 0.70605 0.81706
v 0.10641 0.72555 0.83254
v 0.11638 0.74488 0.84812
v 0.05782 0.62394 0.76024
v 0.06706 0.64356 0.77581
v 0.07683 0.66306 0.79128
v 0.08663 0.68255 0.80675
v 0.09642 0.70205 0.82222
v 0.10622 0.72154 0.83769
v 0.11623 0.74098 0.85311
v 0.05819 0.61991 0.76513
v 0.06740 0.63942 0.78086
v 0.07714 0.65893 0.79634
v 0.08689 0.67843 0.81182
v 0.09664 0.69793 0.82729
v 0.10641 0.71743 0.84276
v 0.11638 0.73700 0.85805
v 0.05912 0.61615 0.76941
v 0.06827 0.63557 0.78528
v 0.07791 0.65509 0.80079
v 0.08756 0.67462 0.81628
v 0.09722 0.69414 0.83178
v 0.10689 0.71368 0.84726
v 0.11675 0.73337 0.86243
v 0.06017 0.61283 0.77306
v 0.06924 0.63219 0.78906
v 0.07877 0.65173 0.80460
v 0.08832 0.67128 0.82011
v 0.09787 0.69084 0.83563
v 0.10743 0.71040 0.85112
v 0.11717 0.73022 0.86621
v 0.06017 0.63390 0.74651
v 0.06487 0.63344 0.74475
v 0.07030 0.63273 0.74294
v 0.07636 0.63150 0.74148
v 0.08241 0.62980 0.74061
v 0.08785 0.62788 0.74033
v 0.09255 0.62606 0.74029
v 0.06924 0.65388 0.76172
v 0.07359 0.65353 0.76000
v 0.07863 0.65293 0.75825
v 0.08424 0.65182 0.75686
v 0.08985 0.65021 0.75609
v 0.09489 0.64837 0.75591
v 0.09924 0.64661 0.75595
v 0.07877 0.67345 0.77723
v 0.08264 0.67321 0.77560
v 0.08713 0.67275 0.77395
v 0.09212 0.67179 0.77268
v 0.09711 0.67033 0.77203
v 0.10160 0.66862 0.77195
v 0.10547 0.66698 0.77209
v 0.08832 0.69300 0.79274
v 0.09171 0.69288 0.79121
v 0.09563 0.69256 0.78967
v 0.10000 0.69175 0.78851
v 0.10437 0.69044 0.78798
v 0.10829 0.68886 0.78802
v 0.11168 0.68734 0.78825
v 0.09787 0.71255 0.80826
v 0.10077 0.71255 0.80681
v 0.10414 0.71236 0.80538
v 0.10788 0.71170 0.80435
v 0.11163 0.71055 0.80394
v 0.11499 0.70911 0.80408
v 0.11789 0.70770 0.80441
v 0.10743 0.73209 0.82379
v 0.10985 0.73221 0.82244
v 0.11264 0.73215 0.82111
v 0.11576 0.73164 0.82020
v 0.11888 0.73064 0.81992
v 0.12168 0.72934 0.82016
v 0.12410 0.72805 0.82058
v 0.11717 0.75128 0.83966
v 0.11905 0.75151 0.83844
v 0.12122 0.75159 0.83726
v 0.12364 0.75124 0.83649
v 0.12606 0.75041 0.83633
v 0.12824 0.74928 0.83667
v 0.13012 0.74814 0.83717
v 0.11717 0.73022 0.86621
v 0.11905 0.72908 0.86670
v 0.12122 0.72795 0.86705
v 0.12364 0.72712 0.86688
v 0.12606 0.72677 0.86612
v 0.12824 0.72685 0.86494
v 0.13012 0.72708 0.86372
v 0.10743 0.71040 0.85112
v 0.10985 0.70911 0.85154
v 0.11264 0.70781 0.85179
v 0.11576 0.70681 0.85150
v 0.11888 0.70630 0.85059
v 0.12168 0.70624 0.84927
v 0.12410 0.70636 0.84792
v 0.09787 0.69084 0.83563
v 0.10077 0.68943 0.83595
v 0.10414 0.68799 0.83609
v 0.10788 0.68684 0.83568
v 0.11163 0.68618 0.83465
v 0.11499 0.68599 0.83322
v 0.11789 0.68598 0.83178
v 0.08832 0.67128 0.82011
v 0.09171 0.66976 0.82034
v 0.09563 0.66819 0.82038
v 0.10000 0.66688 0.81985
v 0.10437 0.66607 0.81870
v 0.10829 0.66574 0.81715
v 0.11168 0.66562 0.81562
v 0.07877 0.65173 0.80460
v 0.08264 0.65009 0.80474
v 0.08713 0.64838 0.80466
v 0.09212 0.64692 0.80401
v 0.09711 0.64596 0.80274
v 0.10160 0.64550 0.80109
v 0.10547 0.64526 0.79946
v 0.06924 0.63219 0.78906
v 0.07359 0.63043 0.78911
v 0.07863 0.62859 0.78892
v 0.08424 0.62698 0.78816
v 0.08985 0.62587 0.78677
v 0.09489 0.62527 0.78501
v 0.09924 0.62492 0.78329
v 0.06017 0.61283 0.77306
v 0.06487 0.61102 0.77301
v 0.07030 0.60909 0.77273
v 0.07636 0.60739 0.77187
v 0.08241 0.60616 0.77040
v 0.08785 0.60545 0.76859
v 0.09255 0.60499 0.76683
v 0.11717 0.75128 0.83966
v 0.11905 0.75151 0.83844
v 0.12122 0.75159 0.83726
v 0.12364 0.75124 0.83649
v 0.12606 0.75041 0.83633
v 0.12824 0.74928 0.83667
v 0.13012 0.74814 0.83717
v 0.11675 0.74833 0.84359
v 0.11932 0.74725 0.84367
v 0.12128 0.74745 0.84244
v 0.12364 0.74722 0.84156
v 0.12601 0.74630 0.84154
v 0.12796 0.74516 0.84201
v 0.13054 0.74499 0.84094
v 0.11638 0.74488 0.84812
v 0.11891 0.74417 0.84775
v 0.12148 0.74321 0.84768
v 0.12364 0.74320 0.84662
v 0.12580 0.74217 0.84685
v 0.12837 0.74188 0.84593
v 0.13091 0.74136 0.84533
v 0.11623 0.74098 0.85311
v 0.11870 0.74038 0.85264
v 0.12117 0.73978 0.85216
v 0.12364 0.73918 0.85169
v 0.12611 0.73858 0.85121
v 0.12858 0.73798 0.85074
v 0.13106 0.73738 0.85026
v 0.11638 0.73700 0.85805
v 0.11891 0.73648 0.85745
v 0.12148 0.73619 0.85653
v 0.12364 0.73516 0.85675
v 0.12580 0.73515 0.85570
v 0.12837 0.73419 0.85563
v 0.13091 0.73348 0.85526
v 0.11675 0.73337 0.86243
v 0.11932 0.73320 0.86137
v 0.12128 0.73206 0.86184
v 0.12364 0.73114 0.86182
v 0.12601 0.73091 0.86093
v 0.12796 0.73111 0.85971
v 0.13054 0.73003 0.85978
v 0.11717 0.73022 0.86621
v 0.11905 0.72908 0.86670
v 0.12122 0.72795 0.86705
v 0.12364 0.72712 0.86688
v 0.12606 0.72677 0.86612
v 0.12824 0.72685 0.86494
v 0.13012 0.72708 0.86372
v 0.09255 0.62606 0.74029
v 0.08785 0.62788 0.74033
v 0.08241 0.62980 0.74061
v 0.07636 0.63150 0.74148
v 0.07030 0.63273 0.74294
v 0.06487 0.63344 0.74475
v 0.06017 0.63390 0.74651
v 0.09359 0.62275 0.74394
v 0.08715 0.62385 0.74575
v 0.08227 0.62571 0.74584
v 0.07636 0.62749 0.74654
v 0.07044 0.62857 0.74811
v 0.06557 0.62908 0.74990
v 0.05912 0.63110 0.75057
v 0.09452 0.61898 0.74821
v 0.08819 0.62043 0.74955
v 0.08175 0.62165 0.75121
v 0.07636 0.62347 0.75161
v 0.07096 0.62426 0.75329
v 0.06453 0.62616 0.75410
v 0.05819 0.62779 0.75520
v 0.09489 0.61495 0.75311
v 0.08871 0.61645 0.75430
v 0.08254 0.61795 0.75548
v 0.07636 0.61945 0.75667
v 0.07018 0.62094 0.75786
v 0.06400 0.62244 0.75905
v 0.05782 0.62394 0.76024
v 0.09452 0.61110 0.75814
v 0.08819 0.61273 0.75925
v 0.08175 0.61463 0.76006
v 0.07636 0.61543 0.76174
v 0.07096 0.61724 0.76213
v 0.06453 0.61846 0.76380
v 0.05819 0.61991 0.76513
v 0.09359 0.60779 0.76278
v 0.08715 0.60981 0.76345
v 0.08227 0.61032 0.76523
v 0.07636 0.61141 0.76680
v 0.07044 0.61318 0.76751
v 0.06557 0.61504 0.76760
v 0.05912 0.61615 0.76941
v 0.09255 0.60499 0.76683
v 0.08785 0.60545 0.76859
v 0.08241 0.60616 0.77040
v 0.07636 0.60739 0.77187
v 0.07030 0.60909 0.77273
v 0.06487 0.61102 0.77301
v 0.06017 0.61283 0.77306
vn 0.98732 0.15815 0.01389
vn 0.98765 0.15623 0.01213
vn 0.98428 0.15570 -0.08337
vn 0.98456 0.15336 -0.08439
vn 0.97407 0.15172 -0.16783
vn 0.97454 0.14884 -0.16767
vn 0.99863 0.00000 -0.05236
vn 0.99672 0.00000 -0.08089
vn 0.99493 0.00000 -0.10060
vn 0.98014 -0.15700 -0.12114
vn 0.98066 -0.15513 -0.11932
vn 0.98419 -0.15569 -0.08443
vn 0.98466 -0.15337 -0.08322
vn 0.98729 -0.15378 -0.04002
vn 0.98775 -0.15086 -0.03988
vn -0.97476 0.14887 -0.16639
vn -0.97389 0.15169 -0.16892
vn -0.98466 0.15337 -0.08322
vn -0.98419 0.15569 -0.08443
vn -0.98763 0.15623 0.01315
vn -0.98733 0.15815 0.01293
vn -0.99493 0.00000 -0.10060
vn -0.99672 0.00000 -0.08089
vn -0.99863 0.00000 -0.05236
vn -0.98770 -0.15085 -0.04120
vn -0.98734 -0.15379 -0.03889
vn -0.98456 -0.15336 -0.08439
vn -0.98428 -0.15570 -0.08337
vn -0.98054 -0.15511 -0.12032
vn -0.98026 -0.15702 -0.12019
vn -0.24135 0.84914 -0.46979
vn -0.23704 0.85053 -0.46949
vn -0.18817 0.86124 -0.47208
vn -0.18470 0.86216 -0.47177
vn -0.06814 0.87691 -0.47580
vn -0.06683 0.87711 -0.47563
vn 0.06815 0.87703 -0.47558
vn 0.06682 0.87701 -0.47581
vn 0.18823 0.86152 -0.47154
vn 0.18465 0.86192 -0.47222
vn 0.24144 0.84945 -0.46919
vn 0.23697 0.85027 -0.46999
vn -0.26727 0.95899 -0.09438
vn -0.26348 0.96012 -0.09352
vn -0.20860 0.97368 -0.09184
vn -0.20554 0.97440 -0.09113
vn -0.07567 0.99313 -0.08926
vn -0.07452 0.99324 -0.08899
vn 0.07567 0.99315 -0.08899
vn 0.07451 0.99322 -0.08924
vn 0.20861 0.97374 -0.09116
vn 0.20553 0.97434 -0.09173
vn 0.26729 0.95906 -0.09363
vn 0.26346 0.96006 -0.09419
vn -0.24949 0.90916 0.33343
vn -0.24652 0.90964 0.33433
vn -0.19410 0.92017 0.34003
vn -0.19174 0.92041 0.34071
vn -0.07013 0.93479 0.34821
vn -0.06926 0.93477 0.34843
vn 0.07013 0.93472 0.34841
vn 0.06926 0.93484 0.34825
vn 0.19407 0.91999 0.34052
vn 0.19178 0.92057 0.34026
vn 0.24944 0.90898 0.33398
vn 0.24657 0.90982 0.33382
vn -0.23678 -0.87368 -0.42499
vn -0.23963 -0.87323 -0.42431
vn -0.18432 -0.88479 -0.42799
vn -0.18660 -0.88458 -0.42743
vn -0.06663 -0.89924 -0.43236
vn -0.06747 -0.89926 -0.43218
vn 0.06663 -0.89931 -0.43220
vn 0.06746 -0.89918 -0.43235
vn 0.18436 -0.88498 -0.42758
vn 0.18656 -0.88438 -0.42787
vn 0.23683 -0.87389 -0.42453
vn 0.23957 -0.87301 -0.42480
vn -0.26346 -0.96006 -0.09419
vn -0.26729 -0.95906 -0.09363
vn -0.20553 -0.97434 -0.09173
vn -0.20861 -0.97374 -0.09116
vn -0.07451 -0.99322 -0.08924
vn -0.07567 -0.99315 -0.08899
vn 0.07452 -0.99324 -0.08899
vn 0.07567 -0.99313 -0.08926
vn 0.20554 -0.97440 -0.09113
vn 0.20860 -0.97368 -0.09184
vn 0.26348 -0.96012 -0.09352
vn 0.26727 -0.95899 -0.09438
vn -0.25788 -0.92528 0.27812
vn -0.26262 -0.92396 0.27810
vn -0.20072 -0.93691 0.28619
vn -0.20451 -0.93602 0.28642
vn -0.07257 -0.95242 0.29601
vn -0.07399 -0.95225 0.29621
vn 0.07256 -0.95235 0.29624
vn 0.07400 -0.95234 0.29593
vn 0.20068 -0.93674 0.28678
vn 0.20455 -0.93623 0.28573
vn 0.25783 -0.92510 0.27877
vn 0.26268 -0.92417 0.27732
vn 0.00000 0.00000 1.00000
vn 0.00000 0.00000 -1.00000
vn 0.91543 0.32970 0.23083
vn 0.91365 0.33279 0.23344
vn 0.93833 0.34178 0.05217
vn 0.93695 0.34511 0.05496
vn 0.93745 0.34530 0.04429
vn 0.93608 0.34863 0.04708
vn 0.93620 0.34867 0.04417
vn 0.93483 0.35198 0.04696
vn 0.93525 0.35215 0.03598
vn 0.93389 0.35545 0.03876
vn 0.92282 0.35124 -0.15821
vn 0.92194 0.35468 -0.15564
vn 0.93713 0.25944 0.23341
vn 0.93583 0.26203 0.23573
vn 0.96145 0.26920 0.05615
vn 0.96052 0.27196 0.05870
vn 0.96105 0.27211 0.04834
vn 0.96013 0.27487 0.05089
vn 0.96026 0.27491 0.04823
vn 0.95934 0.27766 0.05079
vn 0.95980 0.27780 0.04009
vn 0.95889 0.28055 0.04265
vn 0.94836 0.27747 -0.15367
vn 0.94792 0.28032 -0.15125
vn 0.96689 0.09520 0.23676
vn 0.96656 0.09625 0.23771
vn 0.99326 0.09891 0.06042
vn 0.99309 0.10000 0.06147
vn 0.99359 0.10005 0.05267
vn 0.99342 0.10115 0.05373
vn 0.99348 0.10115 0.05260
vn 0.99331 0.10225 0.05366
vn 0.99376 0.10229 0.04449
vn 0.99360 0.10339 0.04555
vn 0.98344 0.10233 -0.14961
vn 0.98347 0.10344 -0.14860
vn 0.96666 -0.09518 0.23773
vn 0.96678 -0.09627 0.23677
vn 0.99320 -0.09890 0.06148
vn 0.99315 -0.10001 0.06041
vn 0.99353 -0.10005 0.05373
vn 0.99348 -0.10115 0.05266
vn 0.99342 -0.10115 0.05366
vn 0.99337 -0.10225 0.05259
vn 0.99371 -0.10229 0.04556
vn 0.99365 -0.10339 0.04448
vn 0.98358 -0.10235 -0.14862
vn 0.98332 -0.10342 -0.14964
vn 0.93657 -0.25929 0.23581
vn 0.93636 -0.26218 0.23344
vn 0.96130 -0.26916 0.05875
vn 0.96066 -0.27200 0.05611
vn 0.96093 -0.27208 0.05094
vn 0.96026 -0.27491 0.04830
vn 0.96014 -0.27487 0.05083
vn 0.95946 -0.27770 0.04819
vn 0.95970 -0.27777 0.04269
vn 0.95899 -0.28058 0.04005
vn 0.94872 -0.27757 -0.15126
vn 0.94754 -0.28021 -0.15376
vn 0.91484 -0.32948 0.23347
vn 0.91422 -0.33300 0.23091
vn 0.93819 -0.34173 0.05502
vn 0.93709 -0.34517 0.05212
vn 0.93732 -0.34525 0.04714
vn 0.93620 -0.34867 0.04423
vn 0.93608 -0.34863 0.04702
vn 0.93495 -0.35203 0.04411
vn 0.93515 -0.35211 0.03882
vn 0.93399 -0.35549 0.03591
vn 0.92321 -0.35139 -0.15558
vn 0.92154 -0.35452 -0.15838
vn -0.92154 0.35452 -0.15838
vn -0.92321 0.35139 -0.15558
vn -0.93399 0.35549 0.03591
vn -0.93515 0.35211 0.03882
vn -0.93495 0.35203 0.04411
vn -0.93608 0.34863 0.04702
vn -0.93620 0.34867 0.04423
vn -0.93732 0.34525 0.04714
vn -0.93709 0.34517 0.05212
vn -0.93819 0.34173 0.05502
vn -0.91422 0.33300 0.23091
vn -0.91484 0.32948 0.23347
vn -0.94754 0.28021 -0.15376
vn -0.94872 0.27757 -0.15126
vn -0.95899 0.28058 0.04005
vn -0.95970 0.27777 0.04269
vn -0.95946 0.27770 0.04819
vn -0.96014 0.27487 0.05083
vn -0.96026 0.27491 0.04830
vn -0.96093 0.27208 0.05094
vn -0.96066 0.27200 0.05611
vn -0.96130 0.26916 0.05875
vn -0.93636 0.26218 0.23344
vn -0.93657 0.25929 0.23581
vn -0.98332 0.10342 -0.14964
vn -0.98358 0.10235 -0.14862
vn -0.99365 0.10339 0.04448
vn -0.99371 0.10229 0.04556
vn -0.99337 0.10225 0.05259
vn -0.99342 0.10115 0.05366
vn -0.99348 0.10115 0.05266
vn -0.99353 0.10005 0.05373
vn -0.99315 0.10001 0.06041
vn -0.99320 0.09890 0.06148
vn -0.96678 0.09627 0.23677
vn -0.96666 0.09518 0.23773
vn -0.98347 -0.10344 -0.14860
vn -0.98344 -0.10233 -0.14961
vn -0.99360 -0.10339 0.04555
vn -0.99376 -0.10229 0.04449
vn -0.99331 -0.10225 0.05366
vn -0.99348 -0.10115 0.05260
vn -0.99342 -0.10115 0.05373
vn -0.99359 -0.10005 0.05267
vn -0.99309 -0.10000 0.06147
vn -0.99326 -0.09891 0.06042
vn -0.96656 -0.09625 0.23771
vn -0.96689 -0.09520 0.23676
vn -0.94792 -0.28032 -0.15125
vn -0.94836 -0.27747 -0.15367
vn -0.95889 -0.28055 0.04265
vn -0.95980 -0.27780 0.04009
vn -0.95934 -0.27766 0.05079
vn -0.96026 -0.27491 0.04823
vn -0.96013 -0.27487 0.05089
vn -0.96105 -0.27211 0.04834
vn -0.96052 -0.27196 0.05870
vn -0.96145 -0.26920 0.05615
vn -0.93583 -0.26203 0.23573
vn -0.93713 -0.25944 0.23341
vn -0.92194 -0.35468 -0.15564
vn -0.92282 -0.35124 -0.15821
vn -0.93389 -0.35545 0.03876
vn -0.93525 -0.35215 0.03598
vn -0.93483 -0.35198 0.04696
vn -0.93620 -0.34867 0.04417
vn -0.93608 -0.34863 0.04708
vn -0.93745 -0.34530 0.04429
vn -0.93695 -0.34511 0.05496
vn -0.93833 -0.34178 0.05217
vn -0.91365 -0.33279 0.23344
vn -0.91543 -0.32970 0.23083
vn -0.12686 0.98478 -0.11882
vn -0.12817 0.98439 -0.12063
vn -0.09785 0.98816 -0.11821
vn -0.09887 0.98787 -0.11977
vn -0.03495 0.99250 -0.11716
vn -0.03533 0.99241 -0.11776
vn 0.03495 0.99243 -0.11776
vn 0.03533 0.99248 -0.11717
vn 0.09783 0.98797 -0.11973
vn 0.09889 0.98804 -0.11829
vn 0.12683 0.98457 -0.12053
vn 0.12820 0.98459 -0.11897
vn -0.12911 0.99163 0.00101
vn -0.13049 0.99145 -0.00072
vn -0.09959 0.99503 -0.00161
vn -0.10066 0.99492 -0.00317
vn -0.03557 0.99936 -0.00417
vn -0.03596 0.99934 -0.00480
vn 0.03557 0.99936 -0.00480
vn 0.03596 0.99934 -0.00416
vn 0.09959 0.99502 -0.00319
vn 0.10066 0.99492 -0.00158
vn 0.12911 0.99163 -0.00076
vn 0.13049 0.99145 0.00107
vn -0.13049 0.99143 0.00614
vn -0.13190 0.99125 0.00440
vn -0.10066 0.99492 0.00335
vn -0.10176 0.99481 0.00178
vn -0.03596 0.99935 0.00062
vn -0.03635 0.99934 -0.00002
vn 0.03596 0.99935 -0.00002
vn 0.03635 0.99934 0.00062
vn 0.10066 0.99492 0.00176
vn 0.10176 0.99480 0.00339
vn 0.13049 0.99144 0.00435
vn 0.13190 0.99124 0.00621
vn -0.13190 0.99124 0.00625
vn -0.13334 0.99106 0.00449
vn -0.10176 0.99480 0.00343
vn -0.10287 0.99469 0.00184
vn -0.03635 0.99934 0.00066
vn -0.03676 0.99932 0.00002
vn 0.03635 0.99934 0.00002
vn 0.03676 0.99932 0.00067
vn 0.10176 0.99481 0.00182
vn 0.10287 0.99469 0.00347
vn 0.13190 0.99125 0.00444
vn 0.13334 0.99105 0.00632
vn -0.13333 0.99101 0.01136
vn -0.13481 0.99083 0.00960
vn -0.10287 0.99466 0.00839
vn -0.10402 0.99455 0.00678
vn -0.03676 0.99931 0.00544
vn -0.03717 0.99930 0.00480
vn 0.03676 0.99931 0.00480
vn 0.03717 0.99929 0.00545
vn 0.10287 0.99467 0.00676
vn 0.10401 0.99454 0.00843
vn 0.13334 0.99102 0.00954
vn 0.13481 0.99081 0.01144
vn -0.13366 0.98239 0.13054
vn -0.13518 0.98239 0.12901
vn -0.10321 0.98682 0.12463
vn -0.10439 0.98688 0.12316
vn -0.03691 0.99228 0.11837
vn -0.03733 0.99234 0.11775
vn 0.03691 0.99236 0.11776
vn 0.03733 0.99226 0.11840
vn 0.10323 0.98701 0.12309
vn 0.10437 0.98668 0.12479
vn 0.13369 0.98262 0.12881
vn 0.13515 0.98215 0.13083
vn -0.13515 -0.98215 0.13083
vn -0.13369 -0.98262 0.12881
vn -0.10437 -0.98668 0.12479
vn -0.10323 -0.98701 0.12309
vn -0.03733 -0.99226 0.11840
vn -0.03691 -0.99236 0.11776
vn 0.03733 -0.99234 0.11775
vn 0.03691 -0.99228 0.11837
vn 0.10439 -0.98688 0.12316
vn 0.10321 -0.98682 0.12463
vn 0.13518 -0.98239 0.12901
vn 0.13366 -0.98239 0.13054
vn -0.13481 -0.99081 0.01144
vn -0.13334 -0.99102 0.00954
vn -0.10401 -0.99454 0.00843
vn -0.10287 -0.99467 0.00676
vn -0.03717 -0.99929 0.00545
vn -0.03676 -0.99931 0.00480
vn 0.03717 -0.99930 0.00480
vn 0.03676 -0.99931 0.00544
vn 0.10402 -0.99455 0.00678
vn 0.10287 -0.99466 0.00839
vn 0.13481 -0.99083 0.00960
vn 0.13333 -0.99101 0.01136
vn -0.13334 -0.99105 0.00632
vn -0.13190 -0.99125 0.00444
vn -0.10287 -0.99469 0.00347
vn -0.10176 -0.99481 0.00182
vn -0.03676 -0.99932 0.00067
vn -0.03635 -0.99934 0.00002
vn 0.03676 -0.99932 0.00002
vn 0.03635 -0.99934 0.00066
vn 0.10287 -0.99469 0.00184
vn 0.10176 -0.99480 0.00343
vn 0.13334 -0.99106 0.00449
vn 0.13190 -0.99124 0.00625
vn -0.13190 -0.99124 0.00621
vn -0.13049 -0.99144 0.00435
vn -0.10176 -0.99480 0.00339
vn -0.10066 -0.99492 0.00176
vn -0.03635 -0.99934 0.00062
vn -0.03596 -0.99935 -0.00002
vn 0.03635 -0.99934 -0.00002
vn 0.03596 -0.99935 0.00062
vn 0.10176 -0.99481 0.00178
vn 0.10066 -0.99492 0.00335
vn 0.13190 -0.99125 0.00440
vn 0.13049 -0.99143 0.00614
vn -0.13049 -0.99145 0.00107
vn -0.12911 -0.99163 -0.00076
vn -0.10066 -0.99492 -0.00158
vn -0.09959 -0.99502 -0.00319
vn -0.03596 -0.99934 -0.00416
vn -0.03557 -0.99936 -0.00480
vn 0.03596 -0.99934 -0.00480
vn 0.03557 -0.99936 -0.00417
vn 0.10066 -0.99492 -0.00317
vn 0.09959 -0.99503 -0.00161
vn 0.13049 -0.99145 -0.00072
vn 0.12911 -0.99163 0.00101
vn -0.12820 -0.98459 -0.11897
vn -0.12683 -0.98457 -0.12053
vn -0.09889 -0.98804 -0.11829
vn -0.09783 -0.98797 -0.11973
vn -0.03533 -0.99248 -0.11717
vn -0.03495 -0.99243 -0.11776
vn 0.03533 -0.99241 -0.11776
vn 0.03495 -0.99250 -0.11716
vn 0.09887 -0.98787 -0.11977
vn 0.09785 -0.98816 -0.11821
vn 0.12817 -0.98439 -0.12063
vn 0.12686 -0.98478 -0.11882
vn 0.92667 0.11249 0.35865
vn 0.92777 0.11040 0.35644
vn 0.95755 0.12710 0.25872
vn 0.95822 0.12558 0.25700
vn 0.93523 0.07921 0.34507
vn 0.93599 0.07754 0.34339
vn 0.96454 0.09278 0.24710
vn 0.96500 0.09157 0.24573
vn 0.94551 0.00419 0.32555
vn 0.94572 0.00356 0.32497
vn 0.97311 0.01628 0.22975
vn 0.97324 0.01583 0.22925
vn 0.94569 -0.08140 0.31472
vn 0.94558 -0.08074 0.31522
vn 0.97322 -0.07037 0.21885
vn 0.97315 -0.06991 0.21930
vn 0.93567 -0.15887 0.31510
vn 0.93563 -0.15702 0.31613
vn 0.96480 -0.14875 0.21686
vn 0.96477 -0.14745 0.21788
vn 0.92717 -0.19443 0.32024
vn 0.92738 -0.19203 0.32109
vn 0.95785 -0.18486 0.21987
vn 0.95796 -0.18315 0.22085
vn -0.95796 0.12541 0.25806
vn -0.95785 0.12730 0.25751
vn -0.92738 0.11020 0.35753
vn -0.92717 0.11274 0.35728
vn -0.96477 0.09143 0.24668
vn -0.96480 0.09294 0.24601
vn -0.93563 0.07737 0.34439
vn -0.93567 0.07942 0.34383
vn -0.97315 0.01578 0.22964
vn -0.97322 0.01633 0.22931
vn -0.94558 0.00350 0.32538
vn -0.94569 0.00426 0.32505
vn -0.97324 -0.06987 0.21892
vn -0.97311 -0.07042 0.21929
vn -0.94572 -0.08070 0.31481
vn -0.94551 -0.08145 0.31523
vn -0.96500 -0.14736 0.21692
vn -0.96454 -0.14885 0.21796
vn -0.93599 -0.15694 0.31512
vn -0.93523 -0.15897 0.31635
vn -0.95822 -0.18307 0.21978
vn -0.95755 -0.18496 0.22109
vn -0.92777 -0.19196 0.31998
vn -0.92667 -0.19452 0.32163
vn -0.27584 0.85693 0.43542
vn -0.27278 0.85727 0.43666
vn -0.21597 0.87379 0.43572
vn -0.21350 0.87379 0.43693
vn -0.07867 0.89606 0.43690
vn -0.07775 0.89590 0.43740
vn 0.07866 0.89584 0.43736
vn 0.07776 0.89615 0.43688
vn 0.21588 0.87324 0.43686
vn 0.21360 0.87440 0.43565
vn 0.27570 0.85633 0.43667
vn 0.27293 0.85794 0.43525
vn -0.25857 0.79666 0.54633
vn -0.25454 0.79720 0.54744
vn -0.20256 0.81322 0.54557
vn -0.19928 0.81325 0.54673
vn -0.07381 0.83477 0.54563
vn -0.07259 0.83456 0.54612
vn 0.07379 0.83448 0.54607
vn 0.07261 0.83491 0.54558
vn 0.20243 0.81253 0.54665
vn 0.19944 0.81409 0.54541
vn 0.25839 0.79591 0.54751
vn 0.25476 0.79812 0.54598
vn -0.25476 -0.90503 0.34062
vn -0.25839 -0.90324 0.34263
vn -0.19944 -0.92041 0.33627
vn -0.20243 -0.91918 0.33784
vn -0.07261 -0.94066 0.33148
vn -0.07379 -0.94037 0.33206
vn 0.07259 -0.94045 0.33209
vn 0.07381 -0.94054 0.33157
vn 0.19928 -0.91990 0.33775
vn 0.20256 -0.91959 0.33663
vn 0.25454 -0.90447 0.34225
vn 0.25857 -0.90369 0.34130
vn -0.27293 -0.93681 0.21884
vn -0.27570 -0.93559 0.22060
vn -0.21360 -0.95290 0.21532
vn -0.21588 -0.95206 0.21676
vn -0.07776 -0.97432 0.21134
vn -0.07866 -0.97412 0.21189
vn 0.07775 -0.97419 0.21190
vn 0.07867 -0.97423 0.21139
vn 0.21350 -0.95261 0.21671
vn 0.21597 -0.95231 0.21553
vn 0.27278 -0.93650 0.22037
vn 0.27584 -0.93587 0.21925
vn 0.00000 -0.11971 0.99281
vn 0.00000 0.11971 -0.99281
vn 0.97055 0.17872 0.16152
vn 0.97024 0.17979 0.16218
vn 0.97587 0.18266 0.11962
vn 0.97562 0.18361 0.12022
vn 0.97588 0.18376 0.11782
vn 0.97566 0.18461 0.11838
vn 0.97571 0.18464 0.11791
vn 0.97550 0.18540 0.11844
vn 0.97581 0.18558 0.11558
vn 0.97562 0.18626 0.11607
vn 0.98034 0.18979 0.05400
vn 0.98019 0.19042 0.05444
vn 0.97802 0.13709 0.15712
vn 0.97781 0.13793 0.15766
vn 0.98325 0.14049 0.11608
vn 0.98309 0.14123 0.11658
vn 0.98334 0.14137 0.11428
vn 0.98319 0.14203 0.11475
vn 0.98323 0.14206 0.11433
vn 0.98310 0.14265 0.11477
vn 0.98339 0.14281 0.11201
vn 0.98326 0.14335 0.11243
vn 0.98784 0.14659 0.05174
vn 0.98775 0.14708 0.05212
vn 0.98761 0.04529 0.15024
vn 0.98757 0.04560 0.15044
vn 0.99278 0.04757 0.11014
vn 0.99274 0.04785 0.11033
vn 0.99296 0.04794 0.10833
vn 0.99293 0.04819 0.10851
vn 0.99295 0.04820 0.10833
vn 0.99292 0.04842 0.10850
vn 0.99318 0.04853 0.10603
vn 0.99315 0.04873 0.10619
vn 0.99756 0.05145 0.04719
vn 0.99754 0.05163 0.04734
vn 0.98758 -0.05775 0.14610
vn 0.98759 -0.05806 0.14591
vn 0.99276 -0.05665 0.10594
vn 0.99276 -0.05693 0.10576
vn 0.99294 -0.05687 0.10410
vn 0.99294 -0.05712 0.10392
vn 0.99293 -0.05712 0.10407
vn 0.99293 -0.05734 0.10391
vn 0.99316 -0.05726 0.10174
vn 0.99317 -0.05746 0.10158
vn 0.99755 -0.05523 0.04285
vn 0.99755 -0.05541 0.04270
vn 0.97795 -0.14980 0.14554
vn 0.97788 -0.15067 0.14510
vn 0.98320 -0.14974 0.10434
vn 0.98313 -0.15051 0.10390
vn 0.98329 -0.15047 0.10245
vn 0.98323 -0.15115 0.10203
vn 0.98319 -0.15116 0.10241
vn 0.98314 -0.15177 0.10202
vn 0.98335 -0.15172 0.10002
vn 0.98330 -0.15227 0.09964
vn 0.98783 -0.15043 0.03962
vn 0.98777 -0.15093 0.03925
vn 0.97047 -0.19165 0.14649
vn 0.97032 -0.19275 0.14604
vn 0.97582 -0.19206 0.10438
vn 0.97567 -0.19304 0.10391
vn 0.97583 -0.19301 0.10247
vn 0.97571 -0.19388 0.10202
vn 0.97566 -0.19389 0.10246
vn 0.97555 -0.19467 0.10204
vn 0.97576 -0.19463 0.10003
vn 0.97566 -0.19533 0.09963
vn 0.98032 -0.19367 0.03828
vn 0.98021 -0.19430 0.03787
vn -0.98021 0.19044 0.05404
vn -0.98032 0.18977 0.05440
vn -0.97566 0.18628 0.11567
vn -0.97576 0.18555 0.11601
vn -0.97555 0.18542 0.11801
vn -0.97566 0.18461 0.11837
vn -0.97571 0.18464 0.11793
vn -0.97583 0.18373 0.11830
vn -0.97567 0.18364 0.11974
vn -0.97582 0.18263 0.12013
vn -0.97032 0.17982 0.16170
vn -0.97047 0.17868 0.16205
vn -0.98777 0.14710 0.05177
vn -0.98783 0.14657 0.05210
vn -0.98330 0.14337 0.11207
vn -0.98335 0.14279 0.11240
vn -0.98314 0.14268 0.11439
vn -0.98319 0.14204 0.11474
vn -0.98323 0.14206 0.11435
vn -0.98329 0.14134 0.11471
vn -0.98313 0.14126 0.11616
vn -0.98320 0.14046 0.11653
vn -0.97788 0.13796 0.15722
vn -0.97795 0.13706 0.15759
vn -0.99755 0.05163 0.04720
vn -0.99755 0.05144 0.04733
vn -0.99317 0.04874 0.10604
vn -0.99316 0.04853 0.10618
vn -0.99293 0.04842 0.10835
vn -0.99293 0.04819 0.10850
vn -0.99294 0.04819 0.10835
vn -0.99294 0.04793 0.10850
vn -0.99276 0.04785 0.11016
vn -0.99276 0.04756 0.11032
vn -0.98759 0.04561 0.15027
vn -0.98758 0.04528 0.15043
vn -0.99754 -0.05542 0.04284
vn -0.99756 -0.05522 0.04270
vn -0.99315 -0.05747 0.10173
vn -0.99318 -0.05726 0.10158
vn -0.99292 -0.05735 0.10406
vn -0.99295 -0.05711 0.10391
vn -0.99293 -0.05712 0.10409
vn -0.99296 -0.05686 0.10393
vn -0.99274 -0.05693 0.10593
vn -0.99278 -0.05664 0.10576
vn -0.98757 -0.05806 0.14608
vn -0.98761 -0.05774 0.14591
vn -0.98775 -0.15094 0.03960
vn -0.98784 -0.15042 0.03926
vn -0.98326 -0.15228 0.10001
vn -0.98339 -0.15171 0.09964
vn -0.98310 -0.15178 0.10240
vn -0.98323 -0.15115 0.10201
vn -0.98319 -0.15116 0.10243
vn -0.98334 -0.15046 0.10202
vn -0.98309 -0.15052 0.10432
vn -0.98325 -0.14973 0.10389
vn -0.97781 -0.15068 0.14553
vn -0.97802 -0.14979 0.14506
vn -0.98019 -0.19431 0.03827
vn -0.98034 -0.19365 0.03788
vn -0.97562 -0.19534 0.10004
vn -0.97581 -0.19462 0.09960
vn -0.97550 -0.19468 0.10247
vn -0.97571 -0.19388 0.10201
vn -0.97566 -0.19389 0.10248
vn -0.97588 -0.19300 0.10199
vn -0.97562 -0.19305 0.10439
vn -0.97587 -0.19205 0.10387
vn -0.97024 -0.19276 0.14652
vn -0.97055 -0.19164 0.14596
vn -0.24437 0.96579 0.08682
vn -0.24518 0.96562 0.08639
vn -0.19020 0.97798 0.08586
vn -0.19085 0.97789 0.08546
vn -0.06875 0.99401 0.08501
vn -0.06899 0.99400 0.08485
vn 0.06875 0.99402 0.08486
vn 0.06899 0.99399 0.08502
vn 0.19021 0.97802 0.08546
vn 0.19085 0.97786 0.08587
vn 0.24438 0.96583 0.08638
vn 0.24518 0.96558 0.08684
vn -0.24380 0.95725 0.15570
vn -0.24470 0.95709 0.15527
vn -0.18982 0.96974 0.15353
vn -0.19054 0.96966 0.15312
vn -0.06863 0.98609 0.15141
vn -0.06890 0.98609 0.15124
vn 0.06864 0.98611 0.15124
vn 0.06890 0.98607 0.15141
vn 0.18983 0.96980 0.15312
vn 0.19053 0.96960 0.15355
vn 0.24381 0.95732 0.15524
vn 0.24469 0.95701 0.15575
vn -0.24461 0.95659 0.15846
vn -0.24562 0.95640 0.15801
vn -0.19047 0.96918 0.15622
vn -0.19127 0.96909 0.15579
vn -0.06888 0.98566 0.15403
vn -0.06918 0.98567 0.15385
vn 0.06888 0.98569 0.15386
vn 0.06918 0.98564 0.15404
vn 0.19048 0.96925 0.15579
vn 0.19126 0.96902 0.15625
vn 0.24462 0.95666 0.15798
vn 0.24560 0.95632 0.15852
vn -0.24560 0.95632 0.15854
vn -0.24673 0.95611 0.15806
vn -0.19126 0.96902 0.15627
vn -0.19217 0.96891 0.15581
vn -0.06918 0.98564 0.15406
vn -0.06951 0.98564 0.15387
vn 0.06918 0.98567 0.15387
vn 0.06951 0.98561 0.15407
vn 0.19127 0.96909 0.15581
vn 0.19215 0.96884 0.15630
vn 0.24562 0.95640 0.15803
vn 0.24671 0.95602 0.15860
vn -0.24665 0.95568 0.16077
vn -0.24793 0.95543 0.16027
vn -0.19211 0.96850 0.15844
vn -0.19313 0.96838 0.15796
vn -0.06949 0.98528 0.15617
vn -0.06987 0.98529 0.15597
vn 0.06949 0.98531 0.15597
vn 0.06987 0.98525 0.15618
vn 0.19212 0.96858 0.15795
vn 0.19311 0.96829 0.15848
vn 0.24667 0.95576 0.16023
vn 0.24791 0.95534 0.16084
vn -0.24615 0.94651 0.20864
vn -0.24761 0.94624 0.20815
vn -0.19180 0.95967 0.20554
vn -0.19296 0.95954 0.20506
vn -0.06941 0.97683 0.20247
vn -0.06984 0.97684 0.20226
vn 0.06942 0.97687 0.20227
vn 0.06984 0.97679 0.20248
vn 0.19181 0.95977 0.20505
vn 0.19294 0.95943 0.20560
vn 0.24618 0.94662 0.20809
vn 0.24758 0.94611 0.20875
vn -0.24758 -0.96029 0.12863
vn -0.24618 -0.96074 0.12793
vn -0.19294 -0.97330 0.12438
vn -0.19181 -0.97359 0.12380
vn -0.06984 -0.99034 0.11981
vn -0.06942 -0.99039 0.11960
vn 0.06984 -0.99036 0.11959
vn 0.06941 -0.99037 0.11980
vn 0.19296 -0.97336 0.12383
vn 0.19180 -0.97353 0.12430
vn 0.24761 -0.96036 0.12803
vn 0.24615 -0.96068 0.12849
vn -0.24791 -0.96546 0.08012
vn -0.24667 -0.96584 0.07948
vn -0.19311 -0.97818 0.07668
vn -0.19212 -0.97841 0.07613
vn -0.06987 -0.99488 0.07296
vn -0.06949 -0.99493 0.07275
vn 0.06987 -0.99490 0.07275
vn 0.06949 -0.99491 0.07295
vn 0.19313 -0.97821 0.07615
vn 0.19211 -0.97838 0.07662
vn 0.24793 -0.96551 0.07954
vn 0.24665 -0.96580 0.08002
vn -0.24671 -0.96596 0.07783
vn -0.24562 -0.96629 0.07723
vn -0.19215 -0.97854 0.07446
vn -0.19127 -0.97875 0.07395
vn -0.06951 -0.99506 0.07083
vn -0.06918 -0.99510 0.07063
vn 0.06951 -0.99508 0.07063
vn 0.06918 -0.99509 0.07082
vn 0.19217 -0.97857 0.07397
vn 0.19126 -0.97871 0.07441
vn 0.24673 -0.96600 0.07728
vn 0.24560 -0.96625 0.07774
vn -0.24560 -0.96625 0.07772
vn -0.24462 -0.96654 0.07716
vn -0.19126 -0.97872 0.07439
vn -0.19048 -0.97890 0.07392
vn -0.06918 -0.99509 0.07080
vn -0.06888 -0.99512 0.07061
vn 0.06918 -0.99510 0.07061
vn 0.06888 -0.99511 0.07079
vn 0.19127 -0.97875 0.07393
vn 0.19047 -0.97887 0.07435
vn 0.24562 -0.96629 0.07721
vn 0.24461 -0.96651 0.07764
vn -0.24469 -0.96670 0.07490
vn -0.24381 -0.96697 0.07438
vn -0.19053 -0.97906 0.07166
vn -0.18983 -0.97923 0.07121
vn -0.06890 -0.99529 0.06815
vn -0.06864 -0.99532 0.06797
vn 0.06890 -0.99531 0.06797
vn 0.06863 -0.99531 0.06814
vn 0.19054 -0.97909 0.07122
vn 0.18982 -0.97920 0.07162
vn 0.24470 -0.96674 0.07442
vn 0.24380 -0.96693 0.07483
vn -0.24518 -0.96946 0.00552
vn -0.24438 -0.96967 0.00504
vn -0.19085 -0.98161 0.00352
vn -0.19021 -0.98174 0.00311
vn -0.06899 -0.99762 0.00132
vn -0.06875 -0.99763 0.00116
vn 0.06899 -0.99762 0.00116
vn 0.06875 -0.99763 0.00132
vn 0.19085 -0.98161 0.00312
vn 0.19020 -0.98174 0.00350
vn 0.24518 -0.96946 0.00507
vn 0.24437 -0.96967 0.00549
vn 0.00000 -0.04199 0.99912
vn 0.00000 0.04199 -0.99912
vn 0.86806 0.46780 0.16623
vn 0.86972 0.46489 0.16570
vn 0.87315 0.46798 0.13640
vn 0.87451 0.46559 0.13590
vn 0.87461 0.46568 0.13493
vn 0.87574 0.46368 0.13447
vn 0.87570 0.46364 0.13485
vn 0.87666 0.46194 0.13443
vn 0.87682 0.46209 0.13286
vn 0.87765 0.46064 0.13248
vn 0.88153 0.46477 0.08306
vn 0.88223 0.46350 0.08270
vn 0.91175 0.37643 0.16436
vn 0.91290 0.37384 0.16388
vn 0.91662 0.37664 0.13398
vn 0.91756 0.37451 0.13353
vn 0.91767 0.37460 0.13250
vn 0.91846 0.37282 0.13208
vn 0.91842 0.37279 0.13243
vn 0.91908 0.37128 0.13205
vn 0.91926 0.37142 0.13042
vn 0.91983 0.37013 0.13007
vn 0.92401 0.37395 0.07981
vn 0.92450 0.37281 0.07947
vn 0.97742 0.13948 0.15871
vn 0.97762 0.13834 0.15848
vn 0.98190 0.14029 0.12728
vn 0.98206 0.13935 0.12708
vn 0.98221 0.13943 0.12577
vn 0.98235 0.13865 0.12558
vn 0.98233 0.13864 0.12572
vn 0.98244 0.13798 0.12555
vn 0.98267 0.13809 0.12367
vn 0.98277 0.13753 0.12351
vn 0.98751 0.14040 0.07147
vn 0.98759 0.13991 0.07133
vn 0.97745 -0.15230 0.14624
vn 0.97759 -0.15116 0.14649
vn 0.98192 -0.15047 0.11488
vn 0.98203 -0.14953 0.11510
vn 0.98223 -0.14949 0.11346
vn 0.98233 -0.14870 0.11366
vn 0.98235 -0.14870 0.11349
vn 0.98243 -0.14803 0.11368
vn 0.98268 -0.14798 0.11151
vn 0.98275 -0.14741 0.11167
vn 0.98752 -0.14590 0.05931
vn 0.98758 -0.14541 0.05946
vn 0.91182 -0.38890 0.13172
vn 0.91284 -0.38626 0.13236
vn 0.91667 -0.38656 0.10147
vn 0.91752 -0.38439 0.10203
vn 0.91771 -0.38439 0.10020
vn 0.91842 -0.38258 0.10070
vn 0.91846 -0.38258 0.10032
vn 0.91905 -0.38105 0.10077
vn 0.91929 -0.38105 0.09847
vn 0.91980 -0.37973 0.09887
vn 0.92403 -0.37932 0.04784
vn 0.92448 -0.37817 0.04821
vn 0.86813 -0.48011 0.12588
vn 0.86966 -0.47714 0.12656
vn 0.87320 -0.47778 0.09619
vn 0.87446 -0.47534 0.09678
vn 0.87465 -0.47536 0.09495
vn 0.87570 -0.47332 0.09548
vn 0.87574 -0.47332 0.09508
vn 0.87663 -0.47159 0.09556
vn 0.87686 -0.47162 0.09326
vn 0.87761 -0.47012 0.09370
vn 0.88154 -0.47010 0.04344
vn 0.88221 -0.46880 0.04383
vn -0.88221 0.46347 0.08301
vn -0.88154 0.46480 0.08273
vn -0.87761 0.46060 0.13281
vn -0.87686 0.46213 0.13250
vn -0.87663 0.46191 0.13479
vn -0.87574 0.46368 0.13446
vn -0.87570 0.46364 0.13486
vn -0.87465 0.46572 0.13450
vn -0.87446 0.46554 0.13632
vn -0.87320 0.46803 0.13594
vn -0.86966 0.46484 0.16615
vn -0.86813 0.46786 0.16572
vn -0.92448 0.37280 0.07977
vn -0.92403 0.37397 0.07950
vn -0.91980 0.37010 0.13039
vn -0.91929 0.37145 0.13009
vn -0.91905 0.37125 0.13239
vn -0.91846 0.37282 0.13207
vn -0.91842 0.37279 0.13244
vn -0.91771 0.37463 0.13210
vn -0.91752 0.37447 0.13392
vn -0.91667 0.37668 0.13355
vn -0.91284 0.37379 0.16430
vn -0.91182 0.37647 0.16389
vn -0.98758 0.13991 0.07145
vn -0.98752 0.14041 0.07134
vn -0.98275 0.13752 0.12365
vn -0.98268 0.13810 0.12353
vn -0.98243 0.13797 0.12570
vn -0.98235 0.13865 0.12557
vn -0.98233 0.13864 0.12574
vn -0.98223 0.13944 0.12560
vn -0.98203 0.13934 0.12724
vn -0.98192 0.14030 0.12710
vn -0.97759 0.13833 0.15866
vn -0.97745 0.13950 0.15851
vn -0.98759 -0.14540 0.05934
vn -0.98751 -0.14591 0.05944
vn -0.98277 -0.14741 0.11154
vn -0.98267 -0.14798 0.11165
vn -0.98244 -0.14803 0.11353
vn -0.98233 -0.14870 0.11365
vn -0.98235 -0.14870 0.11351
vn -0.98221 -0.14949 0.11363
vn -0.98206 -0.14952 0.11494
vn -0.98190 -0.15047 0.11506
vn -0.97762 -0.15115 0.14632
vn -0.97742 -0.15231 0.14644
vn -0.92450 -0.37817 0.04791
vn -0.92401 -0.37932 0.04815
vn -0.91983 -0.37973 0.09856
vn -0.91926 -0.38105 0.09880
vn -0.91908 -0.38105 0.10043
vn -0.91842 -0.38258 0.10069
vn -0.91846 -0.38258 0.10034
vn -0.91767 -0.38439 0.10060
vn -0.91756 -0.38439 0.10163
vn -0.91662 -0.38656 0.10191
vn -0.91290 -0.38627 0.13194
vn -0.91175 -0.38889 0.13220
vn -0.88223 -0.46880 0.04352
vn -0.88153 -0.47010 0.04377
vn -0.87765 -0.47013 0.09336
vn -0.87682 -0.47161 0.09362
vn -0.87666 -0.47159 0.09520
vn -0.87570 -0.47332 0.09547
vn -0.87574 -0.47332 0.09509
vn -0.87461 -0.47536 0.09538
vn -0.87451 -0.47535 0.09636
vn -0.87315 -0.47778 0.09666
vn -0.86972 -0.47716 0.12612
vn -0.86806 -0.48010 0.12640
vn -0.09325 0.99291 0.07372
vn -0.09292 0.99293 0.07386
vn -0.07181 0.99473 0.07312
vn -0.07156 0.99474 0.07325
vn -0.02560 0.99705 0.07242
vn -0.02551 0.99704 0.07247
vn 0.02560 0.99704 0.07247
vn 0.02551 0.99705 0.07241
vn 0.07181 0.99472 0.07325
vn 0.07156 0.99475 0.07311
vn 0.09325 0.99290 0.07387
vn 0.09293 0.99294 0.07370
vn -0.09283 0.99090 0.09750
vn -0.09245 0.99092 0.09763
vn -0.07149 0.99279 0.09624
vn -0.07120 0.99280 0.09638
vn -0.02548 0.99517 0.09481
vn -0.02538 0.99517 0.09486
vn 0.02548 0.99516 0.09486
vn 0.02538 0.99517 0.09480
vn 0.07149 0.99277 0.09639
vn 0.07120 0.99281 0.09622
vn 0.09283 0.99088 0.09766
vn 0.09245 0.99094 0.09746
vn -0.09245 0.99085 0.09838
vn -0.09201 0.99087 0.09853
vn -0.07119 0.99272 0.09712
vn -0.07086 0.99273 0.09726
vn -0.02538 0.99509 0.09567
vn -0.02526 0.99509 0.09574
vn 0.02538 0.99508 0.09573
vn 0.02526 0.99509 0.09567
vn 0.07119 0.99271 0.09728
vn 0.07086 0.99275 0.09710
vn 0.09245 0.99083 0.09856
vn 0.09201 0.99089 0.09834
vn -0.09201 0.99089 0.09835
vn -0.09150 0.99092 0.09850
vn -0.07086 0.99275 0.09711
vn -0.07046 0.99276 0.09726
vn -0.02526 0.99509 0.09568
vn -0.02512 0.99509 0.09574
vn 0.02526 0.99509 0.09574
vn 0.02512 0.99510 0.09567
vn 0.07086 0.99273 0.09727
vn 0.07046 0.99278 0.09708
vn 0.09201 0.99087 0.09853
vn 0.09150 0.99094 0.09830
vn -0.09150 0.99088 0.09896
vn -0.09090 0.99092 0.09912
vn -0.07046 0.99272 0.09772
vn -0.06999 0.99273 0.09788
vn -0.02512 0.99504 0.09629
vn -0.02495 0.99503 0.09636
vn 0.02512 0.99503 0.09636
vn 0.02495 0.99504 0.09629
vn 0.07046 0.99270 0.09790
vn 0.07000 0.99275 0.09769
vn 0.09150 0.99086 0.09916
vn 0.09090 0.99094 0.09890
vn -0.09081 0.98944 0.11294
vn -0.09009 0.98949 0.11309
vn -0.06994 0.99132 0.11133
vn -0.06937 0.99134 0.11149
vn -0.02493 0.99368 0.10947
vn -0.02473 0.99367 0.10955
vn 0.02493 0.99367 0.10955
vn 0.02473 0.99368 0.10946
vn 0.06993 0.99130 0.11152
vn 0.06937 0.99136 0.11128
vn 0.09081 0.98942 0.11315
vn 0.09009 0.98952 0.11285
vn -0.09009 -0.99550 0.02943
vn -0.09081 -0.99542 0.02974
vn -0.06937 -0.99721 0.02771
vn -0.06993 -0.99716 0.02795
vn -0.02473 -0.99936 0.02571
vn -0.02493 -0.99936 0.02579
vn 0.02473 -0.99936 0.02579
vn 0.02493 -0.99936 0.02572
vn 0.06937 -0.99720 0.02793
vn 0.06994 -0.99717 0.02776
vn 0.09009 -0.99549 0.02967
vn 0.09081 -0.99543 0.02953
vn -0.09090 -0.99574 0.01541
vn -0.09150 -0.99568 0.01568
vn -0.07000 -0.99745 0.01405
vn -0.07046 -0.99741 0.01427
vn -0.02495 -0.99961 0.01246
vn -0.02512 -0.99961 0.01254
vn 0.02495 -0.99961 0.01254
vn 0.02512 -0.99961 0.01247
vn 0.06999 -0.99745 0.01425
vn 0.07046 -0.99742 0.01409
vn 0.09090 -0.99574 0.01563
vn 0.09150 -0.99568 0.01548
vn -0.09150 -0.99569 0.01481
vn -0.09201 -0.99564 0.01505
vn -0.07046 -0.99742 0.01344
vn -0.07086 -0.99739 0.01364
vn -0.02512 -0.99961 0.01184
vn -0.02526 -0.99961 0.01191
vn 0.02512 -0.99961 0.01191
vn 0.02526 -0.99961 0.01185
vn 0.07046 -0.99742 0.01362
vn 0.07086 -0.99740 0.01347
vn 0.09150 -0.99569 0.01501
vn 0.09201 -0.99565 0.01486
vn -0.09201 -0.99565 0.01486
vn -0.09245 -0.99560 0.01508
vn -0.07086 -0.99740 0.01346
vn -0.07119 -0.99737 0.01364
vn -0.02526 -0.99961 0.01184
vn -0.02538 -0.99961 0.01191
vn 0.02526 -0.99961 0.01191
vn 0.02538 -0.99961 0.01185
vn 0.07086 -0.99739 0.01363
vn 0.07119 -0.99737 0.01349
vn 0.09201 -0.99564 0.01505
vn 0.09245 -0.99561 0.01490
vn -0.09245 -0.99562 0.01397
vn -0.09283 -0.99558 0.01418
vn -0.07120 -0.99738 0.01259
vn -0.07149 -0.99736 0.01275
vn -0.02538 -0.99962 0.01097
vn -0.02548 -0.99961 0.01103
vn 0.02538 -0.99962 0.01103
vn 0.02548 -0.99961 0.01098
vn 0.07120 -0.99738 0.01274
vn 0.07149 -0.99736 0.01261
vn 0.09245 -0.99562 0.01415
vn 0.09283 -0.99558 0.01401
vn -0.09293 -0.99562 -0.00987
vn -0.09325 -0.99560 -0.00970
vn -0.07156 -0.99738 -0.01061
vn -0.07181 -0.99736 -0.01047
vn -0.02551 -0.99961 -0.01149
vn -0.02560 -0.99961 -0.01144
vn 0.02551 -0.99961 -0.01144
vn 0.02560 -0.99961 -0.01149
vn 0.07156 -0.99738 -0.01047
vn 0.07181 -0.99736 -0.01060
vn 0.09292 -0.99563 -0.00971
vn 0.09325 -0.99559 -0.00985
vn 0.38349 0.89437 0.23029
vn 0.41041 0.88198 0.23167
vn 0.41326 0.88978 0.19368
vn 0.43614 0.87915 0.19205
vn 0.43584 0.87837 0.19624
vn 0.45526 0.86892 0.19420
vn 0.45482 0.86782 0.20008
vn 0.47149 0.85939 0.19785
vn 0.47130 0.85893 0.20030
vn 0.48576 0.85140 0.19787
vn 0.49044 0.86285 0.12234
vn 0.50320 0.85604 0.11821
vn 0.47205 0.84486 0.25175
vn 0.50156 0.82703 0.25388
vn 0.50629 0.83686 0.20814
vn 0.53106 0.82174 0.20668
vn 0.53065 0.82092 0.21097
vn 0.55133 0.80769 0.20898
vn 0.55069 0.80648 0.21527
vn 0.56819 0.79485 0.21301
vn 0.56794 0.79440 0.21532
vn 0.58295 0.78414 0.21283
vn 0.59013 0.79760 0.12482
vn 0.60326 0.78840 0.12039
vn 0.79437 0.49731 0.34880
vn 0.81204 0.46769 0.34910
vn 0.83194 0.48268 0.27366
vn 0.84586 0.45899 0.27176
vn 0.84577 0.45893 0.27211
vn 0.85656 0.43979 0.26998
vn 0.85569 0.43918 0.27370
vn 0.86428 0.42343 0.27152
vn 0.86466 0.42369 0.26992
vn 0.87167 0.41051 0.26771
vn 0.89387 0.42672 0.13750
vn 0.89973 0.41523 0.13443
vn 0.79582 -0.52555 0.30078
vn 0.81075 -0.49474 0.31291
vn 0.83300 -0.50437 0.22744
vn 0.84489 -0.47982 0.23651
vn 0.84673 -0.48050 0.22842
vn 0.85568 -0.46059 0.23593
vn 0.85657 -0.46090 0.23209
vn 0.86347 -0.44446 0.23848
vn 0.86545 -0.44510 0.22997
vn 0.87093 -0.43130 0.23549
vn 0.89422 -0.43678 0.09790
vn 0.89939 -0.42502 0.10225
vn 0.47290 -0.86419 0.17186
vn 0.50073 -0.84433 0.19073
vn 0.50696 -0.85217 0.12962
vn 0.53039 -0.83544 0.14393
vn 0.53130 -0.83645 0.13441
vn 0.55069 -0.82169 0.14687
vn 0.55133 -0.82238 0.14045
vn 0.56756 -0.80927 0.15149
vn 0.56856 -0.81029 0.14199
vn 0.58235 -0.79864 0.15181
vn 0.59042 -0.80542 0.05191
vn 0.60297 -0.79557 0.05917
vn 0.38404 -0.91154 0.14696
vn 0.40985 -0.89738 0.16348
vn 0.41371 -0.90357 0.11135
vn 0.43569 -0.89151 0.12404
vn 0.43629 -0.89238 0.11540
vn 0.45482 -0.88154 0.12659
vn 0.45527 -0.88215 0.12059
vn 0.47105 -0.87238 0.13061
vn 0.47173 -0.87327 0.12196
vn 0.48534 -0.86447 0.13095
vn 0.49065 -0.87023 0.04433
vn 0.50299 -0.86279 0.05099
vn -0.50299 0.85547 0.12320
vn -0.49065 0.86344 0.11718
vn -0.48534 0.85043 0.20302
vn -0.47173 0.85996 0.19480
vn -0.47105 0.85835 0.20335
vn -0.45527 0.86892 0.19418
vn -0.45482 0.86781 0.20010
vn -0.43629 0.87955 0.18987
vn -0.43569 0.87796 0.19840
vn -0.41371 0.89105 0.18677
vn -0.40985 0.88050 0.23820
vn -0.38404 0.89600 0.22292
vn -0.60297 0.78780 0.12571
vn -0.59042 0.79823 0.11930
vn -0.58235 0.78309 0.21828
vn -0.56856 0.79552 0.20947
vn -0.56756 0.79371 0.21886
vn -0.55133 0.80769 0.20895
vn -0.55069 0.80647 0.21529
vn -0.53130 0.82223 0.20411
vn -0.53039 0.82042 0.21352
vn -0.50696 0.83829 0.20066
vn -0.50073 0.82535 0.26089
vn -0.47290 0.84673 0.24376
vn -0.89939 0.41494 0.13755
vn -0.89422 0.42703 0.13421
vn -0.87093 0.41002 0.27085
vn -0.86545 0.42423 0.26650
vn -0.86347 0.42288 0.27493
vn -0.85657 0.43980 0.26994
vn -0.85568 0.43917 0.27374
vn -0.84673 0.45964 0.26793
vn -0.84489 0.45828 0.27593
vn -0.83300 0.48351 0.26895
vn -0.81075 0.46675 0.35332
vn -0.79582 0.49846 0.34381
vn -0.89973 -0.42504 0.09911
vn -0.89387 -0.43675 0.10121
vn -0.87167 -0.43152 0.23232
vn -0.86466 -0.44484 0.23342
vn -0.86428 -0.44472 0.23504
vn -0.85569 -0.46060 0.23589
vn -0.85656 -0.46089 0.23213
vn -0.84577 -0.48015 0.23265
vn -0.84586 -0.48018 0.23229
vn -0.83194 -0.50394 0.23220
vn -0.81204 -0.49533 0.30863
vn -0.79437 -0.52482 0.30584
vn -0.60326 -0.79572 0.05382
vn -0.59013 -0.80526 0.05746
vn -0.58295 -0.79923 0.14628
vn -0.56794 -0.80967 0.14791
vn -0.56819 -0.80992 0.14557
vn -0.55069 -0.82169 0.14684
vn -0.55133 -0.82238 0.14047
vn -0.53065 -0.83573 0.14135
vn -0.53106 -0.83619 0.13701
vn -0.50629 -0.85138 0.13720
vn -0.50156 -0.84542 0.18360
vn -0.47205 -0.86300 0.17998
vn -0.50320 -0.86294 0.04597
vn -0.49044 -0.87007 0.04952
vn -0.48576 -0.86500 0.12574
vn -0.47130 -0.87271 0.12752
vn -0.47149 -0.87296 0.12505
vn -0.45482 -0.88154 0.12657
vn -0.45526 -0.88215 0.12062
vn -0.43584 -0.89174 0.12185
vn -0.43614 -0.89216 0.11761
vn -0.41326 -0.90289 0.11834
vn -0.41041 -0.89831 0.15685
vn -0.38349 -0.91054 0.15444
vn -0.02896 0.99636 0.08016
vn -0.02799 0.99629 0.08139
vn -0.02226 0.99647 0.08094
vn -0.02152 0.99639 0.08206
vn -0.00792 0.99664 0.08150
vn -0.00766 0.99661 0.08196
vn 0.00792 0.99660 0.08196
vn 0.00766 0.99664 0.08149
vn 0.02226 0.99638 0.08209
vn 0.02152 0.99649 0.08088
vn 0.02895 0.99626 0.08146
vn 0.02799 0.99640 0.08005
vn -0.02797 0.99442 0.10167
vn -0.02689 0.99433 0.10286
vn -0.02150 0.99456 0.10192
vn -0.02067 0.99446 0.10306
vn -0.00765 0.99477 0.10186
vn -0.00735 0.99472 0.10234
vn 0.00765 0.99472 0.10234
vn 0.00735 0.99477 0.10184
vn 0.02150 0.99444 0.10313
vn 0.02068 0.99459 0.10177
vn 0.02796 0.99428 0.10304
vn 0.02689 0.99448 0.10141
vn -0.02689 0.99440 0.10224
vn -0.02569 0.99430 0.10347
vn -0.02068 0.99451 0.10257
vn -0.01975 0.99440 0.10377
vn -0.00735 0.99469 0.10261
vn -0.00703 0.99464 0.10312
vn 0.00735 0.99464 0.10312
vn 0.00703 0.99470 0.10258
vn 0.02067 0.99438 0.10386
vn 0.01975 0.99455 0.10241
vn 0.02689 0.99425 0.10368
vn 0.02569 0.99446 0.10193
vn -0.02569 0.99446 0.10194
vn -0.02433 0.99436 0.10323
vn -0.01975 0.99455 0.10241
vn -0.01870 0.99443 0.10368
vn -0.00703 0.99470 0.10259
vn -0.00665 0.99465 0.10313
vn 0.00703 0.99464 0.10313
vn 0.00665 0.99471 0.10255
vn 0.01975 0.99440 0.10378
vn 0.01871 0.99459 0.10223
vn 0.02569 0.99430 0.10347
vn 0.02433 0.99453 0.10160
vn -0.02433 0.99447 0.10213
vn -0.02278 0.99437 0.10348
vn -0.01871 0.99453 0.10274
vn -0.01751 0.99441 0.10408
vn -0.00665 0.99465 0.10305
vn -0.00623 0.99460 0.10362
vn 0.00665 0.99459 0.10362
vn 0.00623 0.99466 0.10301
vn 0.01870 0.99438 0.10420
vn 0.01751 0.99458 0.10253
vn 0.02433 0.99430 0.10376
vn 0.02278 0.99455 0.10173
vn -0.02277 0.99339 0.11253
vn -0.02098 0.99328 0.11379
vn -0.01750 0.99345 0.11293
vn -0.01613 0.99332 0.11425
vn -0.00623 0.99358 0.11297
vn -0.00574 0.99351 0.11356
vn 0.00622 0.99351 0.11356
vn 0.00574 0.99359 0.11290
vn 0.01750 0.99328 0.11443
vn 0.01613 0.99351 0.11259
vn 0.02276 0.99319 0.11423
vn 0.02098 0.99350 0.11191
vn -0.02098 -0.99938 0.02816
vn -0.02276 -0.99928 0.03049
vn -0.01613 -0.99945 0.02883
vn -0.01750 -0.99938 0.03069
vn -0.00574 -0.99956 0.02914
vn -0.00622 -0.99954 0.02981
vn 0.00574 -0.99954 0.02981
vn 0.00623 -0.99955 0.02921
vn 0.01613 -0.99940 0.03051
vn 0.01750 -0.99942 0.02918
vn 0.02098 -0.99933 0.03005
vn 0.02277 -0.99933 0.02879
vn -0.02278 -0.99958 0.01793
vn -0.02433 -0.99950 0.01997
vn -0.01751 -0.99967 0.01872
vn -0.01870 -0.99962 0.02040
vn -0.00623 -0.99980 0.01919
vn -0.00665 -0.99978 0.01981
vn 0.00623 -0.99978 0.01981
vn 0.00665 -0.99979 0.01923
vn 0.01751 -0.99964 0.02028
vn 0.01871 -0.99965 0.01894
vn 0.02278 -0.99955 0.01969
vn 0.02433 -0.99954 0.01833
vn -0.02433 -0.99955 0.01780
vn -0.02569 -0.99948 0.01969
vn -0.01871 -0.99966 0.01842
vn -0.01975 -0.99961 0.01998
vn -0.00665 -0.99980 0.01873
vn -0.00703 -0.99979 0.01931
vn 0.00665 -0.99979 0.01931
vn 0.00703 -0.99980 0.01877
vn 0.01870 -0.99963 0.01988
vn 0.01975 -0.99963 0.01861
vn 0.02433 -0.99951 0.01944
vn 0.02569 -0.99951 0.01814
vn -0.02569 -0.99951 0.01814
vn -0.02689 -0.99944 0.01990
vn -0.01975 -0.99963 0.01860
vn -0.02067 -0.99958 0.02007
vn -0.00703 -0.99980 0.01876
vn -0.00735 -0.99979 0.01931
vn 0.00703 -0.99979 0.01931
vn 0.00735 -0.99980 0.01879
vn 0.01975 -0.99961 0.01998
vn 0.02068 -0.99961 0.01877
vn 0.02569 -0.99948 0.01968
vn 0.02689 -0.99947 0.01844
vn -0.02689 -0.99948 0.01762
vn -0.02796 -0.99942 0.01926
vn -0.02068 -0.99962 0.01797
vn -0.02150 -0.99958 0.01933
vn -0.00735 -0.99981 0.01801
vn -0.00765 -0.99980 0.01853
vn 0.00735 -0.99980 0.01853
vn 0.00765 -0.99981 0.01804
vn 0.02067 -0.99960 0.01926
vn 0.02150 -0.99960 0.01811
vn 0.02689 -0.99946 0.01907
vn 0.02797 -0.99945 0.01788
vn -0.02799 -0.99960 -0.00383
vn -0.02895 -0.99958 -0.00241
vn -0.02152 -0.99976 -0.00301
vn -0.02226 -0.99975 -0.00179
vn -0.00766 -0.99997 -0.00241
vn -0.00792 -0.99997 -0.00194
vn 0.00766 -0.99997 -0.00194
vn 0.00792 -0.99997 -0.00240
vn 0.02152 -0.99977 -0.00182
vn 0.02226 -0.99975 -0.00295
vn 0.02799 -0.99961 -0.00249
vn 0.02896 -0.99957 -0.00372
vn 0.97073 0.19133 0.14520
vn 0.97095 0.19048 0.14484
vn 0.97513 0.19221 0.11030
vn 0.97533 0.19142 0.11000
vn 0.97546 0.19148 0.10873
vn 0.97563 0.19074 0.10844
vn 0.97561 0.19072 0.10866
vn 0.97578 0.19003 0.10838
vn 0.97593 0.19010 0.10689
vn 0.97608 0.18945 0.10663
vn 0.97943 0.19122 0.06448
vn 0.97956 0.19060 0.06427
vn 0.98322 0.12019 0.13725
vn 0.98332 0.11963 0.13697
vn 0.98701 0.12110 0.10558
vn 0.98710 0.12058 0.10533
vn 0.98722 0.12063 0.10417
vn 0.98730 0.12015 0.10392
vn 0.98728 0.12014 0.10413
vn 0.98736 0.11969 0.10389
vn 0.98749 0.11975 0.10254
vn 0.98757 0.11933 0.10231
vn 0.99059 0.12093 0.06411
vn 0.99065 0.12054 0.06391
vn 0.99086 0.03490 0.13027
vn 0.99088 0.03472 0.13017
vn 0.99426 0.03600 0.10075
vn 0.99428 0.03583 0.10065
vn 0.99440 0.03588 0.09945
vn 0.99441 0.03572 0.09936
vn 0.99440 0.03572 0.09943
vn 0.99442 0.03557 0.09934
vn 0.99455 0.03563 0.09797
vn 0.99456 0.03550 0.09788
vn 0.99738 0.03699 0.06220
vn 0.99739 0.03687 0.06212
vn 0.99088 -0.04570 0.12678
vn 0.99087 -0.04552 0.12688
vn 0.99427 -0.04432 0.09728
vn 0.99427 -0.04415 0.09738
vn 0.99440 -0.04409 0.09600
vn 0.99440 -0.04394 0.09609
vn 0.99441 -0.04393 0.09600
vn 0.99441 -0.04379 0.09609
vn 0.99456 -0.04372 0.09455
vn 0.99456 -0.04359 0.09464
vn 0.99738 -0.04208 0.05880
vn 0.99738 -0.04195 0.05888
vn 0.98325 -0.13127 0.12645
vn 0.98330 -0.13071 0.12667
vn 0.98703 -0.12952 0.09482
vn 0.98708 -0.12900 0.09506
vn 0.98724 -0.12894 0.09346
vn 0.98728 -0.12846 0.09369
vn 0.98730 -0.12845 0.09346
vn 0.98734 -0.12800 0.09369
vn 0.98752 -0.12793 0.09192
vn 0.98755 -0.12750 0.09214
vn 0.99060 -0.12588 0.05355
vn 0.99064 -0.12548 0.05377
vn 0.97076 -0.20283 0.12837
vn 0.97091 -0.20197 0.12859
vn 0.97516 -0.20078 0.09353
vn 0.97530 -0.19998 0.09380
vn 0.97548 -0.19992 0.09203
vn 0.97561 -0.19917 0.09229
vn 0.97564 -0.19916 0.09204
vn 0.97575 -0.19846 0.09229
vn 0.97595 -0.19839 0.09034
vn 0.97606 -0.19774 0.09058
vn 0.97944 -0.19594 0.04800
vn 0.97955 -0.19533 0.04827
vn -0.97603 0.19718 -0.09216
vn -0.97588 0.19781 -0.09235
vn -0.97933 0.19602 -0.04978
vn -0.97919 0.19669 -0.04994
vn -0.97931 0.19660 -0.04799
vn -0.97916 0.19732 -0.04816
vn -0.97917 0.19730 -0.04790
vn -0.97901 0.19807 -0.04808
vn -0.97911 0.19799 -0.04630
vn -0.97894 0.19880 -0.04648
vn -0.98033 0.19704 -0.01121
vn -0.98015 0.19791 -0.01134
vn -0.98738 0.12719 -0.09433
vn -0.98731 0.12760 -0.09451
vn -0.99045 0.12598 -0.05593
vn -0.99039 0.12642 -0.05610
vn -0.99050 0.12634 -0.05433
vn -0.99043 0.12681 -0.05451
vn -0.99044 0.12680 -0.05428
vn -0.99037 0.12730 -0.05446
vn -0.99046 0.12723 -0.05285
vn -0.99038 0.12777 -0.05304
vn -0.99177 0.12627 -0.02102
vn -0.99170 0.12685 -0.02118
vn -0.99430 0.04357 -0.09734
vn -0.99428 0.04370 -0.09741
vn -0.99721 0.04220 -0.06158
vn -0.99720 0.04234 -0.06165
vn -0.99730 0.04228 -0.06011
vn -0.99728 0.04243 -0.06019
vn -0.99729 0.04242 -0.06009
vn -0.99728 0.04259 -0.06017
vn -0.99736 0.04253 -0.05879
vn -0.99735 0.04270 -0.05887
vn -0.99872 0.04141 -0.02912
vn -0.99871 0.04160 -0.02919
vn -0.99429 -0.03524 -0.10073
vn -0.99429 -0.03538 -0.10066
vn -0.99720 -0.03688 -0.06498
vn -0.99720 -0.03702 -0.06491
vn -0.99729 -0.03708 -0.06353
vn -0.99729 -0.03723 -0.06345
vn -0.99729 -0.03723 -0.06353
vn -0.99728 -0.03739 -0.06344
vn -0.99736 -0.03744 -0.06224
vn -0.99736 -0.03762 -0.06216
vn -0.99872 -0.03882 -0.03257
vn -0.99871 -0.03901 -0.03249
vn -0.98736 -0.11881 -0.10486
vn -0.98733 -0.11923 -0.10469
vn -0.99044 -0.12084 -0.06651
vn -0.99040 -0.12128 -0.06630
vn -0.99049 -0.12133 -0.06495
vn -0.99044 -0.12180 -0.06474
vn -0.99043 -0.12179 -0.06494
vn -0.99038 -0.12229 -0.06473
vn -0.99045 -0.12234 -0.06357
vn -0.99040 -0.12288 -0.06334
vn -0.99177 -0.12406 -0.03175
vn -0.99170 -0.12463 -0.03151
vn -0.97600 -0.18874 -0.10859
vn -0.97590 -0.18937 -0.10841
vn -0.97932 -0.19115 -0.06627
vn -0.97921 -0.19182 -0.06604
vn -0.97929 -0.19187 -0.06454
vn -0.97917 -0.19259 -0.06430
vn -0.97916 -0.19258 -0.06453
vn -0.97902 -0.19335 -0.06427
vn -0.97910 -0.19339 -0.06300
vn -0.97895 -0.19421 -0.06273
vn -0.98033 -0.19539 -0.02795
vn -0.98016 -0.19627 -0.02763
vn -0.86012 0.50374 -0.08030
vn -0.85943 0.50497 -0.07991
vn -0.73123 0.67867 -0.06866
vn -0.73015 0.67988 -0.06818
vn -0.32262 0.94588 -0.03501
vn -0.32167 0.94622 -0.03471
vn 0.33038 0.94368 0.01752
vn 0.32943 0.94402 0.01722
vn 0.73734 0.67372 0.04937
vn 0.73624 0.67495 0.04889
vn 0.86527 0.49792 0.05824
vn 0.86456 0.49918 0.05786
vn -0.86454 0.50230 -0.01618
vn -0.86380 0.50360 -0.01567
vn -0.73630 0.67660 0.00896
vn -0.73513 0.67786 0.00958
vn -0.32963 0.94185 0.06525
vn -0.32862 0.94218 0.06559
vn 0.32132 0.93964 0.11762
vn 0.32031 0.94002 0.11734
vn 0.72995 0.67164 0.12682
vn 0.72880 0.67296 0.12642
vn 0.85940 0.49647 0.12224
vn 0.85866 0.49782 0.12195
vn -0.86391 0.50346 -0.01341
vn -0.86311 0.50485 -0.01287
vn -0.73527 0.67766 0.01231
vn -0.73402 0.67900 0.01297
vn -0.32886 0.94182 0.06941
vn -0.32779 0.94217 0.06977
vn 0.31989 0.93962 0.12161
vn 0.31882 0.94002 0.12132
vn 0.72840 0.67271 0.12998
vn 0.72717 0.67411 0.12957
vn 0.85834 0.49765 0.12489
vn 0.85755 0.49908 0.12459
vn -0.86309 0.50487 -0.01322
vn -0.86224 0.50635 -0.01265
vn -0.73400 0.67903 0.01255
vn -0.73267 0.68045 0.01323
vn -0.32778 0.94219 0.06956
vn -0.32663 0.94256 0.06993
vn 0.31880 0.93999 0.12159
vn 0.31766 0.94042 0.12129
vn 0.72712 0.67408 0.13003
vn 0.72581 0.67558 0.12961
vn 0.85751 0.49906 0.12497
vn 0.85667 0.50059 0.12466
vn -0.86233 0.50623 -0.01074
vn -0.86141 0.50782 -0.01014
vn -0.73278 0.68029 0.01555
vn -0.73135 0.68180 0.01626
vn -0.32683 0.94224 0.07322
vn -0.32562 0.94263 0.07361
vn 0.31728 0.94005 0.12506
vn 0.31607 0.94050 0.12475
vn 0.72545 0.67534 0.13280
vn 0.72404 0.67694 0.13237
vn 0.85637 0.50043 0.12731
vn 0.85546 0.50206 0.12699
vn -0.86272 0.50394 0.04192
vn -0.86171 0.50562 0.04263
vn -0.73281 0.67585 0.07876
vn -0.73126 0.67744 0.07960
vn -0.32943 0.93165 0.15329
vn -0.32813 0.93204 0.15371
vn 0.30703 0.92947 0.20450
vn 0.30574 0.92995 0.20423
vn 0.71537 0.67093 0.19520
vn 0.71386 0.67263 0.19488
vn 0.84834 0.49815 0.17934
vn 0.84736 0.49990 0.17913
vn -0.86170 -0.50741 -0.00034
vn -0.86272 -0.50568 -0.00015
vn -0.73126 -0.68174 0.02201
vn -0.73281 -0.68007 0.02222
vn -0.32812 -0.94168 0.07471
vn -0.32944 -0.94121 0.07481
vn 0.30571 -0.94379 0.12574
vn 0.30705 -0.94337 0.12556
vn 0.71378 -0.68659 0.13823
vn 0.71544 -0.68496 0.13779
vn 0.84730 -0.51316 0.13695
vn 0.84840 -0.51144 0.13655
vn -0.86139 -0.50517 -0.05310
vn -0.86235 -0.50356 -0.05280
vn -0.73133 -0.68076 -0.04146
vn -0.73280 -0.67920 -0.04114
vn -0.32560 -0.94549 -0.00600
vn -0.32685 -0.94506 -0.00585
vn 0.31605 -0.94764 0.04566
vn 0.31731 -0.94723 0.04550
vn 0.72398 -0.68566 0.07557
vn 0.72550 -0.68410 0.07522
vn 0.85541 -0.51095 0.08481
vn 0.85641 -0.50933 0.08450
vn -0.86222 -0.50349 -0.05547
vn -0.86311 -0.50199 -0.05517
vn -0.73265 -0.67916 -0.04435
vn -0.73402 -0.67769 -0.04403
vn -0.32662 -0.94511 -0.00965
vn -0.32779 -0.94470 -0.00950
vn 0.31763 -0.94727 0.04221
vn 0.31882 -0.94688 0.04206
vn 0.72576 -0.68407 0.07292
vn 0.72717 -0.68261 0.07258
vn 0.85662 -0.50929 0.08259
vn 0.85755 -0.50777 0.08229
vn -0.86309 -0.50198 -0.05555
vn -0.86393 -0.50057 -0.05526
vn -0.73400 -0.67769 -0.04448
vn -0.73529 -0.67631 -0.04416
vn -0.32777 -0.94471 -0.00977
vn -0.32888 -0.94432 -0.00962
vn 0.31880 -0.94688 0.04226
vn 0.31991 -0.94651 0.04211
vn 0.72713 -0.68261 0.07299
vn 0.72845 -0.68124 0.07266
vn 0.85751 -0.50778 0.08264
vn 0.85838 -0.50636 0.08235
vn -0.86378 -0.50050 -0.05822
vn -0.86456 -0.49918 -0.05793
vn -0.73511 -0.67626 -0.04774
vn -0.73632 -0.67497 -0.04743
vn -0.32861 -0.94436 -0.01392
vn -0.32965 -0.94400 -0.01378
vn 0.32029 -0.94655 0.03829
vn 0.32134 -0.94620 0.03814
vn 0.72875 -0.68120 0.06993
vn 0.72999 -0.67990 0.06961
vn 0.85863 -0.50631 0.08010
vn 0.85944 -0.50497 0.07982
vn -0.85939 -0.49647 -0.12231
vn -0.86015 -0.49524 -0.12195
vn -0.73011 -0.67174 -0.12536
vn -0.73127 -0.67054 -0.12497
vn -0.32165 -0.93995 -0.11419
vn -0.32264 -0.93963 -0.11403
vn 0.32942 -0.94216 -0.06183
vn 0.33040 -0.94181 -0.06194
vn 0.73622 -0.67670 -0.00753
vn 0.73736 -0.67546 -0.00773
vn 0.86455 -0.50229 0.01610
vn 0.86528 -0.50103 0.01593
vn -0.07991 -0.04185 0.99592
vn 0.07991 0.04185 -0.99592
vn 0.98016 0.19790 -0.01107
vn 0.98033 0.19705 -0.01145
vn 0.97895 0.19879 -0.04622
vn 0.97910 0.19800 -0.04655
vn 0.97902 0.19806 -0.04783
vn 0.97916 0.19732 -0.04814
vn 0.97917 0.19731 -0.04791
vn 0.97929 0.19661 -0.04822
vn 0.97921 0.19668 -0.04971
vn 0.97932 0.19603 -0.05000
vn 0.97590 0.19780 -0.09214
vn 0.97600 0.19719 -0.09237
vn 0.99170 0.12684 -0.02094
vn 0.99177 0.12628 -0.02123
vn 0.99040 0.12776 -0.05281
vn 0.99045 0.12724 -0.05308
vn 0.99038 0.12729 -0.05424
vn 0.99043 0.12681 -0.05449
vn 0.99044 0.12680 -0.05429
vn 0.99049 0.12635 -0.05454
vn 0.99040 0.12641 -0.05589
vn 0.99044 0.12599 -0.05613
vn 0.98733 0.12759 -0.09432
vn 0.98736 0.12719 -0.09453
vn 0.99871 0.04160 -0.02910
vn 0.99872 0.04142 -0.02920
vn 0.99736 0.04270 -0.05878
vn 0.99736 0.04253 -0.05888
vn 0.99728 0.04258 -0.06008
vn 0.99729 0.04243 -0.06018
vn 0.99729 0.04243 -0.06010
vn 0.99729 0.04228 -0.06020
vn 0.99720 0.04234 -0.06157
vn 0.99720 0.04220 -0.06166
vn 0.99429 0.04370 -0.09734
vn 0.99429 0.04357 -0.09742
vn 0.99871 -0.03901 -0.03258
vn 0.99872 -0.03882 -0.03249
vn 0.99735 -0.03761 -0.06225
vn 0.99736 -0.03745 -0.06215
vn 0.99728 -0.03739 -0.06353
vn 0.99729 -0.03723 -0.06344
vn 0.99728 -0.03723 -0.06354
vn 0.99730 -0.03708 -0.06345
vn 0.99720 -0.03702 -0.06499
vn 0.99721 -0.03688 -0.06490
vn 0.99428 -0.03538 -0.10074
vn 0.99430 -0.03525 -0.10065
vn 0.99170 -0.12463 -0.03175
vn 0.99177 -0.12406 -0.03154
vn 0.99038 -0.12287 -0.06357
vn 0.99046 -0.12235 -0.06334
vn 0.99037 -0.12228 -0.06495
vn 0.99044 -0.12180 -0.06473
vn 0.99043 -0.12179 -0.06495
vn 0.99050 -0.12134 -0.06474
vn 0.99039 -0.12127 -0.06651
vn 0.99045 -0.12084 -0.06630
vn 0.98731 -0.11922 -0.10488
vn 0.98738 -0.11882 -0.10467
vn 0.98015 -0.19626 -0.02790
vn 0.98033 -0.19540 -0.02770
vn 0.97894 -0.19420 -0.06299
vn 0.97911 -0.19340 -0.06275
vn 0.97901 -0.19334 -0.06452
vn 0.97917 -0.19259 -0.06429
vn 0.97916 -0.19258 -0.06454
vn 0.97931 -0.19188 -0.06431
vn 0.97919 -0.19181 -0.06627
vn 0.97933 -0.19116 -0.06605
vn 0.97588 -0.18936 -0.10862
vn 0.97603 -0.18875 -0.10837
vn -0.97955 0.19060 0.06449
vn -0.97944 0.19122 0.06427
vn -0.97606 0.18944 0.10685
vn -0.97595 0.19011 0.10666
vn -0.97575 0.19002 0.10862
vn -0.97564 0.19074 0.10842
vn -0.97561 0.19072 0.10868
vn -0.97548 0.19149 0.10848
vn -0.97530 0.19141 0.11025
vn -0.97516 0.19223 0.11005
vn -0.97091 0.19047 0.14508
vn -0.97076 0.19135 0.14493
vn -0.99064 0.12053 0.06411
vn -0.99060 0.12094 0.06392
vn -0.98755 0.11932 0.10251
vn -0.98752 0.11976 0.10233
vn -0.98734 0.11968 0.10410
vn -0.98730 0.12015 0.10391
vn -0.98728 0.12014 0.10414
vn -0.98724 0.12064 0.10395
vn -0.98708 0.12057 0.10555
vn -0.98703 0.12111 0.10535
vn -0.98330 0.11962 0.13719
vn -0.98325 0.12020 0.13701
vn -0.99738 0.03686 0.06219
vn -0.99738 0.03700 0.06212
vn -0.99456 0.03549 0.09796
vn -0.99456 0.03564 0.09789
vn -0.99441 0.03557 0.09942
vn -0.99441 0.03572 0.09935
vn -0.99440 0.03572 0.09944
vn -0.99440 0.03588 0.09936
vn -0.99427 0.03583 0.10074
vn -0.99427 0.03600 0.10066
vn -0.99087 0.03472 0.13025
vn -0.99088 0.03490 0.13017
vn -0.99739 -0.04195 0.05880
vn -0.99738 -0.04208 0.05887
vn -0.99456 -0.04358 0.09456
vn -0.99455 -0.04373 0.09463
vn -0.99442 -0.04378 0.09600
vn -0.99440 -0.04394 0.09608
vn -0.99441 -0.04393 0.09601
vn -0.99440 -0.04410 0.09609
vn -0.99428 -0.04415 0.09729
vn -0.99426 -0.04432 0.09737
vn -0.99088 -0.04552 0.12679
vn -0.99086 -0.04571 0.12688
vn -0.99065 -0.12547 0.05358
vn -0.99059 -0.12588 0.05374
vn -0.98757 -0.12750 0.09193
vn -0.98749 -0.12793 0.09213
vn -0.98736 -0.12799 0.09348
vn -0.98728 -0.12846 0.09368
vn -0.98730 -0.12845 0.09347
vn -0.98722 -0.12895 0.09368
vn -0.98710 -0.12899 0.09484
vn -0.98701 -0.12953 0.09505
vn -0.98332 -0.13070 0.12645
vn -0.98322 -0.13128 0.12668
vn -0.97956 -0.19532 0.04805
vn -0.97943 -0.19595 0.04821
vn -0.97608 -0.19773 0.09036
vn -0.97593 -0.19840 0.09057
vn -0.97578 -0.19846 0.09206
vn -0.97561 -0.19917 0.09228
vn -0.97563 -0.19916 0.09205
vn -0.97546 -0.19992 0.09228
vn -0.97533 -0.19997 0.09355
vn -0.97513 -0.20079 0.09379
vn -0.97095 -0.20196 0.12835
vn -0.97073 -0.20284 0.12863
vn -0.86528 0.49793 0.05791
vn -0.86455 0.49917 0.05818
vn -0.73736 0.67373 0.04897
vn -0.73622 0.67494 0.04928
vn -0.33040 0.94368 0.01730
vn -0.32942 0.94402 0.01744
vn 0.32264 0.94588 -0.03479
vn 0.32165 0.94621 -0.03493
vn 0.73127 0.67866 -0.06827
vn 0.73011 0.67989 -0.06856
vn 0.86015 0.50373 -0.07997
vn 0.85939 0.50498 -0.08023
vn -0.85944 0.49649 0.12191
vn -0.85863 0.49780 0.12229
vn -0.72999 0.67166 0.12641
vn -0.72875 0.67293 0.12684
vn -0.32134 0.93966 0.11739
vn -0.32029 0.94000 0.11757
vn 0.32965 0.94183 0.06547
vn 0.32861 0.94220 0.06536
vn 0.73632 0.67657 0.00937
vn 0.73511 0.67789 0.00916
vn 0.86456 0.50228 -0.01585
vn 0.86378 0.50362 -0.01602
vn -0.85838 0.49767 0.12454
vn -0.85751 0.49906 0.12495
vn -0.72845 0.67274 0.12956
vn -0.72713 0.67408 0.13000
vn -0.31991 0.93964 0.12138
vn -0.31880 0.94000 0.12156
vn 0.32888 0.94180 0.06964
vn 0.32777 0.94219 0.06953
vn 0.73529 0.67763 0.01273
vn 0.73400 0.67903 0.01253
vn 0.86393 0.50344 -0.01306
vn 0.86309 0.50487 -0.01324
vn -0.85755 0.49908 0.12461
vn -0.85662 0.50056 0.12503
vn -0.72717 0.67411 0.12960
vn -0.72576 0.67554 0.13006
vn -0.31882 0.94001 0.12135
vn -0.31763 0.94039 0.12154
vn 0.32779 0.94217 0.06980
vn 0.32662 0.94258 0.06968
vn 0.73402 0.67900 0.01299
vn 0.73265 0.68049 0.01279
vn 0.86311 0.50485 -0.01286
vn 0.86222 0.50637 -0.01303
vn -0.85641 0.50045 0.12694
vn -0.85541 0.50204 0.12738
vn -0.72550 0.67538 0.13236
vn -0.72398 0.67691 0.13284
vn -0.31731 0.94007 0.12481
vn -0.31605 0.94047 0.12500
vn 0.32685 0.94222 0.07346
vn 0.32560 0.94266 0.07335
vn 0.73280 0.68025 0.01599
vn 0.73133 0.68184 0.01580
vn 0.86235 0.50621 -0.01036
vn 0.86139 0.50784 -0.01053
vn -0.84840 0.49818 0.17898
vn -0.84730 0.49986 0.17952
vn -0.71544 0.67098 0.19477
vn -0.71378 0.67257 0.19535
vn -0.30705 0.92951 0.20427
vn -0.30571 0.92991 0.20448
vn 0.32944 0.93161 0.15352
vn 0.32812 0.93209 0.15345
vn 0.73281 0.67580 0.07920
vn 0.73126 0.67749 0.07913
vn 0.86272 0.50391 0.04228
vn 0.86170 0.50565 0.04223
vn -0.84736 -0.51316 0.13655
vn -0.84834 -0.51144 0.13691
vn -0.71386 -0.68661 0.13776
vn -0.71537 -0.68494 0.13822
vn -0.30574 -0.94381 0.12548
vn -0.30703 -0.94335 0.12580
vn 0.32813 -0.94165 0.07497
vn 0.32943 -0.94123 0.07458
vn 0.73126 -0.68173 0.02248
vn 0.73281 -0.68008 0.02178
vn 0.86171 -0.50741 0.00006
vn 0.86272 -0.50568 -0.00051
vn -0.85546 -0.51095 0.08442
vn -0.85637 -0.50934 0.08487
vn -0.72404 -0.68566 0.07511
vn -0.72545 -0.68411 0.07567
vn -0.31607 -0.94765 0.04540
vn -0.31728 -0.94723 0.04575
vn 0.32562 -0.94548 -0.00574
vn 0.32683 -0.94506 -0.00610
vn 0.73135 -0.68076 -0.04100
vn 0.73278 -0.67919 -0.04158
vn 0.86141 -0.50518 -0.05271
vn 0.86233 -0.50355 -0.05317
vn -0.85667 -0.50928 0.08222
vn -0.85751 -0.50778 0.08266
vn -0.72581 -0.68407 0.07247
vn -0.72712 -0.68261 0.07301
vn -0.31766 -0.94728 0.04196
vn -0.31880 -0.94688 0.04229
vn 0.32663 -0.94510 -0.00940
vn 0.32778 -0.94471 -0.00974
vn 0.73267 -0.67916 -0.04390
vn 0.73400 -0.67769 -0.04446
vn 0.86224 -0.50350 -0.05509
vn 0.86309 -0.50198 -0.05553
vn -0.85755 -0.50777 0.08228
vn -0.85834 -0.50637 0.08270
vn -0.72717 -0.68261 0.07256
vn -0.72840 -0.68124 0.07308
vn -0.31882 -0.94688 0.04203
vn -0.31989 -0.94651 0.04234
vn 0.32779 -0.94470 -0.00953
vn 0.32886 -0.94433 -0.00985
vn 0.73402 -0.67769 -0.04405
vn 0.73527 -0.67631 -0.04459
vn 0.86311 -0.50199 -0.05519
vn 0.86391 -0.50056 -0.05561
vn -0.85866 -0.50630 0.07975
vn -0.85940 -0.50498 0.08016
vn -0.72880 -0.68119 0.06952
vn -0.72995 -0.67991 0.07002
vn -0.32031 -0.94655 0.03806
vn -0.32132 -0.94619 0.03836
vn 0.32862 -0.94436 -0.01369
vn 0.32963 -0.94401 -0.01400
vn 0.73513 -0.67627 -0.04732
vn 0.73630 -0.67497 -0.04784
vn 0.86380 -0.50051 -0.05787
vn 0.86454 -0.49917 -0.05827
vn -0.86456 -0.50227 0.01578
vn -0.86527 -0.50105 0.01625
vn -0.73624 -0.67667 -0.00791
vn -0.73734 -0.67549 -0.00733
vn -0.32943 -0.94214 -0.06204
vn -0.33038 -0.94183 -0.06172
vn 0.32167 -0.93997 -0.11398
vn 0.32262 -0.93961 -0.11425
vn 0.73015 -0.67176 -0.12498
vn 0.73123 -0.67052 -0.12536
vn 0.85943 -0.49649 -0.12199
vn 0.86012 -0.49522 -0.12228
vn 0.07991 -0.04185 0.99592
vn -0.07991 0.04185 -0.99592
vn 0.56796 0.77114 0.28768
vn 0.60141 0.74348 0.29249
vn 0.61012 0.74674 0.26481
vn 0.63491 0.72527 0.26622
vn 0.63379 0.72490 0.26987
vn 0.65267 0.70786 0.27012
vn 0.65119 0.70739 0.27486
vn 0.66605 0.69359 0.27445
vn 0.66559 0.69344 0.27592
vn 0.67760 0.68205 0.27508
vn 0.69774 0.68676 0.20377
vn 0.70769 0.67699 0.20215
vn 0.70643 0.62532 0.33155
vn 0.73565 0.58886 0.33477
vn 0.74701 0.59209 0.30234
vn 0.76775 0.56500 0.30222
vn 0.76641 0.56467 0.30620
vn 0.78170 0.54392 0.30511
vn 0.77995 0.54351 0.31029
vn 0.79170 0.52715 0.30874
vn 0.79118 0.52703 0.31028
vn 0.80052 0.51382 0.30846
vn 0.82408 0.51772 0.22990
vn 0.83164 0.50659 0.22746
vn 0.89210 0.20981 0.40018
vn 0.89833 0.18420 0.39883
vn 0.91610 0.18551 0.35544
vn 0.92024 0.16795 0.35349
vn 0.92000 0.16794 0.35411
vn 0.92295 0.15526 0.35221
vn 0.92200 0.15521 0.35472
vn 0.92425 0.14562 0.35293
vn 0.92472 0.14564 0.35169
vn 0.92650 0.13814 0.35003
vn 0.95571 0.13889 0.25947
vn 0.95704 0.13277 0.25779
vn 0.83499 -0.38934 0.38886
vn 0.84297 -0.36467 0.39549
vn 0.86291 -0.36896 0.34532
vn 0.86800 -0.35203 0.35021
vn 0.86995 -0.35241 0.34496
vn 0.87329 -0.34012 0.34883
vn 0.87424 -0.34030 0.34627
vn 0.87655 -0.33097 0.34947
vn 0.87865 -0.33135 0.34378
vn 0.88031 -0.32402 0.34649
vn 0.91029 -0.32849 0.25190
vn 0.91176 -0.32260 0.25423
vn 0.57304 -0.75988 0.30693
vn 0.60391 -0.72756 0.32550
vn 0.61886 -0.73407 0.27957
vn 0.64044 -0.70994 0.29296
vn 0.64294 -0.71091 0.28501
vn 0.65845 -0.69216 0.29557
vn 0.66012 -0.69279 0.29033
vn 0.67168 -0.67783 0.29899
vn 0.67416 -0.67873 0.29126
vn 0.68308 -0.66654 0.29855
vn 0.70800 -0.67379 0.21154
vn 0.71554 -0.66387 0.21745
vn 0.40830 -0.87476 0.26093
vn 0.44271 -0.85208 0.27922
vn 0.45413 -0.85815 0.23947
vn 0.47938 -0.84037 0.25292
vn 0.48139 -0.84134 0.24579
vn 0.50033 -0.82695 0.25657
vn 0.50170 -0.82759 0.25178
vn 0.51635 -0.81573 0.26071
vn 0.51840 -0.81666 0.25363
vn 0.53004 -0.80675 0.26119
vn 0.55110 -0.81434 0.18204
vn 0.56095 -0.80619 0.18811
vn -0.58741 0.80724 -0.05759
vn -0.57595 0.81532 -0.05946
vn -0.58739 0.80901 0.02174
vn -0.57370 0.81884 0.01916
vn -0.57457 0.81803 0.02649
vn -0.55757 0.82979 0.02379
vn -0.55817 0.82923 0.02875
vn -0.53648 0.84351 0.02597
vn -0.53741 0.84266 0.03334
vn -0.50886 0.86031 0.03050
vn -0.51384 0.85489 0.07166
vn -0.47495 0.87739 0.06786
vn -0.74166 0.66490 -0.08858
vn -0.73239 0.67475 -0.09124
vn -0.74334 0.66892 -0.00130
vn -0.73224 0.68103 -0.00472
vn -0.73298 0.68025 0.00338
vn -0.71890 0.69511 -0.00032
vn -0.71941 0.69457 0.00516
vn -0.70096 0.71320 0.00119
vn -0.70175 0.71236 0.00949
vn -0.67659 0.73635 0.00520
vn -0.68072 0.73059 0.05342
vn -0.64496 0.76272 0.04784
vn -0.93778 0.32362 -0.12587
vn -0.93551 0.32949 -0.12753
vn -0.94474 0.32656 -0.02868
vn -0.94213 0.33385 -0.03064
vn -0.94241 0.33357 -0.02458
vn -0.93901 0.34285 -0.02677
vn -0.93913 0.34272 -0.02404
vn -0.93451 0.35496 -0.02649
vn -0.93476 0.35467 -0.02089
vn -0.92812 0.37154 -0.02368
vn -0.92930 0.36808 0.03036
vn -0.91929 0.39267 0.02698
vn -0.98229 -0.13178 -0.13323
vn -0.98174 -0.13786 -0.13107
vn -0.99009 -0.13563 -0.03631
vn -0.98912 -0.14310 -0.03397
vn -0.98918 -0.14306 -0.03264
vn -0.98783 -0.15261 -0.02998
vn -0.98773 -0.15270 -0.03265
vn -0.98579 -0.16534 -0.02956
vn -0.98577 -0.16537 -0.03023
vn -0.98278 -0.18288 -0.02655
vn -0.98330 -0.18084 0.02032
vn -0.97816 -0.20641 0.02438
vn -0.85614 -0.50563 -0.10658
vn -0.85017 -0.51669 -0.10122
vn -0.85905 -0.51151 -0.01976
vn -0.85119 -0.52467 -0.01424
vn -0.85107 -0.52481 -0.01587
vn -0.84090 -0.54110 -0.00960
vn -0.84050 -0.54160 -0.01506
vn -0.82691 -0.56228 -0.00778
vn -0.82659 -0.56268 -0.01195
vn -0.80762 -0.58970 -0.00335
vn -0.80977 -0.58593 0.03089
vn -0.78172 -0.62235 0.03986
vn -0.73265 -0.67600 -0.07901
vn -0.72415 -0.68571 -0.07349
vn -0.73335 -0.67985 -0.00005
vn -0.72265 -0.69119 0.00558
vn -0.72250 -0.69136 0.00405
vn -0.70903 -0.70510 0.01042
vn -0.70854 -0.70565 0.00549
vn -0.69111 -0.72264 0.01287
vn -0.69072 -0.72306 0.00908
vn -0.66741 -0.74448 0.01776
vn -0.67014 -0.74077 0.04660
vn -0.63756 -0.76839 0.05562
vn -0.14732 0.98892 0.01825
vn -0.14172 0.98967 0.02184
vn -0.06725 0.99713 0.03474
vn -0.06360 0.99726 0.03780
vn 0.03656 0.99773 0.05651
vn 0.03773 0.99762 0.05770
vn 0.13614 0.98764 0.07773
vn 0.13500 0.98789 0.07652
vn 0.23778 0.96624 0.09919
vn 0.23433 0.96741 0.09598
vn 0.31474 0.94220 0.11492
vn 0.30958 0.94437 0.11098
vn -0.15125 0.98589 0.07172
vn -0.14454 0.98663 0.07534
vn -0.07277 0.99380 0.08410
vn -0.06841 0.99383 0.08734
vn 0.02843 0.99431 0.10268
vn 0.02981 0.99413 0.10398
vn 0.12493 0.98447 0.12334
vn 0.12359 0.98481 0.12196
vn 0.22295 0.96371 0.14683
vn 0.21894 0.96520 0.14306
vn 0.29693 0.94041 0.16575
vn 0.29096 0.94311 0.16091
vn -0.14436 0.98673 0.07435
vn -0.13625 0.98757 0.07837
vn -0.06825 0.99391 0.08650
vn -0.06298 0.99394 0.09009
vn 0.02967 0.99407 0.10463
vn 0.03134 0.99386 0.10609
vn 0.12299 0.98454 0.12473
vn 0.12137 0.98493 0.12320
vn 0.21791 0.96476 0.14750
vn 0.21305 0.96648 0.14324
vn 0.28979 0.94262 0.16577
vn 0.28255 0.94577 0.16023
vn -0.13564 0.98791 0.07513
vn -0.12567 0.98887 0.07967
vn -0.06241 0.99424 0.08718
vn -0.05594 0.99426 0.09124
vn 0.03158 0.99398 0.10493
vn 0.03363 0.99374 0.10658
vn 0.12111 0.98482 0.12437
vn 0.11911 0.98528 0.12263
vn 0.21238 0.96620 0.14615
vn 0.20639 0.96822 0.14126
vn 0.28179 0.94545 0.16346
vn 0.27284 0.94916 0.15704
vn -0.12520 0.98912 0.07720
vn -0.11268 0.99021 0.08238
vn -0.05550 0.99448 0.08903
vn -0.04738 0.99448 0.09366
vn 0.03370 0.99377 0.10624
vn 0.03628 0.99348 0.10812
vn 0.11862 0.98506 0.12486
vn 0.11611 0.98561 0.12286
vn 0.20542 0.96780 0.14549
vn 0.19786 0.97021 0.13980
vn 0.27173 0.94869 0.16172
vn 0.26043 0.95311 0.15411
vn -0.11598 0.98824 0.09967
vn -0.09972 0.98946 0.10503
vn -0.05050 0.99273 0.10930
vn -0.03999 0.99264 0.11433
vn 0.03286 0.99169 0.12441
vn 0.03619 0.99130 0.12653
vn 0.11193 0.98353 0.14193
vn 0.10869 0.98423 0.13959
vn 0.19267 0.96774 0.16236
vn 0.18296 0.97075 0.15545
vn 0.25447 0.95036 0.17903
vn 0.23997 0.95588 0.16942
vn -0.28997 -0.95391 0.07727
vn -0.30706 -0.94829 0.08039
vn -0.23207 -0.96882 0.08683
vn -0.24370 -0.96573 0.08937
vn -0.15754 -0.98230 0.10135
vn -0.16142 -0.98157 0.10224
vn -0.08569 -0.98935 0.11767
vn -0.08180 -0.98975 0.11702
vn -0.01078 -0.99063 0.13612
vn 0.00086 -0.99077 0.13557
vn 0.04787 -0.98741 0.15076
vn 0.06493 -0.98622 0.15214
vn -0.30285 -0.95144 0.05516
vn -0.31621 -0.94693 0.05770
vn -0.23970 -0.96856 0.06661
vn -0.24887 -0.96608 0.06887
vn -0.15786 -0.98396 0.08308
vn -0.16095 -0.98339 0.08394
vn -0.07861 -0.99181 0.10071
vn -0.07551 -0.99212 0.09999
vn 0.00407 -0.99277 0.11999
vn 0.01335 -0.99282 0.11889
vn 0.06862 -0.98847 0.13496
vn 0.08218 -0.98742 0.13505
vn -0.31541 -0.94748 0.05297
vn -0.32614 -0.94370 0.05533
vn -0.24812 -0.96657 0.06461
vn -0.25554 -0.96449 0.06674
vn -0.16053 -0.98364 0.08169
vn -0.16305 -0.98316 0.08251
vn -0.07557 -0.99208 0.10033
vn -0.07305 -0.99234 0.09961
vn 0.01289 -0.99256 0.12109
vn 0.02043 -0.99258 0.11987
vn 0.08165 -0.98713 0.13751
vn 0.09260 -0.98621 0.13719
vn -0.32559 -0.94408 0.05207
vn -0.33440 -0.94086 0.05430
vn -0.25502 -0.96483 0.06380
vn -0.26116 -0.96305 0.06581
vn -0.16283 -0.98330 0.08133
vn -0.16492 -0.98288 0.08211
vn -0.07327 -0.99221 0.10077
vn -0.07117 -0.99243 0.10008
vn 0.01983 -0.99224 0.12277
vn 0.02608 -0.99225 0.12151
vn 0.09190 -0.98582 0.14040
vn 0.10093 -0.98502 0.13985
vn -0.33359 -0.94143 0.04938
vn -0.34096 -0.93867 0.05147
vn -0.26037 -0.96356 0.06133
vn -0.26553 -0.96203 0.06322
vn -0.16440 -0.98320 0.07933
vn -0.16616 -0.98284 0.08007
vn -0.07104 -0.99250 0.09943
vn -0.06927 -0.99270 0.09877
vn 0.02590 -0.99215 0.12235
vn 0.03118 -0.99215 0.12106
vn 0.10072 -0.98490 0.14083
vn 0.10831 -0.98420 0.14010
vn -0.33130 -0.94352 -0.00383
vn -0.33758 -0.94130 -0.00225
vn -0.25623 -0.96654 0.01201
vn -0.26065 -0.96534 0.01361
vn -0.15722 -0.98701 0.03308
vn -0.15874 -0.98674 0.03375
vn -0.06033 -0.99673 0.05378
vn -0.05879 -0.99685 0.05314
vn 0.04075 -0.99636 0.07490
vn 0.04531 -0.99627 0.07350
vn 0.11895 -0.98877 0.09051
vn 0.12550 -0.98806 0.08937
vn -0.19867 0.00784 0.98004
vn 0.19867 -0.00784 -0.98004
vn 0.47585 0.87630 0.07524
vn 0.51317 0.85577 0.06565
vn 0.50969 0.85956 0.03690
vn 0.53671 0.84331 0.02777
vn 0.53718 0.84287 0.03155
vn 0.55757 0.82979 0.02381
vn 0.55817 0.82923 0.02873
vn 0.57405 0.81853 0.02206
vn 0.57423 0.81836 0.02359
vn 0.58692 0.80945 0.01772
vn 0.57658 0.81515 -0.05558
vn 0.58680 0.80741 -0.06131
vn 0.64566 0.76154 0.05637
vn 0.68024 0.73151 0.04661
vn 0.67731 0.73559 0.01246
vn 0.70117 0.71299 0.00327
vn 0.70156 0.71257 0.00743
vn 0.71891 0.69511 -0.00030
vn 0.71941 0.69457 0.00514
vn 0.73254 0.68072 -0.00148
vn 0.73269 0.68056 0.00014
vn 0.74295 0.66933 -0.00567
vn 0.73304 0.67460 -0.08701
vn 0.74104 0.66504 -0.09261
vn 0.91929 0.39231 0.03152
vn 0.92931 0.36833 0.02687
vn 0.92829 0.37133 -0.01993
vn 0.93462 0.35483 -0.02402
vn 0.93465 0.35480 -0.02335
vn 0.93901 0.34285 -0.02674
vn 0.93913 0.34272 -0.02407
vn 0.94230 0.33368 -0.02695
vn 0.94224 0.33374 -0.02828
vn 0.94464 0.32666 -0.03079
vn 0.93579 0.32946 -0.12549
vn 0.93751 0.32365 -0.12780
vn 0.97821 -0.20666 0.01983
vn 0.98325 -0.18068 0.02382
vn 0.98264 -0.18302 -0.03029
vn 0.98588 -0.16526 -0.02709
vn 0.98567 -0.16546 -0.03270
vn 0.98783 -0.15261 -0.02995
vn 0.98773 -0.15270 -0.03268
vn 0.98926 -0.14299 -0.03027
vn 0.98903 -0.14318 -0.03633
vn 0.99018 -0.13557 -0.03419
vn 0.98146 -0.13790 -0.13311
vn 0.98255 -0.13174 -0.13130
vn 0.78125 -0.62343 0.03130
vn 0.81009 -0.58510 0.03772
vn 0.80703 -0.59041 -0.01063
vn 0.82706 -0.56208 -0.00571
vn 0.82643 -0.56287 -0.01404
vn 0.84090 -0.54110 -0.00958
vn 0.84050 -0.54160 -0.01508
vn 0.85142 -0.52437 -0.01100
vn 0.85083 -0.52509 -0.01911
vn 0.85936 -0.51114 -0.01538
vn 0.84955 -0.51686 -0.10545
vn 0.85673 -0.50546 -0.10255
vn 0.63688 -0.76946 0.04821
vn 0.67065 -0.73991 0.05263
vn 0.66672 -0.74522 0.01135
vn 0.69129 -0.72243 0.01466
vn 0.69053 -0.72327 0.00728
vn 0.70903 -0.70510 0.01044
vn 0.70853 -0.70566 0.00547
vn 0.72293 -0.69087 0.00849
vn 0.72221 -0.69167 0.00114
vn 0.73374 -0.67942 0.00398
vn 0.72355 -0.68592 -0.07738
vn 0.73323 -0.67581 -0.07528
vn -0.70677 0.67685 0.20581
vn -0.69870 0.68690 0.19996
vn -0.67638 0.68169 0.27894
vn -0.66691 0.69385 0.27165
vn -0.66471 0.69317 0.27871
vn -0.65267 0.70786 0.27010
vn -0.65119 0.70739 0.27488
vn -0.63544 0.72544 0.26448
vn -0.63326 0.72472 0.27159
vn -0.61199 0.74738 0.25862
vn -0.59952 0.74272 0.29825
vn -0.57023 0.77209 0.28058
vn -0.83061 0.50649 0.23141
vn -0.82516 0.51783 0.22576
vn -0.79910 0.51352 0.31263
vn -0.79274 0.52738 0.30565
vn -0.79012 0.52679 0.31336
vn -0.78171 0.54392 0.30509
vn -0.77994 0.54351 0.31031
vn -0.76841 0.56516 0.30024
vn -0.76575 0.56450 0.30816
vn -0.74931 0.59269 0.29540
vn -0.73327 0.58813 0.34120
vn -0.70933 0.62627 0.32347
vn -0.95653 0.13277 0.25966
vn -0.95625 0.13889 0.25748
vn -0.92575 0.13811 0.35201
vn -0.92555 0.14568 0.34947
vn -0.92340 0.14558 0.35515
vn -0.92296 0.15526 0.35219
vn -0.92199 0.15521 0.35474
vn -0.92112 0.16800 0.35117
vn -0.91912 0.16789 0.35642
vn -0.91744 0.18560 0.35193
vn -0.89693 0.18408 0.40204
vn -0.89392 0.20998 0.39601
vn -0.91226 -0.32265 0.25235
vn -0.90976 -0.32843 0.25389
vn -0.88104 -0.32415 0.34451
vn -0.87783 -0.33120 0.34600
vn -0.87737 -0.33112 0.34724
vn -0.87330 -0.34012 0.34881
vn -0.87423 -0.34029 0.34630
vn -0.86886 -0.35220 0.34790
vn -0.86909 -0.35225 0.34728
vn -0.86161 -0.36870 0.34883
vn -0.84434 -0.36498 0.39228
vn -0.83323 -0.38891 0.39304
vn -0.71654 -0.66408 0.21350
vn -0.70695 -0.67357 0.21569
vn -0.68442 -0.66702 0.29437
vn -0.67268 -0.67820 0.29590
vn -0.67317 -0.67838 0.29435
vn -0.65845 -0.69216 0.29555
vn -0.66011 -0.69279 0.29035
vn -0.64107 -0.71018 0.29098
vn -0.64232 -0.71067 0.28700
vn -0.61670 -0.73320 0.28653
vn -0.60611 -0.72858 0.31905
vn -0.57037 -0.75857 0.31504
vn -0.56184 -0.80642 0.18445
vn -0.55017 -0.81410 0.18587
vn -0.53117 -0.80725 0.25731
vn -0.51716 -0.81610 0.25791
vn -0.51759 -0.81630 0.25643
vn -0.50034 -0.82695 0.25656
vn -0.50170 -0.82758 0.25180
vn -0.47987 -0.84061 0.25119
vn -0.48090 -0.84111 0.24753
vn -0.45241 -0.85730 0.24567
vn -0.44443 -0.85306 0.27344
vn -0.40625 -0.87356 0.26806
vn -0.31530 0.94231 0.11240
vn -0.30900 0.94425 0.11358
vn -0.23827 0.96635 0.09692
vn -0.23382 0.96729 0.09833
vn -0.13633 0.98768 0.07682
vn -0.13480 0.98784 0.07746
vn -0.03638 0.99769 0.05743
vn -0.03792 0.99767 0.05676
vn 0.06770 0.99702 0.03702
vn 0.06313 0.99738 0.03544
vn 0.14781 0.98880 0.02078
vn 0.14121 0.98979 0.01924
vn -0.29757 0.94067 0.16307
vn -0.29026 0.94282 0.16383
vn -0.22351 0.96395 0.14440
vn -0.21833 0.96494 0.14570
vn -0.12514 0.98456 0.12236
vn -0.12336 0.98471 0.12302
vn -0.02823 0.99421 0.10365
vn -0.03003 0.99424 0.10292
vn 0.07325 0.99355 0.08655
vn 0.06789 0.99409 0.08468
vn 0.15176 0.98561 0.07443
vn 0.14399 0.98693 0.07239
vn -0.29049 0.94292 0.16285
vn -0.28179 0.94545 0.16345
vn -0.21852 0.96502 0.14486
vn -0.21239 0.96620 0.14614
vn -0.12322 0.98464 0.12367
vn -0.12111 0.98482 0.12436
vn -0.02945 0.99396 0.10570
vn -0.03158 0.99398 0.10492
vn 0.06877 0.99364 0.08916
vn 0.06240 0.99424 0.08717
vn 0.14491 0.98642 0.07730
vn 0.13564 0.98791 0.07512
vn -0.28255 0.94577 0.16025
vn -0.27199 0.94880 0.16061
vn -0.21305 0.96648 0.14325
vn -0.20565 0.96790 0.14448
vn -0.12136 0.98493 0.12321
vn -0.11883 0.98515 0.12392
vn -0.03134 0.99386 0.10610
vn -0.03390 0.99386 0.10529
vn 0.06298 0.99394 0.09011
vn 0.05529 0.99458 0.08801
vn 0.13625 0.98757 0.07838
vn 0.12499 0.98924 0.07607
vn -0.27257 0.94905 0.15816
vn -0.25948 0.95272 0.15812
vn -0.20615 0.96812 0.14228
vn -0.19704 0.96985 0.14341
vn -0.11891 0.98519 0.12358
vn -0.11580 0.98546 0.12430
vn -0.03343 0.99364 0.10753
vn -0.03658 0.99362 0.10667
vn 0.05614 0.99415 0.09226
vn 0.04666 0.99485 0.09003
vn 0.12589 0.98875 0.08079
vn 0.11190 0.99063 0.07833
vn -0.25539 0.95082 0.17525
vn -0.23888 0.95534 0.17394
vn -0.19346 0.96815 0.15895
vn -0.18202 0.97027 0.15952
vn -0.11223 0.98369 0.14057
vn -0.10834 0.98403 0.14122
vn -0.03257 0.99152 0.12578
vn -0.03653 0.99150 0.12490
vn 0.05118 0.99231 0.11273
vn 0.03917 0.99313 0.11024
vn 0.11670 0.98776 0.10349
vn 0.09884 0.99002 0.10046
vn -0.04883 -0.98805 0.14622
vn -0.06412 -0.98568 0.15593
vn 0.00995 -0.99119 0.13204
vn -0.00015 -0.99029 0.13899
vn 0.08537 -0.98957 0.11604
vn 0.08207 -0.98957 0.11839
vn 0.15784 -0.98208 0.10299
vn 0.16117 -0.98176 0.10087
vn 0.23279 -0.96827 0.09094
vn 0.24310 -0.96619 0.08592
vn 0.29074 -0.95330 0.08185
vn 0.30643 -0.94881 0.07656
vn -0.06948 -0.98895 0.13094
vn -0.08141 -0.98699 0.13862
vn -0.00481 -0.99319 0.11637
vn -0.01268 -0.99244 0.12211
vn 0.07833 -0.99197 0.09926
vn 0.07576 -0.99197 0.10128
vn 0.15813 -0.98379 0.08453
vn 0.16071 -0.98354 0.08265
vn 0.24035 -0.96814 0.07024
vn 0.24830 -0.96646 0.06563
vn 0.30354 -0.95098 0.05921
vn 0.31560 -0.94735 0.05410
vn -0.08242 -0.98756 0.13393
vn -0.09190 -0.98582 0.14041
vn -0.01356 -0.99294 0.11786
vn -0.01983 -0.99224 0.12278
vn 0.07532 -0.99223 0.09903
vn 0.07328 -0.99221 0.10078
vn 0.16077 -0.98350 0.08299
vn 0.16283 -0.98330 0.08134
vn 0.24869 -0.96620 0.06785
vn 0.25502 -0.96483 0.06381
vn 0.31602 -0.94706 0.05657
vn 0.32559 -0.94407 0.05208
vn -0.09260 -0.98621 0.13718
vn -0.10030 -0.98466 0.14277
vn -0.02043 -0.99258 0.11986
vn -0.02553 -0.99193 0.12416
vn 0.07304 -0.99234 0.09960
vn 0.07138 -0.99231 0.10115
vn 0.16305 -0.98316 0.08250
vn 0.16472 -0.98301 0.08104
vn 0.25554 -0.96449 0.06673
vn 0.26069 -0.96336 0.06314
vn 0.32614 -0.94370 0.05532
vn 0.33391 -0.94120 0.05134
vn -0.10136 -0.98525 0.13790
vn -0.10773 -0.98387 0.14279
vn -0.02646 -0.99246 0.11970
vn -0.03067 -0.99187 0.12350
vn 0.07083 -0.99263 0.09837
vn 0.06946 -0.99259 0.09975
vn 0.16460 -0.98308 0.08039
vn 0.16598 -0.98295 0.07909
vn 0.26084 -0.96326 0.06399
vn 0.26510 -0.96230 0.06077
vn 0.33408 -0.94109 0.05234
vn 0.34051 -0.93898 0.04875
vn -0.11949 -0.98894 0.08792
vn -0.12497 -0.98790 0.09189
vn -0.04124 -0.99651 0.07255
vn -0.04484 -0.99612 0.07578
vn 0.06014 -0.99679 0.05284
vn 0.05898 -0.99680 0.05405
vn 0.15740 -0.98695 0.03402
vn 0.15856 -0.98680 0.03283
vn 0.25667 -0.96639 0.01437
vn 0.26022 -0.96548 0.01132
vn 0.33178 -0.94336 -0.00122
vn 0.33711 -0.94145 -0.00478
vn 0.19867 0.00784 0.98004
vn -0.19867 -0.00784 -0.98004
vn 0.92165 0.24144 0.30376
vn 0.91886 0.24780 0.30707
vn 0.92511 0.25000 0.28577
vn 0.92299 0.25470 0.28848
vn 0.92377 0.25498 0.28573
vn 0.92206 0.25857 0.28801
vn 0.92250 0.25873 0.28645
vn 0.92109 0.26155 0.28841
vn 0.92196 0.26187 0.28535
vn 0.92077 0.26415 0.28707
vn 0.93275 0.26869 0.24040
vn 0.93179 0.27061 0.24194
vn 0.93711 0.18350 0.29690
vn 0.93527 0.18857 0.29953
vn 0.94132 0.19030 0.27875
vn 0.93990 0.19405 0.28095
vn 0.94062 0.19426 0.27838
vn 0.93946 0.19714 0.28026
vn 0.93986 0.19726 0.27885
vn 0.93889 0.19952 0.28048
vn 0.93971 0.19977 0.27755
vn 0.93889 0.20160 0.27900
vn 0.95058 0.20520 0.23302
vn 0.94992 0.20674 0.23433
vn 0.95665 0.06184 0.28460
vn 0.95623 0.06376 0.28558
vn 0.96177 0.06460 0.26611
vn 0.96145 0.06603 0.26695
vn 0.96189 0.06610 0.26533
vn 0.96161 0.06720 0.26605
vn 0.96177 0.06722 0.26547
vn 0.96154 0.06809 0.26610
vn 0.96213 0.06819 0.26394
vn 0.96192 0.06889 0.26450
vn 0.97302 0.07074 0.21960
vn 0.97286 0.07134 0.22012
vn 0.95883 -0.07429 0.27408
vn 0.95894 -0.07626 0.27315
vn 0.96393 -0.07622 0.25500
vn 0.96403 -0.07769 0.25419
vn 0.96412 -0.07769 0.25386
vn 0.96421 -0.07882 0.25317
vn 0.96406 -0.07882 0.25374
vn 0.96414 -0.07972 0.25312
vn 0.96444 -0.07972 0.25198
vn 0.96453 -0.08045 0.25143
vn 0.97501 -0.08029 0.20713
vn 0.97507 -0.08090 0.20662
vn 0.94324 -0.19716 0.26726
vn 0.94271 -0.20255 0.26510
vn 0.94736 -0.20313 0.24748
vn 0.94698 -0.20715 0.24558
vn 0.94683 -0.20713 0.24620
vn 0.94658 -0.21023 0.24454
vn 0.94622 -0.21018 0.24597
vn 0.94605 -0.21264 0.24450
vn 0.94615 -0.21265 0.24409
vn 0.94604 -0.21466 0.24277
vn 0.95610 -0.21591 0.19811
vn 0.95598 -0.21758 0.19688
vn 0.92972 -0.25612 0.26463
vn 0.92840 -0.26297 0.26251
vn 0.93303 -0.26386 0.24460
vn 0.93208 -0.26896 0.24268
vn 0.93189 -0.26892 0.24344
vn 0.93119 -0.27285 0.24174
vn 0.93080 -0.27277 0.24332
vn 0.93028 -0.27589 0.24181
vn 0.93035 -0.27590 0.24150
vn 0.92995 -0.27844 0.24013
vn 0.93994 -0.28038 0.19468
vn 0.93958 -0.28250 0.19337
vn -0.93207 0.27072 0.24075
vn -0.93245 0.26858 0.24167
vn -0.92112 0.26428 0.28581
vn -0.92157 0.26173 0.28673
vn -0.92148 0.26169 0.28703
vn -0.92206 0.25857 0.28800
vn -0.92250 0.25873 0.28646
vn -0.92327 0.25480 0.28747
vn -0.92348 0.25488 0.28673
vn -0.92455 0.24980 0.28778
vn -0.91945 0.24800 0.30513
vn -0.92094 0.24120 0.30608
vn -0.95017 0.20682 0.23325
vn -0.95031 0.20511 0.23418
vn -0.93921 0.20169 0.27786
vn -0.93936 0.19966 0.27881
vn -0.93925 0.19963 0.27922
vn -0.93947 0.19714 0.28025
vn -0.93986 0.19726 0.27886
vn -0.94018 0.19413 0.27997
vn -0.94034 0.19418 0.27937
vn -0.94081 0.19015 0.28057
vn -0.93580 0.18872 0.29777
vn -0.93648 0.18333 0.29900
vn -0.97296 0.07135 0.21968
vn -0.97292 0.07072 0.22007
vn -0.96205 0.06891 0.26403
vn -0.96199 0.06816 0.26445
vn -0.96168 0.06812 0.26559
vn -0.96162 0.06720 0.26604
vn -0.96177 0.06722 0.26548
vn -0.96171 0.06607 0.26598
vn -0.96162 0.06606 0.26631
vn -0.96157 0.06457 0.26686
vn -0.95644 0.06379 0.28486
vn -0.95640 0.06180 0.28545
vn -0.97498 -0.08090 0.20706
vn -0.97512 -0.08029 0.20665
vn -0.96440 -0.08045 0.25190
vn -0.96458 -0.07972 0.25146
vn -0.96401 -0.07972 0.25364
vn -0.96421 -0.07882 0.25316
vn -0.96405 -0.07882 0.25375
vn -0.96429 -0.07769 0.25321
vn -0.96386 -0.07769 0.25484
vn -0.96413 -0.07622 0.25425
vn -0.95874 -0.07626 0.27388
vn -0.95908 -0.07429 0.27322
vn -0.95576 -0.21755 0.19798
vn -0.95634 -0.21593 0.19692
vn -0.94574 -0.21462 0.24394
vn -0.94647 -0.21270 0.24280
vn -0.94572 -0.21260 0.24579
vn -0.94658 -0.21023 0.24453
vn -0.94621 -0.21018 0.24598
vn -0.94724 -0.20718 0.24457
vn -0.94657 -0.20710 0.24720
vn -0.94783 -0.20319 0.24562
vn -0.94221 -0.20249 0.26690
vn -0.94383 -0.19723 0.26510
vn -0.93934 -0.28245 0.19459
vn -0.94020 -0.28043 0.19336
vn -0.92963 -0.27838 0.24143
vn -0.93070 -0.27597 0.24007
vn -0.92992 -0.27582 0.24324
vn -0.93119 -0.27285 0.24173
vn -0.93080 -0.27277 0.24334
vn -0.93233 -0.26900 0.24164
vn -0.93163 -0.26887 0.24447
vn -0.93354 -0.26396 0.24253
vn -0.92787 -0.26287 0.26451
vn -0.93036 -0.25624 0.26224
vn -0.21018 0.94164 0.26294
vn -0.21187 0.94152 0.26203
vn -0.16017 0.95282 0.25782
vn -0.16148 0.95285 0.25692
vn -0.05698 0.96585 0.25275
vn -0.05745 0.96592 0.25237
vn 0.05699 0.96595 0.25237
vn 0.05745 0.96582 0.25277
vn 0.16021 0.95307 0.25688
vn 0.16144 0.95258 0.25793
vn 0.21024 0.94192 0.26190
vn 0.21181 0.94122 0.26315
vn -0.20943 0.92972 0.30292
vn -0.21147 0.92956 0.30200
vn -0.15971 0.94148 0.29684
vn -0.16130 0.94151 0.29589
vn -0.05686 0.95510 0.29077
vn -0.05743 0.95519 0.29036
vn 0.05687 0.95522 0.29037
vn 0.05743 0.95506 0.29081
vn 0.15976 0.94178 0.29584
vn 0.16125 0.94116 0.29700
vn 0.20950 0.93006 0.30182
vn 0.21139 0.92918 0.30323
vn -0.21129 0.92871 0.30472
vn -0.21384 0.92846 0.30372
vn -0.16118 0.94071 0.29846
vn -0.16316 0.94070 0.29741
vn -0.05740 0.95462 0.29223
vn -0.05812 0.95472 0.29177
vn 0.05741 0.95476 0.29178
vn 0.05811 0.95457 0.29228
vn 0.16123 0.94106 0.29735
vn 0.16310 0.94032 0.29867
vn 0.21137 0.92909 0.30349
vn 0.21375 0.92802 0.30510
vn -0.21375 0.92802 0.30511
vn -0.21703 0.92762 0.30402
vn -0.16310 0.94031 0.29867
vn -0.16566 0.94024 0.29750
vn -0.05811 0.95456 0.29229
vn -0.05903 0.95467 0.29176
vn 0.05812 0.95472 0.29178
vn 0.05902 0.95449 0.29234
vn 0.16316 0.94070 0.29742
vn 0.16559 0.93980 0.29894
vn 0.21384 0.92845 0.30372
vn 0.21692 0.92712 0.30560
vn -0.21686 0.92683 0.30653
vn -0.22124 0.92619 0.30533
vn -0.16554 0.93951 0.29985
vn -0.16897 0.93933 0.29852
vn -0.05901 0.95422 0.29324
vn -0.06025 0.95432 0.29264
vn 0.05902 0.95439 0.29266
vn 0.06023 0.95412 0.29331
vn 0.16561 0.93996 0.29841
vn 0.16888 0.93881 0.30020
vn 0.21697 0.92733 0.30494
vn 0.22111 0.92561 0.30719
vn -0.21980 0.91967 0.32542
vn -0.22591 0.91862 0.32420
vn -0.16792 0.93304 0.31817
vn -0.17272 0.93267 0.31670
vn -0.05991 0.94852 0.31099
vn -0.06165 0.94864 0.31030
vn 0.05992 0.94874 0.31033
vn 0.06164 0.94837 0.31110
vn 0.16801 0.93358 0.31655
vn 0.17261 0.93201 0.31870
vn 0.21993 0.92027 0.32363
vn 0.22575 0.91788 0.32640
vn -0.23287 -0.95796 0.16756
vn -0.22680 -0.95999 0.16423
vn -0.17794 -0.97145 0.15695
vn -0.17315 -0.97272 0.15441
vn -0.06350 -0.98724 0.14606
vn -0.06172 -0.98748 0.14519
vn 0.06351 -0.98737 0.14517
vn 0.06171 -0.98737 0.14591
vn 0.17801 -0.97179 0.15474
vn 0.17310 -0.97244 0.15621
vn 0.23298 -0.95836 0.16512
vn 0.22672 -0.95967 0.16621
vn -0.22755 -0.96275 0.14606
vn -0.22323 -0.96416 0.14340
vn -0.17369 -0.97531 0.13640
vn -0.17029 -0.97620 0.13433
vn -0.06191 -0.99004 0.12647
vn -0.06065 -0.99021 0.12573
vn 0.06192 -0.99013 0.12572
vn 0.06065 -0.99013 0.12637
vn 0.17374 -0.97556 0.13455
vn 0.17025 -0.97599 0.13590
vn 0.22763 -0.96304 0.14401
vn 0.22316 -0.96391 0.14515
vn -0.22320 -0.96406 0.14413
vn -0.21998 -0.96512 0.14193
vn -0.17027 -0.97612 0.13490
vn -0.16775 -0.97680 0.13316
vn -0.06065 -0.99025 0.12539
vn -0.05972 -0.99039 0.12476
vn 0.06066 -0.99033 0.12476
vn 0.05971 -0.99032 0.12532
vn 0.17032 -0.97633 0.13333
vn 0.16771 -0.97661 0.13453
vn 0.22327 -0.96430 0.14239
vn 0.21993 -0.96491 0.14346
vn -0.21993 -0.96491 0.14345
vn -0.21744 -0.96575 0.14157
vn -0.16771 -0.97661 0.13452
vn -0.16576 -0.97715 0.13302
vn -0.05971 -0.99032 0.12531
vn -0.05899 -0.99043 0.12476
vn 0.05972 -0.99039 0.12475
vn 0.05899 -0.99037 0.12525
vn 0.16775 -0.97680 0.13315
vn 0.16573 -0.97699 0.13424
vn 0.21999 -0.96512 0.14192
vn 0.21739 -0.96556 0.14292
vn -0.21745 -0.96579 0.14128
vn -0.21547 -0.96647 0.13965
vn -0.16577 -0.97720 0.13264
vn -0.16422 -0.97764 0.13131
vn -0.05900 -0.99057 0.12369
vn -0.05843 -0.99066 0.12320
vn 0.05901 -0.99063 0.12320
vn 0.05842 -0.99061 0.12364
vn 0.16580 -0.97736 0.13142
vn 0.16419 -0.97750 0.13241
vn 0.21750 -0.96598 0.13993
vn 0.21543 -0.96631 0.14087
vn -0.21677 -0.97134 0.09752
vn -0.21513 -0.97184 0.09611
vn -0.16513 -0.98215 0.09009
vn -0.16385 -0.98247 0.08892
vn -0.05873 -0.99487 0.08239
vn -0.05826 -0.99493 0.08195
vn 0.05873 -0.99490 0.08195
vn 0.05826 -0.99490 0.08236
vn 0.16515 -0.98224 0.08899
vn 0.16383 -0.98238 0.08993
vn 0.21680 -0.97145 0.09631
vn 0.21510 -0.97174 0.09723
vn 0.00000 -0.02200 0.99976
vn 0.00000 0.02200 -0.99976
vn 0.95373 0.25546 0.15856
vn 0.96593 0.25873 0.00649
vn 0.96593 0.25873 0.00650
vn 0.96595 0.25873 0.00003
vn 0.96595 0.25873 -0.00003
vn 0.96593 0.25873 -0.00649
vn 0.96593 0.25873 -0.00650
vn 0.95373 0.25546 -0.15856
vn 0.96746 0.19920 0.15604
vn 0.97943 0.20166 0.00639
vn 0.97945 0.20167 0.00002
vn 0.97945 0.20167 -0.00002
vn 0.97943 0.20166 -0.00639
vn 0.96746 0.19920 -0.15604
vn 0.98552 0.07217 0.15342
vn 0.99731 0.07303 0.00628
vn 0.99733 0.07303 0.00002
vn 0.99733 0.07303 -0.00002
vn 0.99731 0.07303 -0.00628
vn 0.98552 0.07217 -0.15342
vn 0.98552 -0.07217 0.15342
vn 0.99731 -0.07303 0.00628
vn 0.99733 -0.07303 0.00002
vn 0.99733 -0.07303 -0.00002
vn 0.99731 -0.07303 -0.00628
vn 0.98552 -0.07217 -0.15342
vn 0.96746 -0.19920 0.15604
vn 0.97943 -0.20166 0.00639
vn 0.97945 -0.20167 0.00002
vn 0.97945 -0.20167 -0.00002
vn 0.97943 -0.20166 -0.00639
vn 0.96746 -0.19920 -0.15604
vn 0.95373 -0.25546 0.15856
vn 0.96593 -0.25873 0.00650
vn 0.96593 -0.25873 0.00649
vn 0.96595 -0.25873 0.00003
vn 0.96595 -0.25873 -0.00003
vn 0.96593 -0.25873 -0.00650
vn 0.96593 -0.25873 -0.00649
vn 0.95373 -0.25546 -0.15856
vn -0.95373 0.25546 -0.15856
vn -0.96593 0.25873 -0.00649
vn -0.96593 0.25873 -0.00650
vn -0.96595 0.25873 -0.00003
vn -0.96595 0.25873 0.00003
vn -0.96593 0.25873 0.00649
vn -0.96593 0.25873 0.00650
vn -0.95373 0.25546 0.15856
vn -0.96746 0.19920 -0.15604
vn -0.97943 0.20166 -0.00639
vn -0.97945 0.20167 -0.00002
vn -0.97945 0.20167 0.00002
vn -0.97943 0.20166 0.00639
vn -0.96746 0.19920 0.15604
vn -0.98552 0.07217 -0.15342
vn -0.99731 0.07303 -0.00628
vn -0.99733 0.07303 -0.00002
vn -0.99733 0.07303 0.00002
vn -0.99731 0.07303 0.00628
vn -0.98552 0.07217 0.15342
vn -0.98552 -0.07217 -0.15342
vn -0.99731 -0.07303 -0.00628
vn -0.99733 -0.07303 -0.00002
vn -0.99733 -0.07303 0.00002
vn -0.99731 -0.07303 0.00628
vn -0.98552 -0.07217 0.15342
vn -0.96746 -0.19920 -0.15604
vn -0.97943 -0.20166 -0.00639
vn -0.97945 -0.20167 -0.00002
vn -0.97945 -0.20167 0.00002
vn -0.97943 -0.20166 0.00639
vn -0.96746 -0.19920 0.15604
vn -0.95373 -0.25546 -0.15856
vn -0.96593 -0.25873 -0.00650
vn -0.96593 -0.25873 -0.00649
vn -0.96595 -0.25873 -0.00003
vn -0.96595 -0.25873 0.00003
vn -0.96593 -0.25873 0.00650
vn -0.96593 -0.25873 0.00649
vn -0.95373 -0.25546 0.15856
vn -0.18027 0.97436 -0.13464
vn -0.13958 0.98143 -0.13156
vn -0.05010 0.99049 -0.12816
vn 0.05010 0.99049 -0.12816
vn 0.13958 0.98143 -0.13156
vn 0.18027 0.97436 -0.13464
vn -0.18193 0.98330 -0.00550
vn -0.18193 0.98330 -0.00549
vn -0.14080 0.99002 -0.00537
vn -0.05052 0.99871 -0.00523
vn 0.05052 0.99871 -0.00523
vn 0.14080 0.99002 -0.00537
vn 0.18193 0.98330 -0.00549
vn 0.18193 0.98330 -0.00550
vn -0.18193 0.98331 -0.00002
vn -0.14081 0.99004 -0.00002
vn -0.05052 0.99872 -0.00002
vn 0.05052 0.99872 -0.00002
vn 0.14081 0.99004 -0.00002
vn 0.18193 0.98331 -0.00002
vn -0.18193 0.98331 0.00002
vn -0.14081 0.99004 0.00002
vn -0.05052 0.99872 0.00002
vn 0.05052 0.99872 0.00002
vn 0.14081 0.99004 0.00002
vn 0.18193 0.98331 0.00002
vn -0.18193 0.98330 0.00550
vn -0.18193 0.98330 0.00549
vn -0.14080 0.99002 0.00537
vn -0.05052 0.99871 0.00523
vn 0.05052 0.99871 0.00523
vn 0.14080 0.99002 0.00537
vn 0.18193 0.98330 0.00549
vn 0.18193 0.98330 0.00550
vn -0.18027 0.97436 0.13464
vn -0.13958 0.98143 0.13156
vn -0.05010 0.99049 0.12816
vn 0.05010 0.99049 0.12816
vn 0.13958 0.98143 0.13156
vn 0.18027 0.97436 0.13464
vn -0.18027 -0.97436 0.13464
vn -0.13958 -0.98143 0.13156
vn -0.05010 -0.99049 0.12816
vn 0.05010 -0.99049 0.12816
vn 0.13958 -0.98143 0.13156
vn 0.18027 -0.97436 0.13464
vn -0.18193 -0.98330 0.00550
vn -0.18193 -0.98330 0.00549
vn -0.14080 -0.99002 0.00537
vn -0.05052 -0.99871 0.00523
vn 0.05052 -0.99871 0.00523
vn 0.14080 -0.99002 0.00537
vn 0.18193 -0.98330 0.00549
vn 0.18193 -0.98330 0.00550
vn -0.18193 -0.98331 0.00002
vn -0.14081 -0.99004 0.00002
vn -0.05052 -0.99872 0.00002
vn 0.05052 -0.99872 0.00002
vn 0.14081 -0.99004 0.00002
vn 0.18193 -0.98331 0.00002
vn -0.18193 -0.98331 -0.00002
vn -0.14081 -0.99004 -0.00002
vn -0.05052 -0.99872 -0.00002
vn 0.05052 -0.99872 -0.00002
vn 0.14081 -0.99004 -0.00002
vn 0.18193 -0.98331 -0.00002
vn -0.18193 -0.98330 -0.00550
vn -0.18193 -0.98330 -0.00549
vn -0.14080 -0.99002 -0.00537
vn -0.05052 -0.99871 -0.00523
vn 0.05052 -0.99871 -0.00523
vn 0.14080 -0.99002 -0.00537
vn 0.18193 -0.98330 -0.00549
vn 0.18193 -0.98330 -0.00550
vn -0.18027 -0.97436 -0.13464
vn -0.13958 -0.98143 -0.13156
vn -0.05010 -0.99049 -0.12816
vn 0.05010 -0.99049 -0.12816
vn 0.13958 -0.98143 -0.13156
vn 0.18027 -0.97436 -0.13464
vn 0.78877 0.58693 0.18264
vn 0.79037 0.58506 0.18171
vn 0.80098 0.59291 0.08301
vn 0.80241 0.59111 0.08207
vn 0.80264 0.59128 0.07851
vn 0.80395 0.58961 0.07761
vn 0.80390 0.58957 0.07843
vn 0.80511 0.58803 0.07756
vn 0.80538 0.58822 0.07321
vn 0.80650 0.58679 0.07238
vn 0.80737 0.58742 -0.05558
vn 0.80833 0.58602 -0.05634
vn 0.90672 0.38314 0.17623
vn 0.90759 0.38151 0.17529
vn 0.91900 0.38630 0.07887
vn 0.91973 0.38475 0.07793
vn 0.91997 0.38485 0.07450
vn 0.92064 0.38342 0.07359
vn 0.92058 0.38339 0.07442
vn 0.92120 0.38207 0.07355
vn 0.92148 0.38219 0.06936
vn 0.92205 0.38096 0.06852
vn 0.92280 0.38126 -0.05556
vn 0.92324 0.38008 -0.05633
vn 0.97731 0.12545 0.17069
vn 0.97746 0.12481 0.17030
vn 0.98913 0.12630 0.07534
vn 0.98923 0.12571 0.07494
vn 0.98951 0.12574 0.07109
vn 0.98961 0.12520 0.07070
vn 0.98959 0.12519 0.07104
vn 0.98968 0.12469 0.07067
vn 0.98999 0.12473 0.06613
vn 0.99007 0.12426 0.06577
vn 0.99068 0.12434 -0.05556
vn 0.99072 0.12390 -0.05589
vn 0.97738 -0.12545 0.17028
vn 0.97739 -0.12480 0.17066
vn 0.98916 -0.12630 0.07494
vn 0.98920 -0.12570 0.07533
vn 0.98954 -0.12575 0.07070
vn 0.98958 -0.12519 0.07108
vn 0.98961 -0.12520 0.07067
vn 0.98965 -0.12468 0.07103
vn 0.99001 -0.12473 0.06577
vn 0.99004 -0.12426 0.06612
vn 0.99067 -0.12433 -0.05589
vn 0.99074 -0.12390 -0.05556
vn 0.90688 -0.38320 0.17528
vn 0.90745 -0.38145 0.17615
vn 0.91906 -0.38633 0.07792
vn 0.91966 -0.38472 0.07883
vn 0.92003 -0.38487 0.07358
vn 0.92058 -0.38339 0.07446
vn 0.92064 -0.38342 0.07355
vn 0.92114 -0.38205 0.07439
vn 0.92153 -0.38221 0.06852
vn 0.92200 -0.38094 0.06933
vn 0.92276 -0.38125 -0.05632
vn 0.92328 -0.38010 -0.05555
vn 0.78891 -0.58703 0.18171
vn 0.79025 -0.58496 0.18255
vn 0.80104 -0.59295 0.08208
vn 0.80235 -0.59106 0.08296
vn 0.80269 -0.59132 0.07762
vn 0.80390 -0.58957 0.07847
vn 0.80395 -0.58961 0.07757
vn 0.80506 -0.58799 0.07839
vn 0.80543 -0.58826 0.07238
vn 0.80645 -0.58675 0.07317
vn 0.80734 -0.58740 -0.05634
vn 0.80837 -0.58605 -0.05557
vn -0.80837 0.58605 -0.05557
vn -0.80734 0.58740 -0.05634
vn -0.80645 0.58675 0.07317
vn -0.80543 0.58826 0.07238
vn -0.80506 0.58799 0.07839
vn -0.80395 0.58961 0.07757
vn -0.80390 0.58957 0.07847
vn -0.80269 0.59132 0.07762
vn -0.80235 0.59106 0.08296
vn -0.80104 0.59295 0.08208
vn -0.79025 0.58496 0.18255
vn -0.78891 0.58703 0.18171
vn -0.92328 0.38010 -0.05555
vn -0.92276 0.38125 -0.05632
vn -0.92200 0.38094 0.06933
vn -0.92153 0.38221 0.06852
vn -0.92114 0.38205 0.07439
vn -0.92064 0.38342 0.07355
vn -0.92058 0.38339 0.07446
vn -0.92003 0.38487 0.07358
vn -0.91966 0.38472 0.07883
vn -0.91906 0.38633 0.07792
vn -0.90745 0.38145 0.17615
vn -0.90688 0.38320 0.17528
vn -0.99074 0.12390 -0.05556
vn -0.99067 0.12433 -0.05589
vn -0.99004 0.12426 0.06612
vn -0.99001 0.12473 0.06577
vn -0.98965 0.12468 0.07103
vn -0.98961 0.12520 0.07067
vn -0.98958 0.12519 0.07108
vn -0.98954 0.12575 0.07070
vn -0.98920 0.12570 0.07533
vn -0.98916 0.12630 0.07494
vn -0.97739 0.12480 0.17066
vn -0.97738 0.12545 0.17028
vn -0.99072 -0.12390 -0.05589
vn -0.99068 -0.12434 -0.05556
vn -0.99007 -0.12426 0.06577
vn -0.98999 -0.12473 0.06613
vn -0.98968 -0.12469 0.07067
vn -0.98959 -0.12519 0.07104
vn -0.98961 -0.12520 0.07070
vn -0.98951 -0.12574 0.07109
vn -0.98923 -0.12571 0.07494
vn -0.98913 -0.12630 0.07534
vn -0.97746 -0.12481 0.17030
vn -0.97731 -0.12545 0.17069
vn -0.92324 -0.38008 -0.05633
vn -0.92280 -0.38126 -0.05556
vn -0.92205 -0.38096 0.06852
vn -0.92148 -0.38219 0.06936
vn -0.92120 -0.38207 0.07355
vn -0.92058 -0.38339 0.07442
vn -0.92064 -0.38342 0.07359
vn -0.91997 -0.38485 0.07450
vn -0.91973 -0.38475 0.07793
vn -0.91900 -0.38630 0.07887
vn -0.90759 -0.38151 0.17529
vn -0.90672 -0.38314 0.17623
vn -0.80833 -0.58602 -0.05634
vn -0.80737 -0.58742 -0.05558
vn -0.80650 -0.58679 0.07238
vn -0.80538 -0.58822 0.07321
vn -0.80511 -0.58803 0.07756
vn -0.80390 -0.58957 0.07843
vn -0.80395 -0.58961 0.07761
vn -0.80264 -0.59128 0.07851
vn -0.80241 -0.59111 0.08207
vn -0.80098 -0.59291 0.08301
vn -0.79037 -0.58506 0.18171
vn -0.78877 -0.58693 0.18264
vn -0.66444 0.74525 -0.05592
vn -0.66314 0.74646 -0.05515
vn -0.45101 0.89082 -0.05500
vn -0.44975 0.89151 -0.05418
vn -0.15179 0.98695 -0.05375
vn -0.15126 0.98705 -0.05339
vn 0.15179 0.98697 -0.05339
vn 0.15126 0.98703 -0.05375
vn 0.45103 0.89086 -0.05417
vn 0.44973 0.89147 -0.05499
vn 0.66447 0.74528 -0.05513
vn 0.66311 0.74643 -0.05592
vn -0.66225 0.74545 0.07566
vn -0.66078 0.74667 0.07651
vn -0.44902 0.89006 0.07854
vn -0.44762 0.89069 0.07943
vn -0.15099 0.98525 0.08058
vn -0.15041 0.98530 0.08097
vn 0.15098 0.98522 0.08096
vn 0.15042 0.98533 0.08058
vn 0.44899 0.89000 0.07941
vn 0.44765 0.89075 0.07854
vn 0.66221 0.74541 0.07648
vn 0.66083 0.74671 0.07567
vn -0.66055 0.74640 0.08095
vn -0.65897 0.74770 0.08184
vn -0.44745 0.89036 0.08389
vn -0.44594 0.89103 0.08482
vn -0.15035 0.98489 0.08596
vn -0.14974 0.98495 0.08636
vn 0.15035 0.98486 0.08635
vn 0.14975 0.98498 0.08595
vn 0.44742 0.89030 0.08479
vn 0.44598 0.89110 0.08389
vn 0.66051 0.74635 0.08180
vn 0.65902 0.74775 0.08096
vn -0.65902 0.74775 0.08100
vn -0.65732 0.74915 0.08192
vn -0.44598 0.89110 0.08393
vn -0.44435 0.89182 0.08489
vn -0.14975 0.98498 0.08599
vn -0.14909 0.98504 0.08641
vn 0.14974 0.98494 0.08640
vn 0.14910 0.98508 0.08598
vn 0.44594 0.89103 0.08486
vn 0.44439 0.89189 0.08392
vn 0.65897 0.74770 0.08187
vn 0.65737 0.74921 0.08101
vn -0.65712 0.74892 0.08553
vn -0.65527 0.75043 0.08649
vn -0.44421 0.89154 0.08850
vn -0.44246 0.89231 0.08949
vn -0.14903 0.98468 0.09056
vn -0.14833 0.98474 0.09099
vn 0.14903 0.98464 0.09098
vn 0.14833 0.98478 0.09055
vn 0.44417 0.89146 0.08945
vn 0.44250 0.89239 0.08849
vn 0.65706 0.74886 0.08644
vn 0.65532 0.75049 0.08554
vn -0.64618 0.74001 0.18665
vn -0.64414 0.74155 0.18759
vn -0.43612 0.87953 0.19035
vn -0.43421 0.88026 0.19131
vn -0.14616 0.97036 0.19244
vn -0.14540 0.97039 0.19285
vn 0.14615 0.97029 0.19283
vn 0.14542 0.97048 0.19242
vn 0.43604 0.87937 0.19125
vn 0.43429 0.88044 0.19032
vn 0.64607 0.73989 0.18751
vn 0.64426 0.74168 0.18665
vn -0.64426 -0.74168 0.18665
vn -0.64607 -0.73989 0.18751
vn -0.43429 -0.88044 0.19032
vn -0.43604 -0.87937 0.19125
vn -0.14542 -0.97048 0.19242
vn -0.14615 -0.97029 0.19283
vn 0.14540 -0.97039 0.19285
vn 0.14616 -0.97036 0.19244
vn 0.43421 -0.88026 0.19131
vn 0.43612 -0.87953 0.19035
vn 0.64414 -0.74155 0.18759
vn 0.64618 -0.74001 0.18665
vn -0.65532 -0.75049 0.08554
vn -0.65706 -0.74886 0.08644
vn -0.44250 -0.89239 0.08849
vn -0.44417 -0.89146 0.08945
vn -0.14833 -0.98478 0.09055
vn -0.14903 -0.98464 0.09098
vn 0.14833 -0.98474 0.09099
vn 0.14903 -0.98468 0.09056
vn 0.44246 -0.89231 0.08949
vn 0.44421 -0.89154 0.08850
vn 0.65527 -0.75043 0.08649
vn 0.65712 -0.74892 0.08553
vn -0.65737 -0.74921 0.08101
vn -0.65897 -0.74770 0.08187
vn -0.44439 -0.89189 0.08392
vn -0.44594 -0.89103 0.08486
vn -0.14910 -0.98508 0.08598
vn -0.14974 -0.98494 0.08640
vn 0.14909 -0.98504 0.08641
vn 0.14975 -0.98498 0.08599
vn 0.44435 -0.89182 0.08489
vn 0.44598 -0.89110 0.08393
vn 0.65732 -0.74915 0.08192
vn 0.65902 -0.74775 0.08100
vn -0.65902 -0.74775 0.08096
vn -0.66051 -0.74635 0.08180
vn -0.44598 -0.89110 0.08389
vn -0.44742 -0.89030 0.08479
vn -0.14975 -0.98498 0.08595
vn -0.15035 -0.98486 0.08635
vn 0.14974 -0.98495 0.08636
vn 0.15035 -0.98489 0.08596
vn 0.44594 -0.89103 0.08482
vn 0.44745 -0.89036 0.08389
vn 0.65897 -0.74770 0.08184
vn 0.66055 -0.74640 0.08095
vn -0.66083 -0.74671 0.07567
vn -0.66221 -0.74541 0.07648
vn -0.44765 -0.89075 0.07854
vn -0.44899 -0.89000 0.07941
vn -0.15042 -0.98533 0.08058
vn -0.15098 -0.98522 0.08096
vn 0.15041 -0.98530 0.08097
vn 0.15099 -0.98525 0.08058
vn 0.44762 -0.89069 0.07943
vn 0.44902 -0.89006 0.07854
vn 0.66078 -0.74667 0.07651
vn 0.66225 -0.74545 0.07566
vn -0.66311 -0.74643 -0.05592
vn -0.66447 -0.74528 -0.05513
vn -0.44973 -0.89147 -0.05499
vn -0.45103 -0.89086 -0.05417
vn -0.15126 -0.98703 -0.05375
vn -0.15179 -0.98697 -0.05339
vn 0.15126 -0.98705 -0.05339
vn 0.15179 -0.98695 -0.05375
vn 0.44975 -0.89151 -0.05418
vn 0.45101 -0.89082 -0.05500
vn 0.66314 -0.74646 -0.05515
vn 0.66444 -0.74525 -0.05592
vn 0.65449 -0.10103 0.74929
vn 0.71394 -0.10659 0.69205
vn 0.75114 -0.10871 0.65113
vn 0.75352 -0.10887 0.64835
vn 0.75552 -0.10895 0.64601
vn 0.75553 -0.10895 0.64600
vn 0.75555 -0.10895 0.64596
vn 0.75555 -0.10895 0.64597
vn 0.76110 -0.10900 0.63941
vn 0.75870 -0.10894 0.64226
vn 0.89913 -0.10416 0.42511
vn 0.83984 -0.10622 0.53233
vn -0.94531 0.20656 0.25243
vn -0.91022 0.18500 0.37051
vn -0.85644 0.16121 0.49043
vn -0.85472 0.16047 0.49366
vn -0.85245 0.15959 0.49786
vn -0.85244 0.15958 0.49787
vn -0.85242 0.15958 0.49791
vn -0.85243 0.15958 0.49790
vn -0.84920 0.15848 0.50373
vn -0.85095 0.15911 0.50057
vn -0.77571 0.13613 0.61623
vn -0.82126 0.15080 0.55026
vn -0.55181 0.69382 -0.46273
vn -0.53751 0.64713 -0.54066
vn -0.37237 0.67412 -0.63788
vn -0.36243 0.62496 -0.69142
vn -0.01584 0.62171 -0.78309
vn -0.02316 0.60074 -0.79911
vn 0.34533 0.54065 -0.76710
vn 0.36699 0.55715 -0.74492
vn 0.63638 0.46630 -0.61448
vn 0.70375 0.48557 -0.51862
vn 0.77878 0.44120 -0.44592
vn 0.84372 0.44408 -0.30154
vn -0.65654 0.62150 0.42742
vn -0.70320 0.64065 0.30836
vn -0.59195 0.75764 0.27492
vn -0.62590 0.76993 0.12430
vn -0.18752 0.98037 0.06087
vn -0.20222 0.97890 -0.02937
vn 0.48775 0.87232 0.03408
vn 0.49978 0.85632 0.13014
vn 0.78921 0.56180 0.24805
vn 0.76114 0.50230 0.41031
vn 0.79467 0.42038 0.43792
vn 0.74264 0.35813 0.56589
vn -0.66810 0.58372 0.46142
vn -0.71952 0.60310 0.34433
vn -0.61462 0.72098 0.32006
vn -0.65538 0.73639 0.16794
vn -0.21679 0.96864 0.12138
vn -0.23530 0.97161 0.02476
vn 0.50383 0.85874 0.09336
vn 0.51475 0.83490 0.19487
vn 0.79796 0.52454 0.29683
vn 0.76220 0.45942 0.45605
vn 0.79165 0.38195 0.47686
vn 0.73490 0.31878 0.59858
vn -0.68691 0.55616 0.46781
vn -0.74121 0.57346 0.34893
vn -0.64166 0.69378 0.32701
vn -0.68601 0.70737 0.17033
vn -0.24422 0.96158 0.12540
vn -0.26623 0.96366 0.02170
vn 0.52747 0.84419 0.09546
vn 0.54014 0.81634 0.20452
vn 0.81677 0.49048 0.30384
vn 0.77704 0.42229 0.46678
vn 0.80207 0.34893 0.48470
vn 0.74176 0.28525 0.60698
vn -0.69807 0.51783 0.49452
vn -0.75668 0.53409 0.37707
vn -0.66385 0.65307 0.36443
vn -0.71513 0.66785 0.20630
vn -0.27893 0.94265 0.18334
vn -0.30681 0.94902 0.07226
vn 0.54779 0.82255 0.15279
vn 0.55907 0.78488 0.26723
vn 0.82480 0.44760 0.34547
vn 0.77768 0.37549 0.50419
vn 0.79901 0.30872 0.51603
vn 0.73488 0.24538 0.63224
vn -0.54391 0.31963 0.77589
vn -0.60660 0.33976 0.71875
vn -0.51160 0.38591 0.76769
vn -0.58173 0.41811 0.69769
vn -0.25148 0.49169 0.83367
vn -0.28538 0.52293 0.80319
vn 0.26446 0.43504 0.86070
vn 0.26683 0.39803 0.87771
vn 0.52063 0.25069 0.81615
vn 0.48804 0.20144 0.84926
vn 0.52332 0.16890 0.83523
vn 0.48855 0.12939 0.86289
vn -0.63131 -0.41053 0.65797
vn -0.64548 -0.46682 0.60452
vn -0.60899 -0.51013 0.60737
vn -0.61437 -0.56977 0.54581
vn -0.39183 -0.72140 0.57101
vn -0.38019 -0.75195 0.53854
vn 0.03725 -0.81781 0.57428
vn 0.01000 -0.79500 0.60652
vn 0.32792 -0.70567 0.62809
vn 0.26181 -0.67877 0.68610
vn 0.37439 -0.61091 0.69758
vn 0.31032 -0.59454 0.74177
vn -0.75388 -0.55403 0.35315
vn -0.75557 -0.61428 0.22752
vn -0.70780 -0.67656 0.20319
vn -0.68655 -0.72402 0.06669
vn -0.41088 -0.91162 0.01089
vn -0.38547 -0.92118 -0.05329
vn 0.09330 -0.99560 -0.00909
vn 0.06471 -0.99671 0.04887
vn 0.43117 -0.88424 0.17947
vn 0.36929 -0.88434 0.28562
vn 0.49714 -0.79018 0.35843
vn 0.43067 -0.78609 0.44337
vn -0.73751 -0.59651 0.31662
vn -0.73443 -0.65100 0.19183
vn -0.68150 -0.71315 0.16425
vn -0.65772 -0.75254 0.03304
vn -0.38789 -0.92139 -0.02393
vn -0.36509 -0.92727 -0.08296
vn 0.07416 -0.99635 -0.04229
vn 0.04971 -0.99870 0.01134
vn 0.39757 -0.90685 0.13983
vn 0.34285 -0.90756 0.24247
vn 0.47017 -0.82314 0.31840
vn 0.40954 -0.81834 0.40322
vn -0.71624 -0.63038 0.29937
vn -0.71082 -0.68018 0.17914
vn -0.65438 -0.74105 0.15041
vn -0.63102 -0.77531 0.02664
vn -0.37008 -0.92859 -0.02757
vn -0.35009 -0.93312 -0.08199
vn 0.05540 -0.99747 -0.04447
vn 0.03414 -0.99940 0.00536
vn 0.36319 -0.92304 0.12686
vn 0.31402 -0.92240 0.22489
vn 0.43903 -0.84701 0.29972
vn 0.38349 -0.84059 0.38255
vn -0.69963 -0.66552 0.26002
vn -0.69039 -0.70947 0.14144
vn -0.63040 -0.76835 0.11059
vn -0.60550 -0.79580 -0.00796
vn -0.35204 -0.93394 -0.06182
vn -0.33377 -0.93595 -0.11223
vn 0.04248 -0.99610 -0.07736
vn 0.02385 -0.99924 -0.03095
vn 0.33611 -0.93780 0.08701
vn 0.29241 -0.93887 0.18169
vn 0.41554 -0.87231 0.25768
vn 0.36501 -0.86661 0.34023
vn -0.62499 -0.67090 -0.39910
vn -0.56446 -0.65542 -0.50181
vn -0.48978 -0.68713 -0.53663
vn -0.43582 -0.66143 -0.61039
vn -0.21226 -0.72585 -0.65429
vn -0.19455 -0.71029 -0.67649
vn 0.08164 -0.75540 -0.65016
vn 0.07020 -0.77323 -0.63023
vn 0.32382 -0.78280 -0.53137
vn 0.30511 -0.82480 -0.47605
vn 0.43051 -0.81253 -0.39301
vn 0.40775 -0.85311 -0.32548
vn -0.15020 -0.01369 0.98856
vn -0.07302 -0.03176 0.99682
vn -0.13345 -0.01956 0.99086
vn -0.07906 -0.03145 0.99637
vn -0.10845 -0.02604 0.99376
vn -0.09030 -0.02972 0.99547
vn -0.08464 -0.03066 0.99594
vn -0.10259 -0.02733 0.99435
vn -0.06153 -0.03346 0.99754
vn -0.11427 -0.02470 0.99314
vn -0.04611 -0.03371 0.99837
vn -0.12044 -0.02280 0.99246
vn 0.13701 0.07099 -0.98802
vn 0.08936 0.07387 -0.99326
vn 0.12616 0.06979 -0.98955
vn 0.09281 0.07261 -0.99303
vn 0.11057 0.07015 -0.99139
vn 0.09952 0.07136 -0.99247
vn 0.09613 0.07192 -0.99277
vn 0.10697 0.07044 -0.99176
vn 0.08252 0.07521 -0.99375
vn 0.11416 0.06991 -0.99100
vn 0.07384 0.07893 -0.99414
vn 0.11808 0.07012 -0.99053
vn 0.77429 0.13757 0.61770
vn 0.82118 0.14978 0.55066
vn 0.84918 0.15855 0.50373
vn 0.85095 0.15908 0.50057
vn 0.85242 0.15958 0.49791
vn 0.85243 0.15958 0.49790
vn 0.85245 0.15959 0.49786
vn 0.85244 0.15958 0.49787
vn 0.85645 0.16114 0.49043
vn 0.85471 0.16050 0.49366
vn 0.94515 0.20383 0.25525
vn 0.90974 0.18596 0.37119
vn -0.90066 -0.10172 0.42245
vn -0.84009 -0.10731 0.53172
vn -0.76111 -0.10892 0.63941
vn -0.75870 -0.10898 0.64226
vn -0.75555 -0.10895 0.64596
vn -0.75555 -0.10895 0.64597
vn -0.75552 -0.10895 0.64601
vn -0.75553 -0.10895 0.64600
vn -0.75114 -0.10878 0.65112
vn -0.75352 -0.10884 0.64835
vn -0.65560 -0.10290 0.74806
vn -0.71441 -0.10566 0.69170
vn -0.81893 0.46491 -0.33648
vn -0.80444 0.42302 -0.41706
vn -0.67687 0.49890 -0.54125
vn -0.66130 0.45400 -0.59713
vn -0.35428 0.55990 -0.74900
vn -0.35718 0.53722 -0.76408
vn 0.01051 0.60007 -0.79988
vn 0.02927 0.62332 -0.78142
vn 0.33221 0.62806 -0.70369
vn 0.40568 0.67085 -0.62080
vn 0.50267 0.65520 -0.56394
vn 0.58778 0.68314 -0.43339
vn -0.73479 0.38915 0.55557
vn -0.80550 0.38869 0.44731
vn -0.74571 0.53424 0.39813
vn -0.80801 0.53047 0.25636
vn -0.47950 0.86898 0.12230
vn -0.50872 0.86017 0.03611
vn 0.17844 0.98357 -0.02728
vn 0.21186 0.97516 0.06459
vn 0.59684 0.79328 0.12039
vn 0.61876 0.73275 0.28321
vn 0.68125 0.66687 0.30198
vn 0.67567 0.59499 0.43526
vn -0.72731 0.35069 0.58994
vn -0.80218 0.34898 0.48448
vn -0.74695 0.49359 0.44546
vn -0.81685 0.49052 0.30354
vn -0.49217 0.85024 0.18668
vn -0.52752 0.84421 0.09502
vn 0.20830 0.97767 0.02777
vn 0.24419 0.96164 0.12497
vn 0.62566 0.76229 0.16571
vn 0.64170 0.69387 0.32674
vn 0.69775 0.63069 0.33969
vn 0.68697 0.55624 0.46762
vn -0.73478 0.31873 0.59875
vn -0.81198 0.31407 0.49198
vn -0.76209 0.45935 0.45630
vn -0.83556 0.45327 0.31047
vn -0.51469 0.83484 0.19530
vn -0.55426 0.82664 0.09727
vn 0.23535 0.97158 0.02520
vn 0.27549 0.95256 0.12940
vn 0.65537 0.73633 0.16825
vn 0.66937 0.66384 0.33356
vn 0.71947 0.60303 0.34456
vn 0.70565 0.52697 0.47366
vn -0.72806 0.27966 0.62587
vn -0.80867 0.27267 0.52124
vn -0.76295 0.41479 0.49584
vn -0.84350 0.40756 0.34986
vn -0.53056 0.80746 0.25790
vn -0.57829 0.80121 0.15378
vn 0.27140 0.95935 0.07734
vn 0.31437 0.93074 0.18678
vn 0.68406 0.69959 0.20650
vn 0.69170 0.62088 0.36886
vn 0.73515 0.56492 0.37473
vn 0.71659 0.48778 0.49856
vn -0.47083 0.15016 0.86935
vn -0.54577 0.14731 0.82488
vn -0.46361 0.22304 0.85751
vn -0.55164 0.22884 0.80208
vn -0.24411 0.40892 0.87931
vn -0.29112 0.42665 0.85628
vn 0.25868 0.52240 0.81251
vn 0.27583 0.48865 0.82773
vn 0.54835 0.42921 0.71770
vn 0.53981 0.37309 0.75459
vn 0.58061 0.35325 0.73355
vn 0.56593 0.30548 0.76577
vn -0.33774 -0.57236 0.74722
vn -0.34227 -0.63177 0.69549
vn -0.29388 -0.66091 0.69053
vn -0.29061 -0.72090 0.62917
vn -0.03034 -0.79191 0.60989
vn -0.01545 -0.81802 0.57498
vn 0.40027 -0.74474 0.53398
vn 0.37331 -0.73099 0.57122
vn 0.64397 -0.54336 0.53858
vn 0.58413 -0.53750 0.60818
vn 0.66899 -0.43666 0.60148
vn 0.61199 -0.44051 0.65682
vn -0.45965 -0.75669 0.46492
vn -0.46413 -0.81798 0.33985
vn -0.40396 -0.86223 0.30559
vn -0.39317 -0.90433 0.16614
vn -0.08630 -0.99466 0.05668
vn -0.07101 -0.99741 -0.01124
vn 0.40600 -0.91221 -0.05508
vn 0.39007 -0.92076 0.00698
vn 0.71778 -0.69237 0.07364
vn 0.67914 -0.70925 0.18906
vn 0.78061 -0.57679 0.24074
vn 0.73259 -0.59183 0.33623
vn -0.43722 -0.79270 0.42482
vn -0.43898 -0.84697 0.29991
vn -0.37463 -0.88953 0.26152
vn -0.36315 -0.92302 0.12707
vn -0.06797 -0.99752 0.01806
vn -0.05537 -0.99749 -0.04423
vn 0.38254 -0.92008 -0.08435
vn 0.37010 -0.92859 -0.02733
vn 0.68678 -0.72577 0.03996
vn 0.65437 -0.74102 0.15062
vn 0.75904 -0.61786 0.20519
vn 0.71620 -0.63034 0.29954
vn -0.40960 -0.81840 0.40306
vn -0.40987 -0.86734 0.28236
vn -0.34289 -0.90760 0.24226
vn -0.33213 -0.93616 0.11535
vn -0.04973 -0.99870 0.01110
vn -0.03936 -0.99816 -0.04612
vn 0.36507 -0.92726 -0.08320
vn 0.35478 -0.93445 -0.03046
vn 0.65772 -0.75255 0.03283
vn 0.62922 -0.76488 0.13802
vn 0.73446 -0.65103 0.19164
vn 0.69547 -0.66040 0.28318
vn -0.38982 -0.84746 0.36036
vn -0.38814 -0.88959 0.24078
vn -0.31887 -0.92688 0.19802
vn -0.30794 -0.94835 0.07617
vn -0.03732 -0.99897 -0.02595
vn -0.02865 -0.99647 -0.07885
vn 0.34677 -0.93109 -0.11321
vn 0.33871 -0.93869 -0.06434
vn 0.63021 -0.77642 -0.00199
vn 0.60676 -0.78871 0.09887
vn 0.71330 -0.68379 0.15371
vn 0.67916 -0.69223 0.24406
vn -0.43584 -0.84806 -0.30140
vn -0.40280 -0.81695 -0.41272
vn -0.32934 -0.82392 -0.46119
vn -0.30055 -0.78441 -0.54256
vn -0.07973 -0.77461 -0.62739
vn -0.07223 -0.75484 -0.65192
vn 0.20380 -0.70773 -0.67645
vn 0.20245 -0.72769 -0.65534
vn 0.45893 -0.65208 -0.60347
vn 0.46489 -0.69620 -0.54697
vn 0.59230 -0.64172 -0.48722
vn 0.59622 -0.68545 -0.41794
vn 0.04046 -0.03202 0.99867
vn 0.11952 -0.02400 0.99254
vn 0.05834 -0.03210 0.99778
vn 0.11372 -0.02566 0.99318
vn 0.08419 -0.03009 0.99600
vn 0.10255 -0.02767 0.99434
vn 0.10820 -0.02672 0.99377
vn 0.09016 -0.02941 0.99549
vn 0.13088 -0.02188 0.99116
vn 0.07823 -0.03072 0.99646
vn 0.14544 -0.01712 0.98922
vn 0.07177 -0.03092 0.99694
vn -0.07110 0.08199 -0.99409
vn -0.11727 0.06921 -0.99069
vn -0.08107 0.07732 -0.99370
vn -0.11361 0.06914 -0.99112
vn -0.09601 0.07258 -0.99273
vn -0.10687 0.07013 -0.99180
vn -0.11026 0.06956 -0.99147
vn -0.09951 0.07169 -0.99245
vn -0.12414 0.06826 -0.98991
vn -0.09253 0.07352 -0.99299
vn -0.13348 0.06897 -0.98865
vn -0.08887 0.07500 -0.99322
vn 0.75655 -0.09820 0.64652
vn 0.85132 -0.10627 0.51378
vn 0.91156 -0.10763 0.39683
vn 0.91437 -0.10773 0.39029
vn 0.91700 -0.10767 0.38408
vn 0.91701 -0.10767 0.38406
vn 0.91704 -0.10767 0.38398
vn 0.91703 -0.10767 0.38400
vn 0.92309 -0.10720 0.36935
vn 0.92037 -0.10734 0.37603
vn 0.99543 -0.08009 -0.05198
vn 0.98220 -0.09355 0.16287
vn -0.93873 0.24837 -0.23896
vn -0.97280 0.23085 -0.01949
vn -0.95846 0.20718 0.19605
vn -0.95721 0.20614 0.20309
vn -0.95562 0.20507 0.21150
vn -0.95562 0.20507 0.21153
vn -0.95560 0.20506 0.21161
vn -0.95561 0.20506 0.21158
vn -0.95283 0.20358 0.22509
vn -0.95426 0.20442 0.21818
vn -0.85379 0.16729 0.49301
vn -0.91727 0.19125 0.34934
vn -0.38323 0.51403 -0.76740
vn -0.38188 0.49635 -0.77962
vn -0.26363 0.50701 -0.82064
vn -0.26499 0.49106 -0.82984
vn 0.00436 0.48489 -0.87456
vn -0.00014 0.47870 -0.87798
vn 0.30457 0.42828 -0.85077
vn 0.31364 0.43275 -0.84520
vn 0.53953 0.35976 -0.76123
vn 0.56719 0.36488 -0.73835
vn 0.63998 0.33049 -0.69369
vn 0.67201 0.33251 -0.66169
vn -0.71215 0.68409 0.15770
vn -0.72687 0.68099 0.08897
vn -0.61737 0.78295 0.07642
vn -0.62933 0.77714 0.00175
vn -0.19790 0.98015 -0.01147
vn -0.20726 0.97682 -0.05347
vn 0.50479 0.86316 0.01192
vn 0.51407 0.85593 0.05579
vn 0.82415 0.55042 0.13348
vn 0.82346 0.52607 0.21254
vn 0.87170 0.43091 0.23336
vn 0.86186 0.40424 0.30624
vn -0.72234 0.65910 0.20933
vn -0.73990 0.65791 0.14036
vn -0.63484 0.76041 0.13696
vn -0.65001 0.75749 0.06071
vn -0.22010 0.97301 0.06937
vn -0.23101 0.97263 0.02514
vn 0.51065 0.85467 0.09375
vn 0.51883 0.84353 0.13879
vn 0.82649 0.52777 0.19588
vn 0.82168 0.50014 0.27333
vn 0.86729 0.40684 0.28684
vn 0.85403 0.37849 0.35690
vn -0.73551 0.64387 0.21086
vn -0.75355 0.64210 0.14097
vn -0.65139 0.74607 0.13809
vn -0.66716 0.74247 0.06038
vn -0.23528 0.96940 0.06997
vn -0.24720 0.96867 0.02396
vn 0.52372 0.84654 0.09530
vn 0.53257 0.83436 0.14213
vn 0.83764 0.50900 0.19819
vn 0.83223 0.48031 0.27693
vn 0.87495 0.38817 0.28947
vn 0.86092 0.35925 0.36020
vn -0.74374 0.61763 0.25572
vn -0.76444 0.61730 0.18594
vn -0.66655 0.72024 0.19228
vn -0.68559 0.71907 0.11361
vn -0.25774 0.95479 0.14812
vn -0.27165 0.95714 0.10042
vn 0.52811 0.83093 0.17509
vn 0.53574 0.81463 0.22214
vn 0.83763 0.48324 0.25466
vn 0.82846 0.45195 0.33076
vn 0.86904 0.36285 0.33632
vn 0.85218 0.33285 0.40372
vn -0.51663 0.32774 0.79100
vn -0.54579 0.33799 0.76673
vn -0.45285 0.35776 0.81666
vn -0.48157 0.37139 0.79383
vn -0.20710 0.38434 0.89966
vn -0.21817 0.39344 0.89309
vn 0.16154 0.33071 0.92980
vn 0.16525 0.32077 0.93263
vn 0.41011 0.22702 0.88333
vn 0.40548 0.20908 0.88987
vn 0.46562 0.17519 0.86747
vn 0.45809 0.15833 0.87469
vn -0.59998 -0.45195 0.66013
vn -0.60076 -0.47537 0.64274
vn -0.54565 -0.51978 0.65734
vn -0.54380 -0.54244 0.64034
vn -0.33586 -0.64726 0.68429
vn -0.33111 -0.65763 0.67668
vn -0.01629 -0.70927 0.70475
vn -0.02575 -0.70070 0.71299
vn 0.23393 -0.66571 0.70859
vn 0.20733 -0.65309 0.72835
vn 0.30815 -0.61777 0.72346
vn 0.27925 -0.60884 0.74252
vn -0.76664 -0.62951 0.12644
vn -0.75489 -0.65237 0.06746
vn -0.68520 -0.72625 0.05526
vn -0.66831 -0.74388 -0.00230
vn -0.38771 -0.92168 -0.01371
vn -0.37579 -0.92586 -0.03948
vn 0.06867 -0.99764 0.00147
vn 0.05541 -0.99813 0.02584
vn 0.40195 -0.91034 0.09856
vn 0.37386 -0.91551 0.14858
vn 0.49911 -0.84610 0.18709
vn 0.46869 -0.85164 0.23458
vn -0.75410 -0.65096 0.08709
vn -0.74070 -0.67124 0.02827
vn -0.66875 -0.74336 0.01392
vn -0.65086 -0.75800 -0.04263
vn -0.37418 -0.92554 -0.05795
vn -0.36271 -0.92823 -0.08271
vn 0.06251 -0.99710 -0.04344
vn 0.05034 -0.99853 -0.02007
vn 0.38724 -0.92030 0.05558
vn 0.36137 -0.92656 0.10441
vn 0.48609 -0.86166 0.14577
vn 0.45772 -0.86794 0.19278
vn -0.73959 -0.66801 0.08222
vn -0.72626 -0.68697 0.02499
vn -0.65317 -0.75714 0.01066
vn -0.63590 -0.77052 -0.04401
vn -0.36501 -0.92915 -0.05868
vn -0.35435 -0.93148 -0.08239
vn 0.05283 -0.99760 -0.04479
vn 0.04156 -0.99889 -0.02234
vn 0.36850 -0.92823 0.05094
vn 0.34403 -0.93379 0.09836
vn 0.46741 -0.87301 0.13925
vn 0.44033 -0.87853 0.18520
vn -0.72624 -0.68627 0.04009
vn -0.71140 -0.70260 -0.01653
vn -0.63658 -0.77052 -0.03249
vn -0.61849 -0.78109 -0.08581
vn -0.35218 -0.93023 -0.10315
vn -0.34188 -0.93128 -0.12581
vn 0.04830 -0.99480 -0.08972
vn 0.03789 -0.99695 -0.06828
vn 0.35536 -0.93471 0.00652
vn 0.33285 -0.94151 0.05261
vn 0.45526 -0.88523 0.09546
vn 0.43010 -0.89174 0.14078
vn -0.48906 -0.51692 -0.70257
vn -0.45931 -0.50928 -0.72778
vn -0.38782 -0.54218 -0.74541
vn -0.36306 -0.53233 -0.76473
vn -0.16202 -0.59778 -0.78512
vn -0.15382 -0.59191 -0.79119
vn 0.09795 -0.63354 -0.76749
vn 0.09243 -0.64070 -0.76220
vn 0.31422 -0.64257 -0.69884
vn 0.30583 -0.66113 -0.68511
vn 0.40674 -0.64928 -0.64265
vn 0.39835 -0.67015 -0.62627
vn -0.15354 -0.00588 0.98813
vn -0.07015 -0.02633 0.99719
vn -0.13551 -0.01276 0.99069
vn -0.07672 -0.02611 0.99671
vn -0.10852 -0.02016 0.99389
vn -0.08889 -0.02426 0.99575
vn -0.08277 -0.02528 0.99625
vn -0.10219 -0.02162 0.99453
vn -0.05771 -0.02814 0.99794
vn -0.11481 -0.01865 0.99321
vn -0.04096 -0.02800 0.99877
vn -0.12146 -0.01644 0.99246
vn 0.15033 0.07594 -0.98571
vn 0.08506 0.08047 -0.99312
vn 0.13553 0.07464 -0.98796
vn 0.08981 0.07882 -0.99284
vn 0.11418 0.07539 -0.99060
vn 0.09902 0.07711 -0.99209
vn 0.09436 0.07788 -0.99249
vn 0.10926 0.07582 -0.99112
vn 0.07566 0.08228 -0.99373
vn 0.11910 0.07502 -0.99004
vn 0.06370 0.08712 -0.99416
vn 0.12446 0.07520 -0.98937
vn 0.85000 0.17010 0.49856
vn 0.91713 0.18906 0.35090
vn 0.95280 0.20372 0.22511
vn 0.95428 0.20434 0.21818
vn 0.95560 0.20506 0.21161
vn 0.95561 0.20506 0.21158
vn 0.95562 0.20507 0.21150
vn 0.95562 0.20507 0.21153
vn 0.95849 0.20703 0.19605
vn 0.95720 0.20622 0.20310
vn 0.94213 0.24349 -0.23044
vn 0.97236 0.23287 -0.01715
vn -0.99535 -0.07463 -0.06082
vn -0.98237 -0.09567 0.16059
vn -0.92311 -0.10704 0.36935
vn -0.92036 -0.10741 0.37602
vn -0.91704 -0.10767 0.38398
vn -0.91703 -0.10767 0.38400
vn -0.91700 -0.10767 0.38408
vn -0.91701 -0.10767 0.38406
vn -0.91155 -0.10778 0.39681
vn -0.91438 -0.10765 0.39029
vn -0.76014 -0.10224 0.64166
vn -0.85243 -0.10429 0.51234
vn -0.65839 0.34008 -0.67147
vn -0.65361 0.32342 -0.68425
vn -0.55439 0.37040 -0.74529
vn -0.55215 0.35460 -0.75458
vn -0.30766 0.43424 -0.84663
vn -0.31046 0.42683 -0.84937
vn -0.00605 0.47813 -0.87827
vn 0.00193 0.48545 -0.87426
vn 0.25041 0.49169 -0.83399
vn 0.27855 0.50612 -0.81624
vn 0.36525 0.49836 -0.78627
vn 0.40007 0.51155 -0.76043
vn -0.85460 0.42244 0.30200
vn -0.87950 0.41272 0.23692
vn -0.81279 0.54411 0.20814
vn -0.83530 0.53255 0.13664
vn -0.50194 0.86328 0.05299
vn -0.51702 0.85587 0.01324
vn 0.19329 0.97974 -0.05237
vn 0.21206 0.97719 -0.01109
vn 0.61264 0.79036 0.00115
vn 0.63389 0.76945 0.07832
vn 0.71311 0.69558 0.08740
vn 0.72552 0.66933 0.16004
vn -0.84684 0.39704 0.35386
vn -0.87505 0.38821 0.28910
vn -0.81100 0.51895 0.27012
vn -0.83772 0.50904 0.19774
vn -0.50591 0.85176 0.13623
vn -0.52379 0.84657 0.09466
vn 0.21602 0.97602 0.02682
vn 0.23523 0.96946 0.06934
vn 0.63321 0.77154 0.06143
vn 0.65140 0.74615 0.13765
vn 0.72628 0.67297 0.14007
vn 0.73554 0.64395 0.21049
vn -0.85391 0.37844 0.35725
vn -0.88253 0.36887 0.29166
vn -0.82157 0.50008 0.27376
vn -0.84888 0.48929 0.20001
vn -0.51875 0.84348 0.13942
vn -0.53778 0.83757 0.09626
vn 0.23107 0.97259 0.02578
vn 0.25155 0.96531 0.06991
vn 0.65003 0.75744 0.06117
vn 0.66824 0.73089 0.13873
vn 0.73989 0.65785 0.14074
vn 0.74874 0.62807 0.21195
vn -0.84513 0.35228 0.40206
vn -0.87668 0.34323 0.33709
vn -0.81770 0.47237 0.32898
vn -0.84902 0.46278 0.25495
vn -0.52104 0.82473 0.21985
vn -0.54320 0.82106 0.17547
vn 0.25436 0.96161 0.10302
vn 0.27508 0.95004 0.14747
vn 0.66836 0.73475 0.11595
vn 0.68344 0.70444 0.19151
vn 0.75088 0.63338 0.18712
vn 0.75685 0.60156 0.25553
vn -0.44540 0.16707 0.87960
vn -0.48013 0.16666 0.86122
vn -0.39121 0.21680 0.89440
vn -0.42636 0.21976 0.87745
vn -0.15652 0.32362 0.93315
vn -0.17092 0.32847 0.92892
vn 0.20888 0.39257 0.89569
vn 0.21604 0.38444 0.89751
vn 0.46516 0.37319 0.80272
vn 0.46781 0.35492 0.80944
vn 0.53066 0.34157 0.77571
vn 0.53038 0.32340 0.78365
vn -0.29487 -0.60139 0.74255
vn -0.29115 -0.62432 0.72489
vn -0.22299 -0.64814 0.72814
vn -0.21700 -0.66949 0.71042
vn 0.01794 -0.70035 0.71357
vn 0.02435 -0.70886 0.70493
vn 0.33870 -0.65543 0.67505
vn 0.32861 -0.65013 0.68509
vn 0.55801 -0.53345 0.63565
vn 0.53271 -0.52950 0.66019
vn 0.61420 -0.46374 0.63851
vn 0.58784 -0.46403 0.66266
vn -0.48747 -0.83895 0.24195
vn -0.47967 -0.85854 0.18117
vn -0.39323 -0.90635 0.15458
vn -0.38207 -0.91929 0.09444
vn -0.06589 -0.99743 0.02807
vn -0.05804 -0.99831 0.00048
vn 0.38563 -0.92177 -0.04037
vn 0.37779 -0.92578 -0.01406
vn 0.68464 -0.72888 -0.00152
vn 0.66907 -0.74134 0.05252
vn 0.77001 -0.63416 0.07020
vn 0.75196 -0.64779 0.12215
vn -0.47590 -0.85637 0.20037
vn -0.46736 -0.87299 0.13953
vn -0.37976 -0.91846 0.11049
vn -0.36846 -0.92823 0.05125
vn -0.05994 -0.99804 -0.01797
vn -0.05280 -0.99762 -0.04444
vn 0.37175 -0.92458 -0.08344
vn 0.36504 -0.92916 -0.05833
vn 0.66654 -0.74432 -0.04148
vn 0.65317 -0.75713 0.01097
vn 0.75558 -0.65430 0.03141
vn 0.73958 -0.66799 0.08250
vn -0.45778 -0.86798 0.19250
vn -0.44945 -0.88331 0.13327
vn -0.36141 -0.92658 0.10410
vn -0.35076 -0.93529 0.04686
vn -0.05037 -0.99852 -0.02042
vn -0.04392 -0.99799 -0.04571
vn 0.36267 -0.92821 -0.08306
vn 0.35660 -0.93239 -0.05902
vn 0.65084 -0.75800 -0.04295
vn 0.63831 -0.76974 0.00789
vn 0.74070 -0.67125 0.02798
vn 0.72547 -0.68383 0.07783
vn -0.44697 -0.88220 0.14815
vn -0.43797 -0.89454 0.08933
vn -0.34935 -0.93518 0.05831
vn -0.33860 -0.94093 0.00235
vn -0.04600 -0.99673 -0.06647
vn -0.04011 -0.99508 -0.09063
vn 0.34957 -0.92835 -0.12636
vn 0.34439 -0.93310 -0.10349
vn 0.63281 -0.76968 -0.08449
vn 0.62227 -0.78200 -0.03536
vn 0.72556 -0.68803 -0.01329
vn 0.71232 -0.70095 0.03556
vn -0.41301 -0.66757 -0.61949
vn -0.39230 -0.65150 -0.64935
vn -0.31835 -0.66011 -0.68037
vn -0.30194 -0.64339 -0.70348
vn -0.09754 -0.64113 -0.76121
vn -0.09289 -0.63311 -0.76847
vn 0.15883 -0.59066 -0.79114
vn 0.15695 -0.59906 -0.78517
vn 0.37504 -0.52746 -0.76232
vn 0.37566 -0.54732 -0.74788
vn 0.47321 -0.50232 -0.72370
vn 0.47505 -0.52429 -0.70672
vn 0.03477 -0.02571 0.99906
vn 0.12050 -0.01792 0.99255
vn 0.05420 -0.02634 0.99818
vn 0.11424 -0.01984 0.99326
vn 0.08225 -0.02455 0.99631
vn 0.10215 -0.02205 0.99452
vn 0.10827 -0.02102 0.99390
vn 0.08872 -0.02387 0.99577
vn 0.13278 -0.01560 0.99102
vn 0.07579 -0.02517 0.99681
vn 0.14846 -0.01005 0.98887
vn 0.06877 -0.02524 0.99731
vn -0.05989 0.09104 -0.99404
vn -0.12337 0.07407 -0.98959
vn -0.07364 0.08498 -0.99366
vn -0.11836 0.07405 -0.99021
vn -0.09420 0.07873 -0.99244
vn -0.10911 0.07543 -0.99116
vn -0.11377 0.07464 -0.99070
vn -0.09901 0.07753 -0.99206
vn -0.13280 0.07273 -0.98847
vn -0.08941 0.07998 -0.99278
vn -0.14555 0.07346 -0.98662
vn -0.08436 0.08190 -0.99306
vn 0.98434 -0.14016 0.10689
vn 0.96264 -0.14902 0.22607
vn 0.99095 -0.12570 0.04711
vn 0.99073 -0.12576 0.05135
vn 0.99113 -0.12529 0.04430
vn 0.99113 -0.12528 0.04432
vn 0.99113 -0.12528 0.04428
vn 0.99113 -0.12529 0.04426
vn 0.99124 -0.12554 0.04100
vn 0.99130 -0.12642 0.03674
vn 0.98985 -0.13723 -0.03700
vn 0.96985 -0.17325 -0.17140
vn -0.98904 -0.14336 -0.03542
vn -0.97505 -0.15366 -0.16024
vn -0.99121 -0.12577 0.04101
vn -0.99136 -0.12588 0.03676
vn -0.99113 -0.12529 0.04428
vn -0.99113 -0.12529 0.04426
vn -0.99113 -0.12528 0.04430
vn -0.99113 -0.12529 0.04432
vn -0.99098 -0.12548 0.04712
vn -0.99066 -0.12630 0.05136
vn -0.98501 -0.13415 0.10847
vn -0.95703 -0.16795 0.23639
vn -0.41468 0.87604 -0.24616
vn -0.42259 0.87099 -0.25060
vn -0.33056 0.90847 -0.25578
vn -0.33744 0.90476 -0.25988
vn -0.12364 0.95540 -0.26819
vn -0.12661 0.95450 -0.27000
vn 0.12357 0.95487 -0.27010
vn 0.12668 0.95501 -0.26816
vn 0.33014 0.90731 -0.26039
vn 0.33785 0.90587 -0.25546
vn 0.41413 0.87487 -0.25119
vn 0.42313 0.87209 -0.24579
vn -0.43651 0.89966 0.00851
vn -0.44551 0.89527 0.00315
vn -0.34945 0.93696 -0.00002
vn -0.35727 0.93399 -0.00511
vn -0.13149 0.99128 -0.00914
vn -0.13480 0.99081 -0.01134
vn 0.13148 0.99125 -0.01134
vn 0.13480 0.99083 -0.00909
vn 0.34944 0.93694 -0.00526
vn 0.35728 0.93400 0.00023
vn 0.43652 0.89969 0.00285
vn 0.44550 0.89524 0.00892
vn -0.44543 0.89510 0.01986
vn -0.45479 0.89048 0.01438
vn -0.35726 0.93394 0.01129
vn -0.36543 0.93082 0.00606
vn -0.13480 0.99087 0.00221
vn -0.13828 0.99039 -0.00004
vn 0.13480 0.99087 -0.00004
vn 0.13828 0.99039 0.00227
vn 0.35727 0.93398 0.00593
vn 0.36541 0.93077 0.01155
vn 0.44547 0.89519 0.01409
vn 0.45474 0.89039 0.02028
vn -0.45474 0.89039 0.02036
vn -0.46446 0.88547 0.01477
vn -0.36541 0.93077 0.01163
vn -0.37394 0.92743 0.00629
vn -0.13828 0.99039 0.00236
vn -0.14195 0.98987 0.00004
vn 0.13828 0.99039 0.00004
vn 0.14195 0.98987 0.00242
vn 0.36543 0.93082 0.00615
vn 0.37392 0.92738 0.01190
vn 0.45479 0.89048 0.01447
vn 0.46441 0.88538 0.02079
vn -0.46428 0.88513 0.03151
vn -0.47438 0.87994 0.02580
vn -0.37385 0.92721 0.02282
vn -0.38277 0.92368 0.01735
vn -0.14193 0.98978 0.01369
vn -0.14580 0.98925 0.01132
vn 0.14194 0.98981 0.01132
vn 0.14579 0.98922 0.01375
vn 0.37389 0.92731 0.01722
vn 0.38273 0.92357 0.02309
vn 0.46436 0.88528 0.02551
vn 0.47429 0.87979 0.03194
vn -0.45628 0.84637 0.27472
vn -0.46703 0.84226 0.26921
vn -0.36845 0.88912 0.27148
vn -0.37796 0.88673 0.26617
vn -0.14033 0.95215 0.27152
vn -0.14434 0.95217 0.26934
vn 0.14041 0.95271 0.26949
vn 0.14425 0.95155 0.27157
vn 0.36897 0.89036 0.26669
vn 0.37739 0.88539 0.27141
vn 0.45696 0.84764 0.26960
vn 0.46627 0.84088 0.27480
vn -0.72149 -0.54648 0.42522
vn -0.71519 -0.55719 0.42195
vn -0.63396 -0.62468 0.45593
vn -0.62627 -0.63473 0.45266
vn -0.28606 -0.79255 0.53855
vn -0.27946 -0.79638 0.53636
vn 0.28680 -0.79458 0.53515
vn 0.27880 -0.79452 0.53946
vn 0.63669 -0.62737 0.44837
vn 0.62377 -0.63220 0.45960
vn 0.72434 -0.54864 0.41753
vn 0.71256 -0.55514 0.42903
vn -0.78774 -0.61371 0.05305
vn -0.77988 -0.62446 0.04284
vn -0.70172 -0.71120 0.04233
vn -0.69218 -0.72102 0.03189
vn -0.33096 -0.94313 0.03122
vn -0.32301 -0.94605 0.02577
vn 0.33101 -0.94328 0.02569
vn 0.32296 -0.94590 0.03115
vn 0.70199 -0.71147 0.03181
vn 0.69192 -0.72074 0.04223
vn 0.78813 -0.61402 0.04286
vn 0.77950 -0.62416 0.05290
vn -0.78012 -0.62466 0.03493
vn -0.77214 -0.63498 0.02456
vn -0.69237 -0.72121 0.02204
vn -0.68282 -0.73049 0.01149
vn -0.32311 -0.94635 0.00550
vn -0.31547 -0.94894 0.00010
vn 0.32311 -0.94636 0.00010
vn 0.31546 -0.94892 0.00537
vn 0.69249 -0.72134 0.01165
vn 0.68271 -0.73037 0.02173
vn 0.78035 -0.62485 0.02482
vn 0.77191 -0.63479 0.03457
vn -0.77192 -0.63479 0.03442
vn -0.76397 -0.64480 0.02416
vn -0.68271 -0.73037 0.02157
vn -0.67331 -0.73927 0.01117
vn -0.31546 -0.94892 0.00517
vn -0.30815 -0.95134 -0.00010
vn 0.31547 -0.94894 -0.00010
vn 0.30815 -0.95132 0.00505
vn 0.68282 -0.73049 0.01133
vn 0.67320 -0.73915 0.02127
vn 0.77214 -0.63498 0.02442
vn 0.76375 -0.64461 0.03406
vn -0.76411 -0.64491 0.01530
vn -0.75606 -0.65448 0.00494
vn -0.67335 -0.73932 0.00044
vn -0.66396 -0.74770 -0.01000
vn -0.30809 -0.95113 -0.02077
vn -0.30106 -0.95325 -0.02597
vn 0.30805 -0.95102 -0.02590
vn 0.30109 -0.95337 -0.02094
vn 0.67332 -0.73929 -0.00964
vn 0.66399 -0.74774 -0.00004
vn 0.76419 -0.64497 0.00541
vn 0.75599 -0.65442 0.01474
vn -0.69225 -0.59924 -0.40212
vn -0.68117 -0.60439 -0.41317
vn -0.59340 -0.66824 -0.44869
vn -0.58178 -0.67154 -0.45887
vn -0.25394 -0.80407 -0.53757
vn -0.24760 -0.80360 -0.54122
vn 0.25340 -0.80235 -0.54038
vn 0.24816 -0.80539 -0.53829
vn 0.59118 -0.66574 -0.45530
vn 0.58410 -0.67421 -0.45196
vn 0.68990 -0.59721 -0.40911
vn 0.68364 -0.60658 -0.40582
vn 0.12063 -0.21754 0.96857
vn -0.30520 -0.23117 0.92381
vn 0.09018 -0.21157 0.97319
vn -0.21466 -0.21152 0.95351
vn 0.03140 -0.20714 0.97781
vn -0.07359 -0.20389 0.97622
vn -0.03098 -0.20435 0.97841
vn 0.07602 -0.21063 0.97460
vn -0.08712 -0.20439 0.97501
vn 0.23372 -0.23030 0.94464
vn -0.11594 -0.20908 0.97100
vn 0.33785 -0.25590 0.90574
vn -0.10318 -0.21797 -0.97049
vn 0.26389 -0.23414 -0.93570
vn -0.07707 -0.21180 -0.97427
vn 0.18440 -0.21285 -0.95953
vn -0.02681 -0.20717 -0.97794
vn 0.06287 -0.20404 -0.97694
vn 0.02645 -0.20437 -0.97854
vn -0.06495 -0.21080 -0.97537
vn 0.07445 -0.20460 -0.97601
vn -0.20101 -0.23202 -0.95171
vn 0.09915 -0.20946 -0.97278
vn -0.29298 -0.25996 -0.92010
vn 0.99756 -0.04019 0.05707
vn 0.99718 -0.03949 0.06378
vn 0.99928 -0.03779 0.00232
vn 0.99928 -0.03776 0.00258
vn 0.99929 -0.03773 0.00001
vn 0.99929 -0.03773 -0.00001
vn 0.99928 -0.03776 -0.00232
vn 0.99928 -0.03780 -0.00258
vn 0.99759 -0.03931 -0.05715
vn 0.99714 -0.04047 -0.06386
vn -0.99756 -0.04019 -0.05707
vn -0.99718 -0.03949 -0.06378
vn -0.99928 -0.03779 -0.00232
vn -0.99928 -0.03776 -0.00258
vn -0.99929 -0.03773 -0.00001
vn -0.99929 -0.03773 0.00001
vn -0.99928 -0.03776 0.00232
vn -0.99928 -0.03780 0.00258
vn -0.99759 -0.03931 0.05715
vn -0.99714 -0.04047 0.06386
vn -0.28156 0.95498 -0.09346
vn -0.22009 0.97111 -0.09220
vn -0.08001 0.99263 -0.09096
vn 0.08001 0.99263 -0.09096
vn 0.22009 0.97111 -0.09220
vn 0.28156 0.95498 -0.09346
vn -0.28280 0.95917 -0.00380
vn -0.22103 0.97526 -0.00374
vn -0.08034 0.99676 -0.00369
vn 0.08034 0.99676 -0.00369
vn 0.22103 0.97526 -0.00374
vn 0.28280 0.95917 -0.00380
vn -0.28280 0.95918 -0.00001
vn -0.22103 0.97527 -0.00001
vn -0.08034 0.99677 -0.00001
vn 0.08034 0.99677 -0.00001
vn 0.22103 0.97527 -0.00001
vn 0.28280 0.95918 -0.00001
vn -0.28280 0.95918 0.00001
vn -0.22103 0.97527 0.00001
vn -0.08034 0.99677 0.00001
vn 0.08034 0.99677 0.00001
vn 0.22103 0.97527 0.00001
vn 0.28280 0.95918 0.00001
vn -0.28280 0.95917 0.00380
vn -0.22103 0.97526 0.00374
vn -0.08034 0.99676 0.00369
vn 0.08034 0.99676 0.00369
vn 0.22103 0.97526 0.00374
vn 0.28280 0.95917 0.00380
vn -0.28156 0.95498 0.09346
vn -0.22009 0.97111 0.09220
vn -0.08001 0.99263 0.09096
vn 0.08001 0.99263 0.09096
vn 0.22009 0.97111 0.09220
vn 0.28156 0.95498 0.09346
vn -0.30967 -0.94527 0.10279
vn -0.24293 -0.96469 0.10176
vn -0.08875 -0.99093 0.10090
vn 0.08875 -0.99093 0.10090
vn 0.24293 -0.96469 0.10176
vn 0.30967 -0.94527 0.10279
vn -0.31131 -0.95030 0.00418
vn -0.24420 -0.96972 0.00414
vn -0.08920 -0.99601 0.00410
vn 0.08920 -0.99601 0.00410
vn 0.24420 -0.96972 0.00414
vn 0.31131 -0.95030 0.00418
vn -0.31132 -0.95031 0.00002
vn -0.24420 -0.96973 0.00002
vn -0.08920 -0.99601 0.00002
vn 0.08920 -0.99601 0.00002
vn 0.24420 -0.96973 0.00002
vn 0.31132 -0.95031 0.00002
vn -0.31132 -0.95031 -0.00002
vn -0.24420 -0.96973 -0.00002
vn -0.08920 -0.99601 -0.00002
vn 0.08920 -0.99601 -0.00002
vn 0.24420 -0.96973 -0.00002
vn 0.31132 -0.95031 -0.00002
vn -0.31131 -0.95030 -0.00418
vn -0.24420 -0.96972 -0.00414
vn -0.08920 -0.99601 -0.00410
vn 0.08920 -0.99601 -0.00410
vn 0.24420 -0.96972 -0.00414
vn 0.31131 -0.95030 -0.00418
vn -0.30967 -0.94527 -0.10279
vn -0.24293 -0.96469 -0.10176
vn -0.08875 -0.99093 -0.10090
vn 0.08875 -0.99093 -0.10090
vn 0.24293 -0.96469 -0.10176
vn 0.30967 -0.94527 -0.10279
vn 0.01290 -0.04375 0.99896
vn -0.01373 -0.04190 0.99903
vn 0.00937 -0.04132 0.99910
vn -0.00996 -0.03956 0.99917
vn 0.00318 -0.03939 0.99922
vn -0.00346 -0.03865 0.99925
vn -0.00312 -0.03865 0.99925
vn 0.00354 -0.03948 0.99921
vn -0.00891 -0.03932 0.99919
vn 0.01053 -0.04182 0.99907
vn -0.01216 -0.04125 0.99907
vn 0.01467 -0.04479 0.99889
vn -0.01290 -0.04375 -0.99896
vn 0.01373 -0.04190 -0.99903
vn -0.00937 -0.04132 -0.99910
vn 0.00996 -0.03956 -0.99917
vn -0.00318 -0.03939 -0.99922
vn 0.00346 -0.03865 -0.99925
vn 0.00312 -0.03865 -0.99925
vn -0.00354 -0.03948 -0.99921
vn 0.00891 -0.03932 -0.99919
vn -0.01053 -0.04182 -0.99907
vn 0.01216 -0.04125 -0.99907
vn -0.01467 -0.04479 -0.99889
vn 0.99310 -0.10556 0.05111
vn 0.99185 -0.10496 0.07225
vn 0.99500 -0.09990 0.00209
vn 0.99500 -0.09985 0.00291
vn 0.99501 -0.09974 0.00001
vn 0.99501 -0.09974 -0.00001
vn 0.99500 -0.09982 -0.00209
vn 0.99499 -0.09996 -0.00291
vn 0.99331 -0.10350 -0.05130
vn 0.99151 -0.10792 -0.07258
vn -0.99310 -0.10556 -0.05111
vn -0.99185 -0.10496 -0.07225
vn -0.99500 -0.09990 -0.00209
vn -0.99500 -0.09985 -0.00291
vn -0.99501 -0.09974 -0.00001
vn -0.99501 -0.09974 0.00001
vn -0.99500 -0.09982 0.00209
vn -0.99499 -0.09996 0.00291
vn -0.99331 -0.10350 0.05130
vn -0.99151 -0.10792 0.07258
vn -0.29547 0.95031 -0.09807
vn -0.23136 0.96803 -0.09692
vn -0.08431 0.99182 -0.09584
vn 0.08431 0.99182 -0.09584
vn 0.23136 0.96803 -0.09692
vn 0.29547 0.95031 -0.09807
vn -0.29690 0.95490 -0.00399
vn -0.23245 0.97260 -0.00394
vn -0.08469 0.99640 -0.00389
vn 0.08469 0.99640 -0.00389
vn 0.23245 0.97260 -0.00394
vn 0.29690 0.95490 -0.00399
vn -0.29690 0.95491 -0.00002
vn -0.23245 0.97261 -0.00002
vn -0.08470 0.99641 -0.00002
vn 0.08470 0.99641 -0.00002
vn 0.23245 0.97261 -0.00002
vn 0.29690 0.95491 -0.00002
vn -0.29690 0.95491 0.00002
vn -0.23245 0.97261 0.00002
vn -0.08470 0.99641 0.00002
vn 0.08470 0.99641 0.00002
vn 0.23245 0.97261 0.00002
vn 0.29690 0.95491 0.00002
vn -0.29690 0.95490 0.00399
vn -0.23245 0.97260 0.00394
vn -0.08469 0.99640 0.00389
vn 0.08469 0.99640 0.00389
vn 0.23245 0.97260 0.00394
vn 0.29690 0.95490 0.00399
vn -0.29547 0.95031 0.09807
vn -0.23136 0.96803 0.09692
vn -0.08431 0.99182 0.09584
vn 0.08431 0.99182 0.09584
vn 0.23136 0.96803 0.09692
vn 0.29547 0.95031 0.09807
vn -0.39306 -0.91021 0.13047
vn -0.31233 -0.94092 0.13084
vn -0.11622 -0.98440 0.13212
vn -0.11621 -0.98440 0.13212
vn 0.11622 -0.98440 0.13212
vn 0.11621 -0.98440 0.13212
vn 0.31233 -0.94092 0.13084
vn 0.39306 -0.91021 0.13047
vn -0.39644 -0.91805 0.00532
vn -0.31504 -0.94906 0.00534
vn -0.11724 -0.99309 0.00539
vn 0.11724 -0.99309 0.00539
vn 0.31504 -0.94906 0.00534
vn 0.39644 -0.91805 0.00532
vn -0.39645 -0.91806 0.00002
vn -0.31504 -0.94908 0.00002
vn -0.11724 -0.99310 0.00002
vn 0.11724 -0.99310 0.00002
vn 0.31504 -0.94908 0.00002
vn 0.39645 -0.91806 0.00002
vn -0.39645 -0.91806 -0.00002
vn -0.31504 -0.94908 -0.00002
vn -0.11724 -0.99310 -0.00002
vn 0.11724 -0.99310 -0.00002
vn 0.31504 -0.94908 -0.00002
vn 0.39645 -0.91806 -0.00002
vn -0.39644 -0.91805 -0.00532
vn -0.31504 -0.94906 -0.00534
vn -0.11724 -0.99309 -0.00539
vn 0.11724 -0.99309 -0.00539
vn 0.31504 -0.94906 -0.00534
vn 0.39644 -0.91805 -0.00532
vn -0.39306 -0.91021 -0.13047
vn -0.31233 -0.94092 -0.13084
vn -0.11621 -0.98440 -0.13212
vn -0.11622 -0.98440 -0.13212
vn 0.11621 -0.98440 -0.13212
vn 0.11622 -0.98440 -0.13212
vn 0.31233 -0.94092 -0.13084
vn 0.39306 -0.91021 -0.13047
vn 0.03520 -0.11322 0.99295
vn -0.04874 -0.11286 0.99241
vn 0.02582 -0.10803 0.99381
vn -0.03496 -0.10531 0.99382
vn 0.00883 -0.10392 0.99455
vn -0.01206 -0.10216 0.99469
vn -0.00868 -0.10216 0.99473
vn 0.01235 -0.10462 0.99444
vn -0.02471 -0.10337 0.99434
vn 0.03723 -0.11216 0.99299
vn -0.03343 -0.10751 0.99364
vn 0.05260 -0.12181 0.99116
vn -0.03520 -0.11322 -0.99295
vn 0.04874 -0.11286 -0.99241
vn -0.02582 -0.10803 -0.99381
vn 0.03496 -0.10531 -0.99382
vn -0.00883 -0.10392 -0.99455
vn 0.01206 -0.10216 -0.99469
vn 0.00868 -0.10216 -0.99473
vn -0.01235 -0.10462 -0.99444
vn 0.02471 -0.10337 -0.99434
vn -0.03723 -0.11216 -0.99299
vn 0.03343 -0.10751 -0.99364
vn -0.05260 -0.12181 -0.99116
vn 0.92906 0.36690 0.04736
vn 0.93495 0.35276 0.03781
vn 0.94099 0.33842 0.00192
vn 0.94116 0.33795 0.00155
vn 0.94128 0.33764 0.00001
vn 0.94128 0.33764 -0.00001
vn 0.94113 0.33803 -0.00192
vn 0.94105 0.33827 -0.00155
vn 0.93309 0.35650 -0.04738
vn 0.93183 0.36094 -0.03757
vn -0.92906 0.36690 -0.04736
vn -0.93495 0.35276 -0.03781
vn -0.94099 0.33842 -0.00192
vn -0.94116 0.33795 -0.00155
vn -0.94128 0.33764 -0.00001
vn -0.94128 0.33764 0.00001
vn -0.94113 0.33803 0.00192
vn -0.94105 0.33827 0.00155
vn -0.93309 0.35650 0.04738
vn -0.93183 0.36094 0.03757
vn -0.07426 0.99707 -0.01836
vn -0.05714 0.99821 -0.01783
vn -0.02035 0.99964 -0.01724
vn 0.02035 0.99964 -0.01724
vn 0.05714 0.99821 -0.01783
vn 0.07426 0.99707 -0.01836
vn -0.07427 0.99724 -0.00074
vn -0.05715 0.99837 -0.00072
vn -0.02036 0.99979 -0.00070
vn 0.02036 0.99979 -0.00070
vn 0.05715 0.99837 -0.00072
vn 0.07427 0.99724 -0.00074
vn -0.07427 0.99724 0.00000
vn -0.05715 0.99837 0.00000
vn -0.02036 0.99979 0.00000
vn 0.02036 0.99979 0.00000
vn 0.05715 0.99837 0.00000
vn 0.07427 0.99724 0.00000
vn -0.07427 0.99724 0.00074
vn -0.05715 0.99837 0.00072
vn -0.02036 0.99979 0.00070
vn 0.02036 0.99979 0.00070
vn 0.05715 0.99837 0.00072
vn 0.07427 0.99724 0.00074
vn -0.07426 0.99707 0.01836
vn -0.05714 0.99821 0.01783
vn -0.02035 0.99964 0.01724
vn 0.02035 0.99964 0.01724
vn 0.05714 0.99821 0.01783
vn 0.07426 0.99707 0.01836
vn -0.05994 -0.99809 0.01482
vn -0.04611 -0.99883 0.01439
vn -0.01642 -0.99977 0.01390
vn 0.01642 -0.99977 0.01390
vn 0.04611 -0.99883 0.01439
vn 0.05994 -0.99809 0.01482
vn -0.05995 -0.99820 0.00060
vn -0.04612 -0.99894 0.00058
vn -0.01642 -0.99987 0.00056
vn 0.01642 -0.99987 0.00056
vn 0.04612 -0.99894 0.00058
vn 0.05995 -0.99820 0.00060
vn -0.05995 -0.99820 0.00000
vn -0.04612 -0.99894 0.00000
vn -0.01642 -0.99987 0.00000
vn 0.01642 -0.99987 0.00000
vn 0.04612 -0.99894 0.00000
vn 0.05995 -0.99820 0.00000
vn -0.05995 -0.99820 -0.00060
vn -0.04612 -0.99894 -0.00058
vn -0.01642 -0.99987 -0.00056
vn 0.01642 -0.99987 -0.00056
vn 0.04612 -0.99894 -0.00058
vn 0.05995 -0.99820 -0.00060
vn -0.05994 -0.99809 -0.01482
vn -0.04611 -0.99883 -0.01439
vn -0.01642 -0.99977 -0.01390
vn 0.01642 -0.99977 -0.01390
vn 0.04611 -0.99883 -0.01439
vn 0.05994 -0.99809 -0.01482
vn -0.04386 0.58895 0.80698
vn 0.03299 0.54924 0.83501
vn -0.03206 0.56002 0.82786
vn 0.02459 0.53262 0.84600
vn -0.01091 0.53578 0.84429
vn 0.00866 0.52721 0.84969
vn 0.01073 0.52720 0.84968
vn -0.00877 0.53411 0.84537
vn 0.03076 0.53725 0.84286
vn -0.02542 0.55062 0.83437
vn 0.04181 0.56143 0.82647
vn -0.03427 0.57056 0.82054
vn 0.04386 0.58895 -0.80698
vn -0.03299 0.54924 -0.83501
vn 0.03206 0.56002 -0.82786
vn -0.02459 0.53262 -0.84600
vn 0.01091 0.53578 -0.84429
vn -0.00866 0.52721 -0.84969
vn -0.01073 0.52720 -0.84968
vn 0.00877 0.53411 -0.84537
vn -0.03076 0.53725 -0.84286
vn 0.02542 0.55062 -0.83437
vn -0.04181 0.56143 -0.82647
vn 0.03427 0.57056 -0.82054
vn 0.98977 -0.13972 0.02899
vn 0.97944 -0.15032 0.13457
vn 0.99183 -0.12254 -0.03551
vn 0.99194 -0.12263 -0.03193
vn 0.99178 -0.12207 -0.03826
vn 0.99178 -0.12207 -0.03825
vn 0.99178 -0.12207 -0.03829
vn 0.99178 -0.12207 -0.03830
vn 0.99167 -0.12226 -0.04065
vn 0.99141 -0.12307 -0.04422
vn 0.98710 -0.13086 -0.09222
vn 0.96554 -0.16494 -0.20132
vn -0.98643 -0.13673 -0.09089
vn -0.97036 -0.14623 -0.19240
vn -0.99164 -0.12248 -0.04065
vn -0.99148 -0.12254 -0.04422
vn -0.99178 -0.12207 -0.03829
vn -0.99178 -0.12207 -0.03830
vn -0.99178 -0.12207 -0.03826
vn -0.99178 -0.12207 -0.03825
vn -0.99186 -0.12232 -0.03550
vn -0.99187 -0.12316 -0.03192
vn -0.99055 -0.13375 0.03031
vn -0.97492 -0.16962 0.14410
vn -0.48142 0.84340 -0.23857
vn -0.47149 0.85029 -0.23390
vn -0.39046 0.88988 -0.23589
vn -0.38144 0.89490 -0.23164
vn -0.14981 0.95997 -0.23667
vn -0.14569 0.96107 -0.23479
vn 0.14988 0.96046 -0.23464
vn 0.14562 0.96062 -0.23664
vn 0.39092 0.89093 -0.23112
vn 0.38103 0.89393 -0.23600
vn 0.48203 0.84447 -0.23349
vn 0.47094 0.84930 -0.23855
vn -0.48475 0.87421 -0.02793
vn -0.47442 0.88002 -0.02225
vn -0.39203 0.91973 -0.02015
vn -0.38279 0.92371 -0.01497
vn -0.14987 0.98863 -0.01193
vn -0.14580 0.98927 -0.00977
vn 0.14987 0.98866 -0.00977
vn 0.14580 0.98924 -0.01187
vn 0.39206 0.91981 -0.01507
vn 0.38276 0.92363 -0.01991
vn 0.48482 0.87433 -0.02251
vn 0.47435 0.87990 -0.02754
vn -0.47445 0.88009 -0.01835
vn -0.46447 0.88550 -0.01276
vn -0.38281 0.92377 -0.01052
vn -0.37394 0.92744 -0.00543
vn -0.14581 0.98931 -0.00214
vn -0.14195 0.98987 -0.00004
vn 0.14581 0.98931 -0.00004
vn 0.14195 0.98987 -0.00209
vn 0.38283 0.92380 -0.00556
vn 0.37393 0.92740 -0.01028
vn 0.47449 0.88016 -0.01303
vn 0.46443 0.88543 -0.01796
vn -0.46443 0.88543 -0.01789
vn -0.45480 0.89051 -0.01242
vn -0.37393 0.92740 -0.01020
vn -0.36543 0.93082 -0.00524
vn -0.14195 0.98987 -0.00201
vn -0.13828 0.99039 0.00004
vn 0.14195 0.98987 0.00004
vn 0.13828 0.99039 -0.00196
vn 0.37394 0.92744 -0.00536
vn 0.36542 0.93079 -0.00997
vn 0.46447 0.88550 -0.01269
vn 0.45477 0.89044 -0.01751
vn -0.45482 0.89054 -0.00811
vn -0.44551 0.89527 -0.00276
vn -0.36544 0.93084 -0.00046
vn -0.35727 0.93399 0.00440
vn -0.13828 0.99036 0.00779
vn -0.13480 0.99082 0.00979
vn 0.13828 0.99035 0.00979
vn 0.13480 0.99084 0.00784
vn 0.36544 0.93083 0.00427
vn 0.35728 0.93400 -0.00023
vn 0.45484 0.89057 -0.00303
vn 0.44550 0.89525 -0.00775
vn -0.43534 0.87482 0.21254
vn -0.42607 0.87816 0.21747
vn -0.34840 0.91078 0.22160
vn -0.34040 0.91269 0.22610
vn -0.13107 0.96346 0.23360
vn -0.12780 0.96347 0.23537
vn 0.13102 0.96306 0.23527
vn 0.12785 0.96388 0.23363
vn 0.34807 0.90992 0.22560
vn 0.34074 0.91359 0.22192
vn 0.43491 0.87396 0.21689
vn 0.42651 0.87906 0.21293
vn -0.70736 -0.61232 0.35313
vn -0.71410 -0.60270 0.35612
vn -0.60945 -0.68631 0.39693
vn -0.61714 -0.67760 0.40001
vn -0.26384 -0.83542 0.48213
vn -0.26963 -0.83239 0.48417
vn 0.26336 -0.83389 0.48504
vn 0.27010 -0.83386 0.48138
vn 0.60753 -0.68415 0.40353
vn 0.61897 -0.67961 0.39371
vn 0.70537 -0.61060 0.36002
vn 0.71598 -0.60429 0.34957
vn -0.76413 -0.64493 -0.01329
vn -0.77236 -0.63516 -0.00514
vn -0.67335 -0.73932 -0.00042
vn -0.68285 -0.73052 0.00797
vn -0.30811 -0.95118 0.01793
vn -0.31539 -0.94870 0.02232
vn 0.30808 -0.95110 0.02237
vn 0.31542 -0.94879 0.01778
vn 0.67333 -0.73929 0.00830
vn 0.68287 -0.73054 -0.00085
vn 0.76419 -0.64498 -0.00473
vn 0.77230 -0.63511 -0.01377
vn -0.77203 -0.63489 -0.02973
vn -0.78042 -0.62490 -0.02131
vn -0.68275 -0.73041 -0.01863
vn -0.69250 -0.72135 -0.00993
vn -0.31546 -0.94893 -0.00447
vn -0.32311 -0.94636 0.00009
vn 0.31547 -0.94894 0.00009
vn 0.32311 -0.94635 -0.00458
vn 0.68284 -0.73051 -0.00979
vn 0.69241 -0.72126 -0.01890
vn 0.77220 -0.63503 -0.02109
vn 0.78024 -0.62476 -0.03005
vn -0.78024 -0.62475 -0.03017
vn -0.78867 -0.61444 -0.02166
vn -0.69241 -0.72125 -0.01903
vn -0.70231 -0.71180 -0.01021
vn -0.32311 -0.94635 -0.00475
vn -0.33112 -0.94359 -0.00009
vn 0.32311 -0.94636 -0.00009
vn 0.33111 -0.94358 -0.00487
vn 0.69250 -0.72135 -0.01006
vn 0.70222 -0.71170 -0.01930
vn 0.78042 -0.62489 -0.02144
vn 0.78849 -0.61429 -0.03049
vn -0.78803 -0.61394 -0.04576
vn -0.79660 -0.60337 -0.03698
vn -0.70188 -0.71136 -0.03651
vn -0.71204 -0.70161 -0.02738
vn -0.33100 -0.94325 -0.02696
vn -0.33942 -0.94038 -0.02212
vn 0.33103 -0.94336 -0.02219
vn 0.33938 -0.94026 -0.02702
vn 0.70208 -0.71157 -0.02745
vn 0.71183 -0.70140 -0.03659
vn 0.78832 -0.61416 -0.03697
vn 0.79631 -0.60315 -0.04588
vn -0.73916 -0.55987 -0.37442
vn -0.75037 -0.55212 -0.36347
vn -0.65170 -0.64215 -0.40364
vn -0.66434 -0.63591 -0.39277
vn -0.29726 -0.82359 -0.48305
vn -0.30579 -0.82300 -0.47871
vn 0.29784 -0.82518 -0.47997
vn 0.30514 -0.82127 -0.48209
vn 0.65376 -0.64419 -0.39701
vn 0.66209 -0.63375 -0.39999
vn 0.74129 -0.56148 -0.36774
vn 0.74807 -0.55043 -0.37071
vn 0.12122 -0.24984 0.96067
vn -0.30607 -0.26494 0.91440
vn 0.09067 -0.24310 0.96575
vn -0.21572 -0.24292 0.94576
vn 0.03158 -0.23811 0.97072
vn -0.07403 -0.23441 0.96931
vn -0.03116 -0.23494 0.97151
vn 0.07644 -0.24205 0.96725
vn -0.08763 -0.23497 0.96804
vn 0.23452 -0.26410 0.93555
vn -0.11658 -0.24027 0.96368
vn 0.33804 -0.29262 0.89448
vn -0.14221 -0.24914 -0.95797
vn 0.35377 -0.26030 -0.89838
vn -0.10650 -0.24272 -0.96423
vn 0.25155 -0.24078 -0.93742
vn -0.03715 -0.23807 -0.97054
vn 0.08700 -0.23417 -0.96830
vn 0.03666 -0.23490 -0.97133
vn -0.08983 -0.24178 -0.96616
vn 0.10295 -0.23462 -0.96662
vn -0.27304 -0.26135 -0.92582
vn 0.13679 -0.23964 -0.96118
vn -0.38925 -0.28641 -0.87548
vn 0.96989 0.23400 0.06757
vn 0.97357 0.22672 0.02751
vn 0.97370 0.22639 0.02573
vn 0.97370 0.22638 0.02572
vn 0.97384 0.22599 0.02362
vn 0.97600 0.21591 -0.02851
vn 0.97964 0.18624 0.07494
vn 0.98322 0.17891 0.03571
vn 0.98334 0.17858 0.03397
vn 0.98334 0.17858 0.03396
vn 0.98348 0.17819 0.03190
vn 0.98557 0.16820 -0.01915
vn 0.99232 0.08064 0.09383
vn 0.99578 0.07310 0.05555
vn 0.99589 0.07276 0.05385
vn 0.99590 0.07276 0.05383
vn 0.99603 0.07236 0.05183
vn 0.99805 0.06238 0.00197
vn 0.99232 -0.03774 0.11783
vn 0.99578 -0.04570 0.07963
vn 0.99589 -0.04605 0.07793
vn 0.99590 -0.04605 0.07792
vn 0.99603 -0.04646 0.07592
vn 0.99805 -0.05669 0.02610
vn 0.97964 -0.14236 0.14155
vn 0.98322 -0.15088 0.10256
vn 0.98334 -0.15126 0.10083
vn 0.98334 -0.15126 0.10082
vn 0.98348 -0.15170 0.09878
vn 0.98557 -0.16238 0.04787
vn 0.96989 -0.18922 0.15336
vn 0.97357 -0.19811 0.11363
vn 0.97370 -0.19849 0.11186
vn 0.97370 -0.19850 0.11185
vn 0.97384 -0.19895 0.10976
vn 0.97600 -0.20997 0.05782
vn -0.97600 0.21591 -0.02851
vn -0.97384 0.22599 0.02362
vn -0.97370 0.22638 0.02572
vn -0.97370 0.22639 0.02573
vn -0.97357 0.22672 0.02751
vn -0.96989 0.23400 0.06757
vn -0.98557 0.16820 -0.01915
vn -0.98348 0.17819 0.03190
vn -0.98334 0.17858 0.03396
vn -0.98334 0.17858 0.03397
vn -0.98322 0.17891 0.03571
vn -0.97964 0.18624 0.07494
vn -0.99805 0.06238 0.00197
vn -0.99603 0.07236 0.05183
vn -0.99590 0.07276 0.05383
vn -0.99589 0.07276 0.05385
vn -0.99578 0.07310 0.05555
vn -0.99232 0.08064 0.09383
vn -0.99805 -0.05669 0.02610
vn -0.99603 -0.04646 0.07592
vn -0.99590 -0.04605 0.07792
vn -0.99589 -0.04605 0.07793
vn -0.99578 -0.04570 0.07963
vn -0.99232 -0.03774 0.11783
vn -0.98557 -0.16238 0.04787
vn -0.98348 -0.15170 0.09878
vn -0.98334 -0.15126 0.10082
vn -0.98334 -0.15126 0.10083
vn -0.98322 -0.15088 0.10256
vn -0.97964 -0.14236 0.14155
vn -0.97600 -0.20997 0.05782
vn -0.97384 -0.19895 0.10976
vn -0.97370 -0.19850 0.11185
vn -0.97370 -0.19849 0.11186
vn -0.97357 -0.19811 0.11363
vn -0.96989 -0.18922 0.15336
vn -0.21727 0.95951 -0.17924
vn -0.16865 0.96883 -0.18144
vn -0.06074 0.98100 -0.18425
vn 0.06074 0.98100 -0.18425
vn 0.16865 0.96883 -0.18144
vn 0.21727 0.95951 -0.17924
vn -0.21679 0.96795 -0.12678
vn -0.16830 0.97712 -0.13005
vn -0.06062 0.98912 -0.13401
vn 0.06062 0.98912 -0.13401
vn 0.16830 0.97712 -0.13005
vn 0.21679 0.96795 -0.12678
vn -0.21676 0.96823 -0.12466
vn -0.16827 0.97740 -0.12797
vn -0.06061 0.98940 -0.13198
vn 0.06061 0.98940 -0.13198
vn 0.16827 0.97740 -0.12797
vn 0.21676 0.96823 -0.12466
vn -0.21676 0.96823 -0.12465
vn -0.16827 0.97740 -0.12796
vn -0.06061 0.98940 -0.13196
vn 0.06061 0.98940 -0.13196
vn 0.16827 0.97740 -0.12796
vn 0.21676 0.96823 -0.12465
vn -0.21673 0.96847 -0.12285
vn -0.16825 0.97763 -0.12620
vn -0.06060 0.98963 -0.13024
vn 0.06060 0.98963 -0.13024
vn 0.16825 0.97763 -0.12620
vn 0.21673 0.96847 -0.12285
vn -0.21591 0.97294 -0.08222
vn -0.16764 0.98206 -0.08638
vn -0.06039 0.99399 -0.09131
vn 0.06039 0.99399 -0.09131
vn 0.16764 0.98206 -0.08638
vn 0.21591 0.97294 -0.08222
vn -0.21591 -0.92816 0.30315
vn -0.16764 -0.93817 0.30287
vn -0.06039 -0.95108 0.30297
vn 0.06039 -0.95108 0.30297
vn 0.16764 -0.93817 0.30287
vn 0.21591 -0.92816 0.30315
vn -0.21673 -0.93986 0.26399
vn -0.16825 -0.94960 0.26447
vn -0.06060 -0.96223 0.26542
vn 0.06060 -0.96223 0.26542
vn 0.16825 -0.94960 0.26447
vn 0.21673 -0.93986 0.26399
vn -0.21676 -0.94034 0.26224
vn -0.16827 -0.95007 0.26276
vn -0.06061 -0.96269 0.26374
vn 0.06061 -0.96269 0.26374
vn 0.16827 -0.95007 0.26276
vn 0.21676 -0.94034 0.26224
vn -0.21676 -0.94035 0.26223
vn -0.16827 -0.95008 0.26275
vn -0.06061 -0.96269 0.26373
vn 0.06061 -0.96269 0.26373
vn 0.16827 -0.95008 0.26275
vn 0.21676 -0.94035 0.26223
vn -0.21679 -0.94091 0.26017
vn -0.16830 -0.95063 0.26073
vn -0.06062 -0.96323 0.26175
vn 0.06062 -0.96323 0.26175
vn 0.16830 -0.95063 0.26073
vn 0.21679 -0.94091 0.26017
vn -0.21727 -0.95357 0.20856
vn -0.16865 -0.96301 0.21016
vn -0.06074 -0.97531 0.21232
vn 0.06074 -0.97531 0.21232
vn 0.16865 -0.96301 0.21016
vn 0.21727 -0.95357 0.20856
vn 0.00000 0.19867 0.98007
vn 0.00000 -0.19867 -0.98007
vn 0.97211 0.23449 0.00366
vn 0.97448 0.22285 -0.02692
vn 0.97456 0.22233 -0.02827
vn 0.97456 0.22232 -0.02829
vn 0.97466 0.22171 -0.02988
vn 0.97604 0.20622 -0.06948
vn 0.98180 0.18887 0.01991
vn 0.98410 0.17734 -0.01001
vn 0.98418 0.17683 -0.01133
vn 0.98418 0.17682 -0.01134
vn 0.98427 0.17622 -0.01290
vn 0.98560 0.16098 -0.05167
vn 0.99441 0.08831 0.05794
vn 0.99663 0.07681 0.02878
vn 0.99671 0.07630 0.02749
vn 0.99671 0.07629 0.02748
vn 0.99679 0.07569 0.02595
vn 0.99809 0.06066 -0.01189
vn 0.99441 -0.02409 0.10284
vn 0.99663 -0.03585 0.07377
vn 0.99671 -0.03637 0.07249
vn 0.99671 -0.03637 0.07248
vn 0.99679 -0.03698 0.07096
vn 0.99809 -0.05216 0.03317
vn 0.98180 -0.12318 0.14455
vn 0.98410 -0.13544 0.11492
vn 0.98418 -0.13598 0.11361
vn 0.98418 -0.13598 0.11360
vn 0.98427 -0.13662 0.11204
vn 0.98560 -0.15228 0.07344
vn 0.97211 -0.16745 0.16420
vn 0.97448 -0.18007 0.13401
vn 0.97456 -0.18063 0.13267
vn 0.97456 -0.18063 0.13266
vn 0.97466 -0.18129 0.13108
vn 0.97604 -0.19734 0.09171
vn -0.97604 0.20622 -0.06948
vn -0.97466 0.22171 -0.02988
vn -0.97456 0.22232 -0.02829
vn -0.97456 0.22233 -0.02827
vn -0.97448 0.22285 -0.02692
vn -0.97211 0.23449 0.00366
vn -0.98560 0.16098 -0.05167
vn -0.98427 0.17622 -0.01290
vn -0.98418 0.17682 -0.01134
vn -0.98418 0.17683 -0.01133
vn -0.98410 0.17734 -0.01001
vn -0.98180 0.18887 0.01991
vn -0.99809 0.06066 -0.01189
vn -0.99679 0.07569 0.02595
vn -0.99671 0.07629 0.02748
vn -0.99671 0.07630 0.02749
vn -0.99663 0.07681 0.02878
vn -0.99441 0.08831 0.05794
vn -0.99809 -0.05216 0.03317
vn -0.99679 -0.03698 0.07096
vn -0.99671 -0.03637 0.07248
vn -0.99671 -0.03637 0.07249
vn -0.99663 -0.03585 0.07377
vn -0.99441 -0.02409 0.10284
vn -0.98560 -0.15228 0.07344
vn -0.98427 -0.13662 0.11204
vn -0.98427 -0.13662 0.11205
vn -0.98418 -0.13598 0.11360
vn -0.98418 -0.13598 0.11361
vn -0.98410 -0.13544 0.11492
vn -0.98180 -0.12318 0.14455
vn -0.97604 -0.19734 0.09171
vn -0.97466 -0.18129 0.13108
vn -0.97456 -0.18063 0.13266
vn -0.97456 -0.18063 0.13267
vn -0.97448 -0.18007 0.13401
vn -0.97211 -0.16745 0.16420
vn -0.21728 0.91085 -0.35092
vn -0.16866 0.91964 -0.35470
vn -0.06074 0.93114 -0.35957
vn 0.06074 0.93114 -0.35957
vn 0.16866 0.91964 -0.35470
vn 0.21728 0.91085 -0.35092
vn -0.21697 0.92534 -0.31092
vn -0.16843 0.93385 -0.31551
vn -0.06067 0.94504 -0.32128
vn 0.06067 0.94504 -0.32128
vn 0.16843 0.93385 -0.31551
vn 0.21697 0.92534 -0.31092
vn -0.21695 0.92589 -0.30930
vn -0.16842 0.93439 -0.31393
vn -0.06066 0.94557 -0.31972
vn 0.06066 0.94557 -0.31972
vn 0.16842 0.93439 -0.31393
vn 0.21695 0.92589 -0.30930
vn -0.21695 0.92589 -0.30929
vn -0.16842 0.93440 -0.31391
vn -0.06066 0.94557 -0.31971
vn 0.06066 0.94557 -0.31971
vn 0.16842 0.93440 -0.31391
vn 0.21695 0.92589 -0.30929
vn -0.21694 0.92635 -0.30791
vn -0.16840 0.93485 -0.31257
vn -0.06066 0.94602 -0.31839
vn 0.06066 0.94602 -0.31839
vn 0.16840 0.93485 -0.31257
vn 0.21694 0.92635 -0.30791
vn -0.21641 0.93629 -0.27665
vn -0.16801 0.94461 -0.28194
vn -0.06052 0.95558 -0.28845
vn 0.06052 0.95558 -0.28845
vn 0.16801 0.94461 -0.28194
vn 0.21641 0.93629 -0.27665
vn -0.21641 -0.86924 0.44451
vn -0.16801 -0.87892 0.44640
vn -0.06052 -0.89136 0.44924
vn 0.06052 -0.89136 0.44924
vn 0.16801 -0.87892 0.44640
vn 0.21641 -0.86924 0.44451
vn -0.21694 -0.88358 0.41500
vn -0.16840 -0.89295 0.41748
vn -0.06066 -0.90505 0.42095
vn 0.06066 -0.90505 0.42095
vn 0.16840 -0.89295 0.41748
vn 0.21694 -0.88358 0.41500
vn -0.21695 -0.88419 0.41368
vn -0.16842 -0.89355 0.41619
vn -0.16842 -0.89354 0.41619
vn -0.06066 -0.90564 0.41969
vn 0.06066 -0.90564 0.41969
vn 0.16842 -0.89355 0.41619
vn 0.21695 -0.88419 0.41368
vn -0.21695 -0.88420 0.41367
vn -0.16842 -0.89355 0.41618
vn -0.06066 -0.90564 0.41968
vn 0.06066 -0.90564 0.41968
vn 0.16842 -0.89355 0.41618
vn 0.21695 -0.88420 0.41367
vn -0.21697 -0.88492 0.41212
vn -0.16843 -0.89425 0.41466
vn -0.16843 -0.89426 0.41466
vn -0.06067 -0.90633 0.41819
vn 0.06067 -0.90633 0.41819
vn 0.16843 -0.89425 0.41466
vn 0.21697 -0.88492 0.41212
vn -0.21728 -0.90197 0.37314
vn -0.16866 -0.91095 0.37647
vn -0.06074 -0.92264 0.38085
vn 0.06074 -0.92264 0.38085
vn 0.16866 -0.91095 0.37647
vn 0.21728 -0.90197 0.37314
vn 0.00000 0.37092 0.92866
vn 0.00000 -0.37092 -0.92866
vn 0.97354 0.22208 -0.05377
vn 0.97507 0.20843 -0.07620
vn 0.97512 0.20782 -0.07719
vn 0.97512 0.20781 -0.07720
vn 0.97518 0.20710 -0.07836
vn 0.97606 0.18918 -0.10731
vn 0.98319 0.18023 -0.02927
vn 0.98466 0.16678 -0.05120
vn 0.98471 0.16618 -0.05216
vn 0.98471 0.16618 -0.05217
vn 0.98477 0.16547 -0.05332
vn 0.98563 0.14788 -0.08165
vn 0.99575 0.08818 0.02656
vn 0.99718 0.07490 0.00521
vn 0.99723 0.07431 0.00427
vn 0.99723 0.07430 0.00426
vn 0.99728 0.07361 0.00314
vn 0.99811 0.05634 -0.02450
vn 0.99575 -0.01451 0.09095
vn 0.99718 -0.02794 0.06968
vn 0.99723 -0.02854 0.06874
vn 0.99723 -0.02854 0.06873
vn 0.99728 -0.02924 0.06762
vn 0.99811 -0.04660 0.04003
vn 0.98319 -0.10487 0.14947
vn 0.98466 -0.11874 0.12781
vn 0.98471 -0.11936 0.12685
vn 0.98477 -0.12008 0.12571
vn 0.98563 -0.13792 0.09754
vn 0.97354 -0.14516 0.17647
vn 0.97507 -0.15939 0.15441
vn 0.97512 -0.16002 0.15343
vn 0.97512 -0.16003 0.15342
vn 0.97518 -0.16076 0.15227
vn 0.97606 -0.17901 0.12353
vn -0.97606 0.18918 -0.10731
vn -0.97518 0.20710 -0.07836
vn -0.97512 0.20781 -0.07720
vn -0.97512 0.20782 -0.07719
vn -0.97507 0.20843 -0.07620
vn -0.97354 0.22208 -0.05377
vn -0.98563 0.14788 -0.08165
vn -0.98477 0.16547 -0.05332
vn -0.98471 0.16618 -0.05217
vn -0.98471 0.16618 -0.05216
vn -0.98466 0.16678 -0.05120
vn -0.98319 0.18023 -0.02927
vn -0.99811 0.05634 -0.02450
vn -0.99728 0.07361 0.00314
vn -0.99723 0.07430 0.00426
vn -0.99723 0.07431 0.00427
vn -0.99718 0.07490 0.00521
vn -0.99575 0.08818 0.02656
vn -0.99811 -0.04660 0.04003
vn -0.99728 -0.02924 0.06762
vn -0.99723 -0.02854 0.06873
vn -0.99723 -0.02854 0.06874
vn -0.99718 -0.02794 0.06968
vn -0.99575 -0.01451 0.09095
vn -0.98563 -0.13792 0.09754
vn -0.98477 -0.12008 0.12571
vn -0.98471 -0.11936 0.12685
vn -0.98466 -0.11874 0.12781
vn -0.98319 -0.10487 0.14947
vn -0.97606 -0.17901 0.12353
vn -0.97518 -0.16076 0.15227
vn -0.97512 -0.16003 0.15342
vn -0.97512 -0.16002 0.15343
vn -0.97507 -0.15939 0.15441
vn -0.97354 -0.14516 0.17647
vn -0.21729 0.83206 -0.51036
vn -0.16866 0.84006 -0.51561
vn -0.06075 0.85052 -0.52242
vn 0.06075 0.85052 -0.52242
vn 0.16866 0.84006 -0.51561
vn 0.21729 0.83206 -0.51036
vn -0.21709 0.84939 -0.48105
vn -0.16852 0.85705 -0.48690
vn -0.06070 0.86714 -0.49436
vn 0.06070 0.86714 -0.49436
vn 0.16852 0.85705 -0.48690
vn 0.21709 0.84939 -0.48105
vn -0.21708 0.85007 -0.47986
vn -0.16851 0.85771 -0.48573
vn -0.06069 0.86779 -0.49322
vn 0.06069 0.86779 -0.49322
vn 0.16851 0.85771 -0.48573
vn 0.21708 0.85007 -0.47986
vn -0.21708 0.85007 -0.47985
vn -0.16851 0.85772 -0.48572
vn -0.06069 0.86779 -0.49321
vn 0.06069 0.86779 -0.49321
vn 0.16851 0.85772 -0.48572
vn 0.21708 0.85007 -0.47985
vn -0.21707 0.85065 -0.47884
vn -0.21707 0.85064 -0.47884
vn -0.16850 0.85828 -0.48473
vn -0.06069 0.86834 -0.49224
vn 0.06069 0.86834 -0.49224
vn 0.16850 0.85828 -0.48473
vn 0.21707 0.85065 -0.47884
vn -0.21673 0.86330 -0.45579
vn -0.16825 0.87069 -0.46215
vn -0.06060 0.88049 -0.47017
vn 0.06060 0.88049 -0.47017
vn 0.16825 0.87069 -0.46215
vn 0.21673 0.86330 -0.45579
vn -0.21673 -0.78638 0.57848
vn -0.16825 -0.79533 0.58236
vn -0.06060 -0.80682 0.58768
vn 0.06060 -0.80682 0.58768
vn 0.16825 -0.79533 0.58236
vn 0.21673 -0.78638 0.57848
vn -0.21707 -0.80161 0.55704
vn -0.16850 -0.81024 0.56135
vn -0.06069 -0.82139 0.56713
vn 0.06069 -0.82139 0.56713
vn 0.16850 -0.81024 0.56135
vn 0.21707 -0.80161 0.55704
vn -0.21708 -0.80227 0.55609
vn -0.16851 -0.81089 0.56041
vn -0.06069 -0.82202 0.56622
vn 0.06069 -0.82202 0.56622
vn 0.16851 -0.81089 0.56041
vn 0.21708 -0.80227 0.55609
vn -0.21708 -0.80228 0.55608
vn -0.16851 -0.81090 0.56040
vn -0.06069 -0.82202 0.56621
vn 0.06069 -0.82202 0.56621
vn 0.16851 -0.81090 0.56040
vn 0.21708 -0.80228 0.55608
vn -0.21709 -0.80306 0.55495
vn -0.16852 -0.81166 0.55930
vn -0.06070 -0.82277 0.56513
vn 0.06070 -0.82277 0.56513
vn 0.16852 -0.81166 0.55930
vn 0.21709 -0.80306 0.55495
vn -0.21729 -0.82189 0.52658
vn -0.16866 -0.83010 0.53150
vn -0.06075 -0.84079 0.53795
vn 0.06075 -0.84079 0.53795
vn 0.16866 -0.83010 0.53150
vn 0.21729 -0.82189 0.52658
vn 0.00000 0.53119 0.84726
vn 0.00000 -0.53119 -0.84726
vn 0.97804 0.01070 0.20813
vn 0.97587 0.01924 0.21752
vn 0.97820 0.02162 0.20654
vn 0.97683 0.02628 0.21239
vn 0.97746 0.02694 0.20939
vn 0.97647 0.02983 0.21357
vn 0.97689 0.03026 0.21157
vn 0.97613 0.03221 0.21477
vn 0.97680 0.03290 0.21162
vn 0.97619 0.03428 0.21419
vn 0.98425 0.04360 0.17135
vn 0.98384 0.04466 0.17339
vn 0.97844 -0.00119 0.20651
vn 0.97701 0.00554 0.21313
vn 0.97918 0.00773 0.20283
vn 0.97825 0.01139 0.20712
vn 0.97881 0.01197 0.20440
vn 0.97812 0.01423 0.20754
vn 0.97849 0.01462 0.20576
vn 0.97795 0.01613 0.20820
vn 0.97856 0.01676 0.20527
vn 0.97812 0.01783 0.20726
vn 0.98583 0.02675 0.16561
vn 0.98553 0.02755 0.16725
vn 0.97919 -0.02632 0.20124
vn 0.97882 -0.02385 0.20332
vn 0.98055 -0.02213 0.19500
vn 0.98030 -0.02079 0.19642
vn 0.98058 -0.02050 0.19502
vn 0.98039 -0.01968 0.19608
vn 0.98054 -0.01953 0.19537
vn 0.98038 -0.01898 0.19621
vn 0.98078 -0.01856 0.19422
vn 0.98065 -0.01817 0.19492
vn 0.98783 -0.00996 0.15519
vn 0.98774 -0.00967 0.15579
vn 0.97887 -0.05443 0.19713
vn 0.97905 -0.05700 0.19549
vn 0.98033 -0.05577 0.18933
vn 0.98048 -0.05717 0.18815
vn 0.98041 -0.05723 0.18847
vn 0.98053 -0.05809 0.18756
vn 0.98039 -0.05823 0.18826
vn 0.98050 -0.05881 0.18751
vn 0.98066 -0.05865 0.18671
vn 0.98076 -0.05906 0.18609
vn 0.98775 -0.05136 0.14734
vn 0.98782 -0.05166 0.14679
vn 0.97763 -0.08007 0.19451
vn 0.97758 -0.08758 0.19146
vn 0.97861 -0.08664 0.18659
vn 0.97870 -0.09073 0.18416
vn 0.97837 -0.09104 0.18578
vn 0.97849 -0.09359 0.18383
vn 0.97813 -0.09393 0.18560
vn 0.97827 -0.09565 0.18398
vn 0.97825 -0.09566 0.18404
vn 0.97839 -0.09688 0.18265
vn 0.98562 -0.08937 0.14342
vn 0.98572 -0.09028 0.14213
vn 0.97713 -0.09174 0.19186
vn 0.97652 -0.10186 0.18985
vn 0.97755 -0.10093 0.18494
vn 0.97734 -0.10646 0.18296
vn 0.97695 -0.10681 0.18481
vn 0.97689 -0.11027 0.18309
vn 0.97647 -0.11064 0.18508
vn 0.97649 -0.11299 0.18358
vn 0.97644 -0.11303 0.18380
vn 0.97650 -0.11471 0.18246
vn 0.98401 -0.10716 0.14230
vn 0.98406 -0.10841 0.14099
vn -0.98406 0.04495 0.17207
vn -0.98401 0.04329 0.17280
vn -0.97650 0.03460 0.21273
vn -0.97644 0.03253 0.21330
vn -0.97649 0.03258 0.21309
vn -0.97647 0.02983 0.21356
vn -0.97689 0.03026 0.21158
vn -0.97695 0.02641 0.21182
vn -0.97734 0.02681 0.20997
vn -0.97755 0.02094 0.20965
vn -0.97652 0.01989 0.21452
vn -0.97713 0.00978 0.21244
vn -0.98572 0.02780 0.16607
vn -0.98562 0.02647 0.16690
vn -0.97839 0.01811 0.20596
vn -0.97825 0.01644 0.20677
vn -0.97827 0.01645 0.20670
vn -0.97813 0.01423 0.20753
vn -0.97849 0.01461 0.20576
vn -0.97837 0.01151 0.20657
vn -0.97870 0.01185 0.20496
vn -0.97861 0.00714 0.20560
vn -0.97758 0.00611 0.21046
vn -0.97763 -0.00200 0.21034
vn -0.98782 -0.00958 0.15532
vn -0.98775 -0.01007 0.15571
vn -0.98076 -0.01807 0.19440
vn -0.98066 -0.01869 0.19482
vn -0.98050 -0.01885 0.19561
vn -0.98039 -0.01968 0.19607
vn -0.98053 -0.01953 0.19537
vn -0.98041 -0.02068 0.19588
vn -0.98048 -0.02061 0.19556
vn -0.98033 -0.02236 0.19610
vn -0.97905 -0.02363 0.20225
vn -0.97887 -0.02663 0.20276
vn -0.98774 -0.05176 0.14726
vn -0.98783 -0.05126 0.14682
vn -0.98065 -0.05917 0.18661
vn -0.98078 -0.05853 0.18612
vn -0.98038 -0.05893 0.18811
vn -0.98054 -0.05809 0.18755
vn -0.98039 -0.05823 0.18826
vn -0.98058 -0.05706 0.18761
vn -0.98030 -0.05734 0.18901
vn -0.98055 -0.05555 0.18823
vn -0.97882 -0.05721 0.19655
vn -0.97919 -0.05413 0.19560
vn -0.98553 -0.09051 0.14331
vn -0.98583 -0.08912 0.14212
vn -0.97812 -0.09713 0.18396
vn -0.97856 -0.09537 0.18254
vn -0.97795 -0.09593 0.18549
vn -0.97849 -0.09359 0.18382
vn -0.97812 -0.09393 0.18561
vn -0.97881 -0.09063 0.18361
vn -0.97825 -0.09115 0.18633
vn -0.97918 -0.08611 0.18381
vn -0.97701 -0.08810 0.19415
vn -0.97844 -0.07933 0.19067
vn -0.98384 -0.10866 0.14231
vn -0.98425 -0.10689 0.14084
vn -0.97619 -0.11498 0.18393
vn -0.97680 -0.11271 0.18210
vn -0.97613 -0.11330 0.18528
vn -0.97689 -0.11027 0.18309
vn -0.97647 -0.11064 0.18509
vn -0.97746 -0.10635 0.18238
vn -0.97683 -0.10692 0.18539
vn -0.97820 -0.10034 0.18182
vn -0.97587 -0.10243 0.19286
vn -0.97804 -0.09091 0.18754
vn -0.50000 0.72130 0.47930
vn -0.50752 0.71878 0.47516
vn -0.40774 0.76824 0.49352
vn -0.41460 0.76693 0.48982
vn -0.15783 0.83969 0.51962
vn -0.16086 0.83991 0.51834
vn 0.15790 0.84032 0.51859
vn 0.16078 0.83921 0.51949
vn 0.40814 0.76959 0.49107
vn 0.41414 0.76543 0.49255
vn 0.50051 0.72267 0.47669
vn 0.50694 0.71726 0.47807
vn -0.48882 0.67240 0.55582
vn -0.49870 0.66917 0.55092
vn -0.39870 0.71712 0.57164
vn -0.40772 0.71547 0.56733
vn -0.15427 0.78451 0.60063
vn -0.15824 0.78479 0.59923
vn 0.15436 0.78527 0.59960
vn 0.15812 0.78388 0.60044
vn 0.39925 0.71877 0.56919
vn 0.40706 0.71355 0.57022
vn 0.48952 0.67406 0.55318
vn 0.49786 0.66722 0.55403
vn -0.49714 0.66555 0.55668
vn -0.51090 0.66044 0.55027
vn -0.40644 0.71174 0.57292
vn -0.41913 0.70888 0.56730
vn -0.15786 0.78182 0.60319
vn -0.16355 0.78201 0.60143
vn 0.15797 0.78273 0.60198
vn 0.16340 0.78090 0.60290
vn 0.40710 0.71367 0.57004
vn 0.41830 0.70654 0.57081
vn 0.49798 0.66750 0.55359
vn 0.50986 0.65810 0.55402
vn -0.50986 0.65809 0.55404
vn -0.53047 0.64933 0.54496
vn -0.41830 0.70653 0.57082
vn -0.43756 0.70121 0.56288
vn -0.16340 0.78089 0.60292
vn -0.17227 0.78082 0.60054
vn 0.16354 0.78200 0.60145
vn 0.17207 0.77940 0.60243
vn 0.41912 0.70887 0.56731
vn 0.43648 0.69827 0.56736
vn 0.51090 0.66043 0.55029
vn 0.52911 0.64641 0.54972
vn -0.52876 0.64568 0.55092
vn -0.56311 0.62871 0.53631
vn -0.43617 0.69746 0.56860
vn -0.46902 0.68635 0.55582
vn -0.17194 0.77844 0.60372
vn -0.18773 0.77760 0.60009
vn 0.17214 0.77985 0.60183
vn 0.18743 0.77562 0.60273
vn 0.43726 0.70040 0.56413
vn 0.46743 0.68239 0.56200
vn 0.53012 0.64859 0.54617
vn 0.56117 0.62484 0.54283
vn -0.55535 0.61344 0.56149
vn -0.62388 0.57314 0.53130
vn -0.46217 0.66945 0.58158
vn -0.53058 0.64076 0.55490
vn -0.18498 0.75968 0.62343
vn -0.22067 0.75592 0.61635
vn 0.18528 0.76161 0.62099
vn 0.22007 0.75267 0.62053
vn 0.46375 0.67332 0.57582
vn 0.52770 0.63472 0.56450
vn 0.55729 0.61722 0.55540
vn 0.62052 0.56744 0.54127
vn -0.62052 -0.73343 0.27757
vn -0.55729 -0.78478 0.27120
vn -0.52770 -0.80444 0.27277
vn -0.46375 -0.84441 0.26816
vn -0.22007 -0.93490 0.27844
vn -0.18528 -0.94331 0.27538
vn 0.22067 -0.93627 0.27332
vn 0.18498 -0.94249 0.27838
vn 0.53058 -0.80627 0.26157
vn 0.46217 -0.84308 0.27497
vn 0.62388 -0.73479 0.26617
vn 0.55535 -0.78367 0.27829
vn -0.56117 -0.78690 0.25665
vn -0.53012 -0.81008 0.25048
vn -0.46743 -0.84738 0.25190
vn -0.43726 -0.86479 0.24685
vn -0.18743 -0.94911 0.25311
vn -0.17214 -0.95266 0.25063
vn 0.18773 -0.94990 0.24991
vn 0.17194 -0.95209 0.25292
vn 0.46902 -0.84862 0.24467
vn 0.43617 -0.86383 0.25211
vn 0.56311 -0.78793 0.24915
vn 0.52876 -0.80925 0.25599
vn -0.52911 -0.80946 0.25460
vn -0.51090 -0.82259 0.24966
vn -0.43648 -0.86410 0.25066
vn -0.41912 -0.87383 0.24648
vn -0.17207 -0.95247 0.25137
vn -0.16354 -0.95448 0.24944
vn 0.17227 -0.95304 0.24907
vn 0.16340 -0.95403 0.25123
vn 0.43756 -0.86506 0.24539
vn 0.41830 -0.87305 0.25062
vn 0.53047 -0.81029 0.24908
vn 0.50986 -0.82190 0.25403
vn -0.50986 -0.82190 0.25401
vn -0.49798 -0.83038 0.24995
vn -0.41830 -0.87305 0.25061
vn -0.40710 -0.87932 0.24712
vn -0.16340 -0.95404 0.25121
vn -0.15797 -0.95536 0.24965
vn 0.16355 -0.95448 0.24943
vn 0.15786 -0.95500 0.25112
vn 0.41913 -0.87383 0.24647
vn 0.40644 -0.87866 0.25053
vn 0.51090 -0.82259 0.24965
vn 0.49714 -0.82980 0.25356
vn -0.49786 -0.83030 0.25046
vn -0.48952 -0.83627 0.24702
vn -0.40706 -0.87928 0.24734
vn -0.39925 -0.88368 0.24435
vn -0.15812 -0.95582 0.24778
vn -0.15436 -0.95678 0.24647
vn 0.15824 -0.95619 0.24631
vn 0.15427 -0.95647 0.24771
vn 0.40772 -0.87992 0.24393
vn 0.39870 -0.88312 0.24726
vn 0.49870 -0.83088 0.24685
vn 0.48882 -0.83576 0.25010
vn -0.50694 -0.84681 0.16102
vn -0.50051 -0.85126 0.15764
vn -0.41414 -0.89681 0.15560
vn -0.40814 -0.90007 0.15262
vn -0.16078 -0.97527 0.15168
vn -0.15790 -0.97593 0.15042
vn 0.16086 -0.97546 0.15034
vn 0.15783 -0.97576 0.15161
vn 0.41460 -0.89714 0.15250
vn 0.40774 -0.89978 0.15539
vn 0.50752 -0.84708 0.15774
vn 0.50000 -0.85101 0.16058
vn 0.00000 -0.19867 0.98007
vn 0.00000 0.19867 -0.98007
vn 0.97778 0.01546 0.20904
vn 0.97550 0.02493 0.21860
vn 0.97783 0.02732 0.20762
vn 0.97639 0.03251 0.21356
vn 0.97702 0.03317 0.21057
vn 0.97598 0.03639 0.21479
vn 0.97640 0.03683 0.21280
vn 0.97561 0.03901 0.21604
vn 0.97627 0.03970 0.21289
vn 0.97564 0.04125 0.21549
vn 0.98368 0.05063 0.17268
vn 0.98325 0.05182 0.17475
vn 0.97829 0.00248 0.20722
vn 0.97679 0.00992 0.21397
vn 0.97896 0.01213 0.20367
vn 0.97799 0.01619 0.20804
vn 0.97855 0.01678 0.20532
vn 0.97783 0.01930 0.20850
vn 0.97820 0.01968 0.20672
vn 0.97764 0.02137 0.20920
vn 0.97825 0.02201 0.20626
vn 0.97779 0.02321 0.20828
vn 0.98549 0.03217 0.16665
vn 0.98518 0.03308 0.16831
vn 0.97917 -0.02501 0.20150
vn 0.97879 -0.02228 0.20363
vn 0.98053 -0.02056 0.19531
vn 0.98027 -0.01908 0.19676
vn 0.98055 -0.01879 0.19536
vn 0.98035 -0.01787 0.19644
vn 0.98050 -0.01772 0.19573
vn 0.98034 -0.01710 0.19658
vn 0.98074 -0.01669 0.19459
vn 0.98061 -0.01625 0.19530
vn 0.98779 -0.00803 0.15558
vn 0.98770 -0.00770 0.15618
vn 0.97885 -0.05573 0.19686
vn 0.97902 -0.05856 0.19517
vn 0.98030 -0.05734 0.18901
vn 0.98044 -0.05888 0.18779
vn 0.98038 -0.05894 0.18812
vn 0.98050 -0.05990 0.18718
vn 0.98035 -0.06004 0.18788
vn 0.98046 -0.06068 0.18713
vn 0.98062 -0.06052 0.18633
vn 0.98071 -0.06098 0.18569
vn 0.98771 -0.05329 0.14694
vn 0.98777 -0.05363 0.14638
vn 0.97747 -0.08372 0.19374
vn 0.97737 -0.09195 0.19053
vn 0.97839 -0.09102 0.18565
vn 0.97844 -0.09552 0.18314
vn 0.97810 -0.09582 0.18475
vn 0.97820 -0.09863 0.18275
vn 0.97783 -0.09897 0.18452
vn 0.97795 -0.10087 0.18285
vn 0.97794 -0.10088 0.18292
vn 0.97806 -0.10224 0.18149
vn 0.98528 -0.09477 0.14227
vn 0.98537 -0.09578 0.14096
vn 0.97687 -0.09647 0.19084
vn 0.97615 -0.10752 0.18862
vn 0.97718 -0.10660 0.18371
vn 0.97690 -0.11266 0.18161
vn 0.97651 -0.11300 0.18346
vn 0.97640 -0.11680 0.18167
vn 0.97598 -0.11716 0.18366
vn 0.97596 -0.11974 0.18210
vn 0.97592 -0.11978 0.18231
vn 0.97594 -0.12164 0.18094
vn 0.98344 -0.11415 0.14079
vn 0.98347 -0.11553 0.13945
vn -0.98347 0.05211 0.17343
vn -0.98344 0.05031 0.17413
vn -0.97594 0.04157 0.21403
vn -0.97592 0.03933 0.21457
vn -0.97596 0.03938 0.21436
vn -0.97598 0.03640 0.21479
vn -0.97640 0.03683 0.21281
vn -0.97651 0.03264 0.21299
vn -0.97690 0.03304 0.21114
vn -0.97718 0.02665 0.21073
vn -0.97615 0.02558 0.21560
vn -0.97687 0.01454 0.21335
vn -0.98537 0.03333 0.16713
vn -0.98528 0.03189 0.16794
vn -0.97806 0.02349 0.20698
vn -0.97794 0.02168 0.20777
vn -0.97795 0.02170 0.20770
vn -0.97783 0.01930 0.20849
vn -0.97820 0.01968 0.20673
vn -0.97810 0.01631 0.20748
vn -0.97844 0.01666 0.20588
vn -0.97839 0.01154 0.20644
vn -0.97737 0.01050 0.21130
vn -0.97747 0.00166 0.21105
vn -0.98777 -0.00760 0.15571
vn -0.98771 -0.00813 0.15609
vn -0.98071 -0.01614 0.19478
vn -0.98062 -0.01681 0.19519
vn -0.98046 -0.01698 0.19598
vn -0.98035 -0.01787 0.19643
vn -0.98050 -0.01772 0.19573
vn -0.98038 -0.01897 0.19622
vn -0.98044 -0.01890 0.19590
vn -0.98030 -0.02079 0.19642
vn -0.97902 -0.02206 0.20256
vn -0.97885 -0.02533 0.20302
vn -0.98770 -0.05373 0.14685
vn -0.98779 -0.05319 0.14642
vn -0.98061 -0.06108 0.18621
vn -0.98074 -0.06040 0.18573
vn -0.98034 -0.06080 0.18773
vn -0.98050 -0.05990 0.18718
vn -0.98035 -0.06004 0.18789
vn -0.98055 -0.05877 0.18726
vn -0.98027 -0.05905 0.18865
vn -0.98053 -0.05712 0.18790
vn -0.97879 -0.05877 0.19623
vn -0.97917 -0.05543 0.19533
vn -0.98518 -0.09601 0.14214
vn -0.98549 -0.09452 0.14097
vn -0.97779 -0.10249 0.18280
vn -0.97825 -0.10059 0.18141
vn -0.97764 -0.10115 0.18436
vn -0.97820 -0.09863 0.18274
vn -0.97783 -0.09897 0.18453
vn -0.97855 -0.09541 0.18258
vn -0.97799 -0.09593 0.18531
vn -0.97896 -0.09049 0.18287
vn -0.97679 -0.09246 0.19321
vn -0.97829 -0.08298 0.18990
vn -0.98325 -0.11578 0.14077
vn -0.98368 -0.11388 0.13933
vn -0.97564 -0.12191 0.18241
vn -0.97627 -0.11947 0.18062
vn -0.97561 -0.12006 0.18380
vn -0.97640 -0.11679 0.18166
vn -0.97598 -0.11717 0.18367
vn -0.97702 -0.11255 0.18103
vn -0.97639 -0.11311 0.18404
vn -0.97783 -0.10602 0.18059
vn -0.97550 -0.10809 0.19163
vn -0.97778 -0.09565 0.18652
vn -0.47113 0.74910 0.46571
vn -0.47844 0.74679 0.46195
vn -0.38153 0.79201 0.47662
vn -0.38806 0.79084 0.47326
vn -0.14602 0.85556 0.49668
vn -0.14882 0.85577 0.49550
vn 0.14607 0.85612 0.49570
vn 0.14876 0.85514 0.49659
vn 0.38185 0.79325 0.47429
vn 0.38768 0.78946 0.47587
vn 0.47156 0.75038 0.46321
vn 0.47795 0.74537 0.46474
vn -0.46268 0.70335 0.53966
vn -0.47229 0.70032 0.53525
vn -0.37492 0.74490 0.55186
vn -0.38354 0.74340 0.54795
vn -0.14355 0.80596 0.57430
vn -0.14725 0.80622 0.57300
vn 0.14363 0.80665 0.57331
vn 0.14715 0.80540 0.57418
vn 0.37538 0.74643 0.54948
vn 0.38299 0.74161 0.55075
vn 0.46327 0.70491 0.53710
vn 0.47158 0.69849 0.53826
vn -0.47096 0.69692 0.54083
vn -0.48441 0.69211 0.53510
vn -0.38248 0.73993 0.55336
vn -0.39464 0.73731 0.54831
vn -0.14694 0.80353 0.57684
vn -0.15224 0.80371 0.57521
vn 0.14703 0.80435 0.57567
vn 0.15212 0.80271 0.57664
vn 0.38303 0.74173 0.55057
vn 0.39395 0.73514 0.55171
vn 0.47168 0.69875 0.53783
vn 0.48353 0.68990 0.53874
vn -0.48352 0.68989 0.53875
vn -0.50376 0.68161 0.53069
vn -0.39394 0.73513 0.55172
vn -0.41248 0.73022 0.54464
vn -0.15212 0.80270 0.57665
vn -0.16039 0.80265 0.57447
vn 0.15224 0.80370 0.57523
vn 0.16023 0.80137 0.57631
vn 0.39463 0.73730 0.54832
vn 0.41157 0.72748 0.54898
vn 0.48441 0.69210 0.53511
vn 0.50259 0.67885 0.53532
vn -0.50230 0.67815 0.53648
vn -0.53629 0.66200 0.52359
vn -0.41131 0.72672 0.55018
vn -0.44311 0.71641 0.53890
vn -0.16013 0.80050 0.57755
vn -0.17487 0.79977 0.57428
vn 0.16029 0.80178 0.57572
vn 0.17463 0.79798 0.57683
vn 0.41223 0.72946 0.54585
vn 0.44177 0.71270 0.54488
vn 0.50347 0.68091 0.53187
vn 0.53461 0.65831 0.52992
vn -0.52958 0.64741 0.54809
vn -0.59829 0.60842 0.52142
vn -0.43732 0.70054 0.56391
vn -0.50429 0.67348 0.54047
vn -0.17264 0.78348 0.59695
vn -0.20611 0.78013 0.59069
vn 0.17288 0.78524 0.59457
vn 0.20562 0.77716 0.59477
vn 0.43866 0.70418 0.55830
vn 0.50182 0.66774 0.54982
vn 0.53126 0.65103 0.54215
vn 0.59532 0.60290 0.53114
vn -0.59532 -0.76214 0.25444
vn -0.53126 -0.81076 0.24583
vn -0.50182 -0.82914 0.24639
vn -0.43866 -0.86601 0.24001
vn -0.20562 -0.94742 0.24518
vn -0.17288 -0.95479 0.24184
vn 0.20611 -0.94857 0.24027
vn 0.17264 -0.95410 0.24472
vn 0.50429 -0.83079 0.23554
vn 0.43732 -0.86484 0.24659
vn 0.59829 -0.76344 0.24333
vn 0.52958 -0.80975 0.25271
vn -0.53461 -0.81271 0.23173
vn -0.50347 -0.83428 0.22472
vn -0.44177 -0.86863 0.22433
vn -0.41223 -0.88444 0.21870
vn -0.17463 -0.95962 0.22055
vn -0.16029 -0.96269 0.21805
vn 0.17487 -0.96027 0.21750
vn 0.16013 -0.96222 0.22023
vn 0.44311 -0.86971 0.21737
vn 0.41131 -0.88361 0.22375
vn 0.53629 -0.81364 0.22446
vn 0.50230 -0.83353 0.23005
vn -0.50259 -0.83372 0.22871
vn -0.48441 -0.84585 0.22336
vn -0.41157 -0.88384 0.22235
vn -0.39463 -0.89262 0.21792
vn -0.16023 -0.96254 0.21875
vn -0.15224 -0.96426 0.21684
vn 0.16039 -0.96300 0.21656
vn 0.15212 -0.96390 0.21855
vn 0.41248 -0.88467 0.21729
vn 0.39394 -0.89195 0.22190
vn 0.50376 -0.83447 0.22337
vn 0.48352 -0.84523 0.22757
vn -0.48353 -0.84524 0.22755
vn -0.47168 -0.85303 0.22327
vn -0.39395 -0.89195 0.22188
vn -0.38303 -0.89758 0.21827
vn -0.15212 -0.96390 0.21853
vn -0.14703 -0.96504 0.21699
vn 0.15224 -0.96427 0.21682
vn 0.14694 -0.96473 0.21839
vn 0.39464 -0.89263 0.21790
vn 0.38248 -0.89701 0.22154
vn 0.48441 -0.84585 0.22334
vn 0.47096 -0.85251 0.22675
vn -0.47158 -0.85296 0.22376
vn -0.46327 -0.85842 0.22019
vn -0.38299 -0.89754 0.21848
vn -0.37538 -0.90149 0.21543
vn -0.14715 -0.96542 0.21521
vn -0.14363 -0.96623 0.21393
vn 0.14725 -0.96571 0.21381
vn 0.14355 -0.96598 0.21511
vn 0.38354 -0.89810 0.21520
vn 0.37492 -0.90101 0.21822
vn 0.47229 -0.85347 0.22028
vn 0.46268 -0.85798 0.22316
vn -0.47795 -0.86751 0.13780
vn -0.47156 -0.87153 0.13443
vn -0.38768 -0.91246 0.13087
vn -0.38185 -0.91532 0.12794
vn -0.14876 -0.98102 0.12439
vn -0.14607 -0.98158 0.12318
vn 0.14882 -0.98117 0.12313
vn 0.14602 -0.98144 0.12430
vn 0.38806 -0.91271 0.12793
vn 0.38153 -0.91509 0.13057
vn 0.47844 -0.86773 0.13467
vn 0.47113 -0.87132 0.13723
vn 0.97744 0.02120 0.21014
vn 0.97501 0.03180 0.21988
vn 0.97734 0.03420 0.20891
vn 0.97580 0.04002 0.21496
vn 0.97643 0.04068 0.21197
vn 0.97533 0.04431 0.21626
vn 0.97575 0.04475 0.21427
vn 0.97491 0.04720 0.21755
vn 0.97557 0.04790 0.21440
vn 0.97490 0.04965 0.21703
vn 0.98292 0.05909 0.17427
vn 0.98247 0.06044 0.17636
vn 0.97809 0.00690 0.20807
vn 0.97650 0.01522 0.21498
vn 0.97867 0.01743 0.20469
vn 0.97764 0.02199 0.20914
vn 0.97820 0.02257 0.20643
vn 0.97744 0.02540 0.20966
vn 0.97781 0.02579 0.20788
vn 0.97722 0.02770 0.21040
vn 0.97783 0.02834 0.20746
vn 0.97736 0.02970 0.20951
vn 0.98504 0.03870 0.16790
vn 0.98471 0.03973 0.16958
vn 0.97914 -0.02344 0.20181
vn 0.97876 -0.02040 0.20400
vn 0.98049 -0.01867 0.19569
vn 0.98022 -0.01701 0.19717
vn 0.98051 -0.01672 0.19577
vn 0.98030 -0.01569 0.19687
vn 0.98045 -0.01554 0.19616
vn 0.98028 -0.01484 0.19703
vn 0.98069 -0.01443 0.19504
vn 0.98055 -0.01393 0.19576
vn 0.98773 -0.00569 0.15604
vn 0.98764 -0.00532 0.15665
vn 0.97882 -0.05731 0.19653
vn 0.97898 -0.06045 0.19478
vn 0.98026 -0.05923 0.18862
vn 0.98040 -0.06094 0.18736
vn 0.98033 -0.06101 0.18769
vn 0.98045 -0.06208 0.18673
vn 0.98031 -0.06222 0.18743
vn 0.98041 -0.06294 0.18666
vn 0.98057 -0.06278 0.18586
vn 0.98066 -0.06330 0.18521
vn 0.98765 -0.05563 0.14646
vn 0.98771 -0.05601 0.14589
vn 0.97727 -0.08812 0.19280
vn 0.97707 -0.09722 0.18940
vn 0.97810 -0.09629 0.18452
vn 0.97809 -0.10128 0.18190
vn 0.97775 -0.10159 0.18351
vn 0.97781 -0.10471 0.18144
vn 0.97745 -0.10504 0.18321
vn 0.97754 -0.10716 0.18149
vn 0.97752 -0.10717 0.18156
vn 0.97763 -0.10869 0.18009
vn 0.98483 -0.10128 0.14088
vn 0.98491 -0.10241 0.13954
vn 0.97653 -0.10218 0.18961
vn 0.97566 -0.11435 0.18713
vn 0.97669 -0.11344 0.18223
vn 0.97631 -0.12012 0.17997
vn 0.97592 -0.12046 0.18183
vn 0.97575 -0.12466 0.17994
vn 0.97533 -0.12502 0.18193
vn 0.97526 -0.12788 0.18030
vn 0.97522 -0.12792 0.18052
vn 0.97521 -0.12998 0.17909
vn 0.98268 -0.12256 0.13896
vn 0.98269 -0.12410 0.13758
vn -0.98269 0.06073 0.17505
vn -0.98268 0.05878 0.17572
vn -0.97521 0.04998 0.21557
vn -0.97522 0.04753 0.21608
vn -0.97526 0.04757 0.21587
vn -0.97533 0.04431 0.21625
vn -0.97575 0.04475 0.21428
vn -0.97592 0.04015 0.21439
vn -0.97631 0.04055 0.21254
vn -0.97669 0.03352 0.21202
vn -0.97566 0.03245 0.21689
vn -0.97653 0.02027 0.21444
vn -0.98491 0.03999 0.16840
vn -0.98483 0.03842 0.16920
vn -0.97763 0.02998 0.20820
vn -0.97752 0.02801 0.20896
vn -0.97754 0.02803 0.20890
vn -0.97745 0.02541 0.20965
vn -0.97781 0.02579 0.20789
vn -0.97775 0.02211 0.20859
vn -0.97809 0.02245 0.20698
vn -0.97810 0.01684 0.20746
vn -0.97707 0.01579 0.21231
vn -0.97727 0.00608 0.21190
vn -0.98771 -0.00522 0.15618
vn -0.98765 -0.00580 0.15656
vn -0.98066 -0.01382 0.19524
vn -0.98057 -0.01455 0.19564
vn -0.98041 -0.01472 0.19643
vn -0.98031 -0.01569 0.19686
vn -0.98045 -0.01554 0.19617
vn -0.98033 -0.01690 0.19663
vn -0.98040 -0.01683 0.19631
vn -0.98026 -0.01890 0.19679
vn -0.97898 -0.02017 0.20294
vn -0.97882 -0.02375 0.20334
vn -0.98764 -0.05610 0.14636
vn -0.98773 -0.05552 0.14594
vn -0.98055 -0.06340 0.18573
vn -0.98069 -0.06266 0.18526
vn -0.98028 -0.06306 0.18726
vn -0.98045 -0.06208 0.18672
vn -0.98030 -0.06222 0.18744
vn -0.98051 -0.06084 0.18683
vn -0.98022 -0.06111 0.18823
vn -0.98049 -0.05901 0.18751
vn -0.97876 -0.06066 0.19584
vn -0.97914 -0.05700 0.19501
vn -0.98471 -0.10264 0.14072
vn -0.98504 -0.10103 0.13958
vn -0.97736 -0.10894 0.18140
vn -0.97783 -0.10689 0.18005
vn -0.97722 -0.10744 0.18300
vn -0.97781 -0.10471 0.18143
vn -0.97744 -0.10504 0.18322
vn -0.97820 -0.10118 0.18134
vn -0.97764 -0.10169 0.18407
vn -0.97867 -0.09577 0.18174
vn -0.97650 -0.09773 0.19208
vn -0.97809 -0.08738 0.18896
vn -0.98247 -0.12435 0.13891
vn -0.98292 -0.12229 0.13750
vn -0.97490 -0.13025 0.18056
vn -0.97557 -0.12761 0.17882
vn -0.97491 -0.12819 0.18200
vn -0.97575 -0.12466 0.17993
vn -0.97533 -0.12503 0.18193
vn -0.97643 -0.12001 0.17939
vn -0.97580 -0.12057 0.18240
vn -0.97734 -0.11286 0.17910
vn -0.97501 -0.11491 0.19014
vn -0.97744 -0.10136 0.18529
vn -0.43958 0.77714 0.45037
vn -0.44661 0.77506 0.44702
vn -0.35347 0.81557 0.45815
vn -0.35963 0.81456 0.45514
vn -0.13379 0.87099 0.47274
vn -0.13636 0.87118 0.47166
vn 0.13383 0.87148 0.47182
vn 0.13631 0.87062 0.47269
vn 0.35373 0.81669 0.45595
vn 0.35933 0.81332 0.45760
vn 0.43993 0.77831 0.44800
vn 0.44621 0.77375 0.44967
vn -0.43371 0.73501 0.52121
vn -0.44298 0.73223 0.51731
vn -0.34910 0.77286 0.52992
vn -0.35725 0.77153 0.52642
vn -0.13227 0.82708 0.54630
vn -0.13568 0.82732 0.54510
vn 0.13233 0.82770 0.54535
vn 0.13560 0.82659 0.54622
vn 0.34947 0.77426 0.52763
vn 0.35681 0.76989 0.52911
vn 0.43420 0.73646 0.51875
vn 0.44239 0.73054 0.52020
vn -0.44188 0.72907 0.52268
vn -0.45490 0.72465 0.51764
vn -0.35639 0.76836 0.53161
vn -0.36793 0.76601 0.52713
vn -0.13544 0.82493 0.54877
vn -0.14032 0.82510 0.54728
vn 0.13551 0.82566 0.54765
vn 0.14023 0.82421 0.54865
vn 0.35683 0.77000 0.52893
vn 0.36737 0.76402 0.53039
vn 0.44247 0.73078 0.51979
vn 0.45417 0.72259 0.52115
vn -0.45416 0.72258 0.52116
vn -0.47386 0.71492 0.51415
vn -0.36737 0.76401 0.53041
vn -0.38502 0.75959 0.52420
vn -0.14023 0.82420 0.54866
vn -0.14787 0.82418 0.54669
vn 0.14032 0.82509 0.54729
vn 0.14775 0.82303 0.54844
vn 0.36792 0.76600 0.52714
vn 0.38428 0.75707 0.52836
vn 0.45490 0.72464 0.51766
vn 0.47289 0.71234 0.51860
vn -0.47264 0.71169 0.51972
vn -0.50600 0.69662 0.50861
vn -0.38407 0.75638 0.52951
vn -0.41456 0.74701 0.51973
vn -0.14766 0.82225 0.54963
vn -0.16129 0.82164 0.54671
vn 0.14779 0.82340 0.54788
vn 0.16110 0.82004 0.54916
vn 0.38482 0.75889 0.52536
vn 0.41346 0.74358 0.52549
vn 0.47362 0.71427 0.51528
vn 0.50459 0.69315 0.51471
vn -0.50035 0.68289 0.53227
vn -0.56875 0.64583 0.50935
vn -0.40980 0.73235 0.54381
vn -0.47479 0.70733 0.52370
vn -0.15954 0.80708 0.56848
vn -0.19061 0.80415 0.56303
vn 0.15973 0.80865 0.56619
vn 0.19022 0.80148 0.56696
vn 0.41091 0.73571 0.53840
vn 0.47272 0.70196 0.53272
vn 0.50176 0.68630 0.52653
vn 0.56619 0.64055 0.51877
vn -0.56619 -0.79201 0.22838
vn -0.50176 -0.83716 0.21771
vn -0.47272 -0.85400 0.21732
vn -0.41091 -0.88730 0.20940
vn -0.19022 -0.95900 0.21009
vn -0.15973 -0.96530 0.20659
vn 0.19061 -0.95993 0.20544
vn 0.15954 -0.96475 0.20931
vn 0.47479 -0.85543 0.20691
vn 0.40980 -0.88631 0.21569
vn 0.56875 -0.79320 0.21764
vn 0.50035 -0.83626 0.22433
vn -0.50459 -0.83888 0.20415
vn -0.47362 -0.85854 0.19645
vn -0.41346 -0.88952 0.19444
vn -0.38482 -0.90357 0.18836
vn -0.16110 -0.96916 0.18647
vn -0.14779 -0.97176 0.18398
vn 0.16129 -0.96968 0.18359
vn 0.14766 -0.97138 0.18604
vn 0.41456 -0.89043 0.18781
vn 0.38407 -0.90287 0.19317
vn 0.50600 -0.83969 0.19718
vn 0.47264 -0.85790 0.20155
vn -0.47289 -0.85806 0.20027
vn -0.45490 -0.86902 0.19461
vn -0.38428 -0.90307 0.19184
vn -0.36792 -0.91081 0.18724
vn -0.14775 -0.97164 0.18464
vn -0.14032 -0.97309 0.18278
vn 0.14787 -0.97201 0.18258
vn 0.14023 -0.97280 0.18439
vn 0.38502 -0.90376 0.18702
vn 0.36737 -0.91025 0.19102
vn 0.47386 -0.85870 0.19516
vn 0.45416 -0.86849 0.19863
vn -0.45417 -0.86850 0.19862
vn -0.44247 -0.87551 0.19418
vn -0.36737 -0.91025 0.19100
vn -0.35683 -0.91519 0.18733
vn -0.14023 -0.97280 0.18437
vn -0.13551 -0.97375 0.18289
vn 0.14032 -0.97309 0.18277
vn 0.13544 -0.97351 0.18421
vn 0.36793 -0.91081 0.18722
vn 0.35639 -0.91472 0.19044
vn 0.45490 -0.86902 0.19459
vn 0.44188 -0.87506 0.19750
vn -0.44239 -0.87544 0.19465
vn -0.43420 -0.88033 0.19101
vn -0.35681 -0.91516 0.18753
vn -0.34947 -0.91861 0.18447
vn -0.13560 -0.97405 0.18121
vn -0.13233 -0.97473 0.17998
vn 0.13568 -0.97428 0.17989
vn 0.13227 -0.97453 0.18109
vn 0.35725 -0.91562 0.18442
vn 0.34910 -0.91821 0.18712
vn 0.44298 -0.87588 0.19132
vn 0.43371 -0.87996 0.19384
vn -0.44621 -0.88778 0.11286
vn -0.43993 -0.89133 0.10955
vn -0.35933 -0.92731 0.10476
vn -0.35373 -0.92978 0.10192
vn -0.13631 -0.98597 0.09634
vn -0.13383 -0.98642 0.09521
vn 0.13636 -0.98608 0.09517
vn 0.13379 -0.98633 0.09625
vn 0.35963 -0.92750 0.10201
vn 0.35347 -0.92960 0.10439
vn 0.44661 -0.88795 0.10991
vn 0.43958 -0.89117 0.11219
vn 0.97698 0.02826 0.21147
vn 0.97434 0.04023 0.22145
vn 0.97667 0.04266 0.21049
vn 0.97500 0.04925 0.21666
vn 0.97563 0.04991 0.21367
vn 0.97444 0.05403 0.21804
vn 0.97486 0.05447 0.21605
vn 0.97396 0.05726 0.21939
vn 0.97462 0.05797 0.21624
vn 0.97390 0.05997 0.21891
vn 0.98190 0.06949 0.17621
vn 0.98140 0.07102 0.17833
vn 0.97781 0.01233 0.20912
vn 0.97610 0.02172 0.21621
vn 0.97827 0.02395 0.20593
vn 0.97716 0.02911 0.21048
vn 0.97773 0.02970 0.20777
vn 0.97692 0.03291 0.21107
vn 0.97729 0.03330 0.20929
vn 0.97666 0.03548 0.21185
vn 0.97727 0.03612 0.20892
vn 0.97676 0.03767 0.21100
vn 0.98443 0.04673 0.16943
vn 0.98408 0.04792 0.17114
vn 0.97911 -0.02150 0.20220
vn 0.97871 -0.01807 0.20446
vn 0.98044 -0.01635 0.19615
vn 0.98016 -0.01446 0.19767
vn 0.98045 -0.01417 0.19627
vn 0.98024 -0.01300 0.19740
vn 0.98038 -0.01285 0.19669
vn 0.98021 -0.01206 0.19758
vn 0.98062 -0.01164 0.19559
vn 0.98048 -0.01108 0.19632
vn 0.98766 -0.00282 0.15661
vn 0.98756 -0.00239 0.15723
vn 0.97879 -0.05924 0.19613
vn 0.97893 -0.06277 0.19429
vn 0.98021 -0.06155 0.18814
vn 0.98034 -0.06348 0.18684
vn 0.98027 -0.06355 0.18716
vn 0.98038 -0.06476 0.18618
vn 0.98024 -0.06490 0.18688
vn 0.98033 -0.06572 0.18608
vn 0.98050 -0.06556 0.18528
vn 0.98058 -0.06615 0.18462
vn 0.98757 -0.05850 0.14586
vn 0.98763 -0.05894 0.14528
vn 0.97700 -0.09352 0.19165
vn 0.97668 -0.10370 0.18800
vn 0.97770 -0.10278 0.18313
vn 0.97761 -0.10837 0.18037
vn 0.97728 -0.10867 0.18198
vn 0.97728 -0.11218 0.17981
vn 0.97692 -0.11251 0.18158
vn 0.97697 -0.11489 0.17981
vn 0.97696 -0.11491 0.17987
vn 0.97703 -0.11662 0.17836
vn 0.98422 -0.10927 0.13916
vn 0.98427 -0.11055 0.13779
vn 0.97606 -0.10919 0.18809
vn 0.97499 -0.12274 0.18528
vn 0.97602 -0.12183 0.18038
vn 0.97551 -0.12928 0.17795
vn 0.97512 -0.12962 0.17980
vn 0.97486 -0.13431 0.17779
vn 0.97444 -0.13467 0.17978
vn 0.97431 -0.13787 0.17808
vn 0.97427 -0.13791 0.17829
vn 0.97421 -0.14022 0.17681
vn 0.98166 -0.13289 0.13670
vn 0.98162 -0.13462 0.13527
vn -0.98162 0.07131 0.17701
vn -0.98166 0.06917 0.17765
vn -0.97421 0.06030 0.21745
vn -0.97427 0.05759 0.21792
vn -0.97431 0.05764 0.21771
vn -0.97444 0.05403 0.21803
vn -0.97486 0.05447 0.21606
vn -0.97512 0.04937 0.21609
vn -0.97551 0.04978 0.21424
vn -0.97602 0.04197 0.21359
vn -0.97499 0.04090 0.21845
vn -0.97606 0.02732 0.21576
vn -0.98427 0.04817 0.16996
vn -0.98422 0.04645 0.17072
vn -0.97703 0.03796 0.20970
vn -0.97696 0.03579 0.21042
vn -0.97697 0.03580 0.21035
vn -0.97692 0.03291 0.21106
vn -0.97728 0.03330 0.20930
vn -0.97728 0.02923 0.20993
vn -0.97761 0.02958 0.20833
vn -0.97770 0.02335 0.20869
vn -0.97668 0.02230 0.21354
vn -0.97700 0.01151 0.21294
vn -0.98763 -0.00229 0.15677
vn -0.98757 -0.00292 0.15713
vn -0.98058 -0.01097 0.19580
vn -0.98050 -0.01177 0.19618
vn -0.98033 -0.01193 0.19698
vn -0.98024 -0.01300 0.19739
vn -0.98038 -0.01285 0.19670
vn -0.98027 -0.01435 0.19714
vn -0.98034 -0.01429 0.19681
vn -0.98021 -0.01657 0.19725
vn -0.97893 -0.01785 0.20340
vn -0.97879 -0.02182 0.20372
vn -0.98756 -0.05903 0.14575
vn -0.98766 -0.05839 0.14535
vn -0.98048 -0.06625 0.18514
vn -0.98062 -0.06544 0.18468
vn -0.98021 -0.06583 0.18668
vn -0.98038 -0.06476 0.18617
vn -0.98024 -0.06490 0.18688
vn -0.98045 -0.06338 0.18630
vn -0.98016 -0.06365 0.18770
vn -0.98044 -0.06133 0.18703
vn -0.97871 -0.06298 0.19536
vn -0.97911 -0.05894 0.19461
vn -0.98408 -0.11078 0.13897
vn -0.98443 -0.10902 0.13786
vn -0.97676 -0.11687 0.17967
vn -0.97727 -0.11463 0.17836
vn -0.97666 -0.11517 0.18131
vn -0.97729 -0.11218 0.17980
vn -0.97692 -0.11251 0.18159
vn -0.97773 -0.10826 0.17981
vn -0.97716 -0.10878 0.18253
vn -0.97827 -0.10225 0.18035
vn -0.97610 -0.10420 0.19069
vn -0.97781 -0.09279 0.18781
vn -0.98140 -0.13486 0.13660
vn -0.98190 -0.13262 0.13524
vn -0.97390 -0.14049 0.17828
vn -0.97462 -0.13760 0.17660
vn -0.97396 -0.13818 0.17977
vn -0.97486 -0.13431 0.17778
vn -0.97444 -0.13467 0.17979
vn -0.97563 -0.12918 0.17737
vn -0.97500 -0.12973 0.18038
vn -0.97667 -0.12126 0.17726
vn -0.97434 -0.12329 0.18830
vn -0.97698 -0.10838 0.18377
vn -0.40521 0.80510 0.43314
vn -0.41189 0.80329 0.43021
vn -0.32355 0.83870 0.43805
vn -0.32928 0.83786 0.43539
vn -0.12117 0.88587 0.44782
vn -0.12350 0.88605 0.44684
vn 0.12120 0.88630 0.44697
vn 0.12346 0.88557 0.44780
vn 0.32375 0.83969 0.43600
vn 0.32905 0.83675 0.43769
vn 0.40548 0.80616 0.43092
vn 0.41158 0.80211 0.43269
vn -0.40170 0.76707 0.50025
vn -0.41054 0.76459 0.49685
vn -0.32114 0.80072 0.50567
vn -0.32876 0.79957 0.50260
vn -0.12044 0.84771 0.51660
vn -0.12354 0.84793 0.51551
vn 0.12048 0.84825 0.51570
vn 0.12348 0.84730 0.51657
vn 0.32143 0.80197 0.50351
vn 0.32841 0.79811 0.50514
vn 0.40209 0.76838 0.49790
vn 0.41007 0.76305 0.49960
vn -0.40966 0.76172 0.50196
vn -0.42212 0.75774 0.49763
vn -0.32809 0.79673 0.50752
vn -0.33890 0.79468 0.50361
vn -0.12336 0.84584 0.51897
vn -0.12781 0.84601 0.51762
vn 0.12341 0.84648 0.51792
vn 0.12774 0.84523 0.51892
vn 0.32844 0.79820 0.50498
vn 0.33846 0.79290 0.50670
vn 0.41013 0.76327 0.49922
vn 0.42153 0.75587 0.50097
vn -0.42153 0.75586 0.50098
vn -0.44048 0.74895 0.49503
vn -0.33846 0.79289 0.50672
vn -0.35508 0.78901 0.50137
vn -0.12774 0.84522 0.51893
vn -0.13471 0.84522 0.51716
vn 0.12781 0.84600 0.51764
vn 0.13461 0.84422 0.51882
vn 0.33890 0.79468 0.50362
vn 0.35450 0.78675 0.50532
vn 0.42212 0.75773 0.49765
vn 0.43970 0.74658 0.49928
vn -0.43950 0.74598 0.50034
vn -0.47186 0.73227 0.49105
vn -0.35434 0.78612 0.50641
vn -0.38321 0.77783 0.49813
vn -0.13455 0.84354 0.51994
vn -0.14701 0.84304 0.51737
vn 0.13464 0.84454 0.51829
vn 0.14686 0.84164 0.51968
vn 0.35492 0.78839 0.50247
vn 0.38234 0.77473 0.50359
vn 0.44028 0.74835 0.49611
vn 0.47071 0.72907 0.49687
vn -0.46726 0.71959 0.51367
vn -0.53466 0.68517 0.49465
vn -0.37944 0.76455 0.52105
vn -0.44175 0.74200 0.50427
vn -0.14567 0.83027 0.53799
vn -0.17417 0.82779 0.53332
vn 0.14582 0.83165 0.53581
vn 0.17387 0.82544 0.53705
vn 0.38032 0.76761 0.51589
vn 0.44008 0.73707 0.51289
vn 0.46842 0.72274 0.50817
vn 0.53254 0.68022 0.50369
vn -0.53254 -0.82267 0.19905
vn -0.46842 -0.86358 0.18661
vn -0.44008 -0.87861 0.18537
vn -0.38032 -0.90791 0.17625
vn -0.17387 -0.96941 0.17321
vn -0.14582 -0.97466 0.16966
vn 0.17417 -0.97013 0.16887
vn 0.14567 -0.97423 0.17220
vn 0.44175 -0.87980 0.17551
vn 0.37944 -0.90710 0.18219
vn 0.53466 -0.82371 0.18878
vn 0.46726 -0.86282 0.19290
vn -0.47071 -0.86501 0.17373
vn -0.44028 -0.88247 0.16553
vn -0.38234 -0.90968 0.16214
vn -0.35492 -0.92182 0.15579
vn -0.14686 -0.97758 0.15091
vn -0.13464 -0.97970 0.14850
vn 0.14701 -0.97797 0.14823
vn 0.13455 -0.97942 0.15041
vn 0.38321 -0.91041 0.15590
vn 0.35434 -0.92128 0.16031
vn 0.47186 -0.86569 0.16712
vn 0.43950 -0.88194 0.17035
vn -0.43970 -0.88208 0.16913
vn -0.42212 -0.89171 0.16329
vn -0.35450 -0.92143 0.15906
vn -0.33890 -0.92807 0.15441
vn -0.13461 -0.97961 0.14911
vn -0.12781 -0.98079 0.14733
vn 0.13471 -0.97989 0.14719
vn 0.12774 -0.98058 0.14882
vn 0.35508 -0.92197 0.15454
vn 0.33846 -0.92763 0.15795
vn 0.44048 -0.88260 0.16430
vn 0.42153 -0.89129 0.16709
vn -0.42153 -0.89129 0.16707
vn -0.41013 -0.89742 0.16258
vn -0.33846 -0.92763 0.15793
vn -0.32844 -0.93184 0.15428
vn -0.12774 -0.98058 0.14881
vn -0.12341 -0.98135 0.14740
vn 0.12781 -0.98080 0.14731
vn 0.12336 -0.98117 0.14862
vn 0.33890 -0.92807 0.15439
vn 0.32809 -0.93148 0.15719
vn 0.42212 -0.89171 0.16327
vn 0.40966 -0.89706 0.16571
vn -0.41007 -0.89737 0.16302
vn -0.40209 -0.90162 0.15938
vn -0.32841 -0.93182 0.15447
vn -0.32143 -0.93474 0.15146
vn -0.12348 -0.98157 0.14584
vn -0.12048 -0.98212 0.14467
vn 0.12354 -0.98175 0.14461
vn 0.12044 -0.98197 0.14570
vn 0.32876 -0.93217 0.15155
vn 0.32114 -0.93443 0.15394
vn 0.41054 -0.89772 0.15988
vn 0.40170 -0.90132 0.16205
vn -0.41158 -0.90729 0.08618
vn -0.40548 -0.91033 0.08297
vn -0.32905 -0.94114 0.07729
vn -0.32375 -0.94320 0.07459
vn -0.12346 -0.99004 0.06759
vn -0.12120 -0.99039 0.06654
vn 0.12350 -0.99011 0.06652
vn 0.12117 -0.99033 0.06750
vn 0.32928 -0.94127 0.07475
vn 0.32355 -0.94308 0.07687
vn 0.41189 -0.90741 0.08343
vn 0.40521 -0.91022 0.08543
vn 0.97632 0.03715 0.21313
vn 0.97340 0.05085 0.22339
vn 0.97572 0.05329 0.21245
vn 0.97388 0.06085 0.21877
vn 0.97450 0.06152 0.21579
vn 0.97319 0.06625 0.22025
vn 0.97361 0.06670 0.21827
vn 0.97261 0.06991 0.22167
vn 0.97327 0.07063 0.21853
vn 0.97249 0.07294 0.22124
vn 0.98045 0.08254 0.17861
vn 0.97990 0.08432 0.18078
vn 0.97742 0.01918 0.21042
vn 0.97555 0.02992 0.21775
vn 0.97771 0.03216 0.20748
vn 0.97649 0.03807 0.21216
vn 0.97705 0.03867 0.20945
vn 0.97617 0.04236 0.21283
vn 0.97654 0.04276 0.21106
vn 0.97586 0.04526 0.21367
vn 0.97646 0.04591 0.21074
vn 0.97592 0.04771 0.21286
vn 0.98357 0.05684 0.17134
vn 0.98319 0.05821 0.17308
vn 0.97906 -0.01906 0.20268
vn 0.97864 -0.01514 0.20504
vn 0.98037 -0.01341 0.19673
vn 0.98008 -0.01126 0.19830
vn 0.98036 -0.01096 0.19691
vn 0.98014 -0.00962 0.19807
vn 0.98029 -0.00947 0.19736
vn 0.98011 -0.00855 0.19827
vn 0.98051 -0.00813 0.19628
vn 0.98037 -0.00748 0.19703
vn 0.98755 0.00081 0.15733
vn 0.98744 0.00130 0.15796
vn 0.97874 -0.06168 0.19563
vn 0.97886 -0.06569 0.19369
vn 0.98014 -0.06448 0.18753
vn 0.98025 -0.06669 0.18617
vn 0.98019 -0.06675 0.18650
vn 0.98028 -0.06814 0.18547
vn 0.98014 -0.06827 0.18617
vn 0.98023 -0.06922 0.18535
vn 0.98039 -0.06906 0.18455
vn 0.98047 -0.06974 0.18387
vn 0.98746 -0.06211 0.14511
vn 0.98752 -0.06262 0.14452
vn 0.97661 -0.10033 0.19018
vn 0.97612 -0.11185 0.18623
vn 0.97714 -0.11094 0.18135
vn 0.97694 -0.11728 0.17842
vn 0.97661 -0.11758 0.18003
vn 0.97654 -0.12157 0.17775
vn 0.97617 -0.12190 0.17952
vn 0.97617 -0.12462 0.17767
vn 0.97615 -0.12463 0.17773
vn 0.97619 -0.12660 0.17617
vn 0.98336 -0.11932 0.13698
vn 0.98338 -0.12080 0.13556
vn 0.97541 -0.11801 0.18616
vn 0.97405 -0.13328 0.18294
vn 0.97508 -0.13239 0.17805
vn 0.97438 -0.14080 0.17538
vn 0.97400 -0.14113 0.17723
vn 0.97361 -0.14643 0.17507
vn 0.97319 -0.14679 0.17706
vn 0.97297 -0.15041 0.17525
vn 0.97292 -0.15045 0.17546
vn 0.97279 -0.15308 0.17390
vn 0.98021 -0.14585 0.13383
vn 0.98012 -0.14782 0.13235
vn -0.98012 0.08461 0.17946
vn -0.98021 0.08222 0.18006
vn -0.97279 0.07327 0.21979
vn -0.97292 0.07025 0.22020
vn -0.97297 0.07029 0.21999
vn -0.97319 0.06625 0.22024
vn -0.97361 0.06670 0.21828
vn -0.97400 0.06098 0.21820
vn -0.97438 0.06139 0.21636
vn -0.97508 0.05260 0.21554
vn -0.97405 0.05152 0.22040
vn -0.97541 0.03620 0.21742
vn -0.98338 0.05847 0.17190
vn -0.98336 0.05656 0.17263
vn -0.97619 0.04800 0.21156
vn -0.97615 0.04558 0.21224
vn -0.97617 0.04560 0.21217
vn -0.97617 0.04237 0.21282
vn -0.97654 0.04275 0.21106
vn -0.97661 0.03819 0.21161
vn -0.97694 0.03855 0.21001
vn -0.97714 0.03156 0.21024
vn -0.97612 0.03050 0.21509
vn -0.97661 0.01835 0.21424
vn -0.98752 0.00140 0.15750
vn -0.98746 0.00070 0.15785
vn -0.98047 -0.00737 0.19651
vn -0.98039 -0.00826 0.19688
vn -0.98023 -0.00843 0.19767
vn -0.98014 -0.00961 0.19806
vn -0.98028 -0.00947 0.19736
vn -0.98019 -0.01114 0.19777
vn -0.98025 -0.01108 0.19744
vn -0.98014 -0.01364 0.19783
vn -0.97886 -0.01492 0.20398
vn -0.97874 -0.01937 0.20420
vn -0.98744 -0.06272 0.14499
vn -0.98755 -0.06201 0.14460
vn -0.98037 -0.06984 0.18439
vn -0.98051 -0.06894 0.18395
vn -0.98011 -0.06933 0.18595
vn -0.98029 -0.06813 0.18546
vn -0.98014 -0.06827 0.18618
vn -0.98036 -0.06658 0.18563
vn -0.98008 -0.06686 0.18703
vn -0.98037 -0.06426 0.18642
vn -0.97864 -0.06590 0.19475
vn -0.97906 -0.06138 0.19411
vn -0.98319 -0.12102 0.13674
vn -0.98357 -0.11908 0.13568
vn -0.97592 -0.12684 0.17748
vn -0.97646 -0.12435 0.17623
vn -0.97586 -0.12490 0.17918
vn -0.97654 -0.12157 0.17774
vn -0.97617 -0.12190 0.17953
vn -0.97705 -0.11718 0.17786
vn -0.97649 -0.11769 0.18059
vn -0.97771 -0.11042 0.17857
vn -0.97555 -0.11235 0.18891
vn -0.97742 -0.09961 0.18634
vn -0.97990 -0.14806 0.13367
vn -0.98045 -0.14558 0.13237
vn -0.97249 -0.15334 0.17537
vn -0.97327 -0.15015 0.17377
vn -0.97261 -0.15071 0.17694
vn -0.97361 -0.14643 0.17506
vn -0.97319 -0.14679 0.17707
vn -0.97450 -0.14070 0.17480
vn -0.97388 -0.14124 0.17781
vn -0.97572 -0.13182 0.17492
vn -0.97340 -0.13383 0.18596
vn -0.97632 -0.11721 0.18184
vn -0.36795 0.83265 0.41390
vn -0.37419 0.83112 0.41137
vn -0.29178 0.86114 0.41629
vn -0.29703 0.86047 0.41397
vn -0.10818 0.90014 0.42195
vn -0.11026 0.90030 0.42108
vn 0.10820 0.90050 0.42118
vn 0.11023 0.89989 0.42195
vn 0.29193 0.86200 0.41440
vn 0.29687 0.85951 0.41608
vn 0.36815 0.83357 0.41185
vn 0.37395 0.83008 0.41367
vn -0.36650 0.79912 0.47653
vn -0.37479 0.79699 0.47365
vn -0.29102 0.82816 0.47903
vn -0.29802 0.82720 0.47636
vn -0.10806 0.86768 0.48523
vn -0.11084 0.86788 0.48425
vn 0.10810 0.86815 0.48439
vn 0.11080 0.86734 0.48523
vn 0.29123 0.82924 0.47701
vn 0.29777 0.82592 0.47874
vn 0.36680 0.80029 0.47434
vn 0.37443 0.79562 0.47623
vn -0.37412 0.79443 0.47844
vn -0.38586 0.79098 0.47482
vn -0.29752 0.82472 0.48096
vn -0.30750 0.82300 0.47761
vn -0.11071 0.86610 0.48746
vn -0.11471 0.86625 0.48626
vn 0.11075 0.86664 0.48648
vn 0.11466 0.86558 0.48746
vn 0.29778 0.82600 0.47859
vn 0.30718 0.82144 0.48050
vn 0.37448 0.79581 0.47587
vn 0.38541 0.78932 0.47795
vn -0.38541 0.78931 0.47796
vn -0.40336 0.78327 0.47307
vn -0.30717 0.82143 0.48052
vn -0.32257 0.81814 0.47601
vn -0.11466 0.86558 0.48747
vn -0.12093 0.86560 0.48591
vn 0.11471 0.86624 0.48627
vn 0.12086 0.86474 0.48745
vn 0.30750 0.82299 0.47763
vn 0.32213 0.81615 0.47971
vn 0.38586 0.79098 0.47483
vn 0.40276 0.78115 0.47706
vn -0.40261 0.78062 0.47806
vn -0.43352 0.76853 0.47056
vn -0.32201 0.81560 0.48073
vn -0.34893 0.80850 0.47389
vn -0.12081 0.86416 0.48850
vn -0.13202 0.86378 0.48626
vn 0.12088 0.86502 0.48696
vn 0.13192 0.86258 0.48841
vn 0.32245 0.81759 0.47704
vn 0.34827 0.80577 0.47900
vn 0.40321 0.78273 0.47408
vn 0.43263 0.76564 0.47604
vn -0.42995 0.75708 0.49190
vn -0.49543 0.72607 0.47683
vn -0.34608 0.79676 0.49539
vn -0.40491 0.77708 0.48187
vn -0.13106 0.85283 0.50547
vn -0.15680 0.85081 0.50154
vn 0.13116 0.85402 0.50344
vn 0.15659 0.84878 0.50502
vn 0.34674 0.79946 0.49054
vn 0.40363 0.77265 0.48999
vn 0.43085 0.75993 0.48670
vn 0.49374 0.72152 0.48541
vn -0.49374 -0.85360 0.16612
vn -0.43085 -0.88947 0.15235
vn -0.40363 -0.90247 0.15043
vn -0.34674 -0.92738 0.14049
vn -0.15659 -0.97845 0.13462
vn -0.13116 -0.98265 0.13112
vn 0.15680 -0.97895 0.13063
vn 0.13106 -0.98235 0.13346
vn 0.40491 -0.90338 0.14122
vn 0.34608 -0.92678 0.14601
vn 0.49543 -0.85445 0.15644
vn 0.42995 -0.88888 0.15825
vn -0.43263 -0.89059 0.14031
vn -0.40321 -0.90556 0.13185
vn -0.34827 -0.92869 0.12741
vn -0.32245 -0.93882 0.12100
vn -0.13192 -0.98469 0.11395
vn -0.12088 -0.98637 0.11167
vn 0.13202 -0.98495 0.11151
vn 0.12081 -0.98618 0.11341
vn 0.34893 -0.92922 0.12163
vn 0.32201 -0.93842 0.12517
vn 0.43352 -0.89110 0.13414
vn 0.40261 -0.90516 0.13633
vn -0.40276 -0.90526 0.13520
vn -0.38586 -0.91345 0.12933
vn -0.32213 -0.93854 0.12402
vn -0.30750 -0.94402 0.11943
vn -0.12086 -0.98631 0.11223
vn -0.11471 -0.98723 0.11056
vn 0.12093 -0.98649 0.11047
vn 0.11466 -0.98708 0.11192
vn 0.32257 -0.93893 0.11984
vn 0.30717 -0.94371 0.12270
vn 0.40336 -0.90566 0.13071
vn 0.38541 -0.91313 0.13286
vn -0.38541 -0.91313 0.13285
vn -0.37448 -0.91830 0.12840
vn -0.30718 -0.94371 0.12269
vn -0.29778 -0.94717 0.11915
vn -0.11466 -0.98708 0.11191
vn -0.11075 -0.98768 0.11059
vn 0.11471 -0.98723 0.11054
vn 0.11071 -0.98755 0.11171
vn 0.30750 -0.94402 0.11942
vn 0.29752 -0.94691 0.12183
vn 0.38586 -0.91345 0.12931
vn 0.37412 -0.91804 0.13131
vn -0.37443 -0.91826 0.12881
vn -0.36680 -0.92183 0.12525
vn -0.29777 -0.94715 0.11932
vn -0.29123 -0.94954 0.11643
vn -0.11080 -0.98783 0.10917
vn -0.10810 -0.98825 0.10808
vn 0.11084 -0.98795 0.10805
vn 0.10806 -0.98815 0.10903
vn 0.29802 -0.94741 0.11663
vn 0.29102 -0.94932 0.11871
vn 0.37479 -0.91852 0.12590
vn 0.36650 -0.92161 0.12772
vn -0.37395 -0.92565 0.05777
vn -0.36815 -0.92815 0.05473
vn -0.29687 -0.95369 0.04853
vn -0.29193 -0.95533 0.04601
vn -0.11023 -0.99317 0.03821
vn -0.10820 -0.99343 0.03726
vn 0.11026 -0.99320 0.03725
vn 0.10818 -0.99340 0.03811
vn 0.29703 -0.95375 0.04621
vn 0.29178 -0.95528 0.04808
vn 0.37419 -0.92571 0.05525
vn 0.36795 -0.92810 0.05698
vn 0.97534 0.04867 0.21526
vn 0.97201 0.06461 0.22588
vn 0.97432 0.06708 0.21495
vn 0.97221 0.07587 0.22146
vn 0.97283 0.07656 0.21849
vn 0.97134 0.08207 0.22307
vn 0.97176 0.08253 0.22109
vn 0.97063 0.08628 0.22456
vn 0.97129 0.08701 0.22143
vn 0.97040 0.08972 0.22420
vn 0.97832 0.09944 0.18169
vn 0.97769 0.10152 0.18389
vn 0.97684 0.02807 0.21210
vn 0.97472 0.04055 0.21973
vn 0.97688 0.04282 0.20947
vn 0.97550 0.04970 0.21431
vn 0.97606 0.05031 0.21161
vn 0.97507 0.05462 0.21508
vn 0.97543 0.05502 0.21331
vn 0.97467 0.05796 0.21599
vn 0.97528 0.05861 0.21307
vn 0.97467 0.06073 0.21524
vn 0.98230 0.06994 0.17379
vn 0.98186 0.07156 0.17556
vn 0.97899 -0.01588 0.20331
vn 0.97853 -0.01133 0.20579
vn 0.98026 -0.00960 0.19748
vn 0.97995 -0.00708 0.19912
vn 0.98023 -0.00679 0.19773
vn 0.98000 -0.00522 0.19893
vn 0.98014 -0.00507 0.19822
vn 0.97996 -0.00399 0.19916
vn 0.98036 -0.00357 0.19717
vn 0.98021 -0.00280 0.19794
vn 0.98738 0.00552 0.15826
vn 0.98727 0.00610 0.15891
vn 0.97866 -0.06484 0.19497
vn 0.97876 -0.06949 0.19289
vn 0.98003 -0.06828 0.18673
vn 0.98012 -0.07085 0.18530
vn 0.98006 -0.07091 0.18563
vn 0.98014 -0.07253 0.18455
vn 0.98000 -0.07266 0.18525
vn 0.98008 -0.07376 0.18440
vn 0.98024 -0.07361 0.18360
vn 0.98031 -0.07440 0.18289
vn 0.98730 -0.06681 0.14413
vn 0.98735 -0.06741 0.14352
vn 0.97603 -0.10917 0.18827
vn 0.97529 -0.12243 0.18391
vn 0.97631 -0.12153 0.17903
vn 0.97595 -0.12884 0.17587
vn 0.97561 -0.12914 0.17748
vn 0.97543 -0.13374 0.17506
vn 0.97507 -0.13407 0.17683
vn 0.97498 -0.13722 0.17487
vn 0.97497 -0.13723 0.17493
vn 0.97494 -0.13951 0.17329
vn 0.98209 -0.13234 0.13413
vn 0.98205 -0.13406 0.13266
vn 0.97443 -0.12945 0.18363
vn 0.97265 -0.14693 0.17988
vn 0.97368 -0.14605 0.17498
vn 0.97271 -0.15570 0.17201
vn 0.97233 -0.15603 0.17386
vn 0.97175 -0.16211 0.17150
vn 0.97134 -0.16246 0.17349
vn 0.97098 -0.16663 0.17155
vn 0.97094 -0.16666 0.17176
vn 0.97071 -0.16969 0.17010
vn 0.97808 -0.16260 0.13008
vn 0.97790 -0.16488 0.12852
vn -0.97790 0.10182 0.18258
vn -0.97808 0.09911 0.18313
vn -0.97071 0.09005 0.22275
vn -0.97094 0.08662 0.22310
vn -0.97098 0.08667 0.22289
vn -0.97134 0.08207 0.22306
vn -0.97175 0.08252 0.22109
vn -0.97233 0.07600 0.22090
vn -0.97271 0.07642 0.21906
vn -0.97368 0.06638 0.21804
vn -0.97265 0.06528 0.22289
vn -0.97443 0.04772 0.21955
vn -0.98205 0.07182 0.17439
vn -0.98209 0.06966 0.17508
vn -0.97494 0.06102 0.21394
vn -0.97497 0.05828 0.21457
vn -0.97498 0.05829 0.21450
vn -0.97507 0.05462 0.21508
vn -0.97543 0.05502 0.21332
vn -0.97561 0.04983 0.21376
vn -0.97595 0.05018 0.21216
vn -0.97631 0.04221 0.21223
vn -0.97529 0.04114 0.21707
vn -0.97603 0.02724 0.21592
vn -0.98735 0.00620 0.15844
vn -0.98730 0.00541 0.15877
vn -0.98031 -0.00269 0.19743
vn -0.98024 -0.00370 0.19777
vn -0.98008 -0.00387 0.19857
vn -0.98000 -0.00521 0.19892
vn -0.98014 -0.00507 0.19823
vn -0.98006 -0.00697 0.19859
vn -0.98012 -0.00690 0.19826
vn -0.98003 -0.00983 0.19858
vn -0.97876 -0.01111 0.20473
vn -0.97866 -0.01620 0.20483
vn -0.98727 -0.06751 0.14399
vn -0.98738 -0.06671 0.14362
vn -0.98021 -0.07450 0.18341
vn -0.98036 -0.07349 0.18300
vn -0.97996 -0.07388 0.18500
vn -0.98014 -0.07252 0.18454
vn -0.98000 -0.07266 0.18526
vn -0.98023 -0.07074 0.18476
vn -0.97995 -0.07102 0.18616
vn -0.98026 -0.06807 0.18563
vn -0.97853 -0.06970 0.19396
vn -0.97899 -0.06454 0.19345
vn -0.98186 -0.13428 0.13384
vn -0.98230 -0.13210 0.13283
vn -0.97467 -0.13975 0.17460
vn -0.97528 -0.13696 0.17343
vn -0.97467 -0.13749 0.17638
vn -0.97543 -0.13374 0.17505
vn -0.97507 -0.13407 0.17683
vn -0.97606 -0.12874 0.17531
vn -0.97550 -0.12924 0.17804
vn -0.97688 -0.12101 0.17626
vn -0.97472 -0.12292 0.18659
vn -0.97684 -0.10845 0.18443
vn -0.97769 -0.16512 0.12984
vn -0.97832 -0.16234 0.12862
vn -0.97040 -0.16994 0.17156
vn -0.97129 -0.16637 0.17007
vn -0.97063 -0.16692 0.17323
vn -0.97176 -0.16211 0.17150
vn -0.97134 -0.16246 0.17350
vn -0.97283 -0.15559 0.17143
vn -0.97221 -0.15613 0.17444
vn -0.97432 -0.14549 0.17186
vn -0.97201 -0.14747 0.18289
vn -0.97534 -0.12866 0.17932
vn -0.32776 0.85935 0.39255
vn -0.33348 0.85812 0.39042
vn -0.25821 0.88262 0.39283
vn -0.26293 0.88210 0.39085
vn -0.09484 0.91369 0.39518
vn -0.09667 0.91383 0.39442
vn 0.09486 0.91399 0.39449
vn 0.09665 0.91350 0.39520
vn 0.25831 0.88334 0.39113
vn 0.26281 0.88129 0.39275
vn 0.32791 0.86014 0.39069
vn 0.33331 0.85723 0.39250
vn -0.32800 0.83067 0.44989
vn -0.33562 0.82891 0.44751
vn -0.25873 0.85478 0.44990
vn -0.26504 0.85403 0.44764
vn -0.09518 0.88681 0.45222
vn -0.09763 0.88699 0.45136
vn 0.09520 0.88720 0.45146
vn 0.09760 0.88654 0.45225
vn 0.25888 0.85571 0.44805
vn 0.26486 0.85294 0.44982
vn 0.32821 0.83168 0.44787
vn 0.33536 0.82773 0.44988
vn -0.33514 0.82671 0.45192
vn -0.34598 0.82384 0.44898
vn -0.26469 0.85192 0.45185
vn -0.27372 0.85055 0.44905
vn -0.09754 0.88550 0.45428
vn -0.10106 0.88565 0.45323
vn 0.09757 0.88596 0.45339
vn 0.10103 0.88509 0.45432
vn 0.26487 0.85301 0.44968
vn 0.27349 0.84922 0.45170
vn 0.33540 0.82790 0.44954
vn 0.34565 0.82240 0.45186
vn -0.34565 0.82240 0.45187
vn -0.36231 0.81734 0.44799
vn -0.27349 0.84921 0.45171
vn -0.28747 0.84655 0.44802
vn -0.10103 0.88509 0.45433
vn -0.10656 0.88513 0.45298
vn 0.10106 0.88564 0.45324
vn 0.10651 0.88442 0.45438
vn 0.27372 0.85054 0.44907
vn 0.28716 0.84485 0.45140
vn 0.34598 0.82384 0.44899
vn 0.36188 0.81550 0.45167
vn -0.36177 0.81504 0.45259
vn -0.39070 0.80480 0.44682
vn -0.28707 0.84438 0.45234
vn -0.31166 0.83856 0.44687
vn -0.10648 0.88393 0.45533
vn -0.11638 0.88366 0.45343
vn 0.10652 0.88465 0.45393
vn 0.11631 0.88267 0.45538
vn 0.28738 0.84608 0.44896
vn 0.31119 0.83621 0.45157
vn 0.36220 0.81687 0.44892
vn 0.39005 0.80228 0.45189
vn -0.38808 0.79479 0.46659
vn -0.45045 0.76793 0.45539
vn -0.30962 0.82848 0.46665
vn -0.36406 0.81199 0.45622
vn -0.11572 0.87454 0.47094
vn -0.13854 0.87296 0.46770
vn 0.11579 0.87553 0.46908
vn 0.13839 0.87127 0.47089
vn 0.31010 0.83080 0.46218
vn 0.36312 0.80814 0.46373
vn 0.38874 0.79728 0.46176
vn 0.44918 0.76388 0.46339
vn -0.44918 -0.88403 0.12934
vn -0.38874 -0.91416 0.11484
vn -0.36312 -0.92493 0.11242
vn -0.31010 -0.94520 0.10216
vn -0.13839 -0.98587 0.09443
vn -0.11579 -0.98909 0.09110
vn 0.13854 -0.98618 0.09084
vn 0.11572 -0.98890 0.09320
vn 0.36406 -0.92555 0.10400
vn 0.30962 -0.94480 0.10719
vn 0.45045 -0.88465 0.12039
vn 0.38808 -0.91375 0.12025
vn -0.39005 -0.91492 0.10380
vn -0.36220 -0.92721 0.09538
vn -0.31119 -0.94605 0.09028
vn -0.28738 -0.95412 0.08404
vn -0.11631 -0.99032 0.07571
vn -0.10652 -0.99158 0.07360
vn 0.11638 -0.99048 0.07352
vn 0.10648 -0.99147 0.07516
vn 0.31166 -0.94638 0.08505
vn 0.28707 -0.95388 0.08781
vn 0.39070 -0.91527 0.09815
vn 0.36177 -0.92695 0.09947
vn -0.36188 -0.92701 0.09844
vn -0.34598 -0.93365 0.09273
vn -0.28716 -0.95395 0.08677
vn -0.27372 -0.95827 0.08240
vn -0.10651 -0.99155 0.07410
vn -0.10106 -0.99223 0.07258
vn 0.10656 -0.99166 0.07253
vn 0.10103 -0.99214 0.07380
vn 0.28747 -0.95419 0.08299
vn 0.27349 -0.95808 0.08535
vn 0.36231 -0.92727 0.09434
vn 0.34565 -0.93345 0.09594
vn -0.34565 -0.93345 0.09593
vn -0.33540 -0.93761 0.09166
vn -0.27349 -0.95808 0.08534
vn -0.26487 -0.96079 0.08200
vn -0.10103 -0.99214 0.07378
vn -0.09757 -0.99258 0.07259
vn 0.10106 -0.99223 0.07256
vn 0.09754 -0.99251 0.07359
vn 0.27372 -0.95828 0.08239
vn 0.26469 -0.96063 0.08442
vn 0.34598 -0.93365 0.09271
vn 0.33514 -0.93744 0.09430
vn -0.33536 -0.93758 0.09203
vn -0.32821 -0.94044 0.08864
vn -0.26486 -0.96078 0.08216
vn -0.25888 -0.96264 0.07946
vn -0.09760 -0.99267 0.07132
vn -0.09520 -0.99297 0.07033
vn 0.09763 -0.99274 0.07032
vn 0.09518 -0.99291 0.07118
vn 0.26504 -0.96093 0.07973
vn 0.25873 -0.96250 0.08152
vn 0.33562 -0.93775 0.08939
vn 0.32800 -0.94029 0.09089
vn -0.33331 -0.94241 0.02770
vn -0.32791 -0.94438 0.02489
vn -0.26281 -0.96467 0.01855
vn -0.25831 -0.96592 0.01626
vn -0.09665 -0.99528 0.00827
vn -0.09486 -0.99546 0.00742
vn 0.09667 -0.99529 0.00742
vn 0.09484 -0.99546 0.00818
vn 0.26293 -0.96468 0.01649
vn 0.25821 -0.96592 0.01811
vn 0.33348 -0.94242 0.02543
vn 0.32776 -0.94438 0.02691
vn 0.92703 0.34043 0.15723
vn 0.92336 0.35663 0.14222
vn 0.92810 0.34716 0.13457
vn 0.92412 0.36296 0.11942
vn 0.92579 0.35959 0.11669
vn 0.92139 0.37512 0.10158
vn 0.92288 0.37210 0.09913
vn 0.91808 0.38736 0.08409
vn 0.91985 0.38377 0.08116
vn 0.91467 0.39874 0.06620
vn 0.92352 0.38014 0.05109
vn 0.91813 0.39464 0.03605
vn 0.92708 0.33108 0.17582
vn 0.92445 0.34399 0.16451
vn 0.92892 0.33516 0.15740
vn 0.92609 0.34789 0.14603
vn 0.92761 0.34486 0.14359
vn 0.92453 0.35745 0.13222
vn 0.92587 0.35475 0.13004
vn 0.92254 0.36719 0.11869
vn 0.92417 0.36393 0.11605
vn 0.92060 0.37621 0.10472
vn 0.92931 0.35814 0.09010
vn 0.92562 0.37019 0.07871
vn 0.92769 0.30692 0.21259
vn 0.92698 0.31171 0.20866
vn 0.93051 0.30477 0.20313
vn 0.92978 0.30956 0.19919
vn 0.93048 0.30816 0.19808
vn 0.92972 0.31294 0.19415
vn 0.93026 0.31185 0.19328
vn 0.92947 0.31661 0.18934
vn 0.93029 0.31497 0.18803
vn 0.92946 0.31972 0.18408
vn 0.93735 0.30347 0.17109
vn 0.93653 0.30819 0.16712
vn 0.92714 0.27784 0.25144
vn 0.92752 0.27298 0.25532
vn 0.92997 0.26814 0.25150
vn 0.93033 0.26323 0.25535
vn 0.92994 0.26400 0.25595
vn 0.93026 0.25908 0.25979
vn 0.92972 0.26016 0.26064
vn 0.93001 0.25524 0.26446
vn 0.92975 0.25575 0.26487
vn 0.93000 0.25082 0.26868
vn 0.93686 0.23663 0.25750
vn 0.93704 0.23168 0.26130
vn 0.92570 0.24917 0.28461
vn 0.92579 0.23572 0.29555
vn 0.92757 0.23217 0.29278
vn 0.92744 0.21852 0.30348
vn 0.92626 0.22092 0.30536
vn 0.92587 0.20724 0.31593
vn 0.92453 0.20997 0.31806
vn 0.92389 0.19628 0.32850
vn 0.92283 0.19842 0.33016
vn 0.92193 0.18473 0.34046
vn 0.92808 0.17178 0.33039
vn 0.92688 0.15801 0.34049
vn 0.92549 0.23353 0.29820
vn 0.92485 0.21655 0.31268
vn 0.92660 0.21300 0.30991
vn 0.92562 0.19569 0.32394
vn 0.92429 0.19842 0.32607
vn 0.92288 0.18108 0.33985
vn 0.92139 0.18415 0.34223
vn 0.91957 0.16683 0.35576
vn 0.91838 0.16930 0.35767
vn 0.91614 0.15201 0.37091
vn 0.92217 0.13911 0.36091
vn 0.91951 0.12171 0.37375
vn -0.94392 -0.05990 -0.32470
vn -0.94930 -0.07040 -0.30639
vn -0.95354 -0.05729 -0.29575
vn -0.95838 -0.06798 -0.27727
vn -0.95761 -0.07050 -0.27932
vn -0.96203 -0.08126 -0.26058
vn -0.96106 -0.08440 -0.26313
vn -0.96505 -0.09519 -0.24415
vn -0.96420 -0.09799 -0.24642
vn -0.96774 -0.10882 -0.22723
vn -0.96883 -0.10516 -0.22428
vn -0.97180 -0.11627 -0.20515
vn -0.95438 -0.08837 -0.28522
vn -0.95792 -0.09622 -0.27043
vn -0.96211 -0.08300 -0.25973
vn -0.96529 -0.09090 -0.24484
vn -0.96463 -0.09311 -0.24662
vn -0.96755 -0.10103 -0.23160
vn -0.96671 -0.10384 -0.23388
vn -0.96936 -0.11177 -0.21873
vn -0.96862 -0.11425 -0.22073
vn -0.97100 -0.12218 -0.20549
vn -0.97208 -0.11849 -0.20253
vn -0.97411 -0.12657 -0.18732
vn -0.96756 -0.15440 -0.19997
vn -0.96826 -0.15710 -0.19439
vn -0.97280 -0.14243 -0.18266
vn -0.97344 -0.14512 -0.17707
vn -0.97328 -0.14565 -0.17750
vn -0.97388 -0.14833 -0.17189
vn -0.97355 -0.14946 -0.17279
vn -0.97412 -0.15213 -0.16718
vn -0.97388 -0.15293 -0.16782
vn -0.97441 -0.15561 -0.16220
vn -0.97587 -0.15055 -0.15817
vn -0.97634 -0.15324 -0.15257
vn -0.96792 -0.22869 -0.10404
vn -0.96791 -0.22610 -0.10969
vn -0.97314 -0.20911 -0.09631
vn -0.97311 -0.20654 -0.10198
vn -0.97362 -0.20481 -0.10062
vn -0.97355 -0.20223 -0.10629
vn -0.97388 -0.20110 -0.10540
vn -0.97379 -0.19851 -0.11107
vn -0.97421 -0.19704 -0.10991
vn -0.97408 -0.19445 -0.11558
vn -0.97618 -0.18713 -0.10981
vn -0.97602 -0.18453 -0.11547
vn -0.95530 -0.29501 -0.01905
vn -0.95702 -0.28797 -0.03441
vn -0.96295 -0.26895 -0.01961
vn -0.96445 -0.26194 -0.03511
vn -0.96547 -0.25848 -0.03242
vn -0.96670 -0.25136 -0.04799
vn -0.96755 -0.24850 -0.04576
vn -0.96852 -0.24127 -0.06138
vn -0.96946 -0.23806 -0.05888
vn -0.97016 -0.23073 -0.07453
vn -0.97287 -0.22138 -0.06721
vn -0.97330 -0.21404 -0.08294
vn -0.94497 -0.32667 0.01788
vn -0.94828 -0.31744 -0.00133
vn -0.95451 -0.29786 0.01386
vn -0.95742 -0.28865 -0.00568
vn -0.95857 -0.28484 -0.00273
vn -0.96106 -0.27542 -0.02241
vn -0.96203 -0.27222 -0.01992
vn -0.96409 -0.26260 -0.03973
vn -0.96516 -0.25903 -0.03695
vn -0.96677 -0.24923 -0.05685
vn -0.96973 -0.23919 -0.04902
vn -0.97087 -0.22942 -0.06914
vn -0.20513 0.55021 -0.80944
vn -0.22595 0.53913 -0.81134
vn -0.15691 0.56294 -0.81147
vn -0.17323 0.55420 -0.81416
vn -0.05209 0.59124 -0.80481
vn -0.05807 0.58829 -0.80656
vn 0.06440 0.61823 -0.78335
vn 0.07034 0.62074 -0.78085
vn 0.16642 0.63821 -0.75166
vn 0.18245 0.64369 -0.74322
vn 0.21125 0.64769 -0.73203
vn 0.23150 0.65364 -0.72053
vn -0.23375 0.55887 -0.79563
vn -0.25951 0.54541 -0.79699
vn -0.18075 0.57325 -0.79920
vn -0.20108 0.56260 -0.80190
vn -0.06469 0.60516 -0.79347
vn -0.07221 0.60161 -0.79552
vn 0.06471 0.63516 -0.76967
vn 0.07218 0.63812 -0.76655
vn 0.17736 0.65666 -0.73303
vn 0.19721 0.66286 -0.72230
vn 0.22635 0.66665 -0.71017
vn 0.25116 0.67328 -0.69543
vn -0.26126 0.54985 -0.79335
vn -0.29366 0.53271 -0.79371
vn -0.20269 0.56669 -0.79861
vn -0.22858 0.55320 -0.80108
vn -0.07302 0.60365 -0.79390
vn -0.08275 0.59922 -0.79630
vn 0.07247 0.63738 -0.76714
vn 0.08212 0.64091 -0.76321
vn 0.19831 0.66010 -0.72452
vn 0.22359 0.66702 -0.71070
vn 0.25241 0.67019 -0.69795
vn 0.28361 0.67725 -0.67889
vn -0.29534 0.53697 -0.79021
vn -0.33706 0.51430 -0.78860
vn -0.23011 0.55709 -0.79793
vn -0.26400 0.53930 -0.79966
vn -0.08338 0.60081 -0.79503
vn -0.09641 0.59508 -0.79786
vn 0.08275 0.63933 -0.76447
vn 0.09568 0.64365 -0.75932
vn 0.22514 0.66315 -0.71383
vn 0.25823 0.67075 -0.69527
vn 0.28534 0.67301 -0.68238
vn 0.32550 0.68019 -0.65680
vn -0.33921 0.51981 -0.78405
vn -0.39434 0.48841 -0.77843
vn -0.26602 0.54442 -0.79552
vn -0.31193 0.51972 -0.79535
vn -0.09740 0.59757 -0.79588
vn -0.11569 0.58973 -0.79927
vn 0.09615 0.64245 -0.76027
vn 0.11430 0.64789 -0.75311
vn 0.25977 0.66692 -0.69838
vn 0.30460 0.67490 -0.67211
vn 0.32724 0.67596 -0.66030
vn 0.38030 0.68234 -0.62432
vn -0.40200 0.50828 -0.76161
vn -0.47678 0.46216 -0.74772
vn -0.31972 0.53961 -0.77885
vn -0.38452 0.50284 -0.77414
vn -0.12259 0.60712 -0.78510
vn -0.14998 0.59558 -0.78917
vn 0.10906 0.66094 -0.74247
vn 0.13625 0.66790 -0.73167
vn 0.30068 0.68441 -0.66421
vn 0.36400 0.69112 -0.62439
vn 0.37662 0.69100 -0.61699
vn 0.44861 0.69371 -0.56349
vn -0.47930 -0.61599 0.62517
vn -0.39992 -0.63202 0.66379
vn -0.38695 -0.63300 0.67051
vn -0.31775 -0.64119 0.69851
vn -0.15106 -0.63041 0.76142
vn -0.12175 -0.62882 0.76796
vn 0.13735 -0.56359 0.81455
vn 0.10821 -0.57070 0.81399
vn 0.36666 -0.45763 0.81002
vn 0.29858 -0.48606 0.82134
vn 0.45153 -0.39822 0.79846
vn 0.37429 -0.43810 0.81730
vn -0.39655 -0.64120 0.65697
vn -0.33730 -0.65047 0.68052
vn -0.31401 -0.65109 0.69100
vn -0.26425 -0.65557 0.70739
vn -0.11656 -0.64216 0.75766
vn -0.09667 -0.64115 0.76131
vn 0.11518 -0.58844 0.80030
vn 0.09542 -0.59257 0.79985
vn 0.30674 -0.50656 0.80580
vn 0.25797 -0.52405 0.81168
vn 0.38266 -0.45883 0.80190
vn 0.32524 -0.48444 0.81212
vn -0.33897 -0.64609 0.68386
vn -0.29367 -0.65192 0.69911
vn -0.26577 -0.65166 0.71042
vn -0.22858 -0.65443 0.72074
vn -0.09714 -0.63994 0.76226
vn -0.08275 -0.63932 0.76447
vn 0.09641 -0.59507 0.79787
vn 0.08212 -0.59763 0.79755
vn 0.26003 -0.52924 0.80765
vn 0.22359 -0.54056 0.81105
vn 0.32750 -0.49009 0.80781
vn 0.28361 -0.50726 0.81379
vn -0.29534 -0.64755 0.70246
vn -0.25977 -0.65154 0.71275
vn -0.23011 -0.65050 0.72381
vn -0.20134 -0.65244 0.73061
vn -0.08337 -0.63774 0.76573
vn -0.07247 -0.63738 0.76713
vn 0.08275 -0.59923 0.79629
vn 0.07192 -0.60087 0.79611
vn 0.22514 -0.54450 0.80798
vn 0.19695 -0.55214 0.81016
vn 0.28534 -0.51163 0.81045
vn 0.25088 -0.52358 0.81420
vn -0.26099 -0.64837 0.71519
vn -0.23241 -0.65130 0.72236
vn -0.20243 -0.64965 0.73279
vn -0.17954 -0.65115 0.73741
vn -0.07276 -0.63664 0.76772
vn -0.06420 -0.63646 0.76863
vn 0.07273 -0.60291 0.79449
vn 0.06422 -0.60399 0.79440
vn 0.19858 -0.55626 0.80693
vn 0.17614 -0.56158 0.80846
vn 0.25268 -0.52812 0.81071
vn 0.22498 -0.53669 0.81323
vn -0.22727 -0.66435 0.71203
vn -0.20390 -0.66632 0.71725
vn -0.17442 -0.66401 0.72709
vn -0.15581 -0.66508 0.73034
vn -0.05854 -0.65063 0.75714
vn -0.05164 -0.65052 0.75773
vn 0.07081 -0.62057 0.78094
vn 0.06396 -0.62131 0.78095
vn 0.18361 -0.58049 0.79330
vn 0.16533 -0.58426 0.79455
vn 0.23280 -0.55647 0.79759
vn 0.21004 -0.56266 0.79956
vn -0.29552 0.74834 0.59385
vn 0.29552 -0.74834 -0.59385
vn 0.97087 -0.11945 -0.20771
vn 0.96973 -0.10208 -0.22180
vn 0.96677 -0.11199 -0.22979
vn 0.96516 -0.09484 -0.24386
vn 0.96409 -0.09835 -0.24671
vn 0.96203 -0.08125 -0.26058
vn 0.96106 -0.08440 -0.26313
vn 0.95857 -0.06737 -0.27677
vn 0.95742 -0.07111 -0.27981
vn 0.95451 -0.05418 -0.29321
vn 0.94828 -0.07342 -0.30883
vn 0.94497 -0.05681 -0.32219
vn 0.97330 -0.12940 -0.18960
vn 0.97287 -0.11575 -0.20032
vn 0.97016 -0.12501 -0.20777
vn 0.96946 -0.11143 -0.21846
vn 0.96852 -0.11459 -0.22101
vn 0.96755 -0.10102 -0.23160
vn 0.96670 -0.10384 -0.23388
vn 0.96547 -0.09030 -0.24435
vn 0.96445 -0.09371 -0.24711
vn 0.96295 -0.08020 -0.25746
vn 0.95702 -0.09894 -0.27262
vn 0.95530 -0.08558 -0.28297
vn 0.97602 -0.15437 -0.15347
vn 0.97618 -0.14945 -0.15729
vn 0.97408 -0.15674 -0.16310
vn 0.97421 -0.15181 -0.16692
vn 0.97379 -0.15326 -0.16808
vn 0.97388 -0.14833 -0.17189
vn 0.97355 -0.14946 -0.17280
vn 0.97362 -0.14452 -0.17660
vn 0.97311 -0.14624 -0.17797
vn 0.97314 -0.14130 -0.18176
vn 0.96791 -0.15819 -0.19526
vn 0.96792 -0.15328 -0.19908
vn 0.97634 -0.18340 -0.11457
vn 0.97587 -0.18823 -0.11067
vn 0.97441 -0.19331 -0.11468
vn 0.97388 -0.19818 -0.11080
vn 0.97412 -0.19738 -0.11017
vn 0.97355 -0.20223 -0.10629
vn 0.97388 -0.20110 -0.10540
vn 0.97328 -0.20595 -0.10151
vn 0.97344 -0.20541 -0.10109
vn 0.97280 -0.21025 -0.09720
vn 0.96826 -0.22500 -0.10883
vn 0.96756 -0.22982 -0.10493
vn 0.97411 -0.21118 -0.08070
vn 0.97208 -0.22415 -0.06938
vn 0.97100 -0.22787 -0.07229
vn 0.96862 -0.24092 -0.06111
vn 0.96936 -0.23841 -0.05915
vn 0.96671 -0.25135 -0.04799
vn 0.96755 -0.24850 -0.04577
vn 0.96463 -0.26133 -0.03464
vn 0.96529 -0.25909 -0.03290
vn 0.96211 -0.27180 -0.02182
vn 0.95792 -0.28522 -0.03226
vn 0.95438 -0.29784 -0.02125
vn 0.97180 -0.22620 -0.06662
vn 0.96883 -0.24231 -0.05145
vn 0.96774 -0.24602 -0.05434
vn 0.96420 -0.26224 -0.03944
vn 0.96505 -0.25939 -0.03723
vn 0.96106 -0.27542 -0.02241
vn 0.96203 -0.27223 -0.01993
vn 0.95761 -0.28803 -0.00520
vn 0.95838 -0.28546 -0.00321
vn 0.95354 -0.30104 0.01140
vn 0.94930 -0.31437 0.00106
vn 0.94392 -0.32982 0.01544
vn -0.91951 0.39163 0.03361
vn -0.92217 0.38308 0.05347
vn -0.91614 0.39575 0.06376
vn -0.91838 0.38678 0.08361
vn -0.91957 0.38436 0.08164
vn -0.92139 0.37512 0.10158
vn -0.92288 0.37210 0.09913
vn -0.92429 0.36262 0.11914
vn -0.92562 0.35993 0.11697
vn -0.92660 0.35020 0.13702
vn -0.92485 0.35370 0.13985
vn -0.92549 0.34346 0.15967
vn -0.92688 0.36748 0.07652
vn -0.92808 0.36078 0.09222
vn -0.92193 0.37353 0.10254
vn -0.92283 0.36661 0.11822
vn -0.92389 0.36450 0.11651
vn -0.92453 0.35744 0.13222
vn -0.92587 0.35475 0.13004
vn -0.92626 0.34756 0.14577
vn -0.92744 0.34519 0.14385
vn -0.92757 0.33787 0.15958
vn -0.92579 0.34138 0.16241
vn -0.92570 0.33378 0.17798
vn -0.93704 0.30711 0.16626
vn -0.93686 0.30453 0.17194
vn -0.93000 0.31864 0.18322
vn -0.92975 0.31605 0.18889
vn -0.93001 0.31554 0.18848
vn -0.92972 0.31293 0.19414
vn -0.93026 0.31186 0.19328
vn -0.92994 0.30924 0.19894
vn -0.93033 0.30848 0.19833
vn -0.92997 0.30585 0.20399
vn -0.92752 0.31067 0.20783
vn -0.92714 0.30799 0.21344
vn -0.93653 0.23278 0.26216
vn -0.93735 0.23557 0.25666
vn -0.92946 0.25191 0.26953
vn -0.93029 0.25467 0.26401
vn -0.92947 0.25632 0.26532
vn -0.93026 0.25908 0.25979
vn -0.92972 0.26017 0.26064
vn -0.93048 0.26292 0.25510
vn -0.92978 0.26432 0.25620
vn -0.93051 0.26706 0.25065
vn -0.92698 0.27402 0.25615
vn -0.92769 0.27676 0.25059
vn -0.92562 0.16076 0.34262
vn -0.92931 0.16911 0.32831
vn -0.92060 0.18745 0.34258
vn -0.92417 0.19570 0.32804
vn -0.92254 0.19901 0.33062
vn -0.92587 0.20724 0.31593
vn -0.92453 0.20998 0.31806
vn -0.92761 0.21819 0.30322
vn -0.92609 0.22125 0.30561
vn -0.92892 0.22943 0.29063
vn -0.92445 0.23837 0.29762
vn -0.92708 0.24644 0.28248
vn -0.91813 0.12477 0.37613
vn -0.92352 0.13612 0.35859
vn -0.91467 0.15507 0.37327
vn -0.91985 0.16624 0.35530
vn -0.91808 0.16990 0.35813
vn -0.92288 0.18108 0.33985
vn -0.92139 0.18415 0.34223
vn -0.92579 0.19534 0.32367
vn -0.92412 0.19876 0.32633
vn -0.92810 0.20992 0.30751
vn -0.92336 0.21953 0.31499
vn -0.92703 0.23047 0.29580
vn -0.21004 0.65081 -0.72961
vn -0.23280 0.65029 -0.72313
vn -0.16533 0.64102 -0.74950
vn -0.18361 0.64066 -0.74554
vn -0.06396 0.61936 -0.78250
vn -0.07081 0.61952 -0.78178
vn 0.05164 0.59011 -0.80567
vn 0.05854 0.58951 -0.80563
vn 0.15581 0.56013 -0.81362
vn 0.17442 0.55721 -0.81184
vn 0.20390 0.54710 -0.81186
vn 0.22727 0.54247 -0.80875
vn -0.22498 0.67003 -0.70742
vn -0.25268 0.66951 -0.69850
vn -0.17614 0.65972 -0.73058
vn -0.19858 0.65944 -0.72505
vn -0.06422 0.63640 -0.76868
vn -0.07273 0.63673 -0.76765
vn 0.06420 0.60392 -0.79445
vn 0.07276 0.60300 -0.79442
vn 0.17954 0.57018 -0.80166
vn 0.20243 0.56602 -0.79915
vn 0.23241 0.55549 -0.79839
vn 0.26099 0.54918 -0.79391
vn -0.25088 0.67395 -0.69487
vn -0.28534 0.67301 -0.68238
vn -0.19695 0.66352 -0.72177
vn -0.22514 0.66314 -0.71383
vn -0.07192 0.63877 -0.76603
vn -0.08275 0.63932 -0.76447
vn 0.07247 0.60226 -0.79501
vn 0.08337 0.60081 -0.79503
vn 0.20134 0.56326 -0.80137
vn 0.23011 0.55708 -0.79794
vn 0.25977 0.54608 -0.79644
vn 0.29534 0.53697 -0.79022
vn -0.28361 0.67726 -0.67889
vn -0.32750 0.67533 -0.66081
vn -0.22359 0.66703 -0.71069
vn -0.26003 0.66628 -0.69890
vn -0.08212 0.64091 -0.76321
vn -0.09641 0.64180 -0.76079
vn 0.08275 0.59923 -0.79629
vn 0.09714 0.59693 -0.79639
vn 0.22858 0.55320 -0.80107
vn 0.26577 0.54378 -0.79603
vn 0.29367 0.53271 -0.79371
vn 0.33897 0.51919 -0.78457
vn -0.32524 0.68081 -0.65629
vn -0.38266 0.67668 -0.62903
vn -0.25797 0.67139 -0.69476
vn -0.30674 0.66963 -0.67639
vn -0.09542 0.64429 -0.75880
vn -0.11518 0.64568 -0.75488
vn 0.09667 0.59573 -0.79735
vn 0.11656 0.59195 -0.79750
vn 0.26425 0.53994 -0.79914
vn 0.31401 0.52500 -0.79106
vn 0.33730 0.51493 -0.78808
vn 0.39655 0.49410 -0.77370
vn -0.37429 0.69639 -0.61234
vn -0.45153 0.68710 -0.56922
vn -0.29858 0.68943 -0.65996
vn -0.36666 0.68486 -0.62970
vn -0.10821 0.66304 -0.74072
vn -0.13735 0.66520 -0.73392
vn 0.12175 0.60501 -0.78686
vn 0.15106 0.59828 -0.78692
vn 0.31775 0.53456 -0.78312
vn 0.38695 0.50915 -0.76878
vn 0.39992 0.50284 -0.76630
vn 0.47930 0.46886 -0.74192
vn -0.44861 -0.39114 0.80359
vn -0.37662 -0.44385 0.81311
vn -0.36400 -0.45103 0.81491
vn -0.30068 -0.49134 0.81742
vn -0.13625 -0.56079 0.81667
vn -0.10906 -0.57289 0.81234
vn 0.14998 -0.63322 0.75930
vn 0.12259 -0.62663 0.76962
vn 0.38452 -0.63965 0.66558
vn 0.31972 -0.63588 0.70245
vn 0.47678 -0.62316 0.61996
vn 0.40200 -0.62621 0.66803
vn -0.38030 -0.45296 0.80635
vn -0.32724 -0.48945 0.80830
vn -0.30460 -0.50119 0.80995
vn -0.25977 -0.52859 0.80815
vn -0.11430 -0.58622 0.80205
vn -0.09615 -0.59442 0.79838
vn 0.11569 -0.64438 0.75591
vn 0.09740 -0.63929 0.76277
vn 0.31193 -0.65647 0.68683
vn 0.26602 -0.65102 0.71092
vn 0.39434 -0.64711 0.65250
vn 0.33921 -0.64544 0.68435
vn -0.32550 -0.48508 0.81163
vn -0.28534 -0.51162 0.81045
vn -0.25823 -0.52469 0.81118
vn -0.22514 -0.54449 0.80799
vn -0.09568 -0.59322 0.79933
vn -0.08275 -0.59922 0.79630
vn 0.09641 -0.64180 0.76079
vn 0.08338 -0.63773 0.76573
vn 0.26400 -0.65622 0.70688
vn 0.23011 -0.65050 0.72381
vn 0.33706 -0.65112 0.68002
vn 0.29534 -0.64754 0.70247
vn -0.28361 -0.50726 0.81379
vn -0.25241 -0.52743 0.81124
vn -0.22359 -0.54056 0.81105
vn -0.19831 -0.55560 0.80745
vn -0.08212 -0.59764 0.79755
vn -0.07247 -0.60226 0.79500
vn 0.08275 -0.63933 0.76447
vn 0.07302 -0.63599 0.76824
vn 0.22858 -0.65444 0.72074
vn 0.20269 -0.64897 0.73331
vn 0.29366 -0.65192 0.69911
vn 0.26126 -0.64767 0.71572
vn -0.25116 -0.52427 0.81367
vn -0.22635 -0.54014 0.81057
vn -0.19721 -0.55281 0.80963
vn -0.17736 -0.56467 0.80604
vn -0.07218 -0.60152 0.79559
vn -0.06471 -0.60523 0.79342
vn 0.07221 -0.63803 0.76662
vn 0.06469 -0.63523 0.76961
vn 0.20108 -0.65311 0.73008
vn 0.18075 -0.64806 0.73983
vn 0.25951 -0.65223 0.71222
vn 0.23375 -0.64784 0.72502
vn -0.23150 -0.55318 0.80025
vn -0.21125 -0.56573 0.79707
vn -0.18245 -0.57754 0.79571
vn -0.16642 -0.58700 0.79230
vn -0.07034 -0.61940 0.78192
vn -0.06440 -0.62241 0.78004
vn 0.05807 -0.65180 0.75616
vn 0.05209 -0.64943 0.75863
vn 0.17323 -0.66695 0.72468
vn 0.15691 -0.66234 0.73258
vn 0.22595 -0.66763 0.70937
vn 0.20513 -0.66326 0.71973
vn 0.29552 0.74834 0.59385
vn -0.29552 -0.74834 -0.59385
o Körper
usemtl wool_5
f 1//1 5//1 2//1
f 5//2 6//2 2//2
f 2//3 6//3 3//3
f 6//4 7//4 3//4
f 3//5 7//5 4//5
f 7//6 8//6 4//6
f 5//7 9//7 6//7
f 9//7 10//7 6//7
f 6//8 10//8 7//8
f 10//8 11//8 7//8
f 7//9 11//9 8//9
f 11//9 12//9 8//9
f 9//10 13//10 10//10
f 13//11 14//11 10//11
f 10//12 14//12 11//12
f 14//13 15//13 11//13
f 11//14 15//14 12//14
f 15//15 16//15 12//15
f 17//16 21//16 18//16
f 21//17 22//17 18//17
f 18//18 22//18 19//18
f 22//19 23//19 19//19
f 19//20 23//20 20//20
f 23//21 24//21 20//21
f 21//22 25//22 22//22
f 25//22 26//22 22//22
f 22//23 26//23 23//23
f 26//23 27//23 23//23
f 23//24 27//24 24//24
f 27//24 28//24 24//24
f 25//25 29//25 26//25
f 29//26 30//26 26//26
f 26//27 30//27 27//27
f 30//28 31//28 27//28
f 27//29 31//29 28//29
f 31//30 32//30 28//30
f 33//31 40//31 34//31
f 40//32 41//32 34//32
f 34//33 41//33 35//33
f 41//34 42//34 35//34
f 35//35 42//35 36//35
f 42//36 43//36 36//36
f 36//37 43//37 37//37
f 43//38 44//38 37//38
f 37//39 44//39 38//39
f 44//40 45//40 38//40
f 38//41 45//41 39//41
f 45//42 46//42 39//42
f 40//43 47//43 41//43
f 47//44 48//44 41//44
f 41//45 48//45 42//45
f 48//46 49//46 42//46
f 42//47 49//47 43//47
f 49//48 50//48 43//48
f 43//49 50//49 44//49
f 50//50 51//50 44//50
f 44//51 51//51 45//51
f 51//52 52//52 45//52
f 45//53 52//53 46//53
f 52//54 53//54 46//54
f 47//55 54//55 48//55
f 54//56 55//56 48//56
f 48//57 55//57 49//57
f 55//58 56//58 49//58
f 49//59 56//59 50//59
f 56//60 57//60 50//60
f 50//61 57//61 51//61
f 57//62 58//62 51//62
f 51//63 58//63 52//63
f 58//64 59//64 52//64
f 52//65 59//65 53//65
f 59//66 60//66 53//66
f 61//67 68//67 62//67
f 68//68 69//68 62//68
f 62//69 69//69 63//69
f 69//70 70//70 63//70
f 63//71 70//71 64//71
f 70//72 71//72 64//72
f 64//73 71//73 65//73
f 71//74 72//74 65//74
f 65//75 72//75 66//75
f 72//76 73//76 66//76
f 66//77 73//77 67//77
f 73//78 74//78 67//78
f 68//79 75//79 69//79
f 75//80 76//80 69//80
f 69//81 76//81 70//81
f 76//82 77//82 70//82
f 70//83 77//83 71//83
f 77//84 78//84 71//84
f 71//85 78//85 72//85
f 78//86 79//86 72//86
f 72//87 79//87 73//87
f 79//88 80//88 73//88
f 73//89 80//89 74//89
f 80//90 81//90 74//90
f 75//91 82//91 76//91
f 82//92 83//92 76//92
f 76//93 83//93 77//93
f 83//94 84//94 77//94
f 77//95 84//95 78//95
f 84//96 85//96 78//96
f 78//97 85//97 79//97
f 85//98 86//98 79//98
f 79//99 86//99 80//99
f 86//100 87//100 80//100
f 80//101 87//101 81//101
f 87//102 88//102 81//102
f 89//103 96//103 90//103
f 96//103 97//103 90//103
f 90//103 97//103 91//103
f 97//103 98//103 91//103
f 91//103 98//103 92//103
f 98//103 99//103 92//103
f 92//103 99//103 93//103
f 99//103 100//103 93//103
f 93//103 100//103 94//103
f 100//103 101//103 94//103
f 94//103 101//103 95//103
f 101//103 102//103 95//103
f 96//103 103//103 97//103
f 103//103 104//103 97//103
f 97//103 104//103 98//103
f 104//103 105//103 98//103
f 98//103 105//103 99//103
f 105//103 106//103 99//103
f 99//103 106//103 100//103
f 106//103 107//103 100//103
f 100//103 107//103 101//103
f 107//103 108//103 101//103
f 101//103 108//103 102//103
f 108//103 109//103 102//103
f 103//103 110//103 104//103
f 110//103 111//103 104//103
f 104//103 111//103 105//103
f 111//103 112//103 105//103
f 105//103 112//103 106//103
f 112//103 113//103 106//103
f 106//103 113//103 107//103
f 113//103 114//103 107//103
f 107//103 114//103 108//103
f 114//103 115//103 108//103
f 108//103 115//103 109//103
f 115//103 116//103 109//103
f 117//104 124//104 118//104
f 124//104 125//104 118//104
f 118//104 125//104 119//104
f 125//104 126//104 119//104
f 119//104 126//104 120//104
f 126//104 127//104 120//104
f 120//104 127//104 121//104
f 127//104 128//104 121//104
f 121//104 128//104 122//104
f 128//104 129//104 122//104
f 122//104 129//104 123//104
f 129//104 130//104 123//104
f 124//104 131//104 125//104
f 131//104 132//104 125//104
f 125//104 132//104 126//104
f 132//104 133//104 126//104
f 126//104 133//104 127//104
f 133//104 134//104 127//104
f 127//104 134//104 128//104
f 134//104 135//104 128//104
f 128//104 135//104 129//104
f 135//104 136//104 129//104
f 129//104 136//104 130//104
f 136//104 137//104 130//104
f 131//104 138//104 132//104
f 138//104 139//104 132//104
f 132//104 139//104 133//104
f 139//104 140//104 133//104
f 133//104 140//104 134//104
f 140//104 141//104 134//104
f 134//104 141//104 135//104
f 141//104 142//104 135//104
f 135//104 142//104 136//104
f 142//104 143//104 136//104
f 136//104 143//104 137//104
f 143//104 144//104 137//104
o Schulterblatt
usemtl wool_5
f 145//105 152//105 146//105
f 152//106 153//106 146//106
f 146//107 153//107 147//107
f 153//108 154//108 147//108
f 147//109 154//109 148//109
f 154//110 155//110 148//110
f 148//111 155//111 149//111
f 155//112 156//112 149//112
f 149//113 156//113 150//113
f 156//114 157//114 150//114
f 150//115 157//115 151//115
f 157//116 158//116 151//116
f 152//117 159//117 153//117
f 159//118 160//118 153//118
f 153//119 160//119 154//119
f 160//120 161//120 154//120
f 154//121 161//121 155//121
f 161//122 162//122 155//122
f 155//123 162//123 156//123
f 162//124 163//124 156//124
f 156//125 163//125 157//125
f 163//126 164//126 157//126
f 157//127 164//127 158//127
f 164//128 165//128 158//128
f 159//129 166//129 160//129
f 166//130 167//130 160//130
f 160//131 167//131 161//131
f 167//132 168//132 161//132
f 161//133 168//133 162//133
f 168//134 169//134 162//134
f 162//135 169//135 163//135
f 169//136 170//136 163//136
f 163//137 170//137 164//137
f 170//138 171//138 164//138
f 164//139 171//139 165//139
f 171//140 172//140 165//140
f 166//141 173//141 167//141
f 173//142 174//142 167//142
f 167//143 174//143 168//143
f 174//144 175//144 168//144
f 168//145 175//145 169//145
f 175//146 176//146 169//146
f 169//147 176//147 170//147
f 176//148 177//148 170//148
f 170//149 177//149 171//149
f 177//150 178//150 171//150
f 171//151 178//151 172//151
f 178//152 179//152 172//152
f 173//153 180//153 174//153
f 180//154 181//154 174//154
f 174//155 181//155 175//155
f 181//156 182//156 175//156
f 175//157 182//157 176//157
f 182//158 183//158 176//158
f 176//159 183//159 177//159
f 183//160 184//160 177//160
f 177//161 184//161 178//161
f 184//162 185//162 178//162
f 178//163 185//163 179//163
f 185//164 186//164 179//164
f 180//165 187//165 181//165
f 187//166 188//166 181//166
f 181//167 188//167 182//167
f 188//168 189//168 182//168
f 182//169 189//169 183//169
f 189//170 190//170 183//170
f 183//171 190//171 184//171
f 190//172 191//172 184//172
f 184//173 191//173 185//173
f 191//174 192//174 185//174
f 185//175 192//175 186//175
f 192//176 193//176 186//176
f 194//177 201//177 195//177
f 201//178 202//178 195//178
f 195//179 202//179 196//179
f 202//180 203//180 196//180
f 196//181 203//181 197//181
f 203//182 204//182 197//182
f 197//183 204//183 198//183
f 204//184 205//184 198//184
f 198//185 205//185 199//185
f 205//186 206//186 199//186
f 199//187 206//187 200//187
f 206//188 207//188 200//188
f 201//189 208//189 202//189
f 208//190 209//190 202//190
f 202//191 209//191 203//191
f 209//192 210//192 203//192
f 203//193 210//193 204//193
f 210//194 211//194 204//194
f 204//195 211//195 205//195
f 211//196 212//196 205//196
f 205//197 212//197 206//197
f 212//198 213//198 206//198
f 206//199 213//199 207//199
f 213//200 214//200 207//200
f 208//201 215//201 209//201
f 215//202 216//202 209//202
f 209//203 216//203 210//203
f 216//204 217//204 210//204
f 210//205 217//205 211//205
f 217//206 218//206 211//206
f 211//207 218//207 212//207
f 218//208 219//208 212//208
f 212//209 219//209 213//209
f 219//210 220//210 213//210
f 213//211 220//211 214//211
f 220//212 221//212 214//212
f 215//213 222//213 216//213
f 222//214 223//214 216//214
f 216//215 223//215 217//215
f 223//216 224//216 217//216
f 217//217 224//217 218//217
f 224//218 225//218 218//218
f 218//219 225//219 219//219
f 225//220 226//220 219//220
f 219//221 226//221 220//221
f 226//222 227//222 220//222
f 220//223 227//223 221//223
f 227//224 228//224 221//224
f 222//225 229//225 223//225
f 229//226 230//226 223//226
f 223//227 230//227 224//227
f 230//228 231//228 224//228
f 224//229 231//229 225//229
f 231//230 232//230 225//230
f 225//231 232//231 226//231
f 232//232 233//232 226//232
f 226//233 233//233 227//233
f 233//234 234//234 227//234
f 227//235 234//235 228//235
f 234//236 235//236 228//236
f 229//237 236//237 230//237
f 236//238 237//238 230//238
f 230//239 237//239 231//239
f 237//240 238//240 231//240
f 231//241 238//241 232//241
f 238//242 239//242 232//242
f 232//243 239//243 233//243
f 239//244 240//244 233//244
f 233//245 240//245 234//245
f 240//246 241//246 234//246
f 234//247 241//247 235//247
f 241//248 242//248 235//248
f 243//249 250//249 244//249
f 250//250 251//250 244//250
f 244//251 251//251 245//251
f 251//252 252//252 245//252
f 245//253 252//253 246//253
f 252//254 253//254 246//254
f 246//255 253//255 247//255
f 253//256 254//256 247//256
f 247//257 254//257 248//257
f 254//258 255//258 248//258
f 248//259 255//259 249//259
f 255//260 256//260 249//260
f 250//261 257//261 251//261
f 257//262 258//262 251//262
f 251//263 258//263 252//263
f 258//264 259//264 252//264
f 252//265 259//265 253//265
f 259//266 260//266 253//266
f 253//267 260//267 254//267
f 260//268 261//268 254//268
f 254//269 261//269 255//269
f 261//270 262//270 255//270
f 255//271 262//271 256//271
f 262//272 263//272 256//272
f 257//273 264//273 258//273
f 264//274 265//274 258//274
f 258//275 265//275 259//275
f 265//276 266//276 259//276
f 259//277 266//277 260//277
f 266//278 267//278 260//278
f 260//279 267//279 261//279
f 267//280 268//280 261//280
f 261//281 268//281 262//281
f 268//282 269//282 262//282
f 262//283 269//283 263//283
f 269//284 270//284 263//284
f 264//285 271//285 265//285
f 271//286 272//286 265//286
f 265//287 272//287 266//287
f 272//288 273//288 266//288
f 266//289 273//289 267//289
f 273//290 274//290 267//290
f 267//291 274//291 268//291
f 274//292 275//292 268//292
f 268//293 275//293 269//293
f 275//294 276//294 269//294
f 269//295 276//295 270//295
f 276//296 277//296 270//296
f 271//297 278//297 272//297
f 278//298 279//298 272//298
f 272//299 279//299 273//299
f 279//300 280//300 273//300
f 273//301 280//301 274//301
f 280//302 281//302 274//302
f 274//303 281//303 275//303
f 281//304 282//304 275//304
f 275//305 282//305 276//305
f 282//306 283//306 276//306
f 276//307 283//307 277//307
f 283//308 284//308 277//308
f 278//309 285//309 279//309
f 285//310 286//310 279//310
f 279//311 286//311 280//311
f 286//312 287//312 280//312
f 280//313 287//313 281//313
f 287//314 288//314 281//314
f 281//315 288//315 282//315
f 288//316 289//316 282//316
f 282//317 289//317 283//317
f 289//318 290//318 283//318
f 283//319 290//319 284//319
f 290//320 291//320 284//320
f 292//321 299//321 293//321
f 299//322 300//322 293//322
f 293//323 300//323 294//323
f 300//324 301//324 294//324
f 294//325 301//325 295//325
f 301//326 302//326 295//326
f 295//327 302//327 296//327
f 302//328 303//328 296//328
f 296//329 303//329 297//329
f 303//330 304//330 297//330
f 297//331 304//331 298//331
f 304//332 305//332 298//332
f 299//333 306//333 300//333
f 306//334 307//334 300//334
f 300//335 307//335 301//335
f 307//336 308//336 301//336
f 301//337 308//337 302//337
f 308//338 309//338 302//338
f 302//339 309//339 303//339
f 309//340 310//340 303//340
f 303//341 310//341 304//341
f 310//342 311//342 304//342
f 304//343 311//343 305//343
f 311//344 312//344 305//344
f 306//345 313//345 307//345
f 313//346 314//346 307//346
f 307//347 314//347 308//347
f 314//348 315//348 308//348
f 308//349 315//349 309//349
f 315//350 316//350 309//350
f 309//351 316//351 310//351
f 316//352 317//352 310//352
f 310//353 317//353 311//353
f 317//354 318//354 311//354
f 311//355 318//355 312//355
f 318//356 319//356 312//356
f 313//357 320//357 314//357
f 320//358 321//358 314//358
f 314//359 321//359 315//359
f 321//360 322//360 315//360
f 315//361 322//361 316//361
f 322//362 323//362 316//362
f 316//363 323//363 317//363
f 323//364 324//364 317//364
f 317//365 324//365 318//365
f 324//366 325//366 318//366
f 318//367 325//367 319//367
f 325//368 326//368 319//368
f 320//369 327//369 321//369
f 327//370 328//370 321//370
f 321//371 328//371 322//371
f 328//372 329//372 322//372
f 322//373 329//373 323//373
f 329//374 330//374 323//374
f 323//375 330//375 324//375
f 330//376 331//376 324//376
f 324//377 331//377 325//377
f 331//378 332//378 325//378
f 325//379 332//379 326//379
f 332//380 333//380 326//380
f 327//381 334//381 328//381
f 334//382 335//382 328//382
f 328//383 335//383 329//383
f 335//384 336//384 329//384
f 329//385 336//385 330//385
f 336//386 337//386 330//386
f 330//387 337//387 331//387
f 337//388 338//388 331//388
f 331//389 338//389 332//389
f 338//390 339//390 332//390
f 332//391 339//391 333//391
f 339//392 340//392 333//392
f 341//103 348//103 342//103
f 348//103 349//103 342//103
f 342//103 349//103 343//103
f 349//103 350//103 343//103
f 343//103 350//103 344//103
f 350//103 351//103 344//103
f 344//103 351//103 345//103
f 351//103 352//103 345//103
f 345//103 352//103 346//103
f 352//103 353//103 346//103
f 346//103 353//103 347//103
f 353//103 354//103 347//103
f 348//103 355//103 349//103
f 355//103 356//103 349//103
f 349//103 356//103 350//103
f 356//103 357//103 350//103
f 350//103 357//103 351//103
f 357//103 358//103 351//103
f 351//103 358//103 352//103
f 358//103 359//103 352//103
f 352//103 359//103 353//103
f 359//103 360//103 353//103
f 353//103 360//103 354//103
f 360//103 361//103 354//103
f 355//103 362//103 356//103
f 362//103 363//103 356//103
f 356//103 363//103 357//103
f 363//103 364//103 357//103
f 357//103 364//103 358//103
f 364//103 365//103 358//103
f 358//103 365//103 359//103
f 365//103 366//103 359//103
f 359//103 366//103 360//103
f 366//103 367//103 360//103
f 360//103 367//103 361//103
f 367//103 368//103 361//103
f 362//103 369//103 363//103
f 369//103 370//103 363//103
f 363//103 370//103 364//103
f 370//103 371//103 364//103
f 364//103 371//103 365//103
f 371//103 372//103 365//103
f 365//103 372//103 366//103
f 372//103 373//103 366//103
f 366//103 373//103 367//103
f 373//103 374//103 367//103
f 367//103 374//103 368//103
f 374//103 375//103 368//103
f 369//103 376//103 370//103
f 376//103 377//103 370//103
f 370//103 377//103 371//103
f 377//103 378//103 371//103
f 371//103 378//103 372//103
f 378//103 379//103 372//103
f 372//103 379//103 373//103
f 379//103 380//103 373//103
f 373//103 380//103 374//103
f 380//103 381//103 374//103
f 374//103 381//103 375//103
f 381//103 382//103 375//103
f 376//103 383//103 377//103
f 383//103 384//103 377//103
f 377//103 384//103 378//103
f 384//103 385//103 378//103
f 378//103 385//103 379//103
f 385//103 386//103 379//103
f 379//103 386//103 380//103
f 386//103 387//103 380//103
f 380//103 387//103 381//103
f 387//103 388//103 381//103
f 381//103 388//103 382//103
f 388//103 389//103 382//103
f 390//104 397//104 391//104
f 397//104 398//104 391//104
f 391//104 398//104 392//104
f 398//104 399//104 392//104
f 392//104 399//104 393//104
f 399//104 400//104 393//104
f 393//104 400//104 394//104
f 400//104 401//104 394//104
f 394//104 401//104 395//104
f 401//104 402//104 395//104
f 395//104 402//104 396//104
f 402//104 403//104 396//104
f 397//104 404//104 398//104
f 404//104 405//104 398//104
f 398//104 405//104 399//104
f 405//104 406//104 399//104
f 399//104 406//104 400//104
f 406//104 407//104 400//104
f 400//104 407//104 401//104
f 407//104 408//104 401//104
f 401//104 408//104 402//104
f 408//104 409//104 402//104
f 402//104 409//104 403//104
f 409//104 410//104 403//104
f 404//104 411//104 405//104
f 411//104 412//104 405//104
f 405//104 412//104 406//104
f 412//104 413//104 406//104
f 406//104 413//104 407//104
f 413//104 414//104 407//104
f 407//104 414//104 408//104
f 414//104 415//104 408//104
f 408//104 415//104 409//104
f 415//104 416//104 409//104
f 409//104 416//104 410//104
f 416//104 417//104 410//104
f 411//104 418//104 412//104
f 418//104 419//104 412//104
f 412//104 419//104 413//104
f 419//104 420//104 413//104
f 413//104 420//104 414//104
f 420//104 421//104 414//104
f 414//104 421//104 415//104
f 421//104 422//104 415//104
f 415//104 422//104 416//104
f 422//104 423//104 416//104
f 416//104 423//104 417//104
f 423//104 424//104 417//104
f 418//104 425//104 419//104
f 425//104 426//104 419//104
f 419//104 426//104 420//104
f 426//104 427//104 420//104
f 420//104 427//104 421//104
f 427//104 428//104 421//104
f 421//104 428//104 422//104
f 428//104 429//104 422//104
f 422//104 429//104 423//104
f 429//104 430//104 423//104
f 423//104 430//104 424//104
f 430//104 431//104 424//104
f 425//104 432//104 426//104
f 432//104 433//104 426//104
f 426//104 433//104 427//104
f 433//104 434//104 427//104
f 427//104 434//104 428//104
f 434//104 435//104 428//104
f 428//104 435//104 429//104
f 435//104 436//104 429//104
f 429//104 436//104 430//104
f 436//104 437//104 430//104
f 430//104 437//104 431//104
f 437//104 438//104 431//104
o Hals
usemtl wool_5
f 439//393 442//393 440//393
f 442//394 443//394 440//394
f 440//395 443//395 441//395
f 443//396 444//396 441//396
f 442//397 445//397 443//397
f 445//398 446//398 443//398
f 443//399 446//399 444//399
f 446//400 447//400 444//400
f 445//401 448//401 446//401
f 448//402 449//402 446//402
f 446//403 449//403 447//403
f 449//404 450//404 447//404
f 448//405 451//405 449//405
f 451//406 452//406 449//406
f 449//407 452//407 450//407
f 452//408 453//408 450//408
f 451//409 454//409 452//409
f 454//410 455//410 452//410
f 452//411 455//411 453//411
f 455//412 456//412 453//412
f 454//413 457//413 455//413
f 457//414 458//414 455//414
f 455//415 458//415 456//415
f 458//416 459//416 456//416
f 460//417 463//417 461//417
f 463//418 464//418 461//418
f 461//419 464//419 462//419
f 464//420 465//420 462//420
f 463//421 466//421 464//421
f 466//422 467//422 464//422
f 464//423 467//423 465//423
f 467//424 468//424 465//424
f 466//425 469//425 467//425
f 469//426 470//426 467//426
f 467//427 470//427 468//427
f 470//428 471//428 468//428
f 469//429 472//429 470//429
f 472//430 473//430 470//430
f 470//431 473//431 471//431
f 473//432 474//432 471//432
f 472//433 475//433 473//433
f 475//434 476//434 473//434
f 473//435 476//435 474//435
f 476//436 477//436 474//436
f 475//437 478//437 476//437
f 478//438 479//438 476//438
f 476//439 479//439 477//439
f 479//440 480//440 477//440
f 481//441 488//441 482//441
f 488//442 489//442 482//442
f 482//443 489//443 483//443
f 489//444 490//444 483//444
f 483//445 490//445 484//445
f 490//446 491//446 484//446
f 484//447 491//447 485//447
f 491//448 492//448 485//448
f 485//449 492//449 486//449
f 492//450 493//450 486//450
f 486//451 493//451 487//451
f 493//452 494//452 487//452
f 488//453 495//453 489//453
f 495//454 496//454 489//454
f 489//455 496//455 490//455
f 496//456 497//456 490//456
f 490//457 497//457 491//457
f 497//458 498//458 491//458
f 491//459 498//459 492//459
f 498//460 499//460 492//460
f 492//461 499//461 493//461
f 499//462 500//462 493//462
f 493//463 500//463 494//463
f 500//464 501//464 494//464
f 502//465 509//465 503//465
f 509//466 510//466 503//466
f 503//467 510//467 504//467
f 510//468 511//468 504//468
f 504//469 511//469 505//469
f 511//470 512//470 505//470
f 505//471 512//471 506//471
f 512//472 513//472 506//472
f 506//473 513//473 507//473
f 513//474 514//474 507//474
f 507//475 514//475 508//475
f 514//476 515//476 508//476
f 509//477 516//477 510//477
f 516//478 517//478 510//478
f 510//479 517//479 511//479
f 517//480 518//480 511//480
f 511//481 518//481 512//481
f 518//482 519//482 512//482
f 512//483 519//483 513//483
f 519//484 520//484 513//484
f 513//485 520//485 514//485
f 520//486 521//486 514//486
f 514//487 521//487 515//487
f 521//488 522//488 515//488
f 523//489 530//489 524//489
f 530//489 531//489 524//489
f 524//489 531//489 525//489
f 531//489 532//489 525//489
f 525//489 532//489 526//489
f 532//489 533//489 526//489
f 526//489 533//489 527//489
f 533//489 534//489 527//489
f 527//489 534//489 528//489
f 534//489 535//489 528//489
f 528//489 535//489 529//489
f 535//489 536//489 529//489
f 530//489 537//489 531//489
f 537//489 538//489 531//489
f 531//489 538//489 532//489
f 538//489 539//489 532//489
f 532//489 539//489 533//489
f 539//489 540//489 533//489
f 533//489 540//489 534//489
f 540//489 541//489 534//489
f 534//489 541//489 535//489
f 541//489 542//489 535//489
f 535//489 542//489 536//489
f 542//489 543//489 536//489
f 537//489 544//489 538//489
f 544//489 545//489 538//489
f 538//489 545//489 539//489
f 545//489 546//489 539//489
f 539//489 546//489 540//489
f 546//489 547//489 540//489
f 540//489 547//489 541//489
f 547//489 548//489 541//489
f 541//489 548//489 542//489
f 548//489 549//489 542//489
f 542//489 549//489 543//489
f 549//489 550//489 543//489
f 544//489 551//489 545//489
f 551//489 552//489 545//489
f 545//489 552//489 546//489
f 552//489 553//489 546//489
f 546//489 553//489 547//489
f 553//489 554//489 547//489
f 547//489 554//489 548//489
f 554//489 555//489 548//489
f 548//489 555//489 549//489
f 555//489 556//489 549//489
f 549//489 556//489 550//489
f 556//489 557//489 550//489
f 551//489 558//489 552//489
f 558//489 559//489 552//489
f 552//489 559//489 553//489
f 559//489 560//489 553//489
f 553//489 560//489 554//489
f 560//489 561//489 554//489
f 554//489 561//489 555//489
f 561//489 562//489 555//489
f 555//489 562//489 556//489
f 562//489 563//489 556//489
f 556//489 563//489 557//489
f 563//489 564//489 557//489
f 558//489 565//489 559//489
f 565//489 566//489 559//489
f 559//489 566//489 560//489
f 566//489 567//489 560//489
f 560//489 567//489 561//489
f 567//489 568//489 561//489
f 561//489 568//489 562//489
f 568//489 569//489 562//489
f 562//489 569//489 563//489
f 569//489 570//489 563//489
f 563//489 570//489 564//489
f 570//489 571//489 564//489
f 572//490 579//490 573//490
f 579//490 580//490 573//490
f 573//490 580//490 574//490
f 580//490 581//490 574//490
f 574//490 581//490 575//490
f 581//490 582//490 575//490
f 575//490 582//490 576//490
f 582//490 583//490 576//490
f 576//490 583//490 577//490
f 583//490 584//490 577//490
f 577//490 584//490 578//490
f 584//490 585//490 578//490
f 579//490 586//490 580//490
f 586//490 587//490 580//490
f 580//490 587//490 581//490
f 587//490 588//490 581//490
f 581//490 588//490 582//490
f 588//490 589//490 582//490
f 582//490 589//490 583//490
f 589//490 590//490 583//490
f 583//490 590//490 584//490
f 590//490 591//490 584//490
f 584//490 591//490 585//490
f 591//490 592//490 585//490
f 586//490 593//490 587//490
f 593//490 594//490 587//490
f 587//490 594//490 588//490
f 594//490 595//490 588//490
f 588//490 595//490 589//490
f 595//490 596//490 589//490
f 589//490 596//490 590//490
f 596//490 597//490 590//490
f 590//490 597//490 591//490
f 597//490 598//490 591//490
f 591//490 598//490 592//490
f 598//490 599//490 592//490
f 593//490 600//490 594//490
f 600//490 601//490 594//490
f 594//490 601//490 595//490
f 601//490 602//490 595//490
f 595//490 602//490 596//490
f 602//490 603//490 596//490
f 596//490 603//490 597//490
f 603//490 604//490 597//490
f 597//490 604//490 598//490
f 604//490 605//490 598//490
f 598//490 605//490 599//490
f 605//490 606//490 599//490
f 600//490 607//490 601//490
f 607//490 608//490 601//490
f 601//490 608//490 602//490
f 608//490 609//490 602//490
f 602//490 609//490 603//490
f 609//490 610//490 603//490
f 603//490 610//490 604//490
f 610//490 611//490 604//490
f 604//490 611//490 605//490
f 611//490 612//490 605//490
f 605//490 612//490 606//490
f 612//490 613//490 606//490
f 607//490 614//490 608//490
f 614//490 615//490 608//490
f 608//490 615//490 609//490
f 615//490 616//490 609//490
f 609//490 616//490 610//490
f 616//490 617//490 610//490
f 610//490 617//490 611//490
f 617//490 618//490 611//490
f 611//490 618//490 612//490
f 618//490 619//490 612//490
f 612//490 619//490 613//490
f 619//490 620//490 613//490
o Kopf
usemtl wool_5
f 621//491 628//491 622//491
f 628//492 629//492 622//492
f 622//493 629//493 623//493
f 629//494 630//494 623//494
f 623//495 630//495 624//495
f 630//496 631//496 624//496
f 624//497 631//497 625//497
f 631//498 632//498 625//498
f 625//499 632//499 626//499
f 632//500 633//500 626//500
f 626//501 633//501 627//501
f 633//502 634//502 627//502
f 628//503 635//503 629//503
f 635//504 636//504 629//504
f 629//505 636//505 630//505
f 636//506 637//506 630//506
f 630//507 637//507 631//507
f 637//508 638//508 631//508
f 631//509 638//509 632//509
f 638//510 639//510 632//510
f 632//511 639//511 633//511
f 639//512 640//512 633//512
f 633//513 640//513 634//513
f 640//514 641//514 634//514
f 635//515 642//515 636//515
f 642//516 643//516 636//516
f 636//517 643//517 637//517
f 643//518 644//518 637//518
f 637//519 644//519 638//519
f 644//520 645//520 638//520
f 638//521 645//521 639//521
f 645//522 646//522 639//522
f 639//523 646//523 640//523
f 646//524 647//524 640//524
f 640//525 647//525 641//525
f 647//526 648//526 641//526
f 642//527 649//527 643//527
f 649//528 650//528 643//528
f 643//529 650//529 644//529
f 650//530 651//530 644//530
f 644//531 651//531 645//531
f 651//532 652//532 645//532
f 645//533 652//533 646//533
f 652//534 653//534 646//534
f 646//535 653//535 647//535
f 653//536 654//536 647//536
f 647//537 654//537 648//537
f 654//538 655//538 648//538
f 649//539 656//539 650//539
f 656//540 657//540 650//540
f 650//541 657//541 651//541
f 657//542 658//542 651//542
f 651//543 658//543 652//543
f 658//544 659//544 652//544
f 652//545 659//545 653//545
f 659//546 660//546 653//546
f 653//547 660//547 654//547
f 660//548 661//548 654//548
f 654//549 661//549 655//549
f 661//550 662//550 655//550
f 656//551 663//551 657//551
f 663//552 664//552 657//552
f 657//553 664//553 658//553
f 664//554 665//554 658//554
f 658//555 665//555 659//555
f 665//556 666//556 659//556
f 659//557 666//557 660//557
f 666//558 667//558 660//558
f 660//559 667//559 661//559
f 667//560 668//560 661//560
f 661//561 668//561 662//561
f 668//562 669//562 662//562
f 670//563 677//563 671//563
f 677//564 678//564 671//564
f 671//565 678//565 672//565
f 678//566 679//566 672//566
f 672//567 679//567 673//567
f 679//568 680//568 673//568
f 673//569 680//569 674//569
f 680//570 681//570 674//570
f 674//571 681//571 675//571
f 681//572 682//572 675//572
f 675//573 682//573 676//573
f 682//574 683//574 676//574
f 677//575 684//575 678//575
f 684//576 685//576 678//576
f 678//577 685//577 679//577
f 685//578 686//578 679//578
f 679//579 686//579 680//579
f 686//580 687//580 680//580
f 680//581 687//581 681//581
f 687//582 688//582 681//582
f 681//583 688//583 682//583
f 688//584 689//584 682//584
f 682//585 689//585 683//585
f 689//586 690//586 683//586
f 684//587 691//587 685//587
f 691//588 692//588 685//588
f 685//589 692//589 686//589
f 692//590 693//590 686//590
f 686//591 693//591 687//591
f 693//592 694//592 687//592
f 687//593 694//593 688//593
f 694//594 695//594 688//594
f 688//595 695//595 689//595
f 695//596 696//596 689//596
f 689//597 696//597 690//597
f 696//598 697//598 690//598
f 691//599 698//599 692//599
f 698//600 699//600 692//600
f 692//601 699//601 693//601
f 699//602 700//602 693//602
f 693//603 700//603 694//603
f 700//604 701//604 694//604
f 694//605 701//605 695//605
f 701//606 702//606 695//606
f 695//607 702//607 696//607
f 702//608 703//608 696//608
f 696//609 703//609 697//609
f 703//610 704//610 697//610
f 698//611 705//611 699//611
f 705//612 706//612 699//612
f 699//613 706//613 700//613
f 706//614 707//614 700//614
f 700//615 707//615 701//615
f 707//616 708//616 701//616
f 701//617 708//617 702//617
f 708//618 709//618 702//618
f 702//619 709//619 703//619
f 709//620 710//620 703//620
f 703//621 710//621 704//621
f 710//622 711//622 704//622
f 705//623 712//623 706//623
f 712//624 713//624 706//624
f 706//625 713//625 707//625
f 713//626 714//626 707//626
f 707//627 714//627 708//627
f 714//628 715//628 708//628
f 708//629 715//629 709//629
f 715//630 716//630 709//630
f 709//631 716//631 710//631
f 716//632 717//632 710//632
f 710//633 717//633 711//633
f 717//634 718//634 711//634
f 719//635 726//635 720//635
f 726//636 727//636 720//636
f 720//637 727//637 721//637
f 727//638 728//638 721//638
f 721//639 728//639 722//639
f 728//640 729//640 722//640
f 722//641 729//641 723//641
f 729//642 730//642 723//642
f 723//643 730//643 724//643
f 730//644 731//644 724//644
f 724//645 731//645 725//645
f 731//646 732//646 725//646
f 726//647 733//647 727//647
f 733//648 734//648 727//648
f 727//649 734//649 728//649
f 734//650 735//650 728//650
f 728//651 735//651 729//651
f 735//652 736//652 729//652
f 729//653 736//653 730//653
f 736//654 737//654 730//654
f 730//655 737//655 731//655
f 737//656 738//656 731//656
f 731//657 738//657 732//657
f 738//658 739//658 732//658
f 733//659 740//659 734//659
f 740//660 741//660 734//660
f 734//661 741//661 735//661
f 741//662 742//662 735//662
f 735//663 742//663 736//663
f 742//664 743//664 736//664
f 736//665 743//665 737//665
f 743//666 744//666 737//666
f 737//667 744//667 738//667
f 744//668 745//668 738//668
f 738//669 745//669 739//669
f 745//670 746//670 739//670
f 740//671 747//671 741//671
f 747//672 748//672 741//672
f 741//673 748//673 742//673
f 748//674 749//674 742//674
f 742//675 749//675 743//675
f 749//676 750//676 743//676
f 743//677 750//677 744//677
f 750//678 751//678 744//678
f 744//679 751//679 745//679
f 751//680 752//680 745//680
f 745//681 752//681 746//681
f 752//682 753//682 746//682
f 747//683 754//683 748//683
f 754//684 755//684 748//684
f 748//685 755//685 749//685
f 755//686 756//686 749//686
f 749//687 756//687 750//687
f 756//688 757//688 750//688
f 750//689 757//689 751//689
f 757//690 758//690 751//690
f 751//691 758//691 752//691
f 758//692 759//692 752//692
f 752//693 759//693 753//693
f 759//694 760//694 753//694
f 754//695 761//695 755//695
f 761//696 762//696 755//696
f 755//697 762//697 756//697
f 762//698 763//698 756//698
f 756//699 763//699 757//699
f 763//700 764//700 757//700
f 757//701 764//701 758//701
f 764//702 765//702 758//702
f 758//703 765//703 759//703
f 765//704 766//704 759//704
f 759//705 766//705 760//705
f 766//706 767//706 760//706
f 768//707 775//707 769//707
f 775//708 776//708 769//708
f 769//709 776//709 770//709
f 776//710 777//710 770//710
f 770//711 777//711 771//711
f 777//712 778//712 771//712
f 771//713 778//713 772//713
f 778//714 779//714 772//714
f 772//715 779//715 773//715
f 779//716 780//716 773//716
f 773//717 780//717 774//717
f 780//718 781//718 774//718
f 775//719 782//719 776//719
f 782//720 783//720 776//720
f 776//721 783//721 777//721
f 783//722 784//722 777//722
f 777//723 784//723 778//723
f 784//724 785//724 778//724
f 778//725 785//725 779//725
f 785//726 786//726 779//726
f 779//727 786//727 780//727
f 786//728 787//728 780//728
f 780//729 787//729 781//729
f 787//730 788//730 781//730
f 782//731 789//731 783//731
f 789//732 790//732 783//732
f 783//733 790//733 784//733
f 790//734 791//734 784//734
f 784//735 791//735 785//735
f 791//736 792//736 785//736
f 785//737 792//737 786//737
f 792//738 793//738 786//738
f 786//739 793//739 787//739
f 793//740 794//740 787//740
f 787//741 794//741 788//741
f 794//742 795//742 788//742
f 789//743 796//743 790//743
f 796//744 797//744 790//744
f 790//745 797//745 791//745
f 797//746 798//746 791//746
f 791//747 798//747 792//747
f 798//748 799//748 792//748
f 792//749 799//749 793//749
f 799//750 800//750 793//750
f 793//751 800//751 794//751
f 800//752 801//752 794//752
f 794//753 801//753 795//753
f 801//754 802//754 795//754
f 796//755 803//755 797//755
f 803//756 804//756 797//756
f 797//757 804//757 798//757
f 804//758 805//758 798//758
f 798//759 805//759 799//759
f 805//760 806//760 799//760
f 799//761 806//761 800//761
f 806//762 807//762 800//762
f 800//763 807//763 801//763
f 807//764 808//764 801//764
f 801//765 808//765 802//765
f 808//766 809//766 802//766
f 803//767 810//767 804//767
f 810//768 811//768 804//768
f 804//769 811//769 805//769
f 811//770 812//770 805//770
f 805//771 812//771 806//771
f 812//772 813//772 806//772
f 806//773 813//773 807//773
f 813//774 814//774 807//774
f 807//775 814//775 808//775
f 814//776 815//776 808//776
f 808//777 815//777 809//777
f 815//778 816//778 809//778
f 817//779 824//779 818//779
f 824//779 825//779 818//779
f 818//779 825//779 819//779
f 825//779 826//779 819//779
f 819//779 826//779 820//779
f 826//779 827//779 820//779
f 820//779 827//779 821//779
f 827//779 828//779 821//779
f 821//779 828//779 822//779
f 828//779 829//779 822//779
f 822//779 829//779 823//779
f 829//779 830//779 823//779
f 824//779 831//779 825//779
f 831//779 832//779 825//779
f 825//779 832//779 826//779
f 832//779 833//779 826//779
f 826//779 833//779 827//779
f 833//779 834//779 827//779
f 827//779 834//779 828//779
f 834//779 835//779 828//779
f 828//779 835//779 829//779
f 835//779 836//779 829//779
f 829//779 836//779 830//779
f 836//779 837//779 830//779
f 831//779 838//779 832//779
f 838//779 839//779 832//779
f 832//779 839//779 833//779
f 839//779 840//779 833//779
f 833//779 840//779 834//779
f 840//779 841//779 834//779
f 834//779 841//779 835//779
f 841//779 842//779 835//779
f 835//779 842//779 836//779
f 842//779 843//779 836//779
f 836//779 843//779 837//779
f 843//779 844//779 837//779
f 838//779 845//779 839//779
f 845//779 846//779 839//779
f 839//779 846//779 840//779
f 846//779 847//779 840//779
f 840//779 847//779 841//779
f 847//779 848//779 841//779
f 841//779 848//779 842//779
f 848//779 849//779 842//779
f 842//779 849//779 843//779
f 849//779 850//779 843//779
f 843//779 850//779 844//779
f 850//779 851//779 844//779
f 845//779 852//779 846//779
f 852//779 853//779 846//779
f 846//779 853//779 847//779
f 853//779 854//779 847//779
f 847//779 854//779 848//779
f 854//779 855//779 848//779
f 848//779 855//779 849//779
f 855//779 856//779 849//779
f 849//779 856//779 850//779
f 856//779 857//779 850//779
f 850//779 857//779 851//779
f 857//779 858//779 851//779
f 852//779 859//779 853//779
f 859//779 860//779 853//779
f 853//779 860//779 854//779
f 860//779 861//779 854//779
f 854//779 861//779 855//779
f 861//779 862//779 855//779
f 855//779 862//779 856//779
f 862//779 863//779 856//779
f 856//779 863//779 857//779
f 863//779 864//779 857//779
f 857//779 864//779 858//779
f 864//779 865//779 858//779
f 866//780 873//780 867//780
f 873//780 874//780 867//780
f 867//780 874//780 868//780
f 874//780 875//780 868//780
f 868//780 875//780 869//780
f 875//780 876//780 869//780
f 869//780 876//780 870//780
f 876//780 877//780 870//780
f 870//780 877//780 871//780
f 877//780 878//780 871//780
f 871//780 878//780 872//780
f 878//780 879//780 872//780
f 873//780 880//780 874//780
f 880//780 881//780 874//780
f 874//780 881//780 875//780
f 881//780 882//780 875//780
f 875//780 882//780 876//780
f 882//780 883//780 876//780
f 876//780 883//780 877//780
f 883//780 884//780 877//780
f 877//780 884//780 878//780
f 884//780 885//780 878//780
f 878//780 885//780 879//780
f 885//780 886//780 879//780
f 880//780 887//780 881//780
f 887//780 888//780 881//780
f 881//780 888//780 882//780
f 888//780 889//780 882//780
f 882//780 889//780 883//780
f 889//780 890//780 883//780
f 883//780 890//780 884//780
f 890//780 891//780 884//780
f 884//780 891//780 885//780
f 891//780 892//780 885//780
f 885//780 892//780 886//780
f 892//780 893//780 886//780
f 887//780 894//780 888//780
f 894//780 895//780 888//780
f 888//780 895//780 889//780
f 895//780 896//780 889//780
f 889//780 896//780 890//780
f 896//780 897//780 890//780
f 890//780 897//780 891//780
f 897//780 898//780 891//780
f 891//780 898//780 892//780
f 898//780 899//780 892//780
f 892//780 899//780 893//780
f 899//780 900//780 893//780
f 894//780 901//780 895//780
f 901//780 902//780 895//780
f 895//780 902//780 896//780
f 902//780 903//780 896//780
f 896//780 903//780 897//780
f 903//780 904//780 897//780
f 897//780 904//780 898//780
f 904//780 905//780 898//780
f 898//780 905//780 899//780
f 905//780 906//780 899//780
f 899//780 906//780 900//780
f 906//780 907//780 900//780
f 901//780 908//780 902//780
f 908//780 909//780 902//780
f 902//780 909//780 903//780
f 909//780 910//780 903//780
f 903//780 910//780 904//780
f 910//780 911//780 904//780
f 904//780 911//780 905//780
f 911//780 912//780 905//780
f 905//780 912//780 906//780
f 912//780 913//780 906//780
f 906//780 913//780 907//780
f 913//780 914//780 907//780
o Unterkiefer
usemtl wool_5
f 915//781 922//781 916//781
f 922//782 923//782 916//782
f 916//783 923//783 917//783
f 923//784 924//784 917//784
f 917//785 924//785 918//785
f 924//786 925//786 918//786
f 918//787 925//787 919//787
f 925//788 926//788 919//788
f 919//789 926//789 920//789
f 926//790 927//790 920//790
f 920//791 927//791 921//791
f 927//792 928//792 921//792
f 922//793 929//793 923//793
f 929//794 930//794 923//794
f 923//795 930//795 924//795
f 930//796 931//796 924//796
f 924//797 931//797 925//797
f 931//798 932//798 925//798
f 925//799 932//799 926//799
f 932//800 933//800 926//800
f 926//801 933//801 927//801
f 933//802 934//802 927//802
f 927//803 934//803 928//803
f 934//804 935//804 928//804
f 929//805 936//805 930//805
f 936//806 937//806 930//806
f 930//807 937//807 931//807
f 937//808 938//808 931//808
f 931//809 938//809 932//809
f 938//810 939//810 932//810
f 932//811 939//811 933//811
f 939//812 940//812 933//812
f 933//813 940//813 934//813
f 940//814 941//814 934//814
f 934//815 941//815 935//815
f 941//816 942//816 935//816
f 936//817 943//817 937//817
f 943//818 944//818 937//818
f 937//819 944//819 938//819
f 944//820 945//820 938//820
f 938//821 945//821 939//821
f 945//822 946//822 939//822
f 939//823 946//823 940//823
f 946//824 947//824 940//824
f 940//825 947//825 941//825
f 947//826 948//826 941//826
f 941//827 948//827 942//827
f 948//828 949//828 942//828
f 943//829 950//829 944//829
f 950//830 951//830 944//830
f 944//831 951//831 945//831
f 951//832 952//832 945//832
f 945//833 952//833 946//833
f 952//834 953//834 946//834
f 946//835 953//835 947//835
f 953//836 954//836 947//836
f 947//837 954//837 948//837
f 954//838 955//838 948//838
f 948//839 955//839 949//839
f 955//840 956//840 949//840
f 950//841 957//841 951//841
f 957//842 958//842 951//842
f 951//843 958//843 952//843
f 958//844 959//844 952//844
f 952//845 959//845 953//845
f 959//846 960//846 953//846
f 953//847 960//847 954//847
f 960//848 961//848 954//848
f 954//849 961//849 955//849
f 961//850 962//850 955//850
f 955//851 962//851 956//851
f 962//852 963//852 956//852
f 964//853 971//853 965//853
f 971//854 972//854 965//854
f 965//855 972//855 966//855
f 972//856 973//856 966//856
f 966//857 973//857 967//857
f 973//858 974//858 967//858
f 967//859 974//859 968//859
f 974//860 975//860 968//860
f 968//861 975//861 969//861
f 975//862 976//862 969//862
f 969//863 976//863 970//863
f 976//864 977//864 970//864
f 971//865 978//865 972//865
f 978//866 979//866 972//866
f 972//867 979//867 973//867
f 979//868 980//868 973//868
f 973//869 980//869 974//869
f 980//870 981//870 974//870
f 974//871 981//871 975//871
f 981//872 982//872 975//872
f 975//873 982//873 976//873
f 982//874 983//874 976//874
f 976//875 983//875 977//875
f 983//876 984//876 977//876
f 978//877 985//877 979//877
f 985//878 986//878 979//878
f 979//879 986//879 980//879
f 986//880 987//880 980//880
f 980//881 987//881 981//881
f 987//882 988//882 981//882
f 981//883 988//883 982//883
f 988//884 989//884 982//884
f 982//885 989//885 983//885
f 989//886 990//886 983//886
f 983//887 990//887 984//887
f 990//888 991//888 984//888
f 985//889 992//889 986//889
f 992//890 993//890 986//890
f 986//891 993//891 987//891
f 993//892 994//892 987//892
f 987//893 994//893 988//893
f 994//894 995//894 988//894
f 988//895 995//895 989//895
f 995//896 996//896 989//896
f 989//897 996//897 990//897
f 996//898 997//898 990//898
f 990//899 997//899 991//899
f 997//900 998//900 991//900
f 992//901 999//901 993//901
f 999//902 1000//902 993//902
f 993//903 1000//903 994//903
f 1000//904 1001//904 994//904
f 994//905 1001//905 995//905
f 1001//906 1002//906 995//906
f 995//907 1002//907 996//907
f 1002//908 1003//908 996//908
f 996//909 1003//909 997//909
f 1003//910 1004//910 997//910
f 997//911 1004//911 998//911
f 1004//912 1005//912 998//912
f 999//913 1006//913 1000//913
f 1006//914 1007//914 1000//914
f 1000//915 1007//915 1001//915
f 1007//916 1008//916 1001//916
f 1001//917 1008//917 1002//917
f 1008//918 1009//918 1002//918
f 1002//919 1009//919 1003//919
f 1009//920 1010//920 1003//920
f 1003//921 1010//921 1004//921
f 1010//922 1011//922 1004//922
f 1004//923 1011//923 1005//923
f 1011//924 1012//924 1005//924
f 1013//925 1020//925 1014//925
f 1020//926 1021//926 1014//926
f 1014//927 1021//927 1015//927
f 1021//928 1022//928 1015//928
f 1015//929 1022//929 1016//929
f 1022//930 1023//930 1016//930
f 1016//931 1023//931 1017//931
f 1023//932 1024//932 1017//932
f 1017//933 1024//933 1018//933
f 1024//934 1025//934 1018//934
f 1018//935 1025//935 1019//935
f 1025//936 1026//936 1019//936
f 1020//937 1027//937 1021//937
f 1027//938 1028//938 1021//938
f 1021//939 1028//939 1022//939
f 1028//940 1029//940 1022//940
f 1022//941 1029//941 1023//941
f 1029//942 1030//942 1023//942
f 1023//943 1030//943 1024//943
f 1030//944 1031//944 1024//944
f 1024//945 1031//945 1025//945
f 1031//946 1032//946 1025//946
f 1025//947 1032//947 1026//947
f 1032//948 1033//948 1026//948
f 1027//949 1034//949 1028//949
f 1034//950 1035//950 1028//950
f 1028//951 1035//951 1029//951
f 1035//952 1036//952 1029//952
f 1029//953 1036//953 1030//953
f 1036//954 1037//954 1030//954
f 1030//955 1037//955 1031//955
f 1037//956 1038//956 1031//956
f 1031//957 1038//957 1032//957
f 1038//958 1039//958 1032//958
f 1032//959 1039//959 1033//959
f 1039//960 1040//960 1033//960
f 1034//961 1041//961 1035//961
f 1041//962 1042//962 1035//962
f 1035//963 1042//963 1036//963
f 1042//964 1043//964 1036//964
f 1036//965 1043//965 1037//965
f 1043//966 1044//966 1037//966
f 1037//967 1044//967 1038//967
f 1044//968 1045//968 1038//968
f 1038//969 1045//969 1039//969
f 1045//970 1046//970 1039//970
f 1039//971 1046//971 1040//971
f 1046//972 1047//972 1040//972
f 1041//973 1048//973 1042//973
f 1048//974 1049//974 1042//974
f 1042//975 1049//975 1043//975
f 1049//976 1050//976 1043//976
f 1043//977 1050//977 1044//977
f 1050//978 1051//978 1044//978
f 1044//979 1051//979 1045//979
f 1051//980 1052//980 1045//980
f 1045//981 1052//981 1046//981
f 1052//982 1053//982 1046//982
f 1046//983 1053//983 1047//983
f 1053//984 1054//984 1047//984
f 1048//985 1055//985 1049//985
f 1055//986 1056//986 1049//986
f 1049//987 1056//987 1050//987
f 1056//988 1057//988 1050//988
f 1050//989 1057//989 1051//989
f 1057//990 1058//990 1051//990
f 1051//991 1058//991 1052//991
f 1058//992 1059//992 1052//992
f 1052//993 1059//993 1053//993
f 1059//994 1060//994 1053//994
f 1053//995 1060//995 1054//995
f 1060//996 1061//996 1054//996
f 1062//997 1069//997 1063//997
f 1069//998 1070//998 1063//998
f 1063//999 1070//999 1064//999
f 1070//1000 1071//1000 1064//1000
f 1064//1001 1071//1001 1065//1001
f 1071//1002 1072//1002 1065//1002
f 1065//1003 1072//1003 1066//1003
f 1072//1004 1073//1004 1066//1004
f 1066//1005 1073//1005 1067//1005
f 1073//1006 1074//1006 1067//1006
f 1067//1007 1074//1007 1068//1007
f 1074//1008 1075//1008 1068//1008
f 1069//1009 1076//1009 1070//1009
f 1076//1010 1077//1010 1070//1010
f 1070//1011 1077//1011 1071//1011
f 1077//1012 1078//1012 1071//1012
f 1071//1013 1078//1013 1072//1013
f 1078//1014 1079//1014 1072//1014
f 1072//1015 1079//1015 1073//1015
f 1079//1016 1080//1016 1073//1016
f 1073//1017 1080//1017 1074//1017
f 1080//1018 1081//1018 1074//1018
f 1074//1019 1081//1019 1075//1019
f 1081//1020 1082//1020 1075//1020
f 1076//1021 1083//1021 1077//1021
f 1083//1022 1084//1022 1077//1022
f 1077//1023 1084//1023 1078//1023
f 1084//1024 1085//1024 1078//1024
f 1078//1025 1085//1025 1079//1025
f 1085//1026 1086//1026 1079//1026
f 1079//1027 1086//1027 1080//1027
f 1086//1028 1087//1028 1080//1028
f 1080//1029 1087//1029 1081//1029
f 1087//1030 1088//1030 1081//1030
f 1081//1031 1088//1031 1082//1031
f 1088//1032 1089//1032 1082//1032
f 1083//1033 1090//1033 1084//1033
f 1090//1034 1091//1034 1084//1034
f 1084//1035 1091//1035 1085//1035
f 1091//1036 1092//1036 1085//1036
f 1085//1037 1092//1037 1086//1037
f 1092//1038 1093//1038 1086//1038
f 1086//1039 1093//1039 1087//1039
f 1093//1040 1094//1040 1087//1040
f 1087//1041 1094//1041 1088//1041
f 1094//1042 1095//1042 1088//1042
f 1088//1043 1095//1043 1089//1043
f 1095//1044 1096//1044 1089//1044
f 1090//1045 1097//1045 1091//1045
f 1097//1046 1098//1046 1091//1046
f 1091//1047 1098//1047 1092//1047
f 1098//1048 1099//1048 1092//1048
f 1092//1049 1099//1049 1093//1049
f 1099//1050 1100//1050 1093//1050
f 1093//1051 1100//1051 1094//1051
f 1100//1052 1101//1052 1094//1052
f 1094//1053 1101//1053 1095//1053
f 1101//1054 1102//1054 1095//1054
f 1095//1055 1102//1055 1096//1055
f 1102//1056 1103//1056 1096//1056
f 1097//1057 1104//1057 1098//1057
f 1104//1058 1105//1058 1098//1058
f 1098//1059 1105//1059 1099//1059
f 1105//1060 1106//1060 1099//1060
f 1099//1061 1106//1061 1100//1061
f 1106//1062 1107//1062 1100//1062
f 1100//1063 1107//1063 1101//1063
f 1107//1064 1108//1064 1101//1064
f 1101//1065 1108//1065 1102//1065
f 1108//1066 1109//1066 1102//1066
f 1102//1067 1109//1067 1103//1067
f 1109//1068 1110//1068 1103//1068
f 1111//779 1118//779 1112//779
f 1118//779 1119//779 1112//779
f 1112//779 1119//779 1113//779
f 1119//779 1120//779 1113//779
f 1113//779 1120//779 1114//779
f 1120//779 1121//779 1114//779
f 1114//779 1121//779 1115//779
f 1121//779 1122//779 1115//779
f 1115//779 1122//779 1116//779
f 1122//779 1123//779 1116//779
f 1116//779 1123//779 1117//779
f 1123//779 1124//779 1117//779
f 1118//779 1125//779 1119//779
f 1125//779 1126//779 1119//779
f 1119//779 1126//779 1120//779
f 1126//779 1127//779 1120//779
f 1120//779 1127//779 1121//779
f 1127//779 1128//779 1121//779
f 1121//779 1128//779 1122//779
f 1128//779 1129//779 1122//779
f 1122//779 1129//779 1123//779
f 1129//779 1130//779 1123//779
f 1123//779 1130//779 1124//779
f 1130//779 1131//779 1124//779
f 1125//779 1132//779 1126//779
f 1132//779 1133//779 1126//779
f 1126//779 1133//779 1127//779
f 1133//779 1134//779 1127//779
f 1127//779 1134//779 1128//779
f 1134//779 1135//779 1128//779
f 1128//779 1135//779 1129//779
f 1135//779 1136//779 1129//779
f 1129//779 1136//779 1130//779
f 1136//779 1137//779 1130//779
f 1130//779 1137//779 1131//779
f 1137//779 1138//779 1131//779
f 1132//779 1139//779 1133//779
f 1139//779 1140//779 1133//779
f 1133//779 1140//779 1134//779
f 1140//779 1141//779 1134//779
f 1134//779 1141//779 1135//779
f 1141//779 1142//779 1135//779
f 1135//779 1142//779 1136//779
f 1142//779 1143//779 1136//779
f 1136//779 1143//779 1137//779
f 1143//779 1144//779 1137//779
f 1137//779 1144//779 1138//779
f 1144//779 1145//779 1138//779
f 1139//779 1146//779 1140//779
f 1146//779 1147//779 1140//779
f 1140//779 1147//779 1141//779
f 1147//779 1148//779 1141//779
f 1141//779 1148//779 1142//779
f 1148//779 1149//779 1142//779
f 1142//779 1149//779 1143//779
f 1149//779 1150//779 1143//779
f 1143//779 1150//779 1144//779
f 1150//779 1151//779 1144//779
f 1144//779 1151//779 1145//779
f 1151//779 1152//779 1145//779
f 1146//779 1153//779 1147//779
f 1153//779 1154//779 1147//779
f 1147//779 1154//779 1148//779
f 1154//779 1155//779 1148//779
f 1148//779 1155//779 1149//779
f 1155//779 1156//779 1149//779
f 1149//779 1156//779 1150//779
f 1156//779 1157//779 1150//779
f 1150//779 1157//779 1151//779
f 1157//779 1158//779 1151//779
f 1151//779 1158//779 1152//779
f 1158//779 1159//779 1152//779
f 1160//780 1167//780 1161//780
f 1167//780 1168//780 1161//780
f 1161//780 1168//780 1162//780
f 1168//780 1169//780 1162//780
f 1162//780 1169//780 1163//780
f 1169//780 1170//780 1163//780
f 1163//780 1170//780 1164//780
f 1170//780 1171//780 1164//780
f 1164//780 1171//780 1165//780
f 1171//780 1172//780 1165//780
f 1165//780 1172//780 1166//780
f 1172//780 1173//780 1166//780
f 1167//780 1174//780 1168//780
f 1174//780 1175//780 1168//780
f 1168//780 1175//780 1169//780
f 1175//780 1176//780 1169//780
f 1169//780 1176//780 1170//780
f 1176//780 1177//780 1170//780
f 1170//780 1177//780 1171//780
f 1177//780 1178//780 1171//780
f 1171//780 1178//780 1172//780
f 1178//780 1179//780 1172//780
f 1172//780 1179//780 1173//780
f 1179//780 1180//780 1173//780
f 1174//780 1181//780 1175//780
f 1181//780 1182//780 1175//780
f 1175//780 1182//780 1176//780
f 1182//780 1183//780 1176//780
f 1176//780 1183//780 1177//780
f 1183//780 1184//780 1177//780
f 1177//780 1184//780 1178//780
f 1184//780 1185//780 1178//780
f 1178//780 1185//780 1179//780
f 1185//780 1186//780 1179//780
f 1179//780 1186//780 1180//780
f 1186//780 1187//780 1180//780
f 1181//780 1188//780 1182//780
f 1188//780 1189//780 1182//780
f 1182//780 1189//780 1183//780
f 1189//780 1190//780 1183//780
f 1183//780 1190//780 1184//780
f 1190//780 1191//780 1184//780
f 1184//780 1191//780 1185//780
f 1191//780 1192//780 1185//780
f 1185//780 1192//780 1186//780
f 1192//780 1193//780 1186//780
f 1186//780 1193//780 1187//780
f 1193//780 1194//780 1187//780
f 1188//780 1195//780 1189//780
f 1195//780 1196//780 1189//780
f 1189//780 1196//780 1190//780
f 1196//780 1197//780 1190//780
f 1190//780 1197//780 1191//780
f 1197//780 1198//780 1191//780
f 1191//780 1198//780 1192//780
f 1198//780 1199//780 1192//780
f 1192//780 1199//780 1193//780
f 1199//780 1200//780 1193//780
f 1193//780 1200//780 1194//780
f 1200//780 1201//780 1194//780
f 1195//780 1202//780 1196//780
f 1202//780 1203//780 1196//780
f 1196//780 1203//780 1197//780
f 1203//780 1204//780 1197//780
f 1197//780 1204//780 1198//780
f 1204//780 1205//780 1198//780
f 1198//780 1205//780 1199//780
f 1205//780 1206//780 1199//780
f 1199//780 1206//780 1200//780
f 1206//780 1207//780 1200//780
f 1200//780 1207//780 1201//780
f 1207//780 1208//780 1201//780
o Braue
usemtl wool_5
f 1209//1069 1216//1069 1210//1069
f 1216//1070 1217//1070 1210//1070
f 1210//1071 1217//1071 1211//1071
f 1217//1072 1218//1072 1211//1072
f 1211//1073 1218//1073 1212//1073
f 1218//1074 1219//1074 1212//1074
f 1212//1075 1219//1075 1213//1075
f 1219//1076 1220//1076 1213//1076
f 1213//1077 1220//1077 1214//1077
f 1220//1078 1221//1078 1214//1078
f 1214//1079 1221//1079 1215//1079
f 1221//1080 1222//1080 1215//1080
f 1216//1081 1223//1081 1217//1081
f 1223//1082 1224//1082 1217//1082
f 1217//1083 1224//1083 1218//1083
f 1224//1084 1225//1084 1218//1084
f 1218//1085 1225//1085 1219//1085
f 1225//1086 1226//1086 1219//1086
f 1219//1087 1226//1087 1220//1087
f 1226//1088 1227//1088 1220//1088
f 1220//1089 1227//1089 1221//1089
f 1227//1090 1228//1090 1221//1090
f 1221//1091 1228//1091 1222//1091
f 1228//1092 1229//1092 1222//1092
f 1223//1093 1230//1093 1224//1093
f 1230//1094 1231//1094 1224//1094
f 1224//1095 1231//1095 1225//1095
f 1231//1096 1232//1096 1225//1096
f 1225//1097 1232//1097 1226//1097
f 1232//1098 1233//1098 1226//1098
f 1226//1099 1233//1099 1227//1099
f 1233//1100 1234//1100 1227//1100
f 1227//1101 1234//1101 1228//1101
f 1234//1102 1235//1102 1228//1102
f 1228//1103 1235//1103 1229//1103
f 1235//1104 1236//1104 1229//1104
f 1230//1105 1237//1105 1231//1105
f 1237//1106 1238//1106 1231//1106
f 1231//1107 1238//1107 1232//1107
f 1238//1108 1239//1108 1232//1108
f 1232//1109 1239//1109 1233//1109
f 1239//1110 1240//1110 1233//1110
f 1233//1111 1240//1111 1234//1111
f 1240//1112 1241//1112 1234//1112
f 1234//1113 1241//1113 1235//1113
f 1241//1114 1242//1114 1235//1114
f 1235//1115 1242//1115 1236//1115
f 1242//1116 1243//1116 1236//1116
f 1237//1117 1244//1117 1238//1117
f 1244//1118 1245//1118 1238//1118
f 1238//1119 1245//1119 1239//1119
f 1245//1120 1246//1120 1239//1120
f 1239//1121 1246//1121 1240//1121
f 1246//1122 1247//1122 1240//1122
f 1240//1123 1247//1123 1241//1123
f 1247//1124 1248//1124 1241//1124
f 1241//1125 1248//1125 1242//1125
f 1248//1126 1249//1126 1242//1126
f 1242//1127 1249//1127 1243//1127
f 1249//1128 1250//1128 1243//1128
f 1244//1129 1251//1129 1245//1129
f 1251//1130 1252//1130 1245//1130
f 1245//1131 1252//1131 1246//1131
f 1252//1132 1253//1132 1246//1132
f 1246//1133 1253//1133 1247//1133
f 1253//1134 1254//1134 1247//1134
f 1247//1135 1254//1135 1248//1135
f 1254//1136 1255//1136 1248//1136
f 1248//1137 1255//1137 1249//1137
f 1255//1138 1256//1138 1249//1138
f 1249//1139 1256//1139 1250//1139
f 1256//1140 1257//1140 1250//1140
f 1258//1141 1265//1141 1259//1141
f 1265//1142 1266//1142 1259//1142
f 1259//1143 1266//1143 1260//1143
f 1266//1144 1267//1144 1260//1144
f 1260//1145 1267//1145 1261//1145
f 1267//1146 1268//1146 1261//1146
f 1261//1147 1268//1147 1262//1147
f 1268//1148 1269//1148 1262//1148
f 1262//1149 1269//1149 1263//1149
f 1269//1150 1270//1150 1263//1150
f 1263//1151 1270//1151 1264//1151
f 1270//1152 1271//1152 1264//1152
f 1265//1153 1272//1153 1266//1153
f 1272//1154 1273//1154 1266//1154
f 1266//1155 1273//1155 1267//1155
f 1273//1156 1274//1156 1267//1156
f 1267//1157 1274//1157 1268//1157
f 1274//1158 1275//1158 1268//1158
f 1268//1159 1275//1159 1269//1159
f 1275//1160 1276//1160 1269//1160
f 1269//1161 1276//1161 1270//1161
f 1276//1162 1277//1162 1270//1162
f 1270//1163 1277//1163 1271//1163
f 1277//1164 1278//1164 1271//1164
f 1272//1165 1279//1165 1273//1165
f 1279//1166 1280//1166 1273//1166
f 1273//1167 1280//1167 1274//1167
f 1280//1168 1281//1168 1274//1168
f 1274//1169 1281//1169 1275//1169
f 1281//1170 1282//1170 1275//1170
f 1275//1171 1282//1171 1276//1171
f 1282//1172 1283//1172 1276//1172
f 1276//1173 1283//1173 1277//1173
f 1283//1174 1284//1174 1277//1174
f 1277//1175 1284//1175 1278//1175
f 1284//1176 1285//1176 1278//1176
f 1279//1177 1286//1177 1280//1177
f 1286//1178 1287//1178 1280//1178
f 1280//1179 1287//1179 1281//1179
f 1287//1180 1288//1180 1281//1180
f 1281//1181 1288//1181 1282//1181
f 1288//1182 1289//1182 1282//1182
f 1282//1183 1289//1183 1283//1183
f 1289//1184 1290//1184 1283//1184
f 1283//1185 1290//1185 1284//1185
f 1290//1186 1291//1186 1284//1186
f 1284//1187 1291//1187 1285//1187
f 1291//1188 1292//1188 1285//1188
f 1286//1189 1293//1189 1287//1189
f 1293//1190 1294//1190 1287//1190
f 1287//1191 1294//1191 1288//1191
f 1294//1192 1295//1192 1288//1192
f 1288//1193 1295//1193 1289//1193
f 1295//1194 1296//1194 1289//1194
f 1289//1195 1296//1195 1290//1195
f 1296//1196 1297//1196 1290//1196
f 1290//1197 1297//1197 1291//1197
f 1297//1198 1298//1198 1291//1198
f 1291//1199 1298//1199 1292//1199
f 1298//1200 1299//1200 1292//1200
f 1293//1201 1300//1201 1294//1201
f 1300//1202 1301//1202 1294//1202
f 1294//1203 1301//1203 1295//1203
f 1301//1204 1302//1204 1295//1204
f 1295//1205 1302//1205 1296//1205
f 1302//1206 1303//1206 1296//1206
f 1296//1207 1303//1207 1297//1207
f 1303//1208 1304//1208 1297//1208
f 1297//1209 1304//1209 1298//1209
f 1304//1210 1305//1210 1298//1210
f 1298//1211 1305//1211 1299//1211
f 1305//1212 1306//1212 1299//1212
f 1307//1213 1314//1213 1308//1213
f 1314//1214 1315//1214 1308//1214
f 1308//1215 1315//1215 1309//1215
f 1315//1216 1316//1216 1309//1216
f 1309//1217 1316//1217 1310//1217
f 1316//1218 1317//1218 1310//1218
f 1310//1219 1317//1219 1311//1219
f 1317//1220 1318//1220 1311//1220
f 1311//1221 1318//1221 1312//1221
f 1318//1222 1319//1222 1312//1222
f 1312//1223 1319//1223 1313//1223
f 1319//1224 1320//1224 1313//1224
f 1314//1225 1321//1225 1315//1225
f 1321//1226 1322//1226 1315//1226
f 1315//1227 1322//1227 1316//1227
f 1322//1228 1323//1228 1316//1228
f 1316//1229 1323//1229 1317//1229
f 1323//1230 1324//1230 1317//1230
f 1317//1231 1324//1231 1318//1231
f 1324//1232 1325//1232 1318//1232
f 1318//1233 1325//1233 1319//1233
f 1325//1234 1326//1234 1319//1234
f 1319//1235 1326//1235 1320//1235
f 1326//1236 1327//1236 1320//1236
f 1321//1237 1328//1237 1322//1237
f 1328//1238 1329//1238 1322//1238
f 1322//1239 1329//1239 1323//1239
f 1329//1240 1330//1240 1323//1240
f 1323//1241 1330//1241 1324//1241
f 1330//1242 1331//1242 1324//1242
f 1324//1243 1331//1243 1325//1243
f 1331//1244 1332//1244 1325//1244
f 1325//1245 1332//1245 1326//1245
f 1332//1246 1333//1246 1326//1246
f 1326//1247 1333//1247 1327//1247
f 1333//1248 1334//1248 1327//1248
f 1328//1249 1335//1249 1329//1249
f 1335//1250 1336//1250 1329//1250
f 1329//1251 1336//1251 1330//1251
f 1336//1252 1337//1252 1330//1252
f 1330//1253 1337//1253 1331//1253
f 1337//1254 1338//1254 1331//1254
f 1331//1255 1338//1255 1332//1255
f 1338//1256 1339//1256 1332//1256
f 1332//1257 1339//1257 1333//1257
f 1339//1258 1340//1258 1333//1258
f 1333//1259 1340//1259 1334//1259
f 1340//1260 1341//1260 1334//1260
f 1335//1261 1342//1261 1336//1261
f 1342//1262 1343//1262 1336//1262
f 1336//1263 1343//1263 1337//1263
f 1343//1264 1344//1264 1337//1264
f 1337//1265 1344//1265 1338//1265
f 1344//1266 1345//1266 1338//1266
f 1338//1267 1345//1267 1339//1267
f 1345//1268 1346//1268 1339//1268
f 1339//1269 1346//1269 1340//1269
f 1346//1270 1347//1270 1340//1270
f 1340//1271 1347//1271 1341//1271
f 1347//1272 1348//1272 1341//1272
f 1342//1273 1349//1273 1343//1273
f 1349//1274 1350//1274 1343//1274
f 1343//1275 1350//1275 1344//1275
f 1350//1276 1351//1276 1344//1276
f 1344//1277 1351//1277 1345//1277
f 1351//1278 1352//1278 1345//1278
f 1345//1279 1352//1279 1346//1279
f 1352//1280 1353//1280 1346//1280
f 1346//1281 1353//1281 1347//1281
f 1353//1282 1354//1282 1347//1282
f 1347//1283 1354//1283 1348//1283
f 1354//1284 1355//1284 1348//1284
f 1356//1285 1363//1285 1357//1285
f 1363//1286 1364//1286 1357//1286
f 1357//1287 1364//1287 1358//1287
f 1364//1288 1365//1288 1358//1288
f 1358//1289 1365//1289 1359//1289
f 1365//1290 1366//1290 1359//1290
f 1359//1291 1366//1291 1360//1291
f 1366//1292 1367//1292 1360//1292
f 1360//1293 1367//1293 1361//1293
f 1367//1294 1368//1294 1361//1294
f 1361//1295 1368//1295 1362//1295
f 1368//1296 1369//1296 1362//1296
f 1363//1297 1370//1297 1364//1297
f 1370//1298 1371//1298 1364//1298
f 1364//1299 1371//1299 1365//1299
f 1371//1300 1372//1300 1365//1300
f 1365//1301 1372//1301 1366//1301
f 1372//1302 1373//1302 1366//1302
f 1366//1303 1373//1303 1367//1303
f 1373//1304 1374//1304 1367//1304
f 1367//1305 1374//1305 1368//1305
f 1374//1306 1375//1306 1368//1306
f 1368//1307 1375//1307 1369//1307
f 1375//1308 1376//1308 1369//1308
f 1370//1309 1377//1309 1371//1309
f 1377//1310 1378//1310 1371//1310
f 1371//1311 1378//1311 1372//1311
f 1378//1312 1379//1312 1372//1312
f 1372//1313 1379//1313 1373//1313
f 1379//1314 1380//1314 1373//1314
f 1373//1315 1380//1315 1374//1315
f 1380//1316 1381//1316 1374//1316
f 1374//1317 1381//1317 1375//1317
f 1381//1318 1382//1318 1375//1318
f 1375//1319 1382//1319 1376//1319
f 1382//1320 1383//1320 1376//1320
f 1377//1321 1384//1321 1378//1321
f 1384//1322 1385//1322 1378//1322
f 1378//1323 1385//1323 1379//1323
f 1385//1324 1386//1324 1379//1324
f 1379//1325 1386//1325 1380//1325
f 1386//1326 1387//1326 1380//1326
f 1380//1327 1387//1327 1381//1327
f 1387//1328 1388//1328 1381//1328
f 1381//1329 1388//1329 1382//1329
f 1388//1330 1389//1330 1382//1330
f 1382//1331 1389//1331 1383//1331
f 1389//1332 1390//1332 1383//1332
f 1384//1333 1391//1333 1385//1333
f 1391//1334 1392//1334 1385//1334
f 1385//1335 1392//1335 1386//1335
f 1392//1336 1393//1336 1386//1336
f 1386//1337 1393//1337 1387//1337
f 1393//1338 1394//1338 1387//1338
f 1387//1339 1394//1339 1388//1339
f 1394//1340 1395//1340 1388//1340
f 1388//1341 1395//1341 1389//1341
f 1395//1342 1396//1342 1389//1342
f 1389//1343 1396//1343 1390//1343
f 1396//1344 1397//1344 1390//1344
f 1391//1345 1398//1345 1392//1345
f 1398//1346 1399//1346 1392//1346
f 1392//1347 1399//1347 1393//1347
f 1399//1348 1400//1348 1393//1348
f 1393//1349 1400//1349 1394//1349
f 1400//1350 1401//1350 1394//1350
f 1394//1351 1401//1351 1395//1351
f 1401//1352 1402//1352 1395//1352
f 1395//1353 1402//1353 1396//1353
f 1402//1354 1403//1354 1396//1354
f 1396//1355 1403//1355 1397//1355
f 1403//1356 1404//1356 1397//1356
f 1405//779 1412//779 1406//779
f 1412//779 1413//779 1406//779
f 1406//779 1413//779 1407//779
f 1413//779 1414//779 1407//779
f 1407//779 1414//779 1408//779
f 1414//779 1415//779 1408//779
f 1408//779 1415//779 1409//779
f 1415//779 1416//779 1409//779
f 1409//779 1416//779 1410//779
f 1416//779 1417//779 1410//779
f 1410//779 1417//779 1411//779
f 1417//779 1418//779 1411//779
f 1412//779 1419//779 1413//779
f 1419//779 1420//779 1413//779
f 1413//779 1420//779 1414//779
f 1420//779 1421//779 1414//779
f 1414//779 1421//779 1415//779
f 1421//779 1422//779 1415//779
f 1415//779 1422//779 1416//779
f 1422//779 1423//779 1416//779
f 1416//779 1423//779 1417//779
f 1423//779 1424//779 1417//779
f 1417//779 1424//779 1418//779
f 1424//779 1425//779 1418//779
f 1419//779 1426//779 1420//779
f 1426//779 1427//779 1420//779
f 1420//779 1427//779 1421//779
f 1427//779 1428//779 1421//779
f 1421//779 1428//779 1422//779
f 1428//779 1429//779 1422//779
f 1422//779 1429//779 1423//779
f 1429//779 1430//779 1423//779
f 1423//779 1430//779 1424//779
f 1430//779 1431//779 1424//779
f 1424//779 1431//779 1425//779
f 1431//779 1432//779 1425//779
f 1426//779 1433//779 1427//779
f 1433//779 1434//779 1427//779
f 1427//779 1434//779 1428//779
f 1434//779 1435//779 1428//779
f 1428//779 1435//779 1429//779
f 1435//779 1436//779 1429//779
f 1429//779 1436//779 1430//779
f 1436//779 1437//779 1430//779
f 1430//779 1437//779 1431//779
f 1437//779 1438//779 1431//779
f 1431//779 1438//779 1432//779
f 1438//779 1439//779 1432//779
f 1433//779 1440//779 1434//779
f 1440//779 1441//779 1434//779
f 1434//779 1441//779 1435//779
f 1441//779 1442//779 1435//779
f 1435//779 1442//779 1436//779
f 1442//779 1443//779 1436//779
f 1436//779 1443//779 1437//779
f 1443//779 1444//779 1437//779
f 1437//779 1444//779 1438//779
f 1444//779 1445//779 1438//779
f 1438//779 1445//779 1439//779
f 1445//779 1446//779 1439//779
f 1440//779 1447//779 1441//779
f 1447//779 1448//779 1441//779
f 1441//779 1448//779 1442//779
f 1448//779 1449//779 1442//779
f 1442//779 1449//779 1443//779
f 1449//779 1450//779 1443//779
f 1443//779 1450//779 1444//779
f 1450//779 1451//779 1444//779
f 1444//779 1451//779 1445//779
f 1451//779 1452//779 1445//779
f 1445//779 1452//779 1446//779
f 1452//779 1453//779 1446//779
f 1454//780 1461//780 1455//780
f 1461//780 1462//780 1455//780
f 1455//780 1462//780 1456//780
f 1462//780 1463//780 1456//780
f 1456//780 1463//780 1457//780
f 1463//780 1464//780 1457//780
f 1457//780 1464//780 1458//780
f 1464//780 1465//780 1458//780
f 1458//780 1465//780 1459//780
f 1465//780 1466//780 1459//780
f 1459//780 1466//780 1460//780
f 1466//780 1467//780 1460//780
f 1461//780 1468//780 1462//780
f 1468//780 1469//780 1462//780
f 1462//780 1469//780 1463//780
f 1469//780 1470//780 1463//780
f 1463//780 1470//780 1464//780
f 1470//780 1471//780 1464//780
f 1464//780 1471//780 1465//780
f 1471//780 1472//780 1465//780
f 1465//780 1472//780 1466//780
f 1472//780 1473//780 1466//780
f 1466//780 1473//780 1467//780
f 1473//780 1474//780 1467//780
f 1468//780 1475//780 1469//780
f 1475//780 1476//780 1469//780
f 1469//780 1476//780 1470//780
f 1476//780 1477//780 1470//780
f 1470//780 1477//780 1471//780
f 1477//780 1478//780 1471//780
f 1471//780 1478//780 1472//780
f 1478//780 1479//780 1472//780
f 1472//780 1479//780 1473//780
f 1479//780 1480//780 1473//780
f 1473//780 1480//780 1474//780
f 1480//780 1481//780 1474//780
f 1475//780 1482//780 1476//780
f 1482//780 1483//780 1476//780
f 1476//780 1483//780 1477//780
f 1483//780 1484//780 1477//780
f 1477//780 1484//780 1478//780
f 1484//780 1485//780 1478//780
f 1478//780 1485//780 1479//780
f 1485//780 1486//780 1479//780
f 1479//780 1486//780 1480//780
f 1486//780 1487//780 1480//780
f 1480//780 1487//780 1481//780
f 1487//780 1488//780 1481//780
f 1482//780 1489//780 1483//780
f 1489//780 1490//780 1483//780
f 1483//780 1490//780 1484//780
f 1490//780 1491//780 1484//780
f 1484//780 1491//780 1485//780
f 1491//780 1492//780 1485//780
f 1485//780 1492//780 1486//780
f 1492//780 1493//780 1486//780
f 1486//780 1493//780 1487//780
f 1493//780 1494//780 1487//780
f 1487//780 1494//780 1488//780
f 1494//780 1495//780 1488//780
f 1489//780 1496//780 1490//780
f 1496//780 1497//780 1490//780
f 1490//780 1497//780 1491//780
f 1497//780 1498//780 1491//780
f 1491//780 1498//780 1492//780
f 1498//780 1499//780 1492//780
f 1492//780 1499//780 1493//780
f 1499//780 1500//780 1493//780
f 1493//780 1500//780 1494//780
f 1500//780 1501//780 1494//780
f 1494//780 1501//780 1495//780
f 1501//780 1502//780 1495//780
o Wangenmasse
usemtl wool_5
f 1503//1357 1510//1357 1504//1357
f 1510//1358 1511//1358 1504//1358
f 1504//1359 1511//1359 1505//1359
f 1511//1360 1512//1360 1505//1360
f 1505//1361 1512//1361 1506//1361
f 1512//1362 1513//1362 1506//1362
f 1506//1363 1513//1363 1507//1363
f 1513//1364 1514//1364 1507//1364
f 1507//1365 1514//1365 1508//1365
f 1514//1366 1515//1366 1508//1366
f 1508//1367 1515//1367 1509//1367
f 1515//1368 1516//1368 1509//1368
f 1510//1369 1517//1369 1511//1369
f 1517//1370 1518//1370 1511//1370
f 1511//1371 1518//1371 1512//1371
f 1518//1372 1519//1372 1512//1372
f 1512//1373 1519//1373 1513//1373
f 1519//1374 1520//1374 1513//1374
f 1513//1375 1520//1375 1514//1375
f 1520//1376 1521//1376 1514//1376
f 1514//1377 1521//1377 1515//1377
f 1521//1378 1522//1378 1515//1378
f 1515//1379 1522//1379 1516//1379
f 1522//1380 1523//1380 1516//1380
f 1517//1381 1524//1381 1518//1381
f 1524//1382 1525//1382 1518//1382
f 1518//1383 1525//1383 1519//1383
f 1525//1384 1526//1384 1519//1384
f 1519//1385 1526//1385 1520//1385
f 1526//1386 1527//1386 1520//1386
f 1520//1387 1527//1387 1521//1387
f 1527//1388 1528//1388 1521//1388
f 1521//1389 1528//1389 1522//1389
f 1528//1390 1529//1390 1522//1390
f 1522//1391 1529//1391 1523//1391
f 1529//1392 1530//1392 1523//1392
f 1524//1393 1531//1393 1525//1393
f 1531//1394 1532//1394 1525//1394
f 1525//1395 1532//1395 1526//1395
f 1532//1396 1533//1396 1526//1396
f 1526//1397 1533//1397 1527//1397
f 1533//1398 1534//1398 1527//1398
f 1527//1399 1534//1399 1528//1399
f 1534//1400 1535//1400 1528//1400
f 1528//1401 1535//1401 1529//1401
f 1535//1402 1536//1402 1529//1402
f 1529//1403 1536//1403 1530//1403
f 1536//1404 1537//1404 1530//1404
f 1531//1405 1538//1405 1532//1405
f 1538//1406 1539//1406 1532//1406
f 1532//1407 1539//1407 1533//1407
f 1539//1408 1540//1408 1533//1408
f 1533//1409 1540//1409 1534//1409
f 1540//1410 1541//1410 1534//1410
f 1534//1411 1541//1411 1535//1411
f 1541//1412 1542//1412 1535//1412
f 1535//1413 1542//1413 1536//1413
f 1542//1414 1543//1414 1536//1414
f 1536//1415 1543//1415 1537//1415
f 1543//1416 1544//1416 1537//1416
f 1538//1417 1545//1417 1539//1417
f 1545//1418 1546//1418 1539//1418
f 1539//1419 1546//1419 1540//1419
f 1546//1420 1547//1420 1540//1420
f 1540//1421 1547//1421 1541//1421
f 1547//1422 1548//1422 1541//1422
f 1541//1423 1548//1423 1542//1423
f 1548//1424 1549//1424 1542//1424
f 1542//1425 1549//1425 1543//1425
f 1549//1426 1550//1426 1543//1426
f 1543//1427 1550//1427 1544//1427
f 1550//1428 1551//1428 1544//1428
f 1552//1429 1559//1429 1553//1429
f 1559//1430 1560//1430 1553//1430
f 1553//1431 1560//1431 1554//1431
f 1560//1432 1561//1432 1554//1432
f 1554//1433 1561//1433 1555//1433
f 1561//1434 1562//1434 1555//1434
f 1555//1435 1562//1435 1556//1435
f 1562//1436 1563//1436 1556//1436
f 1556//1437 1563//1437 1557//1437
f 1563//1438 1564//1438 1557//1438
f 1557//1439 1564//1439 1558//1439
f 1564//1440 1565//1440 1558//1440
f 1559//1441 1566//1441 1560//1441
f 1566//1442 1567//1442 1560//1442
f 1560//1443 1567//1443 1561//1443
f 1567//1444 1568//1444 1561//1444
f 1561//1445 1568//1445 1562//1445
f 1568//1446 1569//1446 1562//1446
f 1562//1447 1569//1447 1563//1447
f 1569//1448 1570//1448 1563//1448
f 1563//1449 1570//1449 1564//1449
f 1570//1450 1571//1450 1564//1450
f 1564//1451 1571//1451 1565//1451
f 1571//1452 1572//1452 1565//1452
f 1566//1453 1573//1453 1567//1453
f 1573//1454 1574//1454 1567//1454
f 1567//1455 1574//1455 1568//1455
f 1574//1456 1575//1456 1568//1456
f 1568//1457 1575//1457 1569//1457
f 1575//1458 1576//1458 1569//1458
f 1569//1459 1576//1459 1570//1459
f 1576//1460 1577//1460 1570//1460
f 1570//1461 1577//1461 1571//1461
f 1577//1462 1578//1462 1571//1462
f 1571//1463 1578//1463 1572//1463
f 1578//1464 1579//1464 1572//1464
f 1573//1465 1580//1465 1574//1465
f 1580//1466 1581//1466 1574//1466
f 1574//1467 1581//1467 1575//1467
f 1581//1468 1582//1468 1575//1468
f 1575//1469 1582//1469 1576//1469
f 1582//1470 1583//1470 1576//1470
f 1576//1471 1583//1471 1577//1471
f 1583//1472 1584//1472 1577//1472
f 1577//1473 1584//1473 1578//1473
f 1584//1474 1585//1474 1578//1474
f 1578//1475 1585//1475 1579//1475
f 1585//1476 1586//1476 1579//1476
f 1580//1477 1587//1477 1581//1477
f 1587//1478 1588//1478 1581//1478
f 1581//1479 1588//1479 1582//1479
f 1588//1480 1589//1480 1582//1480
f 1582//1481 1589//1481 1583//1481
f 1589//1482 1590//1482 1583//1482
f 1583//1483 1590//1483 1584//1483
f 1590//1484 1591//1484 1584//1484
f 1584//1485 1591//1485 1585//1485
f 1591//1486 1592//1486 1585//1486
f 1585//1487 1592//1487 1586//1487
f 1592//1488 1593//1488 1586//1488
f 1587//1489 1594//1489 1588//1489
f 1594//1490 1595//1490 1588//1490
f 1588//1491 1595//1491 1589//1491
f 1595//1492 1596//1492 1589//1492
f 1589//1493 1596//1493 1590//1493
f 1596//1494 1597//1494 1590//1494
f 1590//1495 1597//1495 1591//1495
f 1597//1496 1598//1496 1591//1496
f 1591//1497 1598//1497 1592//1497
f 1598//1498 1599//1498 1592//1498
f 1592//1499 1599//1499 1593//1499
f 1599//1500 1600//1500 1593//1500
f 1601//1501 1608//1501 1602//1501
f 1608//1502 1609//1502 1602//1502
f 1602//1503 1609//1503 1603//1503
f 1609//1504 1610//1504 1603//1504
f 1603//1505 1610//1505 1604//1505
f 1610//1506 1611//1506 1604//1506
f 1604//1507 1611//1507 1605//1507
f 1611//1508 1612//1508 1605//1508
f 1605//1509 1612//1509 1606//1509
f 1612//1510 1613//1510 1606//1510
f 1606//1511 1613//1511 1607//1511
f 1613//1512 1614//1512 1607//1512
f 1608//1513 1615//1513 1609//1513
f 1615//1514 1616//1514 1609//1514
f 1609//1515 1616//1515 1610//1515
f 1616//1516 1617//1516 1610//1516
f 1610//1517 1617//1517 1611//1517
f 1617//1518 1618//1518 1611//1518
f 1611//1519 1618//1519 1612//1519
f 1618//1520 1619//1520 1612//1520
f 1612//1521 1619//1521 1613//1521
f 1619//1522 1620//1522 1613//1522
f 1613//1523 1620//1523 1614//1523
f 1620//1524 1621//1524 1614//1524
f 1615//1525 1622//1525 1616//1525
f 1622//1526 1623//1526 1616//1526
f 1616//1527 1623//1527 1617//1527
f 1623//1528 1624//1528 1617//1528
f 1617//1529 1624//1529 1618//1529
f 1624//1530 1625//1530 1618//1530
f 1618//1531 1625//1531 1619//1531
f 1625//1532 1626//1532 1619//1532
f 1619//1533 1626//1533 1620//1533
f 1626//1534 1627//1534 1620//1534
f 1620//1535 1627//1535 1621//1535
f 1627//1536 1628//1536 1621//1536
f 1622//1537 1629//1537 1623//1537
f 1629//1538 1630//1538 1623//1538
f 1623//1539 1630//1539 1624//1539
f 1630//1540 1631//1540 1624//1540
f 1624//1541 1631//1541 1625//1541
f 1631//1542 1632//1542 1625//1542
f 1625//1543 1632//1543 1626//1543
f 1632//1544 1633//1544 1626//1544
f 1626//1545 1633//1545 1627//1545
f 1633//1546 1634//1546 1627//1546
f 1627//1547 1634//1547 1628//1547
f 1634//1548 1635//1548 1628//1548
f 1629//1549 1636//1549 1630//1549
f 1636//1550 1637//1550 1630//1550
f 1630//1551 1637//1551 1631//1551
f 1637//1552 1638//1552 1631//1552
f 1631//1553 1638//1553 1632//1553
f 1638//1554 1639//1554 1632//1554
f 1632//1555 1639//1555 1633//1555
f 1639//1556 1640//1556 1633//1556
f 1633//1557 1640//1557 1634//1557
f 1640//1558 1641//1558 1634//1558
f 1634//1559 1641//1559 1635//1559
f 1641//1560 1642//1560 1635//1560
f 1636//1561 1643//1561 1637//1561
f 1643//1562 1644//1562 1637//1562
f 1637//1563 1644//1563 1638//1563
f 1644//1564 1645//1564 1638//1564
f 1638//1565 1645//1565 1639//1565
f 1645//1566 1646//1566 1639//1566
f 1639//1567 1646//1567 1640//1567
f 1646//1568 1647//1568 1640//1568
f 1640//1569 1647//1569 1641//1569
f 1647//1570 1648//1570 1641//1570
f 1641//1571 1648//1571 1642//1571
f 1648//1572 1649//1572 1642//1572
f 1650//1573 1657//1573 1651//1573
f 1657//1574 1658//1574 1651//1574
f 1651//1575 1658//1575 1652//1575
f 1658//1576 1659//1576 1652//1576
f 1652//1577 1659//1577 1653//1577
f 1659//1578 1660//1578 1653//1578
f 1653//1579 1660//1579 1654//1579
f 1660//1580 1661//1580 1654//1580
f 1654//1581 1661//1581 1655//1581
f 1661//1582 1662//1582 1655//1582
f 1655//1583 1662//1583 1656//1583
f 1662//1584 1663//1584 1656//1584
f 1657//1585 1664//1585 1658//1585
f 1664//1586 1665//1586 1658//1586
f 1658//1587 1665//1587 1659//1587
f 1665//1588 1666//1588 1659//1588
f 1659//1589 1666//1589 1660//1589
f 1666//1590 1667//1590 1660//1590
f 1660//1591 1667//1591 1661//1591
f 1667//1592 1668//1592 1661//1592
f 1661//1593 1668//1593 1662//1593
f 1668//1594 1669//1594 1662//1594
f 1662//1595 1669//1595 1663//1595
f 1669//1596 1670//1596 1663//1596
f 1664//1597 1671//1597 1665//1597
f 1671//1598 1672//1598 1665//1598
f 1665//1599 1672//1599 1666//1599
f 1672//1600 1673//1600 1666//1600
f 1666//1601 1673//1601 1667//1601
f 1673//1602 1674//1602 1667//1602
f 1667//1603 1674//1603 1668//1603
f 1674//1604 1675//1604 1668//1604
f 1668//1605 1675//1605 1669//1605
f 1675//1606 1676//1606 1669//1606
f 1669//1607 1676//1607 1670//1607
f 1676//1608 1677//1608 1670//1608
f 1671//1609 1678//1609 1672//1609
f 1678//1610 1679//1610 1672//1610
f 1672//1611 1679//1611 1673//1611
f 1679//1612 1680//1612 1673//1612
f 1673//1613 1680//1613 1674//1613
f 1680//1614 1681//1614 1674//1614
f 1674//1615 1681//1615 1675//1615
f 1681//1616 1682//1616 1675//1616
f 1675//1617 1682//1617 1676//1617
f 1682//1618 1683//1618 1676//1618
f 1676//1619 1683//1619 1677//1619
f 1683//1620 1684//1620 1677//1620
f 1678//1621 1685//1621 1679//1621
f 1685//1622 1686//1622 1679//1622
f 1679//1623 1686//1623 1680//1623
f 1686//1624 1687//1624 1680//1624
f 1680//1625 1687//1625 1681//1625
f 1687//1626 1688//1626 1681//1626
f 1681//1627 1688//1627 1682//1627
f 1688//1628 1689//1628 1682//1628
f 1682//1629 1689//1629 1683//1629
f 1689//1630 1690//1630 1683//1630
f 1683//1631 1690//1631 1684//1631
f 1690//1632 1691//1632 1684//1632
f 1685//1633 1692//1633 1686//1633
f 1692//1634 1693//1634 1686//1634
f 1686//1635 1693//1635 1687//1635
f 1693//1636 1694//1636 1687//1636
f 1687//1637 1694//1637 1688//1637
f 1694//1638 1695//1638 1688//1638
f 1688//1639 1695//1639 1689//1639
f 1695//1640 1696//1640 1689//1640
f 1689//1641 1696//1641 1690//1641
f 1696//1642 1697//1642 1690//1642
f 1690//1643 1697//1643 1691//1643
f 1697//1644 1698//1644 1691//1644
f 1699//1645 1706//1645 1700//1645
f 1706//1645 1707//1645 1700//1645
f 1700//1645 1707//1645 1701//1645
f 1707//1645 1708//1645 1701//1645
f 1701//1645 1708//1645 1702//1645
f 1708//1645 1709//1645 1702//1645
f 1702//1645 1709//1645 1703//1645
f 1709//1645 1710//1645 1703//1645
f 1703//1645 1710//1645 1704//1645
f 1710//1645 1711//1645 1704//1645
f 1704//1645 1711//1645 1705//1645
f 1711//1645 1712//1645 1705//1645
f 1706//1645 1713//1645 1707//1645
f 1713//1645 1714//1645 1707//1645
f 1707//1645 1714//1645 1708//1645
f 1714//1645 1715//1645 1708//1645
f 1708//1645 1715//1645 1709//1645
f 1715//1645 1716//1645 1709//1645
f 1709//1645 1716//1645 1710//1645
f 1716//1645 1717//1645 1710//1645
f 1710//1645 1717//1645 1711//1645
f 1717//1645 1718//1645 1711//1645
f 1711//1645 1718//1645 1712//1645
f 1718//1645 1719//1645 1712//1645
f 1713//1645 1720//1645 1714//1645
f 1720//1645 1721//1645 1714//1645
f 1714//1645 1721//1645 1715//1645
f 1721//1645 1722//1645 1715//1645
f 1715//1645 1722//1645 1716//1645
f 1722//1645 1723//1645 1716//1645
f 1716//1645 1723//1645 1717//1645
f 1723//1645 1724//1645 1717//1645
f 1717//1645 1724//1645 1718//1645
f 1724//1645 1725//1645 1718//1645
f 1718//1645 1725//1645 1719//1645
f 1725//1645 1726//1645 1719//1645
f 1720//1645 1727//1645 1721//1645
f 1727//1645 1728//1645 1721//1645
f 1721//1645 1728//1645 1722//1645
f 1728//1645 1729//1645 1722//1645
f 1722//1645 1729//1645 1723//1645
f 1729//1645 1730//1645 1723//1645
f 1723//1645 1730//1645 1724//1645
f 1730//1645 1731//1645 1724//1645
f 1724//1645 1731//1645 1725//1645
f 1731//1645 1732//1645 1725//1645
f 1725//1645 1732//1645 1726//1645
f 1732//1645 1733//1645 1726//1645
f 1727//1645 1734//1645 1728//1645
f 1734//1645 1735//1645 1728//1645
f 1728//1645 1735//1645 1729//1645
f 1735//1645 1736//1645 1729//1645
f 1729//1645 1736//1645 1730//1645
f 1736//1645 1737//1645 1730//1645
f 1730//1645 1737//1645 1731//1645
f 1737//1645 1738//1645 1731//1645
f 1731//1645 1738//1645 1732//1645
f 1738//1645 1739//1645 1732//1645
f 1732//1645 1739//1645 1733//1645
f 1739//1645 1740//1645 1733//1645
f 1734//1645 1741//1645 1735//1645
f 1741//1645 1742//1645 1735//1645
f 1735//1645 1742//1645 1736//1645
f 1742//1645 1743//1645 1736//1645
f 1736//1645 1743//1645 1737//1645
f 1743//1645 1744//1645 1737//1645
f 1737//1645 1744//1645 1738//1645
f 1744//1645 1745//1645 1738//1645
f 1738//1645 1745//1645 1739//1645
f 1745//1645 1746//1645 1739//1645
f 1739//1645 1746//1645 1740//1645
f 1746//1645 1747//1645 1740//1645
f 1748//1646 1755//1646 1749//1646
f 1755//1646 1756//1646 1749//1646
f 1749//1646 1756//1646 1750//1646
f 1756//1646 1757//1646 1750//1646
f 1750//1646 1757//1646 1751//1646
f 1757//1646 1758//1646 1751//1646
f 1751//1646 1758//1646 1752//1646
f 1758//1646 1759//1646 1752//1646
f 1752//1646 1759//1646 1753//1646
f 1759//1646 1760//1646 1753//1646
f 1753//1646 1760//1646 1754//1646
f 1760//1646 1761//1646 1754//1646
f 1755//1646 1762//1646 1756//1646
f 1762//1646 1763//1646 1756//1646
f 1756//1646 1763//1646 1757//1646
f 1763//1646 1764//1646 1757//1646
f 1757//1646 1764//1646 1758//1646
f 1764//1646 1765//1646 1758//1646
f 1758//1646 1765//1646 1759//1646
f 1765//1646 1766//1646 1759//1646
f 1759//1646 1766//1646 1760//1646
f 1766//1646 1767//1646 1760//1646
f 1760//1646 1767//1646 1761//1646
f 1767//1646 1768//1646 1761//1646
f 1762//1646 1769//1646 1763//1646
f 1769//1646 1770//1646 1763//1646
f 1763//1646 1770//1646 1764//1646
f 1770//1646 1771//1646 1764//1646
f 1764//1646 1771//1646 1765//1646
f 1771//1646 1772//1646 1765//1646
f 1765//1646 1772//1646 1766//1646
f 1772//1646 1773//1646 1766//1646
f 1766//1646 1773//1646 1767//1646
f 1773//1646 1774//1646 1767//1646
f 1767//1646 1774//1646 1768//1646
f 1774//1646 1775//1646 1768//1646
f 1769//1646 1776//1646 1770//1646
f 1776//1646 1777//1646 1770//1646
f 1770//1646 1777//1646 1771//1646
f 1777//1646 1778//1646 1771//1646
f 1771//1646 1778//1646 1772//1646
f 1778//1646 1779//1646 1772//1646
f 1772//1646 1779//1646 1773//1646
f 1779//1646 1780//1646 1773//1646
f 1773//1646 1780//1646 1774//1646
f 1780//1646 1781//1646 1774//1646
f 1774//1646 1781//1646 1775//1646
f 1781//1646 1782//1646 1775//1646
f 1776//1646 1783//1646 1777//1646
f 1783//1646 1784//1646 1777//1646
f 1777//1646 1784//1646 1778//1646
f 1784//1646 1785//1646 1778//1646
f 1778//1646 1785//1646 1779//1646
f 1785//1646 1786//1646 1779//1646
f 1779//1646 1786//1646 1780//1646
f 1786//1646 1787//1646 1780//1646
f 1780//1646 1787//1646 1781//1646
f 1787//1646 1788//1646 1781//1646
f 1781//1646 1788//1646 1782//1646
f 1788//1646 1789//1646 1782//1646
f 1783//1646 1790//1646 1784//1646
f 1790//1646 1791//1646 1784//1646
f 1784//1646 1791//1646 1785//1646
f 1791//1646 1792//1646 1785//1646
f 1785//1646 1792//1646 1786//1646
f 1792//1646 1793//1646 1786//1646
f 1786//1646 1793//1646 1787//1646
f 1793//1646 1794//1646 1787//1646
f 1787//1646 1794//1646 1788//1646
f 1794//1646 1795//1646 1788//1646
f 1788//1646 1795//1646 1789//1646
f 1795//1646 1796//1646 1789//1646
f 1797//1647 1804//1647 1798//1647
f 1804//1648 1805//1648 1798//1648
f 1798//1649 1805//1649 1799//1649
f 1805//1650 1806//1650 1799//1650
f 1799//1651 1806//1651 1800//1651
f 1806//1652 1807//1652 1800//1652
f 1800//1653 1807//1653 1801//1653
f 1807//1654 1808//1654 1801//1654
f 1801//1655 1808//1655 1802//1655
f 1808//1656 1809//1656 1802//1656
f 1802//1657 1809//1657 1803//1657
f 1809//1658 1810//1658 1803//1658
f 1804//1659 1811//1659 1805//1659
f 1811//1660 1812//1660 1805//1660
f 1805//1661 1812//1661 1806//1661
f 1812//1662 1813//1662 1806//1662
f 1806//1663 1813//1663 1807//1663
f 1813//1664 1814//1664 1807//1664
f 1807//1665 1814//1665 1808//1665
f 1814//1666 1815//1666 1808//1666
f 1808//1667 1815//1667 1809//1667
f 1815//1668 1816//1668 1809//1668
f 1809//1669 1816//1669 1810//1669
f 1816//1670 1817//1670 1810//1670
f 1811//1671 1818//1671 1812//1671
f 1818//1672 1819//1672 1812//1672
f 1812//1673 1819//1673 1813//1673
f 1819//1674 1820//1674 1813//1674
f 1813//1675 1820//1675 1814//1675
f 1820//1676 1821//1676 1814//1676
f 1814//1677 1821//1677 1815//1677
f 1821//1678 1822//1678 1815//1678
f 1815//1679 1822//1679 1816//1679
f 1822//1680 1823//1680 1816//1680
f 1816//1681 1823//1681 1817//1681
f 1823//1682 1824//1682 1817//1682
f 1818//1683 1825//1683 1819//1683
f 1825//1684 1826//1684 1819//1684
f 1819//1685 1826//1685 1820//1685
f 1826//1686 1827//1686 1820//1686
f 1820//1687 1827//1687 1821//1687
f 1827//1688 1828//1688 1821//1688
f 1821//1689 1828//1689 1822//1689
f 1828//1690 1829//1690 1822//1690
f 1822//1691 1829//1691 1823//1691
f 1829//1692 1830//1692 1823//1692
f 1823//1693 1830//1693 1824//1693
f 1830//1694 1831//1694 1824//1694
f 1825//1695 1832//1695 1826//1695
f 1832//1696 1833//1696 1826//1696
f 1826//1697 1833//1697 1827//1697
f 1833//1698 1834//1698 1827//1698
f 1827//1699 1834//1699 1828//1699
f 1834//1700 1835//1700 1828//1700
f 1828//1701 1835//1701 1829//1701
f 1835//1702 1836//1702 1829//1702
f 1829//1703 1836//1703 1830//1703
f 1836//1704 1837//1704 1830//1704
f 1830//1705 1837//1705 1831//1705
f 1837//1706 1838//1706 1831//1706
f 1832//1707 1839//1707 1833//1707
f 1839//1708 1840//1708 1833//1708
f 1833//1709 1840//1709 1834//1709
f 1840//1710 1841//1710 1834//1710
f 1834//1711 1841//1711 1835//1711
f 1841//1712 1842//1712 1835//1712
f 1835//1713 1842//1713 1836//1713
f 1842//1714 1843//1714 1836//1714
f 1836//1715 1843//1715 1837//1715
f 1843//1716 1844//1716 1837//1716
f 1837//1717 1844//1717 1838//1717
f 1844//1718 1845//1718 1838//1718
f 1846//1719 1853//1719 1847//1719
f 1853//1720 1854//1720 1847//1720
f 1847//1721 1854//1721 1848//1721
f 1854//1722 1855//1722 1848//1722
f 1848//1723 1855//1723 1849//1723
f 1855//1724 1856//1724 1849//1724
f 1849//1725 1856//1725 1850//1725
f 1856//1726 1857//1726 1850//1726
f 1850//1727 1857//1727 1851//1727
f 1857//1728 1858//1728 1851//1728
f 1851//1729 1858//1729 1852//1729
f 1858//1730 1859//1730 1852//1730
f 1853//1731 1860//1731 1854//1731
f 1860//1732 1861//1732 1854//1732
f 1854//1733 1861//1733 1855//1733
f 1861//1734 1862//1734 1855//1734
f 1855//1735 1862//1735 1856//1735
f 1862//1736 1863//1736 1856//1736
f 1856//1737 1863//1737 1857//1737
f 1863//1738 1864//1738 1857//1738
f 1857//1739 1864//1739 1858//1739
f 1864//1740 1865//1740 1858//1740
f 1858//1741 1865//1741 1859//1741
f 1865//1742 1866//1742 1859//1742
f 1860//1743 1867//1743 1861//1743
f 1867//1744 1868//1744 1861//1744
f 1861//1745 1868//1745 1862//1745
f 1868//1746 1869//1746 1862//1746
f 1862//1747 1869//1747 1863//1747
f 1869//1748 1870//1748 1863//1748
f 1863//1749 1870//1749 1864//1749
f 1870//1750 1871//1750 1864//1750
f 1864//1751 1871//1751 1865//1751
f 1871//1752 1872//1752 1865//1752
f 1865//1753 1872//1753 1866//1753
f 1872//1754 1873//1754 1866//1754
f 1867//1755 1874//1755 1868//1755
f 1874//1756 1875//1756 1868//1756
f 1868//1757 1875//1757 1869//1757
f 1875//1758 1876//1758 1869//1758
f 1869//1759 1876//1759 1870//1759
f 1876//1760 1877//1760 1870//1760
f 1870//1761 1877//1761 1871//1761
f 1877//1762 1878//1762 1871//1762
f 1871//1763 1878//1763 1872//1763
f 1878//1764 1879//1764 1872//1764
f 1872//1765 1879//1765 1873//1765
f 1879//1766 1880//1766 1873//1766
f 1874//1767 1881//1767 1875//1767
f 1881//1768 1882//1768 1875//1768
f 1875//1769 1882//1769 1876//1769
f 1882//1770 1883//1770 1876//1770
f 1876//1771 1883//1771 1877//1771
f 1883//1772 1884//1772 1877//1772
f 1877//1773 1884//1773 1878//1773
f 1884//1774 1885//1774 1878//1774
f 1878//1775 1885//1775 1879//1775
f 1885//1776 1886//1776 1879//1776
f 1879//1777 1886//1777 1880//1777
f 1886//1778 1887//1778 1880//1778
f 1881//1779 1888//1779 1882//1779
f 1888//1780 1889//1780 1882//1780
f 1882//1781 1889//1781 1883//1781
f 1889//1782 1890//1782 1883//1782
f 1883//1783 1890//1783 1884//1783
f 1890//1784 1891//1784 1884//1784
f 1884//1785 1891//1785 1885//1785
f 1891//1786 1892//1786 1885//1786
f 1885//1787 1892//1787 1886//1787
f 1892//1788 1893//1788 1886//1788
f 1886//1789 1893//1789 1887//1789
f 1893//1790 1894//1790 1887//1790
f 1895//1791 1902//1791 1896//1791
f 1902//1792 1903//1792 1896//1792
f 1896//1793 1903//1793 1897//1793
f 1903//1794 1904//1794 1897//1794
f 1897//1795 1904//1795 1898//1795
f 1904//1796 1905//1796 1898//1796
f 1898//1797 1905//1797 1899//1797
f 1905//1798 1906//1798 1899//1798
f 1899//1799 1906//1799 1900//1799
f 1906//1800 1907//1800 1900//1800
f 1900//1801 1907//1801 1901//1801
f 1907//1802 1908//1802 1901//1802
f 1902//1803 1909//1803 1903//1803
f 1909//1804 1910//1804 1903//1804
f 1903//1805 1910//1805 1904//1805
f 1910//1806 1911//1806 1904//1806
f 1904//1807 1911//1807 1905//1807
f 1911//1808 1912//1808 1905//1808
f 1905//1809 1912//1809 1906//1809
f 1912//1810 1913//1810 1906//1810
f 1906//1811 1913//1811 1907//1811
f 1913//1812 1914//1812 1907//1812
f 1907//1813 1914//1813 1908//1813
f 1914//1814 1915//1814 1908//1814
f 1909//1815 1916//1815 1910//1815
f 1916//1816 1917//1816 1910//1816
f 1910//1817 1917//1817 1911//1817
f 1917//1818 1918//1818 1911//1818
f 1911//1819 1918//1819 1912//1819
f 1918//1820 1919//1820 1912//1820
f 1912//1821 1919//1821 1913//1821
f 1919//1822 1920//1822 1913//1822
f 1913//1823 1920//1823 1914//1823
f 1920//1824 1921//1824 1914//1824
f 1914//1825 1921//1825 1915//1825
f 1921//1826 1922//1826 1915//1826
f 1916//1827 1923//1827 1917//1827
f 1923//1828 1924//1828 1917//1828
f 1917//1829 1924//1829 1918//1829
f 1924//1830 1925//1830 1918//1830
f 1918//1831 1925//1831 1919//1831
f 1925//1832 1926//1832 1919//1832
f 1919//1833 1926//1833 1920//1833
f 1926//1834 1927//1834 1920//1834
f 1920//1835 1927//1835 1921//1835
f 1927//1836 1928//1836 1921//1836
f 1921//1837 1928//1837 1922//1837
f 1928//1838 1929//1838 1922//1838
f 1923//1839 1930//1839 1924//1839
f 1930//1840 1931//1840 1924//1840
f 1924//1841 1931//1841 1925//1841
f 1931//1842 1932//1842 1925//1842
f 1925//1843 1932//1843 1926//1843
f 1932//1844 1933//1844 1926//1844
f 1926//1845 1933//1845 1927//1845
f 1933//1846 1934//1846 1927//1846
f 1927//1847 1934//1847 1928//1847
f 1934//1848 1935//1848 1928//1848
f 1928//1849 1935//1849 1929//1849
f 1935//1850 1936//1850 1929//1850
f 1930//1851 1937//1851 1931//1851
f 1937//1852 1938//1852 1931//1852
f 1931//1853 1938//1853 1932//1853
f 1938//1854 1939//1854 1932//1854
f 1932//1855 1939//1855 1933//1855
f 1939//1856 1940//1856 1933//1856
f 1933//1857 1940//1857 1934//1857
f 1940//1858 1941//1858 1934//1858
f 1934//1859 1941//1859 1935//1859
f 1941//1860 1942//1860 1935//1860
f 1935//1861 1942//1861 1936//1861
f 1942//1862 1943//1862 1936//1862
f 1944//1863 1951//1863 1945//1863
f 1951//1864 1952//1864 1945//1864
f 1945//1865 1952//1865 1946//1865
f 1952//1866 1953//1866 1946//1866
f 1946//1867 1953//1867 1947//1867
f 1953//1868 1954//1868 1947//1868
f 1947//1869 1954//1869 1948//1869
f 1954//1870 1955//1870 1948//1870
f 1948//1871 1955//1871 1949//1871
f 1955//1872 1956//1872 1949//1872
f 1949//1873 1956//1873 1950//1873
f 1956//1874 1957//1874 1950//1874
f 1951//1875 1958//1875 1952//1875
f 1958//1876 1959//1876 1952//1876
f 1952//1877 1959//1877 1953//1877
f 1959//1878 1960//1878 1953//1878
f 1953//1879 1960//1879 1954//1879
f 1960//1880 1961//1880 1954//1880
f 1954//1881 1961//1881 1955//1881
f 1961//1882 1962//1882 1955//1882
f 1955//1883 1962//1883 1956//1883
f 1962//1884 1963//1884 1956//1884
f 1956//1885 1963//1885 1957//1885
f 1963//1886 1964//1886 1957//1886
f 1958//1887 1965//1887 1959//1887
f 1965//1888 1966//1888 1959//1888
f 1959//1889 1966//1889 1960//1889
f 1966//1890 1967//1890 1960//1890
f 1960//1891 1967//1891 1961//1891
f 1967//1892 1968//1892 1961//1892
f 1961//1893 1968//1893 1962//1893
f 1968//1894 1969//1894 1962//1894
f 1962//1895 1969//1895 1963//1895
f 1969//1896 1970//1896 1963//1896
f 1963//1897 1970//1897 1964//1897
f 1970//1898 1971//1898 1964//1898
f 1965//1899 1972//1899 1966//1899
f 1972//1900 1973//1900 1966//1900
f 1966//1901 1973//1901 1967//1901
f 1973//1902 1974//1902 1967//1902
f 1967//1903 1974//1903 1968//1903
f 1974//1904 1975//1904 1968//1904
f 1968//1905 1975//1905 1969//1905
f 1975//1906 1976//1906 1969//1906
f 1969//1907 1976//1907 1970//1907
f 1976//1908 1977//1908 1970//1908
f 1970//1909 1977//1909 1971//1909
f 1977//1910 1978//1910 1971//1910
f 1972//1911 1979//1911 1973//1911
f 1979//1912 1980//1912 1973//1912
f 1973//1913 1980//1913 1974//1913
f 1980//1914 1981//1914 1974//1914
f 1974//1915 1981//1915 1975//1915
f 1981//1916 1982//1916 1975//1916
f 1975//1917 1982//1917 1976//1917
f 1982//1918 1983//1918 1976//1918
f 1976//1919 1983//1919 1977//1919
f 1983//1920 1984//1920 1977//1920
f 1977//1921 1984//1921 1978//1921
f 1984//1922 1985//1922 1978//1922
f 1979//1923 1986//1923 1980//1923
f 1986//1924 1987//1924 1980//1924
f 1980//1925 1987//1925 1981//1925
f 1987//1926 1988//1926 1981//1926
f 1981//1927 1988//1927 1982//1927
f 1988//1928 1989//1928 1982//1928
f 1982//1929 1989//1929 1983//1929
f 1989//1930 1990//1930 1983//1930
f 1983//1931 1990//1931 1984//1931
f 1990//1932 1991//1932 1984//1932
f 1984//1933 1991//1933 1985//1933
f 1991//1934 1992//1934 1985//1934
f 1993//1935 2000//1935 1994//1935
f 2000//1935 2001//1935 1994//1935
f 1994//1935 2001//1935 1995//1935
f 2001//1935 2002//1935 1995//1935
f 1995//1935 2002//1935 1996//1935
f 2002//1935 2003//1935 1996//1935
f 1996//1935 2003//1935 1997//1935
f 2003//1935 2004//1935 1997//1935
f 1997//1935 2004//1935 1998//1935
f 2004//1935 2005//1935 1998//1935
f 1998//1935 2005//1935 1999//1935
f 2005//1935 2006//1935 1999//1935
f 2000//1935 2007//1935 2001//1935
f 2007//1935 2008//1935 2001//1935
f 2001//1935 2008//1935 2002//1935
f 2008//1935 2009//1935 2002//1935
f 2002//1935 2009//1935 2003//1935
f 2009//1935 2010//1935 2003//1935
f 2003//1935 2010//1935 2004//1935
f 2010//1935 2011//1935 2004//1935
f 2004//1935 2011//1935 2005//1935
f 2011//1935 2012//1935 2005//1935
f 2005//1935 2012//1935 2006//1935
f 2012//1935 2013//1935 2006//1935
f 2007//1935 2014//1935 2008//1935
f 2014//1935 2015//1935 2008//1935
f 2008//1935 2015//1935 2009//1935
f 2015//1935 2016//1935 2009//1935
f 2009//1935 2016//1935 2010//1935
f 2016//1935 2017//1935 2010//1935
f 2010//1935 2017//1935 2011//1935
f 2017//1935 2018//1935 2011//1935
f 2011//1935 2018//1935 2012//1935
f 2018//1935 2019//1935 2012//1935
f 2012//1935 2019//1935 2013//1935
f 2019//1935 2020//1935 2013//1935
f 2014//1935 2021//1935 2015//1935
f 2021//1935 2022//1935 2015//1935
f 2015//1935 2022//1935 2016//1935
f 2022//1935 2023//1935 2016//1935
f 2016//1935 2023//1935 2017//1935
f 2023//1935 2024//1935 2017//1935
f 2017//1935 2024//1935 2018//1935
f 2024//1935 2025//1935 2018//1935
f 2018//1935 2025//1935 2019//1935
f 2025//1935 2026//1935 2019//1935
f 2019//1935 2026//1935 2020//1935
f 2026//1935 2027//1935 2020//1935
f 2021//1935 2028//1935 2022//1935
f 2028//1935 2029//1935 2022//1935
f 2022//1935 2029//1935 2023//1935
f 2029//1935 2030//1935 2023//1935
f 2023//1935 2030//1935 2024//1935
f 2030//1935 2031//1935 2024//1935
f 2024//1935 2031//1935 2025//1935
f 2031//1935 2032//1935 2025//1935
f 2025//1935 2032//1935 2026//1935
f 2032//1935 2033//1935 2026//1935
f 2026//1935 2033//1935 2027//1935
f 2033//1935 2034//1935 2027//1935
f 2028//1935 2035//1935 2029//1935
f 2035//1935 2036//1935 2029//1935
f 2029//1935 2036//1935 2030//1935
f 2036//1935 2037//1935 2030//1935
f 2030//1935 2037//1935 2031//1935
f 2037//1935 2038//1935 2031//1935
f 2031//1935 2038//1935 2032//1935
f 2038//1935 2039//1935 2032//1935
f 2032//1935 2039//1935 2033//1935
f 2039//1935 2040//1935 2033//1935
f 2033//1935 2040//1935 2034//1935
f 2040//1935 2041//1935 2034//1935
f 2042//1936 2049//1936 2043//1936
f 2049//1936 2050//1936 2043//1936
f 2043//1936 2050//1936 2044//1936
f 2050//1936 2051//1936 2044//1936
f 2044//1936 2051//1936 2045//1936
f 2051//1936 2052//1936 2045//1936
f 2045//1936 2052//1936 2046//1936
f 2052//1936 2053//1936 2046//1936
f 2046//1936 2053//1936 2047//1936
f 2053//1936 2054//1936 2047//1936
f 2047//1936 2054//1936 2048//1936
f 2054//1936 2055//1936 2048//1936
f 2049//1936 2056//1936 2050//1936
f 2056//1936 2057//1936 2050//1936
f 2050//1936 2057//1936 2051//1936
f 2057//1936 2058//1936 2051//1936
f 2051//1936 2058//1936 2052//1936
f 2058//1936 2059//1936 2052//1936
f 2052//1936 2059//1936 2053//1936
f 2059//1936 2060//1936 2053//1936
f 2053//1936 2060//1936 2054//1936
f 2060//1936 2061//1936 2054//1936
f 2054//1936 2061//1936 2055//1936
f 2061//1936 2062//1936 2055//1936
f 2056//1936 2063//1936 2057//1936
f 2063//1936 2064//1936 2057//1936
f 2057//1936 2064//1936 2058//1936
f 2064//1936 2065//1936 2058//1936
f 2058//1936 2065//1936 2059//1936
f 2065//1936 2066//1936 2059//1936
f 2059//1936 2066//1936 2060//1936
f 2066//1936 2067//1936 2060//1936
f 2060//1936 2067//1936 2061//1936
f 2067//1936 2068//1936 2061//1936
f 2061//1936 2068//1936 2062//1936
f 2068//1936 2069//1936 2062//1936
f 2063//1936 2070//1936 2064//1936
f 2070//1936 2071//1936 2064//1936
f 2064//1936 2071//1936 2065//1936
f 2071//1936 2072//1936 2065//1936
f 2065//1936 2072//1936 2066//1936
f 2072//1936 2073//1936 2066//1936
f 2066//1936 2073//1936 2067//1936
f 2073//1936 2074//1936 2067//1936
f 2067//1936 2074//1936 2068//1936
f 2074//1936 2075//1936 2068//1936
f 2068//1936 2075//1936 2069//1936
f 2075//1936 2076//1936 2069//1936
f 2070//1936 2077//1936 2071//1936
f 2077//1936 2078//1936 2071//1936
f 2071//1936 2078//1936 2072//1936
f 2078//1936 2079//1936 2072//1936
f 2072//1936 2079//1936 2073//1936
f 2079//1936 2080//1936 2073//1936
f 2073//1936 2080//1936 2074//1936
f 2080//1936 2081//1936 2074//1936
f 2074//1936 2081//1936 2075//1936
f 2081//1936 2082//1936 2075//1936
f 2075//1936 2082//1936 2076//1936
f 2082//1936 2083//1936 2076//1936
f 2077//1936 2084//1936 2078//1936
f 2084//1936 2085//1936 2078//1936
f 2078//1936 2085//1936 2079//1936
f 2085//1936 2086//1936 2079//1936
f 2079//1936 2086//1936 2080//1936
f 2086//1936 2087//1936 2080//1936
f 2080//1936 2087//1936 2081//1936
f 2087//1936 2088//1936 2081//1936
f 2081//1936 2088//1936 2082//1936
f 2088//1936 2089//1936 2082//1936
f 2082//1936 2089//1936 2083//1936
f 2089//1936 2090//1936 2083//1936
o Brauenwulst
usemtl wool_5
f 2091//1937 2098//1937 2092//1937
f 2098//1938 2099//1938 2092//1938
f 2092//1939 2099//1939 2093//1939
f 2099//1940 2100//1940 2093//1940
f 2093//1941 2100//1941 2094//1941
f 2100//1942 2101//1942 2094//1942
f 2094//1943 2101//1943 2095//1943
f 2101//1944 2102//1944 2095//1944
f 2095//1945 2102//1945 2096//1945
f 2102//1946 2103//1946 2096//1946
f 2096//1947 2103//1947 2097//1947
f 2103//1948 2104//1948 2097//1948
f 2098//1949 2105//1949 2099//1949
f 2105//1950 2106//1950 2099//1950
f 2099//1951 2106//1951 2100//1951
f 2106//1952 2107//1952 2100//1952
f 2100//1953 2107//1953 2101//1953
f 2107//1954 2108//1954 2101//1954
f 2101//1955 2108//1955 2102//1955
f 2108//1956 2109//1956 2102//1956
f 2102//1957 2109//1957 2103//1957
f 2109//1958 2110//1958 2103//1958
f 2103//1959 2110//1959 2104//1959
f 2110//1960 2111//1960 2104//1960
f 2105//1961 2112//1961 2106//1961
f 2112//1962 2113//1962 2106//1962
f 2106//1963 2113//1963 2107//1963
f 2113//1964 2114//1964 2107//1964
f 2107//1965 2114//1965 2108//1965
f 2114//1966 2115//1966 2108//1966
f 2108//1967 2115//1967 2109//1967
f 2115//1968 2116//1968 2109//1968
f 2109//1969 2116//1969 2110//1969
f 2116//1970 2117//1970 2110//1970
f 2110//1971 2117//1971 2111//1971
f 2117//1972 2118//1972 2111//1972
f 2112//1973 2119//1973 2113//1973
f 2119//1974 2120//1974 2113//1974
f 2113//1975 2120//1975 2114//1975
f 2120//1976 2121//1976 2114//1976
f 2114//1977 2121//1977 2115//1977
f 2121//1978 2122//1978 2115//1978
f 2115//1979 2122//1979 2116//1979
f 2122//1980 2123//1980 2116//1980
f 2116//1981 2123//1981 2117//1981
f 2123//1982 2124//1982 2117//1982
f 2117//1983 2124//1983 2118//1983
f 2124//1984 2125//1984 2118//1984
f 2119//1985 2126//1985 2120//1985
f 2126//1986 2127//1986 2120//1986
f 2120//1987 2127//1987 2121//1987
f 2127//1988 2128//1988 2121//1988
f 2121//1989 2128//1989 2122//1989
f 2128//1990 2129//1990 2122//1990
f 2122//1991 2129//1991 2123//1991
f 2129//1992 2130//1992 2123//1992
f 2123//1993 2130//1993 2124//1993
f 2130//1994 2131//1994 2124//1994
f 2124//1995 2131//1995 2125//1995
f 2131//1996 2132//1996 2125//1996
f 2126//1997 2133//1997 2127//1997
f 2133//1998 2134//1998 2127//1998
f 2127//1999 2134//1999 2128//1999
f 2134//2000 2135//2000 2128//2000
f 2128//2001 2135//2001 2129//2001
f 2135//2002 2136//2002 2129//2002
f 2129//2003 2136//2003 2130//2003
f 2136//2004 2137//2004 2130//2004
f 2130//2005 2137//2005 2131//2005
f 2137//2006 2138//2006 2131//2006
f 2131//2007 2138//2007 2132//2007
f 2138//2008 2139//2008 2132//2008
f 2140//2009 2147//2009 2141//2009
f 2147//2010 2148//2010 2141//2010
f 2141//2011 2148//2011 2142//2011
f 2148//2012 2149//2012 2142//2012
f 2142//2013 2149//2013 2143//2013
f 2149//2014 2150//2014 2143//2014
f 2143//2015 2150//2015 2144//2015
f 2150//2016 2151//2016 2144//2016
f 2144//2017 2151//2017 2145//2017
f 2151//2018 2152//2018 2145//2018
f 2145//2019 2152//2019 2146//2019
f 2152//2020 2153//2020 2146//2020
f 2147//2021 2154//2021 2148//2021
f 2154//2022 2155//2022 2148//2022
f 2148//2023 2155//2023 2149//2023
f 2155//2024 2156//2024 2149//2024
f 2149//2025 2156//2025 2150//2025
f 2156//2026 2157//2026 2150//2026
f 2150//2027 2157//2027 2151//2027
f 2157//2028 2158//2028 2151//2028
f 2151//2029 2158//2029 2152//2029
f 2158//2030 2159//2030 2152//2030
f 2152//2031 2159//2031 2153//2031
f 2159//2032 2160//2032 2153//2032
f 2154//2033 2161//2033 2155//2033
f 2161//2034 2162//2034 2155//2034
f 2155//2035 2162//2035 2156//2035
f 2162//2036 2163//2036 2156//2036
f 2156//2037 2163//2037 2157//2037
f 2163//2038 2164//2038 2157//2038
f 2157//2039 2164//2039 2158//2039
f 2164//2040 2165//2040 2158//2040
f 2158//2041 2165//2041 2159//2041
f 2165//2042 2166//2042 2159//2042
f 2159//2043 2166//2043 2160//2043
f 2166//2044 2167//2044 2160//2044
f 2161//2045 2168//2045 2162//2045
f 2168//2046 2169//2046 2162//2046
f 2162//2047 2169//2047 2163//2047
f 2169//2048 2170//2048 2163//2048
f 2163//2049 2170//2049 2164//2049
f 2170//2050 2171//2050 2164//2050
f 2164//2051 2171//2051 2165//2051
f 2171//2052 2172//2052 2165//2052
f 2165//2053 2172//2053 2166//2053
f 2172//2054 2173//2054 2166//2054
f 2166//2055 2173//2055 2167//2055
f 2173//2056 2174//2056 2167//2056
f 2168//2057 2175//2057 2169//2057
f 2175//2058 2176//2058 2169//2058
f 2169//2059 2176//2059 2170//2059
f 2176//2060 2177//2060 2170//2060
f 2170//2061 2177//2061 2171//2061
f 2177//2062 2178//2062 2171//2062
f 2171//2063 2178//2063 2172//2063
f 2178//2064 2179//2064 2172//2064
f 2172//2065 2179//2065 2173//2065
f 2179//2066 2180//2066 2173//2066
f 2173//2067 2180//2067 2174//2067
f 2180//2068 2181//2068 2174//2068
f 2175//2069 2182//2069 2176//2069
f 2182//2070 2183//2070 2176//2070
f 2176//2071 2183//2071 2177//2071
f 2183//2072 2184//2072 2177//2072
f 2177//2073 2184//2073 2178//2073
f 2184//2074 2185//2074 2178//2074
f 2178//2075 2185//2075 2179//2075
f 2185//2076 2186//2076 2179//2076
f 2179//2077 2186//2077 2180//2077
f 2186//2078 2187//2078 2180//2078
f 2180//2079 2187//2079 2181//2079
f 2187//2080 2188//2080 2181//2080
f 2189//2081 2196//2081 2190//2081
f 2196//2082 2197//2082 2190//2082
f 2190//2083 2197//2083 2191//2083
f 2197//2084 2198//2084 2191//2084
f 2191//2085 2198//2085 2192//2085
f 2198//2086 2199//2086 2192//2086
f 2192//2087 2199//2087 2193//2087
f 2199//2088 2200//2088 2193//2088
f 2193//2089 2200//2089 2194//2089
f 2200//2090 2201//2090 2194//2090
f 2194//2091 2201//2091 2195//2091
f 2201//2092 2202//2092 2195//2092
f 2196//2093 2203//2093 2197//2093
f 2203//2094 2204//2094 2197//2094
f 2197//2095 2204//2095 2198//2095
f 2204//2096 2205//2096 2198//2096
f 2198//2097 2205//2097 2199//2097
f 2205//2098 2206//2098 2199//2098
f 2199//2099 2206//2099 2200//2099
f 2206//2100 2207//2100 2200//2100
f 2200//2101 2207//2101 2201//2101
f 2207//2102 2208//2102 2201//2102
f 2201//2103 2208//2103 2202//2103
f 2208//2104 2209//2104 2202//2104
f 2203//2105 2210//2105 2204//2105
f 2210//2106 2211//2106 2204//2106
f 2204//2107 2211//2107 2205//2107
f 2211//2108 2212//2108 2205//2108
f 2205//2109 2212//2109 2206//2109
f 2212//2110 2213//2110 2206//2110
f 2206//2111 2213//2111 2207//2111
f 2213//2112 2214//2112 2207//2112
f 2207//2113 2214//2113 2208//2113
f 2214//2114 2215//2114 2208//2114
f 2208//2115 2215//2115 2209//2115
f 2215//2116 2216//2116 2209//2116
f 2210//2117 2217//2117 2211//2117
f 2217//2118 2218//2118 2211//2118
f 2211//2119 2218//2119 2212//2119
f 2218//2120 2219//2120 2212//2120
f 2212//2121 2219//2121 2213//2121
f 2219//2122 2220//2122 2213//2122
f 2213//2123 2220//2123 2214//2123
f 2220//2124 2221//2124 2214//2124
f 2214//2125 2221//2125 2215//2125
f 2221//2126 2222//2126 2215//2126
f 2215//2127 2222//2127 2216//2127
f 2222//2128 2223//2128 2216//2128
f 2217//2129 2224//2129 2218//2129
f 2224//2130 2225//2130 2218//2130
f 2218//2131 2225//2131 2219//2131
f 2225//2132 2226//2132 2219//2132
f 2219//2133 2226//2133 2220//2133
f 2226//2134 2227//2134 2220//2134
f 2220//2135 2227//2135 2221//2135
f 2227//2136 2228//2136 2221//2136
f 2221//2137 2228//2137 2222//2137
f 2228//2138 2229//2138 2222//2138
f 2222//2139 2229//2139 2223//2139
f 2229//2140 2230//2140 2223//2140
f 2224//2141 2231//2141 2225//2141
f 2231//2142 2232//2142 2225//2142
f 2225//2143 2232//2143 2226//2143
f 2232//2144 2233//2144 2226//2144
f 2226//2145 2233//2145 2227//2145
f 2233//2146 2234//2146 2227//2146
f 2227//2147 2234//2147 2228//2147
f 2234//2148 2235//2148 2228//2148
f 2228//2149 2235//2149 2229//2149
f 2235//2150 2236//2150 2229//2150
f 2229//2151 2236//2151 2230//2151
f 2236//2152 2237//2152 2230//2152
f 2238//2153 2245//2153 2239//2153
f 2245//2154 2246//2154 2239//2154
f 2239//2155 2246//2155 2240//2155
f 2246//2156 2247//2156 2240//2156
f 2240//2157 2247//2157 2241//2157
f 2247//2158 2248//2158 2241//2158
f 2241//2159 2248//2159 2242//2159
f 2248//2160 2249//2160 2242//2160
f 2242//2161 2249//2161 2243//2161
f 2249//2162 2250//2162 2243//2162
f 2243//2163 2250//2163 2244//2163
f 2250//2164 2251//2164 2244//2164
f 2245//2165 2252//2165 2246//2165
f 2252//2166 2253//2166 2246//2166
f 2246//2167 2253//2167 2247//2167
f 2253//2168 2254//2168 2247//2168
f 2247//2169 2254//2169 2248//2169
f 2254//2170 2255//2170 2248//2170
f 2248//2171 2255//2171 2249//2171
f 2255//2172 2256//2172 2249//2172
f 2249//2173 2256//2173 2250//2173
f 2256//2174 2257//2174 2250//2174
f 2250//2175 2257//2175 2251//2175
f 2257//2176 2258//2176 2251//2176
f 2252//2177 2259//2177 2253//2177
f 2259//2178 2260//2178 2253//2178
f 2253//2179 2260//2179 2254//2179
f 2260//2180 2261//2180 2254//2180
f 2254//2181 2261//2181 2255//2181
f 2261//2182 2262//2182 2255//2182
f 2255//2183 2262//2183 2256//2183
f 2262//2184 2263//2184 2256//2184
f 2256//2185 2263//2185 2257//2185
f 2263//2186 2264//2186 2257//2186
f 2257//2187 2264//2187 2258//2187
f 2264//2188 2265//2188 2258//2188
f 2259//2189 2266//2189 2260//2189
f 2266//2190 2267//2190 2260//2190
f 2260//2191 2267//2191 2261//2191
f 2267//2192 2268//2192 2261//2192
f 2261//2193 2268//2193 2262//2193
f 2268//2194 2269//2194 2262//2194
f 2262//2195 2269//2195 2263//2195
f 2269//2196 2270//2196 2263//2196
f 2263//2197 2270//2197 2264//2197
f 2270//2198 2271//2198 2264//2198
f 2264//2199 2271//2199 2265//2199
f 2271//2200 2272//2200 2265//2200
f 2266//2201 2273//2201 2267//2201
f 2273//2202 2274//2202 2267//2202
f 2267//2203 2274//2203 2268//2203
f 2274//2204 2275//2204 2268//2204
f 2268//2205 2275//2205 2269//2205
f 2275//2206 2276//2206 2269//2206
f 2269//2207 2276//2207 2270//2207
f 2276//2208 2277//2208 2270//2208
f 2270//2209 2277//2209 2271//2209
f 2277//2210 2278//2210 2271//2210
f 2271//2211 2278//2211 2272//2211
f 2278//2212 2279//2212 2272//2212
f 2273//2213 2280//2213 2274//2213
f 2280//2214 2281//2214 2274//2214
f 2274//2215 2281//2215 2275//2215
f 2281//2216 2282//2216 2275//2216
f 2275//2217 2282//2217 2276//2217
f 2282//2218 2283//2218 2276//2218
f 2276//2219 2283//2219 2277//2219
f 2283//2220 2284//2220 2277//2220
f 2277//2221 2284//2221 2278//2221
f 2284//2222 2285//2222 2278//2222
f 2278//2223 2285//2223 2279//2223
f 2285//2224 2286//2224 2279//2224
f 2287//2225 2294//2225 2288//2225
f 2294//2225 2295//2225 2288//2225
f 2288//2225 2295//2225 2289//2225
f 2295//2225 2296//2225 2289//2225
f 2289//2225 2296//2225 2290//2225
f 2296//2225 2297//2225 2290//2225
f 2290//2225 2297//2225 2291//2225
f 2297//2225 2298//2225 2291//2225
f 2291//2225 2298//2225 2292//2225
f 2298//2225 2299//2225 2292//2225
f 2292//2225 2299//2225 2293//2225
f 2299//2225 2300//2225 2293//2225
f 2294//2225 2301//2225 2295//2225
f 2301//2225 2302//2225 2295//2225
f 2295//2225 2302//2225 2296//2225
f 2302//2225 2303//2225 2296//2225
f 2296//2225 2303//2225 2297//2225
f 2303//2225 2304//2225 2297//2225
f 2297//2225 2304//2225 2298//2225
f 2304//2225 2305//2225 2298//2225
f 2298//2225 2305//2225 2299//2225
f 2305//2225 2306//2225 2299//2225
f 2299//2225 2306//2225 2300//2225
f 2306//2225 2307//2225 2300//2225
f 2301//2225 2308//2225 2302//2225
f 2308//2225 2309//2225 2302//2225
f 2302//2225 2309//2225 2303//2225
f 2309//2225 2310//2225 2303//2225
f 2303//2225 2310//2225 2304//2225
f 2310//2225 2311//2225 2304//2225
f 2304//2225 2311//2225 2305//2225
f 2311//2225 2312//2225 2305//2225
f 2305//2225 2312//2225 2306//2225
f 2312//2225 2313//2225 2306//2225
f 2306//2225 2313//2225 2307//2225
f 2313//2225 2314//2225 2307//2225
f 2308//2225 2315//2225 2309//2225
f 2315//2225 2316//2225 2309//2225
f 2309//2225 2316//2225 2310//2225
f 2316//2225 2317//2225 2310//2225
f 2310//2225 2317//2225 2311//2225
f 2317//2225 2318//2225 2311//2225
f 2311//2225 2318//2225 2312//2225
f 2318//2225 2319//2225 2312//2225
f 2312//2225 2319//2225 2313//2225
f 2319//2225 2320//2225 2313//2225
f 2313//2225 2320//2225 2314//2225
f 2320//2225 2321//2225 2314//2225
f 2315//2225 2322//2225 2316//2225
f 2322//2225 2323//2225 2316//2225
f 2316//2225 2323//2225 2317//2225
f 2323//2225 2324//2225 2317//2225
f 2317//2225 2324//2225 2318//2225
f 2324//2225 2325//2225 2318//2225
f 2318//2225 2325//2225 2319//2225
f 2325//2225 2326//2225 2319//2225
f 2319//2225 2326//2225 2320//2225
f 2326//2225 2327//2225 2320//2225
f 2320//2225 2327//2225 2321//2225
f 2327//2225 2328//2225 2321//2225
f 2322//2225 2329//2225 2323//2225
f 2329//2225 2330//2225 2323//2225
f 2323//2225 2330//2225 2324//2225
f 2330//2225 2331//2225 2324//2225
f 2324//2225 2331//2225 2325//2225
f 2331//2225 2332//2225 2325//2225
f 2325//2225 2332//2225 2326//2225
f 2332//2225 2333//2225 2326//2225
f 2326//2225 2333//2225 2327//2225
f 2333//2225 2334//2225 2327//2225
f 2327//2225 2334//2225 2328//2225
f 2334//2225 2335//2225 2328//2225
f 2336//2226 2343//2226 2337//2226
f 2343//2226 2344//2226 2337//2226
f 2337//2226 2344//2226 2338//2226
f 2344//2226 2345//2226 2338//2226
f 2338//2226 2345//2226 2339//2226
f 2345//2226 2346//2226 2339//2226
f 2339//2226 2346//2226 2340//2226
f 2346//2226 2347//2226 2340//2226
f 2340//2226 2347//2226 2341//2226
f 2347//2226 2348//2226 2341//2226
f 2341//2226 2348//2226 2342//2226
f 2348//2226 2349//2226 2342//2226
f 2343//2226 2350//2226 2344//2226
f 2350//2226 2351//2226 2344//2226
f 2344//2226 2351//2226 2345//2226
f 2351//2226 2352//2226 2345//2226
f 2345//2226 2352//2226 2346//2226
f 2352//2226 2353//2226 2346//2226
f 2346//2226 2353//2226 2347//2226
f 2353//2226 2354//2226 2347//2226
f 2347//2226 2354//2226 2348//2226
f 2354//2226 2355//2226 2348//2226
f 2348//2226 2355//2226 2349//2226
f 2355//2226 2356//2226 2349//2226
f 2350//2226 2357//2226 2351//2226
f 2357//2226 2358//2226 2351//2226
f 2351//2226 2358//2226 2352//2226
f 2358//2226 2359//2226 2352//2226
f 2352//2226 2359//2226 2353//2226
f 2359//2226 2360//2226 2353//2226
f 2353//2226 2360//2226 2354//2226
f 2360//2226 2361//2226 2354//2226
f 2354//2226 2361//2226 2355//2226
f 2361//2226 2362//2226 2355//2226
f 2355//2226 2362//2226 2356//2226
f 2362//2226 2363//2226 2356//2226
f 2357//2226 2364//2226 2358//2226
f 2364//2226 2365//2226 2358//2226
f 2358//2226 2365//2226 2359//2226
f 2365//2226 2366//2226 2359//2226
f 2359//2226 2366//2226 2360//2226
f 2366//2226 2367//2226 2360//2226
f 2360//2226 2367//2226 2361//2226
f 2367//2226 2368//2226 2361//2226
f 2361//2226 2368//2226 2362//2226
f 2368//2226 2369//2226 2362//2226
f 2362//2226 2369//2226 2363//2226
f 2369//2226 2370//2226 2363//2226
f 2364//2226 2371//2226 2365//2226
f 2371//2226 2372//2226 2365//2226
f 2365//2226 2372//2226 2366//2226
f 2372//2226 2373//2226 2366//2226
f 2366//2226 2373//2226 2367//2226
f 2373//2226 2374//2226 2367//2226
f 2367//2226 2374//2226 2368//2226
f 2374//2226 2375//2226 2368//2226
f 2368//2226 2375//2226 2369//2226
f 2375//2226 2376//2226 2369//2226
f 2369//2226 2376//2226 2370//2226
f 2376//2226 2377//2226 2370//2226
f 2371//2226 2378//2226 2372//2226
f 2378//2226 2379//2226 2372//2226
f 2372//2226 2379//2226 2373//2226
f 2379//2226 2380//2226 2373//2226
f 2373//2226 2380//2226 2374//2226
f 2380//2226 2381//2226 2374//2226
f 2374//2226 2381//2226 2375//2226
f 2381//2226 2382//2226 2375//2226
f 2375//2226 2382//2226 2376//2226
f 2382//2226 2383//2226 2376//2226
f 2376//2226 2383//2226 2377//2226
f 2383//2226 2384//2226 2377//2226
f 2385//2227 2392//2227 2386//2227
f 2392//2228 2393//2228 2386//2228
f 2386//2229 2393//2229 2387//2229
f 2393//2230 2394//2230 2387//2230
f 2387//2231 2394//2231 2388//2231
f 2394//2232 2395//2232 2388//2232
f 2388//2233 2395//2233 2389//2233
f 2395//2234 2396//2234 2389//2234
f 2389//2235 2396//2235 2390//2235
f 2396//2236 2397//2236 2390//2236
f 2390//2237 2397//2237 2391//2237
f 2397//2238 2398//2238 2391//2238
f 2392//2239 2399//2239 2393//2239
f 2399//2240 2400//2240 2393//2240
f 2393//2241 2400//2241 2394//2241
f 2400//2242 2401//2242 2394//2242
f 2394//2243 2401//2243 2395//2243
f 2401//2244 2402//2244 2395//2244
f 2395//2245 2402//2245 2396//2245
f 2402//2246 2403//2246 2396//2246
f 2396//2247 2403//2247 2397//2247
f 2403//2248 2404//2248 2397//2248
f 2397//2249 2404//2249 2398//2249
f 2404//2250 2405//2250 2398//2250
f 2399//2251 2406//2251 2400//2251
f 2406//2252 2407//2252 2400//2252
f 2400//2253 2407//2253 2401//2253
f 2407//2254 2408//2254 2401//2254
f 2401//2255 2408//2255 2402//2255
f 2408//2256 2409//2256 2402//2256
f 2402//2257 2409//2257 2403//2257
f 2409//2258 2410//2258 2403//2258
f 2403//2259 2410//2259 2404//2259
f 2410//2260 2411//2260 2404//2260
f 2404//2261 2411//2261 2405//2261
f 2411//2262 2412//2262 2405//2262
f 2406//2263 2413//2263 2407//2263
f 2413//2264 2414//2264 2407//2264
f 2407//2265 2414//2265 2408//2265
f 2414//2266 2415//2266 2408//2266
f 2408//2267 2415//2267 2409//2267
f 2415//2268 2416//2268 2409//2268
f 2409//2269 2416//2269 2410//2269
f 2416//2270 2417//2270 2410//2270
f 2410//2271 2417//2271 2411//2271
f 2417//2272 2418//2272 2411//2272
f 2411//2273 2418//2273 2412//2273
f 2418//2274 2419//2274 2412//2274
f 2413//2275 2420//2275 2414//2275
f 2420//2276 2421//2276 2414//2276
f 2414//2277 2421//2277 2415//2277
f 2421//2278 2422//2278 2415//2278
f 2415//2279 2422//2279 2416//2279
f 2422//2280 2423//2280 2416//2280
f 2416//2281 2423//2281 2417//2281
f 2423//2282 2424//2282 2417//2282
f 2417//2283 2424//2283 2418//2283
f 2424//2284 2425//2284 2418//2284
f 2418//2285 2425//2285 2419//2285
f 2425//2286 2426//2286 2419//2286
f 2420//2287 2427//2287 2421//2287
f 2427//2288 2428//2288 2421//2288
f 2421//2289 2428//2289 2422//2289
f 2428//2290 2429//2290 2422//2290
f 2422//2291 2429//2291 2423//2291
f 2429//2292 2430//2292 2423//2292
f 2423//2293 2430//2293 2424//2293
f 2430//2294 2431//2294 2424//2294
f 2424//2295 2431//2295 2425//2295
f 2431//2296 2432//2296 2425//2296
f 2425//2297 2432//2297 2426//2297
f 2432//2298 2433//2298 2426//2298
f 2434//2299 2441//2299 2435//2299
f 2441//2300 2442//2300 2435//2300
f 2435//2301 2442//2301 2436//2301
f 2442//2302 2443//2302 2436//2302
f 2436//2303 2443//2303 2437//2303
f 2443//2304 2444//2304 2437//2304
f 2437//2305 2444//2305 2438//2305
f 2444//2306 2445//2306 2438//2306
f 2438//2307 2445//2307 2439//2307
f 2445//2308 2446//2308 2439//2308
f 2439//2309 2446//2309 2440//2309
f 2446//2310 2447//2310 2440//2310
f 2441//2311 2448//2311 2442//2311
f 2448//2312 2449//2312 2442//2312
f 2442//2313 2449//2313 2443//2313
f 2449//2314 2450//2314 2443//2314
f 2443//2315 2450//2315 2444//2315
f 2450//2316 2451//2316 2444//2316
f 2444//2317 2451//2317 2445//2317
f 2451//2318 2452//2318 2445//2318
f 2445//2319 2452//2319 2446//2319
f 2452//2320 2453//2320 2446//2320
f 2446//2321 2453//2321 2447//2321
f 2453//2322 2454//2322 2447//2322
f 2448//2323 2455//2323 2449//2323
f 2455//2324 2456//2324 2449//2324
f 2449//2325 2456//2325 2450//2325
f 2456//2326 2457//2326 2450//2326
f 2450//2327 2457//2327 2451//2327
f 2457//2328 2458//2328 2451//2328
f 2451//2329 2458//2329 2452//2329
f 2458//2330 2459//2330 2452//2330
f 2452//2331 2459//2331 2453//2331
f 2459//2332 2460//2332 2453//2332
f 2453//2333 2460//2333 2454//2333
f 2460//2334 2461//2334 2454//2334
f 2455//2335 2462//2335 2456//2335
f 2462//2336 2463//2336 2456//2336
f 2456//2337 2463//2337 2457//2337
f 2463//2338 2464//2338 2457//2338
f 2457//2339 2464//2339 2458//2339
f 2464//2340 2465//2340 2458//2340
f 2458//2341 2465//2341 2459//2341
f 2465//2342 2466//2342 2459//2342
f 2459//2343 2466//2343 2460//2343
f 2466//2344 2467//2344 2460//2344
f 2460//2345 2467//2345 2461//2345
f 2467//2346 2468//2346 2461//2346
f 2462//2347 2469//2347 2463//2347
f 2469//2348 2470//2348 2463//2348
f 2463//2349 2470//2349 2464//2349
f 2470//2350 2471//2350 2464//2350
f 2464//2351 2471//2351 2465//2351
f 2471//2352 2472//2352 2465//2352
f 2465//2353 2472//2353 2466//2353
f 2472//2354 2473//2354 2466//2354
f 2466//2355 2473//2355 2467//2355
f 2473//2356 2474//2356 2467//2356
f 2467//2357 2474//2357 2468//2357
f 2474//2358 2475//2358 2468//2358
f 2469//2359 2476//2359 2470//2359
f 2476//2360 2477//2360 2470//2360
f 2470//2361 2477//2361 2471//2361
f 2477//2362 2478//2362 2471//2362
f 2471//2363 2478//2363 2472//2363
f 2478//2364 2479//2364 2472//2364
f 2472//2365 2479//2365 2473//2365
f 2479//2366 2480//2366 2473//2366
f 2473//2367 2480//2367 2474//2367
f 2480//2368 2481//2368 2474//2368
f 2474//2369 2481//2369 2475//2369
f 2481//2370 2482//2370 2475//2370
f 2483//2371 2490//2371 2484//2371
f 2490//2372 2491//2372 2484//2372
f 2484//2373 2491//2373 2485//2373
f 2491//2374 2492//2374 2485//2374
f 2485//2375 2492//2375 2486//2375
f 2492//2376 2493//2376 2486//2376
f 2486//2377 2493//2377 2487//2377
f 2493//2378 2494//2378 2487//2378
f 2487//2379 2494//2379 2488//2379
f 2494//2380 2495//2380 2488//2380
f 2488//2381 2495//2381 2489//2381
f 2495//2382 2496//2382 2489//2382
f 2490//2383 2497//2383 2491//2383
f 2497//2384 2498//2384 2491//2384
f 2491//2385 2498//2385 2492//2385
f 2498//2386 2499//2386 2492//2386
f 2492//2387 2499//2387 2493//2387
f 2499//2388 2500//2388 2493//2388
f 2493//2389 2500//2389 2494//2389
f 2500//2390 2501//2390 2494//2390
f 2494//2391 2501//2391 2495//2391
f 2501//2392 2502//2392 2495//2392
f 2495//2393 2502//2393 2496//2393
f 2502//2394 2503//2394 2496//2394
f 2497//2395 2504//2395 2498//2395
f 2504//2396 2505//2396 2498//2396
f 2498//2397 2505//2397 2499//2397
f 2505//2398 2506//2398 2499//2398
f 2499//2399 2506//2399 2500//2399
f 2506//2400 2507//2400 2500//2400
f 2500//2401 2507//2401 2501//2401
f 2507//2402 2508//2402 2501//2402
f 2501//2403 2508//2403 2502//2403
f 2508//2404 2509//2404 2502//2404
f 2502//2405 2509//2405 2503//2405
f 2509//2406 2510//2406 2503//2406
f 2504//2407 2511//2407 2505//2407
f 2511//2408 2512//2408 2505//2408
f 2505//2409 2512//2409 2506//2409
f 2512//2410 2513//2410 2506//2410
f 2506//2411 2513//2411 2507//2411
f 2513//2412 2514//2412 2507//2412
f 2507//2413 2514//2413 2508//2413
f 2514//2414 2515//2414 2508//2414
f 2508//2415 2515//2415 2509//2415
f 2515//2416 2516//2416 2509//2416
f 2509//2417 2516//2417 2510//2417
f 2516//2418 2517//2418 2510//2418
f 2511//2419 2518//2419 2512//2419
f 2518//2420 2519//2420 2512//2420
f 2512//2421 2519//2421 2513//2421
f 2519//2422 2520//2422 2513//2422
f 2513//2423 2520//2423 2514//2423
f 2520//2424 2521//2424 2514//2424
f 2514//2425 2521//2425 2515//2425
f 2521//2426 2522//2426 2515//2426
f 2515//2427 2522//2427 2516//2427
f 2522//2428 2523//2428 2516//2428
f 2516//2429 2523//2429 2517//2429
f 2523//2430 2524//2430 2517//2430
f 2518//2431 2525//2431 2519//2431
f 2525//2432 2526//2432 2519//2432
f 2519//2433 2526//2433 2520//2433
f 2526//2434 2527//2434 2520//2434
f 2520//2435 2527//2435 2521//2435
f 2527//2436 2528//2436 2521//2436
f 2521//2437 2528//2437 2522//2437
f 2528//2438 2529//2438 2522//2438
f 2522//2439 2529//2439 2523//2439
f 2529//2440 2530//2440 2523//2440
f 2523//2441 2530//2441 2524//2441
f 2530//2442 2531//2442 2524//2442
f 2532//2443 2539//2443 2533//2443
f 2539//2444 2540//2444 2533//2444
f 2533//2445 2540//2445 2534//2445
f 2540//2446 2541//2446 2534//2446
f 2534//2447 2541//2447 2535//2447
f 2541//2448 2542//2448 2535//2448
f 2535//2449 2542//2449 2536//2449
f 2542//2450 2543//2450 2536//2450
f 2536//2451 2543//2451 2537//2451
f 2543//2452 2544//2452 2537//2452
f 2537//2453 2544//2453 2538//2453
f 2544//2454 2545//2454 2538//2454
f 2539//2455 2546//2455 2540//2455
f 2546//2456 2547//2456 2540//2456
f 2540//2457 2547//2457 2541//2457
f 2547//2458 2548//2458 2541//2458
f 2541//2459 2548//2459 2542//2459
f 2548//2460 2549//2460 2542//2460
f 2542//2461 2549//2461 2543//2461
f 2549//2462 2550//2462 2543//2462
f 2543//2463 2550//2463 2544//2463
f 2550//2464 2551//2464 2544//2464
f 2544//2465 2551//2465 2545//2465
f 2551//2466 2552//2466 2545//2466
f 2546//2467 2553//2467 2547//2467
f 2553//2468 2554//2468 2547//2468
f 2547//2469 2554//2469 2548//2469
f 2554//2470 2555//2470 2548//2470
f 2548//2471 2555//2471 2549//2471
f 2555//2472 2556//2472 2549//2472
f 2549//2473 2556//2473 2550//2473
f 2556//2474 2557//2474 2550//2474
f 2550//2475 2557//2475 2551//2475
f 2557//2476 2558//2476 2551//2476
f 2551//2477 2558//2477 2552//2477
f 2558//2478 2559//2478 2552//2478
f 2553//2479 2560//2479 2554//2479
f 2560//2480 2561//2480 2554//2480
f 2554//2481 2561//2481 2555//2481
f 2561//2482 2562//2482 2555//2482
f 2555//2483 2562//2483 2556//2483
f 2562//2484 2563//2484 2556//2484
f 2556//2485 2563//2485 2557//2485
f 2563//2486 2564//2486 2557//2486
f 2557//2487 2564//2487 2558//2487
f 2564//2488 2565//2488 2558//2488
f 2558//2489 2565//2489 2559//2489
f 2565//2490 2566//2490 2559//2490
f 2560//2491 2567//2491 2561//2491
f 2567//2492 2568//2492 2561//2492
f 2561//2493 2568//2493 2562//2493
f 2568//2494 2569//2494 2562//2494
f 2562//2495 2569//2495 2563//2495
f 2569//2496 2570//2496 2563//2496
f 2563//2497 2570//2497 2564//2497
f 2570//2498 2571//2498 2564//2498
f 2564//2499 2571//2499 2565//2499
f 2571//2500 2572//2500 2565//2500
f 2565//2501 2572//2501 2566//2501
f 2572//2502 2573//2502 2566//2502
f 2567//2503 2574//2503 2568//2503
f 2574//2504 2575//2504 2568//2504
f 2568//2505 2575//2505 2569//2505
f 2575//2506 2576//2506 2569//2506
f 2569//2507 2576//2507 2570//2507
f 2576//2508 2577//2508 2570//2508
f 2570//2509 2577//2509 2571//2509
f 2577//2510 2578//2510 2571//2510
f 2571//2511 2578//2511 2572//2511
f 2578//2512 2579//2512 2572//2512
f 2572//2513 2579//2513 2573//2513
f 2579//2514 2580//2514 2573//2514
f 2581//2515 2588//2515 2582//2515
f 2588//2515 2589//2515 2582//2515
f 2582//2515 2589//2515 2583//2515
f 2589//2515 2590//2515 2583//2515
f 2583//2515 2590//2515 2584//2515
f 2590//2515 2591//2515 2584//2515
f 2584//2515 2591//2515 2585//2515
f 2591//2515 2592//2515 2585//2515
f 2585//2515 2592//2515 2586//2515
f 2592//2515 2593//2515 2586//2515
f 2586//2515 2593//2515 2587//2515
f 2593//2515 2594//2515 2587//2515
f 2588//2515 2595//2515 2589//2515
f 2595//2515 2596//2515 2589//2515
f 2589//2515 2596//2515 2590//2515
f 2596//2515 2597//2515 2590//2515
f 2590//2515 2597//2515 2591//2515
f 2597//2515 2598//2515 2591//2515
f 2591//2515 2598//2515 2592//2515
f 2598//2515 2599//2515 2592//2515
f 2592//2515 2599//2515 2593//2515
f 2599//2515 2600//2515 2593//2515
f 2593//2515 2600//2515 2594//2515
f 2600//2515 2601//2515 2594//2515
f 2595//2515 2602//2515 2596//2515
f 2602//2515 2603//2515 2596//2515
f 2596//2515 2603//2515 2597//2515
f 2603//2515 2604//2515 2597//2515
f 2597//2515 2604//2515 2598//2515
f 2604//2515 2605//2515 2598//2515
f 2598//2515 2605//2515 2599//2515
f 2605//2515 2606//2515 2599//2515
f 2599//2515 2606//2515 2600//2515
f 2606//2515 2607//2515 2600//2515
f 2600//2515 2607//2515 2601//2515
f 2607//2515 2608//2515 2601//2515
f 2602//2515 2609//2515 2603//2515
f 2609//2515 2610//2515 2603//2515
f 2603//2515 2610//2515 2604//2515
f 2610//2515 2611//2515 2604//2515
f 2604//2515 2611//2515 2605//2515
f 2611//2515 2612//2515 2605//2515
f 2605//2515 2612//2515 2606//2515
f 2612//2515 2613//2515 2606//2515
f 2606//2515 2613//2515 2607//2515
f 2613//2515 2614//2515 2607//2515
f 2607//2515 2614//2515 2608//2515
f 2614//2515 2615//2515 2608//2515
f 2609//2515 2616//2515 2610//2515
f 2616//2515 2617//2515 2610//2515
f 2610//2515 2617//2515 2611//2515
f 2617//2515 2618//2515 2611//2515
f 2611//2515 2618//2515 2612//2515
f 2618//2515 2619//2515 2612//2515
f 2612//2515 2619//2515 2613//2515
f 2619//2515 2620//2515 2613//2515
f 2613//2515 2620//2515 2614//2515
f 2620//2515 2621//2515 2614//2515
f 2614//2515 2621//2515 2615//2515
f 2621//2515 2622//2515 2615//2515
f 2616//2515 2623//2515 2617//2515
f 2623//2515 2624//2515 2617//2515
f 2617//2515 2624//2515 2618//2515
f 2624//2515 2625//2515 2618//2515
f 2618//2515 2625//2515 2619//2515
f 2625//2515 2626//2515 2619//2515
f 2619//2515 2626//2515 2620//2515
f 2626//2515 2627//2515 2620//2515
f 2620//2515 2627//2515 2621//2515
f 2627//2515 2628//2515 2621//2515
f 2621//2515 2628//2515 2622//2515
f 2628//2515 2629//2515 2622//2515
f 2630//2516 2637//2516 2631//2516
f 2637//2516 2638//2516 2631//2516
f 2631//2516 2638//2516 2632//2516
f 2638//2516 2639//2516 2632//2516
f 2632//2516 2639//2516 2633//2516
f 2639//2516 2640//2516 2633//2516
f 2633//2516 2640//2516 2634//2516
f 2640//2516 2641//2516 2634//2516
f 2634//2516 2641//2516 2635//2516
f 2641//2516 2642//2516 2635//2516
f 2635//2516 2642//2516 2636//2516
f 2642//2516 2643//2516 2636//2516
f 2637//2516 2644//2516 2638//2516
f 2644//2516 2645//2516 2638//2516
f 2638//2516 2645//2516 2639//2516
f 2645//2516 2646//2516 2639//2516
f 2639//2516 2646//2516 2640//2516
f 2646//2516 2647//2516 2640//2516
f 2640//2516 2647//2516 2641//2516
f 2647//2516 2648//2516 2641//2516
f 2641//2516 2648//2516 2642//2516
f 2648//2516 2649//2516 2642//2516
f 2642//2516 2649//2516 2643//2516
f 2649//2516 2650//2516 2643//2516
f 2644//2516 2651//2516 2645//2516
f 2651//2516 2652//2516 2645//2516
f 2645//2516 2652//2516 2646//2516
f 2652//2516 2653//2516 2646//2516
f 2646//2516 2653//2516 2647//2516
f 2653//2516 2654//2516 2647//2516
f 2647//2516 2654//2516 2648//2516
f 2654//2516 2655//2516 2648//2516
f 2648//2516 2655//2516 2649//2516
f 2655//2516 2656//2516 2649//2516
f 2649//2516 2656//2516 2650//2516
f 2656//2516 2657//2516 2650//2516
f 2651//2516 2658//2516 2652//2516
f 2658//2516 2659//2516 2652//2516
f 2652//2516 2659//2516 2653//2516
f 2659//2516 2660//2516 2653//2516
f 2653//2516 2660//2516 2654//2516
f 2660//2516 2661//2516 2654//2516
f 2654//2516 2661//2516 2655//2516
f 2661//2516 2662//2516 2655//2516
f 2655//2516 2662//2516 2656//2516
f 2662//2516 2663//2516 2656//2516
f 2656//2516 2663//2516 2657//2516
f 2663//2516 2664//2516 2657//2516
f 2658//2516 2665//2516 2659//2516
f 2665//2516 2666//2516 2659//2516
f 2659//2516 2666//2516 2660//2516
f 2666//2516 2667//2516 2660//2516
f 2660//2516 2667//2516 2661//2516
f 2667//2516 2668//2516 2661//2516
f 2661//2516 2668//2516 2662//2516
f 2668//2516 2669//2516 2662//2516
f 2662//2516 2669//2516 2663//2516
f 2669//2516 2670//2516 2663//2516
f 2663//2516 2670//2516 2664//2516
f 2670//2516 2671//2516 2664//2516
f 2665//2516 2672//2516 2666//2516
f 2672//2516 2673//2516 2666//2516
f 2666//2516 2673//2516 2667//2516
f 2673//2516 2674//2516 2667//2516
f 2667//2516 2674//2516 2668//2516
f 2674//2516 2675//2516 2668//2516
f 2668//2516 2675//2516 2669//2516
f 2675//2516 2676//2516 2669//2516
f 2669//2516 2676//2516 2670//2516
f 2676//2516 2677//2516 2670//2516
f 2670//2516 2677//2516 2671//2516
f 2677//2516 2678//2516 2671//2516
o Schnauze
usemtl wool_5
f 2679//2517 2686//2517 2680//2517
f 2686//2518 2687//2518 2680//2518
f 2680//2519 2687//2519 2681//2519
f 2687//2520 2688//2520 2681//2520
f 2681//2521 2688//2521 2682//2521
f 2688//2522 2689//2522 2682//2522
f 2682//2523 2689//2523 2683//2523
f 2689//2524 2690//2524 2683//2524
f 2683//2525 2690//2525 2684//2525
f 2690//2526 2691//2526 2684//2526
f 2684//2527 2691//2527 2685//2527
f 2691//2528 2692//2528 2685//2528
f 2686//2529 2693//2529 2687//2529
f 2693//2530 2694//2530 2687//2530
f 2687//2531 2694//2531 2688//2531
f 2694//2532 2695//2532 2688//2532
f 2688//2533 2695//2533 2689//2533
f 2695//2534 2696//2534 2689//2534
f 2689//2535 2696//2535 2690//2535
f 2696//2536 2697//2536 2690//2536
f 2690//2537 2697//2537 2691//2537
f 2697//2538 2698//2538 2691//2538
f 2691//2539 2698//2539 2692//2539
f 2698//2540 2699//2540 2692//2540
f 2693//2541 2700//2541 2694//2541
f 2700//2542 2701//2542 2694//2542
f 2694//2543 2701//2543 2695//2543
f 2701//2544 2702//2544 2695//2544
f 2695//2545 2702//2545 2696//2545
f 2702//2546 2703//2546 2696//2546
f 2696//2547 2703//2547 2697//2547
f 2703//2548 2704//2548 2697//2548
f 2697//2549 2704//2549 2698//2549
f 2704//2550 2705//2550 2698//2550
f 2698//2551 2705//2551 2699//2551
f 2705//2552 2706//2552 2699//2552
f 2700//2553 2707//2553 2701//2553
f 2707//2554 2708//2554 2701//2554
f 2701//2555 2708//2555 2702//2555
f 2708//2556 2709//2556 2702//2556
f 2702//2557 2709//2557 2703//2557
f 2709//2558 2710//2558 2703//2558
f 2703//2559 2710//2559 2704//2559
f 2710//2560 2711//2560 2704//2560
f 2704//2561 2711//2561 2705//2561
f 2711//2562 2712//2562 2705//2562
f 2705//2563 2712//2563 2706//2563
f 2712//2564 2713//2564 2706//2564
f 2707//2565 2714//2565 2708//2565
f 2714//2566 2715//2566 2708//2566
f 2708//2567 2715//2567 2709//2567
f 2715//2568 2716//2568 2709//2568
f 2709//2569 2716//2569 2710//2569
f 2716//2570 2717//2570 2710//2570
f 2710//2571 2717//2571 2711//2571
f 2717//2572 2718//2572 2711//2572
f 2711//2573 2718//2573 2712//2573
f 2718//2574 2719//2574 2712//2574
f 2712//2575 2719//2575 2713//2575
f 2719//2576 2720//2576 2713//2576
f 2714//2577 2721//2577 2715//2577
f 2721//2578 2722//2578 2715//2578
f 2715//2579 2722//2579 2716//2579
f 2722//2580 2723//2580 2716//2580
f 2716//2581 2723//2581 2717//2581
f 2723//2582 2724//2582 2717//2582
f 2717//2583 2724//2583 2718//2583
f 2724//2584 2725//2584 2718//2584
f 2718//2585 2725//2585 2719//2585
f 2725//2586 2726//2586 2719//2586
f 2719//2587 2726//2587 2720//2587
f 2726//2588 2727//2588 2720//2588
f 2728//2589 2735//2589 2729//2589
f 2735//2590 2736//2590 2729//2590
f 2729//2591 2736//2591 2730//2591
f 2736//2592 2737//2592 2730//2592
f 2730//2593 2737//2593 2731//2593
f 2737//2594 2738//2594 2731//2594
f 2731//2595 2738//2595 2732//2595
f 2738//2596 2739//2596 2732//2596
f 2732//2597 2739//2597 2733//2597
f 2739//2598 2740//2598 2733//2598
f 2733//2599 2740//2599 2734//2599
f 2740//2600 2741//2600 2734//2600
f 2735//2601 2742//2601 2736//2601
f 2742//2602 2743//2602 2736//2602
f 2736//2603 2743//2603 2737//2603
f 2743//2604 2744//2604 2737//2604
f 2737//2605 2744//2605 2738//2605
f 2744//2606 2745//2606 2738//2606
f 2738//2607 2745//2607 2739//2607
f 2745//2608 2746//2608 2739//2608
f 2739//2609 2746//2609 2740//2609
f 2746//2610 2747//2610 2740//2610
f 2740//2611 2747//2611 2741//2611
f 2747//2612 2748//2612 2741//2612
f 2742//2613 2749//2613 2743//2613
f 2749//2614 2750//2614 2743//2614
f 2743//2615 2750//2615 2744//2615
f 2750//2616 2751//2616 2744//2616
f 2744//2617 2751//2617 2745//2617
f 2751//2618 2752//2618 2745//2618
f 2745//2619 2752//2619 2746//2619
f 2752//2620 2753//2620 2746//2620
f 2746//2621 2753//2621 2747//2621
f 2753//2622 2754//2622 2747//2622
f 2747//2623 2754//2623 2748//2623
f 2754//2624 2755//2624 2748//2624
f 2749//2625 2756//2625 2750//2625
f 2756//2626 2757//2626 2750//2626
f 2750//2627 2757//2627 2751//2627
f 2757//2628 2758//2628 2751//2628
f 2751//2629 2758//2629 2752//2629
f 2758//2630 2759//2630 2752//2630
f 2752//2631 2759//2631 2753//2631
f 2759//2632 2760//2632 2753//2632
f 2753//2633 2760//2633 2754//2633
f 2760//2634 2761//2634 2754//2634
f 2754//2635 2761//2635 2755//2635
f 2761//2636 2762//2636 2755//2636
f 2756//2637 2763//2637 2757//2637
f 2763//2638 2764//2638 2757//2638
f 2757//2639 2764//2639 2758//2639
f 2764//2640 2765//2640 2758//2640
f 2758//2641 2765//2641 2759//2641
f 2765//2642 2766//2642 2759//2642
f 2759//2643 2766//2643 2760//2643
f 2766//2644 2767//2644 2760//2644
f 2760//2645 2767//2645 2761//2645
f 2767//2646 2768//2646 2761//2646
f 2761//2647 2768//2647 2762//2647
f 2768//2648 2769//2648 2762//2648
f 2763//2649 2770//2649 2764//2649
f 2770//2650 2771//2650 2764//2650
f 2764//2651 2771//2651 2765//2651
f 2771//2652 2772//2652 2765//2652
f 2765//2653 2772//2653 2766//2653
f 2772//2654 2773//2654 2766//2654
f 2766//2655 2773//2655 2767//2655
f 2773//2656 2774//2656 2767//2656
f 2767//2657 2774//2657 2768//2657
f 2774//2658 2775//2658 2768//2658
f 2768//2659 2775//2659 2769//2659
f 2775//2660 2776//2660 2769//2660
f 2777//2661 2784//2661 2778//2661
f 2784//2662 2785//2662 2778//2662
f 2778//2663 2785//2663 2779//2663
f 2785//2664 2786//2664 2779//2664
f 2779//2665 2786//2665 2780//2665
f 2786//2666 2787//2666 2780//2666
f 2780//2667 2787//2667 2781//2667
f 2787//2668 2788//2668 2781//2668
f 2781//2669 2788//2669 2782//2669
f 2788//2670 2789//2670 2782//2670
f 2782//2671 2789//2671 2783//2671
f 2789//2672 2790//2672 2783//2672
f 2784//2673 2791//2673 2785//2673
f 2791//2674 2792//2674 2785//2674
f 2785//2675 2792//2675 2786//2675
f 2792//2676 2793//2676 2786//2676
f 2786//2677 2793//2677 2787//2677
f 2793//2678 2794//2678 2787//2678
f 2787//2679 2794//2679 2788//2679
f 2794//2680 2795//2680 2788//2680
f 2788//2681 2795//2681 2789//2681
f 2795//2682 2796//2682 2789//2682
f 2789//2683 2796//2683 2790//2683
f 2796//2684 2797//2684 2790//2684
f 2791//2685 2798//2685 2792//2685
f 2798//2686 2799//2686 2792//2686
f 2792//2687 2799//2687 2793//2687
f 2799//2688 2800//2688 2793//2688
f 2793//2689 2800//2689 2794//2689
f 2800//2690 2801//2690 2794//2690
f 2794//2691 2801//2691 2795//2691
f 2801//2692 2802//2692 2795//2692
f 2795//2693 2802//2693 2796//2693
f 2802//2694 2803//2694 2796//2694
f 2796//2695 2803//2695 2797//2695
f 2803//2696 2804//2696 2797//2696
f 2798//2697 2805//2697 2799//2697
f 2805//2698 2806//2698 2799//2698
f 2799//2699 2806//2699 2800//2699
f 2806//2700 2807//2700 2800//2700
f 2800//2701 2807//2701 2801//2701
f 2807//2702 2808//2702 2801//2702
f 2801//2703 2808//2703 2802//2703
f 2808//2704 2809//2704 2802//2704
f 2802//2705 2809//2705 2803//2705
f 2809//2706 2810//2706 2803//2706
f 2803//2707 2810//2707 2804//2707
f 2810//2708 2811//2708 2804//2708
f 2805//2709 2812//2709 2806//2709
f 2812//2710 2813//2710 2806//2710
f 2806//2711 2813//2711 2807//2711
f 2813//2712 2814//2712 2807//2712
f 2807//2713 2814//2713 2808//2713
f 2814//2714 2815//2714 2808//2714
f 2808//2715 2815//2715 2809//2715
f 2815//2716 2816//2716 2809//2716
f 2809//2717 2816//2717 2810//2717
f 2816//2718 2817//2718 2810//2718
f 2810//2719 2817//2719 2811//2719
f 2817//2720 2818//2720 2811//2720
f 2812//2721 2819//2721 2813//2721
f 2819//2722 2820//2722 2813//2722
f 2813//2723 2820//2723 2814//2723
f 2820//2724 2821//2724 2814//2724
f 2814//2725 2821//2725 2815//2725
f 2821//2726 2822//2726 2815//2726
f 2815//2727 2822//2727 2816//2727
f 2822//2728 2823//2728 2816//2728
f 2816//2729 2823//2729 2817//2729
f 2823//2730 2824//2730 2817//2730
f 2817//2731 2824//2731 2818//2731
f 2824//2732 2825//2732 2818//2732
f 2826//2733 2833//2733 2827//2733
f 2833//2734 2834//2734 2827//2734
f 2827//2735 2834//2735 2828//2735
f 2834//2736 2835//2736 2828//2736
f 2828//2737 2835//2737 2829//2737
f 2835//2738 2836//2738 2829//2738
f 2829//2739 2836//2739 2830//2739
f 2836//2740 2837//2740 2830//2740
f 2830//2741 2837//2741 2831//2741
f 2837//2742 2838//2742 2831//2742
f 2831//2743 2838//2743 2832//2743
f 2838//2744 2839//2744 2832//2744
f 2833//2745 2840//2745 2834//2745
f 2840//2746 2841//2746 2834//2746
f 2834//2747 2841//2747 2835//2747
f 2841//2748 2842//2748 2835//2748
f 2835//2749 2842//2749 2836//2749
f 2842//2750 2843//2750 2836//2750
f 2836//2751 2843//2751 2837//2751
f 2843//2752 2844//2752 2837//2752
f 2837//2753 2844//2753 2838//2753
f 2844//2754 2845//2754 2838//2754
f 2838//2755 2845//2755 2839//2755
f 2845//2756 2846//2756 2839//2756
f 2840//2757 2847//2757 2841//2757
f 2847//2758 2848//2758 2841//2758
f 2841//2759 2848//2759 2842//2759
f 2848//2760 2849//2760 2842//2760
f 2842//2761 2849//2761 2843//2761
f 2849//2762 2850//2762 2843//2762
f 2843//2763 2850//2763 2844//2763
f 2850//2764 2851//2764 2844//2764
f 2844//2765 2851//2765 2845//2765
f 2851//2766 2852//2766 2845//2766
f 2845//2767 2852//2767 2846//2767
f 2852//2768 2853//2768 2846//2768
f 2847//2769 2854//2769 2848//2769
f 2854//2770 2855//2770 2848//2770
f 2848//2771 2855//2771 2849//2771
f 2855//2772 2856//2772 2849//2772
f 2849//2773 2856//2773 2850//2773
f 2856//2774 2857//2774 2850//2774
f 2850//2775 2857//2775 2851//2775
f 2857//2776 2858//2776 2851//2776
f 2851//2777 2858//2777 2852//2777
f 2858//2778 2859//2778 2852//2778
f 2852//2779 2859//2779 2853//2779
f 2859//2780 2860//2780 2853//2780
f 2854//2781 2861//2781 2855//2781
f 2861//2782 2862//2782 2855//2782
f 2855//2783 2862//2783 2856//2783
f 2862//2784 2863//2784 2856//2784
f 2856//2785 2863//2785 2857//2785
f 2863//2786 2864//2786 2857//2786
f 2857//2787 2864//2787 2858//2787
f 2864//2788 2865//2788 2858//2788
f 2858//2789 2865//2789 2859//2789
f 2865//2790 2866//2790 2859//2790
f 2859//2791 2866//2791 2860//2791
f 2866//2792 2867//2792 2860//2792
f 2861//2793 2868//2793 2862//2793
f 2868//2794 2869//2794 2862//2794
f 2862//2795 2869//2795 2863//2795
f 2869//2796 2870//2796 2863//2796
f 2863//2797 2870//2797 2864//2797
f 2870//2798 2871//2798 2864//2798
f 2864//2799 2871//2799 2865//2799
f 2871//2800 2872//2800 2865//2800
f 2865//2801 2872//2801 2866//2801
f 2872//2802 2873//2802 2866//2802
f 2866//2803 2873//2803 2867//2803
f 2873//2804 2874//2804 2867//2804
f 2875//2805 2882//2805 2876//2805
f 2882//2805 2883//2805 2876//2805
f 2876//2805 2883//2805 2877//2805
f 2883//2805 2884//2805 2877//2805
f 2877//2805 2884//2805 2878//2805
f 2884//2805 2885//2805 2878//2805
f 2878//2805 2885//2805 2879//2805
f 2885//2805 2886//2805 2879//2805
f 2879//2805 2886//2805 2880//2805
f 2886//2805 2887//2805 2880//2805
f 2880//2805 2887//2805 2881//2805
f 2887//2805 2888//2805 2881//2805
f 2882//2805 2889//2805 2883//2805
f 2889//2805 2890//2805 2883//2805
f 2883//2805 2890//2805 2884//2805
f 2890//2805 2891//2805 2884//2805
f 2884//2805 2891//2805 2885//2805
f 2891//2805 2892//2805 2885//2805
f 2885//2805 2892//2805 2886//2805
f 2892//2805 2893//2805 2886//2805
f 2886//2805 2893//2805 2887//2805
f 2893//2805 2894//2805 2887//2805
f 2887//2805 2894//2805 2888//2805
f 2894//2805 2895//2805 2888//2805
f 2889//2805 2896//2805 2890//2805
f 2896//2805 2897//2805 2890//2805
f 2890//2805 2897//2805 2891//2805
f 2897//2805 2898//2805 2891//2805
f 2891//2805 2898//2805 2892//2805
f 2898//2805 2899//2805 2892//2805
f 2892//2805 2899//2805 2893//2805
f 2899//2805 2900//2805 2893//2805
f 2893//2805 2900//2805 2894//2805
f 2900//2805 2901//2805 2894//2805
f 2894//2805 2901//2805 2895//2805
f 2901//2805 2902//2805 2895//2805
f 2896//2805 2903//2805 2897//2805
f 2903//2805 2904//2805 2897//2805
f 2897//2805 2904//2805 2898//2805
f 2904//2805 2905//2805 2898//2805
f 2898//2805 2905//2805 2899//2805
f 2905//2805 2906//2805 2899//2805
f 2899//2805 2906//2805 2900//2805
f 2906//2805 2907//2805 2900//2805
f 2900//2805 2907//2805 2901//2805
f 2907//2805 2908//2805 2901//2805
f 2901//2805 2908//2805 2902//2805
f 2908//2805 2909//2805 2902//2805
f 2903//2805 2910//2805 2904//2805
f 2910//2805 2911//2805 2904//2805
f 2904//2805 2911//2805 2905//2805
f 2911//2805 2912//2805 2905//2805
f 2905//2805 2912//2805 2906//2805
f 2912//2805 2913//2805 2906//2805
f 2906//2805 2913//2805 2907//2805
f 2913//2805 2914//2805 2907//2805
f 2907//2805 2914//2805 2908//2805
f 2914//2805 2915//2805 2908//2805
f 2908//2805 2915//2805 2909//2805
f 2915//2805 2916//2805 2909//2805
f 2910//2805 2917//2805 2911//2805
f 2917//2805 2918//2805 2911//2805
f 2911//2805 2918//2805 2912//2805
f 2918//2805 2919//2805 2912//2805
f 2912//2805 2919//2805 2913//2805
f 2919//2805 2920//2805 2913//2805
f 2913//2805 2920//2805 2914//2805
f 2920//2805 2921//2805 2914//2805
f 2914//2805 2921//2805 2915//2805
f 2921//2805 2922//2805 2915//2805
f 2915//2805 2922//2805 2916//2805
f 2922//2805 2923//2805 2916//2805
f 2924//2806 2931//2806 2925//2806
f 2931//2806 2932//2806 2925//2806
f 2925//2806 2932//2806 2926//2806
f 2932//2806 2933//2806 2926//2806
f 2926//2806 2933//2806 2927//2806
f 2933//2806 2934//2806 2927//2806
f 2927//2806 2934//2806 2928//2806
f 2934//2806 2935//2806 2928//2806
f 2928//2806 2935//2806 2929//2806
f 2935//2806 2936//2806 2929//2806
f 2929//2806 2936//2806 2930//2806
f 2936//2806 2937//2806 2930//2806
f 2931//2806 2938//2806 2932//2806
f 2938//2806 2939//2806 2932//2806
f 2932//2806 2939//2806 2933//2806
f 2939//2806 2940//2806 2933//2806
f 2933//2806 2940//2806 2934//2806
f 2940//2806 2941//2806 2934//2806
f 2934//2806 2941//2806 2935//2806
f 2941//2806 2942//2806 2935//2806
f 2935//2806 2942//2806 2936//2806
f 2942//2806 2943//2806 2936//2806
f 2936//2806 2943//2806 2937//2806
f 2943//2806 2944//2806 2937//2806
f 2938//2806 2945//2806 2939//2806
f 2945//2806 2946//2806 2939//2806
f 2939//2806 2946//2806 2940//2806
f 2946//2806 2947//2806 2940//2806
f 2940//2806 2947//2806 2941//2806
f 2947//2806 2948//2806 2941//2806
f 2941//2806 2948//2806 2942//2806
f 2948//2806 2949//2806 2942//2806
f 2942//2806 2949//2806 2943//2806
f 2949//2806 2950//2806 2943//2806
f 2943//2806 2950//2806 2944//2806
f 2950//2806 2951//2806 2944//2806
f 2945//2806 2952//2806 2946//2806
f 2952//2806 2953//2806 2946//2806
f 2946//2806 2953//2806 2947//2806
f 2953//2806 2954//2806 2947//2806
f 2947//2806 2954//2806 2948//2806
f 2954//2806 2955//2806 2948//2806
f 2948//2806 2955//2806 2949//2806
f 2955//2806 2956//2806 2949//2806
f 2949//2806 2956//2806 2950//2806
f 2956//2806 2957//2806 2950//2806
f 2950//2806 2957//2806 2951//2806
f 2957//2806 2958//2806 2951//2806
f 2952//2806 2959//2806 2953//2806
f 2959//2806 2960//2806 2953//2806
f 2953//2806 2960//2806 2954//2806
f 2960//2806 2961//2806 2954//2806
f 2954//2806 2961//2806 2955//2806
f 2961//2806 2962//2806 2955//2806
f 2955//2806 2962//2806 2956//2806
f 2962//2806 2963//2806 2956//2806
f 2956//2806 2963//2806 2957//2806
f 2963//2806 2964//2806 2957//2806
f 2957//2806 2964//2806 2958//2806
f 2964//2806 2965//2806 2958//2806
f 2959//2806 2966//2806 2960//2806
f 2966//2806 2967//2806 2960//2806
f 2960//2806 2967//2806 2961//2806
f 2967//2806 2968//2806 2961//2806
f 2961//2806 2968//2806 2962//2806
f 2968//2806 2969//2806 2962//2806
f 2962//2806 2969//2806 2963//2806
f 2969//2806 2970//2806 2963//2806
f 2963//2806 2970//2806 2964//2806
f 2970//2806 2971//2806 2964//2806
f 2964//2806 2971//2806 2965//2806
f 2971//2806 2972//2806 2965//2806
o Nase
usemtl dark_6
f 2973//2807 2980//2807 2974//2807
f 2980//2807 2981//2807 2974//2807
f 2974//2808 2981//2808 2975//2808
f 2981//2809 2982//2809 2975//2809
f 2975//2810 2982//2810 2976//2810
f 2982//2810 2983//2810 2976//2810
f 2976//2811 2983//2811 2977//2811
f 2983//2811 2984//2811 2977//2811
f 2977//2812 2984//2812 2978//2812
f 2984//2813 2985//2813 2978//2813
f 2978//2814 2985//2814 2979//2814
f 2985//2814 2986//2814 2979//2814
f 2980//2815 2987//2815 2981//2815
f 2987//2815 2988//2815 2981//2815
f 2981//2816 2988//2816 2982//2816
f 2988//2816 2989//2816 2982//2816
f 2982//2817 2989//2817 2983//2817
f 2989//2817 2990//2817 2983//2817
f 2983//2818 2990//2818 2984//2818
f 2990//2818 2991//2818 2984//2818
f 2984//2819 2991//2819 2985//2819
f 2991//2819 2992//2819 2985//2819
f 2985//2820 2992//2820 2986//2820
f 2992//2820 2993//2820 2986//2820
f 2987//2821 2994//2821 2988//2821
f 2994//2821 2995//2821 2988//2821
f 2988//2822 2995//2822 2989//2822
f 2995//2822 2996//2822 2989//2822
f 2989//2823 2996//2823 2990//2823
f 2996//2823 2997//2823 2990//2823
f 2990//2824 2997//2824 2991//2824
f 2997//2824 2998//2824 2991//2824
f 2991//2825 2998//2825 2992//2825
f 2998//2825 2999//2825 2992//2825
f 2992//2826 2999//2826 2993//2826
f 2999//2826 3000//2826 2993//2826
f 2994//2827 3001//2827 2995//2827
f 3001//2827 3002//2827 2995//2827
f 2995//2828 3002//2828 2996//2828
f 3002//2828 3003//2828 2996//2828
f 2996//2829 3003//2829 2997//2829
f 3003//2829 3004//2829 2997//2829
f 2997//2830 3004//2830 2998//2830
f 3004//2830 3005//2830 2998//2830
f 2998//2831 3005//2831 2999//2831
f 3005//2831 3006//2831 2999//2831
f 2999//2832 3006//2832 3000//2832
f 3006//2832 3007//2832 3000//2832
f 3001//2833 3008//2833 3002//2833
f 3008//2833 3009//2833 3002//2833
f 3002//2834 3009//2834 3003//2834
f 3009//2834 3010//2834 3003//2834
f 3003//2835 3010//2835 3004//2835
f 3010//2835 3011//2835 3004//2835
f 3004//2836 3011//2836 3005//2836
f 3011//2836 3012//2836 3005//2836
f 3005//2837 3012//2837 3006//2837
f 3012//2837 3013//2837 3006//2837
f 3006//2838 3013//2838 3007//2838
f 3013//2838 3014//2838 3007//2838
f 3008//2839 3015//2839 3009//2839
f 3015//2839 3016//2839 3009//2839
f 3009//2840 3016//2840 3010//2840
f 3016//2841 3017//2841 3010//2841
f 3010//2842 3017//2842 3011//2842
f 3017//2842 3018//2842 3011//2842
f 3011//2843 3018//2843 3012//2843
f 3018//2843 3019//2843 3012//2843
f 3012//2844 3019//2844 3013//2844
f 3019//2845 3020//2845 3013//2845
f 3013//2846 3020//2846 3014//2846
f 3020//2846 3021//2846 3014//2846
f 3022//2847 3029//2847 3023//2847
f 3029//2847 3030//2847 3023//2847
f 3023//2848 3030//2848 3024//2848
f 3030//2849 3031//2849 3024//2849
f 3024//2850 3031//2850 3025//2850
f 3031//2850 3032//2850 3025//2850
f 3025//2851 3032//2851 3026//2851
f 3032//2851 3033//2851 3026//2851
f 3026//2852 3033//2852 3027//2852
f 3033//2853 3034//2853 3027//2853
f 3027//2854 3034//2854 3028//2854
f 3034//2854 3035//2854 3028//2854
f 3029//2855 3036//2855 3030//2855
f 3036//2855 3037//2855 3030//2855
f 3030//2856 3037//2856 3031//2856
f 3037//2856 3038//2856 3031//2856
f 3031//2857 3038//2857 3032//2857
f 3038//2857 3039//2857 3032//2857
f 3032//2858 3039//2858 3033//2858
f 3039//2858 3040//2858 3033//2858
f 3033//2859 3040//2859 3034//2859
f 3040//2859 3041//2859 3034//2859
f 3034//2860 3041//2860 3035//2860
f 3041//2860 3042//2860 3035//2860
f 3036//2861 3043//2861 3037//2861
f 3043//2861 3044//2861 3037//2861
f 3037//2862 3044//2862 3038//2862
f 3044//2862 3045//2862 3038//2862
f 3038//2863 3045//2863 3039//2863
f 3045//2863 3046//2863 3039//2863
f 3039//2864 3046//2864 3040//2864
f 3046//2864 3047//2864 3040//2864
f 3040//2865 3047//2865 3041//2865
f 3047//2865 3048//2865 3041//2865
f 3041//2866 3048//2866 3042//2866
f 3048//2866 3049//2866 3042//2866
f 3043//2867 3050//2867 3044//2867
f 3050//2867 3051//2867 3044//2867
f 3044//2868 3051//2868 3045//2868
f 3051//2868 3052//2868 3045//2868
f 3045//2869 3052//2869 3046//2869
f 3052//2869 3053//2869 3046//2869
f 3046//2870 3053//2870 3047//2870
f 3053//2870 3054//2870 3047//2870
f 3047//2871 3054//2871 3048//2871
f 3054//2871 3055//2871 3048//2871
f 3048//2872 3055//2872 3049//2872
f 3055//2872 3056//2872 3049//2872
f 3050//2873 3057//2873 3051//2873
f 3057//2873 3058//2873 3051//2873
f 3051//2874 3058//2874 3052//2874
f 3058//2874 3059//2874 3052//2874
f 3052//2875 3059//2875 3053//2875
f 3059//2875 3060//2875 3053//2875
f 3053//2876 3060//2876 3054//2876
f 3060//2876 3061//2876 3054//2876
f 3054//2877 3061//2877 3055//2877
f 3061//2877 3062//2877 3055//2877
f 3055//2878 3062//2878 3056//2878
f 3062//2878 3063//2878 3056//2878
f 3057//2879 3064//2879 3058//2879
f 3064//2879 3065//2879 3058//2879
f 3058//2880 3065//2880 3059//2880
f 3065//2881 3066//2881 3059//2881
f 3059//2882 3066//2882 3060//2882
f 3066//2882 3067//2882 3060//2882
f 3060//2883 3067//2883 3061//2883
f 3067//2883 3068//2883 3061//2883
f 3061//2884 3068//2884 3062//2884
f 3068//2885 3069//2885 3062//2885
f 3062//2886 3069//2886 3063//2886
f 3069//2886 3070//2886 3063//2886
f 3071//2887 3078//2887 3072//2887
f 3078//2887 3079//2887 3072//2887
f 3072//2888 3079//2888 3073//2888
f 3079//2888 3080//2888 3073//2888
f 3073//2889 3080//2889 3074//2889
f 3080//2889 3081//2889 3074//2889
f 3074//2890 3081//2890 3075//2890
f 3081//2890 3082//2890 3075//2890
f 3075//2891 3082//2891 3076//2891
f 3082//2891 3083//2891 3076//2891
f 3076//2892 3083//2892 3077//2892
f 3083//2892 3084//2892 3077//2892
f 3078//2893 3085//2893 3079//2893
f 3085//2894 3086//2894 3079//2894
f 3079//2895 3086//2895 3080//2895
f 3086//2895 3087//2895 3080//2895
f 3080//2896 3087//2896 3081//2896
f 3087//2896 3088//2896 3081//2896
f 3081//2897 3088//2897 3082//2897
f 3088//2897 3089//2897 3082//2897
f 3082//2898 3089//2898 3083//2898
f 3089//2898 3090//2898 3083//2898
f 3083//2899 3090//2899 3084//2899
f 3090//2900 3091//2900 3084//2900
f 3085//2901 3092//2901 3086//2901
f 3092//2901 3093//2901 3086//2901
f 3086//2902 3093//2902 3087//2902
f 3093//2902 3094//2902 3087//2902
f 3087//2903 3094//2903 3088//2903
f 3094//2903 3095//2903 3088//2903
f 3088//2904 3095//2904 3089//2904
f 3095//2904 3096//2904 3089//2904
f 3089//2905 3096//2905 3090//2905
f 3096//2905 3097//2905 3090//2905
f 3090//2906 3097//2906 3091//2906
f 3097//2906 3098//2906 3091//2906
f 3092//2907 3099//2907 3093//2907
f 3099//2907 3100//2907 3093//2907
f 3093//2908 3100//2908 3094//2908
f 3100//2908 3101//2908 3094//2908
f 3094//2909 3101//2909 3095//2909
f 3101//2909 3102//2909 3095//2909
f 3095//2910 3102//2910 3096//2910
f 3102//2910 3103//2910 3096//2910
f 3096//2911 3103//2911 3097//2911
f 3103//2911 3104//2911 3097//2911
f 3097//2912 3104//2912 3098//2912
f 3104//2912 3105//2912 3098//2912
f 3099//2913 3106//2913 3100//2913
f 3106//2914 3107//2914 3100//2914
f 3100//2915 3107//2915 3101//2915
f 3107//2915 3108//2915 3101//2915
f 3101//2916 3108//2916 3102//2916
f 3108//2916 3109//2916 3102//2916
f 3102//2917 3109//2917 3103//2917
f 3109//2917 3110//2917 3103//2917
f 3103//2918 3110//2918 3104//2918
f 3110//2918 3111//2918 3104//2918
f 3104//2919 3111//2919 3105//2919
f 3111//2920 3112//2920 3105//2920
f 3106//2921 3113//2921 3107//2921
f 3113//2921 3114//2921 3107//2921
f 3107//2922 3114//2922 3108//2922
f 3114//2922 3115//2922 3108//2922
f 3108//2923 3115//2923 3109//2923
f 3115//2923 3116//2923 3109//2923
f 3109//2924 3116//2924 3110//2924
f 3116//2924 3117//2924 3110//2924
f 3110//2925 3117//2925 3111//2925
f 3117//2925 3118//2925 3111//2925
f 3111//2926 3118//2926 3112//2926
f 3118//2926 3119//2926 3112//2926
f 3120//2927 3127//2927 3121//2927
f 3127//2927 3128//2927 3121//2927
f 3121//2928 3128//2928 3122//2928
f 3128//2928 3129//2928 3122//2928
f 3122//2929 3129//2929 3123//2929
f 3129//2929 3130//2929 3123//2929
f 3123//2930 3130//2930 3124//2930
f 3130//2930 3131//2930 3124//2930
f 3124//2931 3131//2931 3125//2931
f 3131//2931 3132//2931 3125//2931
f 3125//2932 3132//2932 3126//2932
f 3132//2932 3133//2932 3126//2932
f 3127//2933 3134//2933 3128//2933
f 3134//2934 3135//2934 3128//2934
f 3128//2935 3135//2935 3129//2935
f 3135//2935 3136//2935 3129//2935
f 3129//2936 3136//2936 3130//2936
f 3136//2936 3137//2936 3130//2936
f 3130//2937 3137//2937 3131//2937
f 3137//2937 3138//2937 3131//2937
f 3131//2938 3138//2938 3132//2938
f 3138//2938 3139//2938 3132//2938
f 3132//2939 3139//2939 3133//2939
f 3139//2940 3140//2940 3133//2940
f 3134//2941 3141//2941 3135//2941
f 3141//2941 3142//2941 3135//2941
f 3135//2942 3142//2942 3136//2942
f 3142//2942 3143//2942 3136//2942
f 3136//2943 3143//2943 3137//2943
f 3143//2943 3144//2943 3137//2943
f 3137//2944 3144//2944 3138//2944
f 3144//2944 3145//2944 3138//2944
f 3138//2945 3145//2945 3139//2945
f 3145//2945 3146//2945 3139//2945
f 3139//2946 3146//2946 3140//2946
f 3146//2946 3147//2946 3140//2946
f 3141//2947 3148//2947 3142//2947
f 3148//2947 3149//2947 3142//2947
f 3142//2948 3149//2948 3143//2948
f 3149//2948 3150//2948 3143//2948
f 3143//2949 3150//2949 3144//2949
f 3150//2949 3151//2949 3144//2949
f 3144//2950 3151//2950 3145//2950
f 3151//2950 3152//2950 3145//2950
f 3145//2951 3152//2951 3146//2951
f 3152//2951 3153//2951 3146//2951
f 3146//2952 3153//2952 3147//2952
f 3153//2952 3154//2952 3147//2952
f 3148//2953 3155//2953 3149//2953
f 3155//2954 3156//2954 3149//2954
f 3149//2955 3156//2955 3150//2955
f 3156//2955 3157//2955 3150//2955
f 3150//2956 3157//2956 3151//2956
f 3157//2956 3158//2956 3151//2956
f 3151//2957 3158//2957 3152//2957
f 3158//2957 3159//2957 3152//2957
f 3152//2958 3159//2958 3153//2958
f 3159//2958 3160//2958 3153//2958
f 3153//2959 3160//2959 3154//2959
f 3160//2960 3161//2960 3154//2960
f 3155//2961 3162//2961 3156//2961
f 3162//2961 3163//2961 3156//2961
f 3156//2962 3163//2962 3157//2962
f 3163//2962 3164//2962 3157//2962
f 3157//2963 3164//2963 3158//2963
f 3164//2963 3165//2963 3158//2963
f 3158//2964 3165//2964 3159//2964
f 3165//2964 3166//2964 3159//2964
f 3159//2965 3166//2965 3160//2965
f 3166//2965 3167//2965 3160//2965
f 3160//2966 3167//2966 3161//2966
f 3167//2966 3168//2966 3161//2966
f 3169//103 3176//103 3170//103
f 3176//103 3177//103 3170//103
f 3170//103 3177//103 3171//103
f 3177//103 3178//103 3171//103
f 3171//103 3178//103 3172//103
f 3178//103 3179//103 3172//103
f 3172//103 3179//103 3173//103
f 3179//103 3180//103 3173//103
f 3173//103 3180//103 3174//103
f 3180//103 3181//103 3174//103
f 3174//103 3181//103 3175//103
f 3181//103 3182//103 3175//103
f 3176//103 3183//103 3177//103
f 3183//103 3184//103 3177//103
f 3177//103 3184//103 3178//103
f 3184//103 3185//103 3178//103
f 3178//103 3185//103 3179//103
f 3185//103 3186//103 3179//103
f 3179//103 3186//103 3180//103
f 3186//103 3187//103 3180//103
f 3180//103 3187//103 3181//103
f 3187//103 3188//103 3181//103
f 3181//103 3188//103 3182//103
f 3188//103 3189//103 3182//103
f 3183//103 3190//103 3184//103
f 3190//103 3191//103 3184//103
f 3184//103 3191//103 3185//103
f 3191//103 3192//103 3185//103
f 3185//103 3192//103 3186//103
f 3192//103 3193//103 3186//103
f 3186//103 3193//103 3187//103
f 3193//103 3194//103 3187//103
f 3187//103 3194//103 3188//103
f 3194//103 3195//103 3188//103
f 3188//103 3195//103 3189//103
f 3195//103 3196//103 3189//103
f 3190//103 3197//103 3191//103
f 3197//103 3198//103 3191//103
f 3191//103 3198//103 3192//103
f 3198//103 3199//103 3192//103
f 3192//103 3199//103 3193//103
f 3199//103 3200//103 3193//103
f 3193//103 3200//103 3194//103
f 3200//103 3201//103 3194//103
f 3194//103 3201//103 3195//103
f 3201//103 3202//103 3195//103
f 3195//103 3202//103 3196//103
f 3202//103 3203//103 3196//103
f 3197//103 3204//103 3198//103
f 3204//103 3205//103 3198//103
f 3198//103 3205//103 3199//103
f 3205//103 3206//103 3199//103
f 3199//103 3206//103 3200//103
f 3206//103 3207//103 3200//103
f 3200//103 3207//103 3201//103
f 3207//103 3208//103 3201//103
f 3201//103 3208//103 3202//103
f 3208//103 3209//103 3202//103
f 3202//103 3209//103 3203//103
f 3209//103 3210//103 3203//103
f 3204//103 3211//103 3205//103
f 3211//103 3212//103 3205//103
f 3205//103 3212//103 3206//103
f 3212//103 3213//103 3206//103
f 3206//103 3213//103 3207//103
f 3213//103 3214//103 3207//103
f 3207//103 3214//103 3208//103
f 3214//103 3215//103 3208//103
f 3208//103 3215//103 3209//103
f 3215//103 3216//103 3209//103
f 3209//103 3216//103 3210//103
f 3216//103 3217//103 3210//103
f 3218//104 3225//104 3219//104
f 3225//104 3226//104 3219//104
f 3219//104 3226//104 3220//104
f 3226//104 3227//104 3220//104
f 3220//104 3227//104 3221//104
f 3227//104 3228//104 3221//104
f 3221//104 3228//104 3222//104
f 3228//104 3229//104 3222//104
f 3222//104 3229//104 3223//104
f 3229//104 3230//104 3223//104
f 3223//104 3230//104 3224//104
f 3230//104 3231//104 3224//104
f 3225//104 3232//104 3226//104
f 3232//104 3233//104 3226//104
f 3226//104 3233//104 3227//104
f 3233//104 3234//104 3227//104
f 3227//104 3234//104 3228//104
f 3234//104 3235//104 3228//104
f 3228//104 3235//104 3229//104
f 3235//104 3236//104 3229//104
f 3229//104 3236//104 3230//104
f 3236//104 3237//104 3230//104
f 3230//104 3237//104 3231//104
f 3237//104 3238//104 3231//104
f 3232//104 3239//104 3233//104
f 3239//104 3240//104 3233//104
f 3233//104 3240//104 3234//104
f 3240//104 3241//104 3234//104
f 3234//104 3241//104 3235//104
f 3241//104 3242//104 3235//104
f 3235//104 3242//104 3236//104
f 3242//104 3243//104 3236//104
f 3236//104 3243//104 3237//104
f 3243//104 3244//104 3237//104
f 3237//104 3244//104 3238//104
f 3244//104 3245//104 3238//104
f 3239//104 3246//104 3240//104
f 3246//104 3247//104 3240//104
f 3240//104 3247//104 3241//104
f 3247//104 3248//104 3241//104
f 3241//104 3248//104 3242//104
f 3248//104 3249//104 3242//104
f 3242//104 3249//104 3243//104
f 3249//104 3250//104 3243//104
f 3243//104 3250//104 3244//104
f 3250//104 3251//104 3244//104
f 3244//104 3251//104 3245//104
f 3251//104 3252//104 3245//104
f 3246//104 3253//104 3247//104
f 3253//104 3254//104 3247//104
f 3247//104 3254//104 3248//104
f 3254//104 3255//104 3248//104
f 3248//104 3255//104 3249//104
f 3255//104 3256//104 3249//104
f 3249//104 3256//104 3250//104
f 3256//104 3257//104 3250//104
f 3250//104 3257//104 3251//104
f 3257//104 3258//104 3251//104
f 3251//104 3258//104 3252//104
f 3258//104 3259//104 3252//104
f 3253//104 3260//104 3254//104
f 3260//104 3261//104 3254//104
f 3254//104 3261//104 3255//104
f 3261//104 3262//104 3255//104
f 3255//104 3262//104 3256//104
f 3262//104 3263//104 3256//104
f 3256//104 3263//104 3257//104
f 3263//104 3264//104 3257//104
f 3257//104 3264//104 3258//104
f 3264//104 3265//104 3258//104
f 3258//104 3265//104 3259//104
f 3265//104 3266//104 3259//104
o Auge
usemtl dark_6
f 3267//2967 3274//2967 3268//2967
f 3274//2968 3275//2968 3268//2968
f 3268//2969 3275//2969 3269//2969
f 3275//2970 3276//2970 3269//2970
f 3269//2971 3276//2971 3270//2971
f 3276//2972 3277//2972 3270//2972
f 3270//2973 3277//2973 3271//2973
f 3277//2974 3278//2974 3271//2974
f 3271//2975 3278//2975 3272//2975
f 3278//2976 3279//2976 3272//2976
f 3272//2977 3279//2977 3273//2977
f 3279//2978 3280//2978 3273//2978
f 3274//2979 3281//2979 3275//2979
f 3281//2980 3282//2980 3275//2980
f 3275//2981 3282//2981 3276//2981
f 3282//2982 3283//2982 3276//2982
f 3276//2983 3283//2983 3277//2983
f 3283//2984 3284//2984 3277//2984
f 3277//2985 3284//2985 3278//2985
f 3284//2986 3285//2986 3278//2986
f 3278//2987 3285//2987 3279//2987
f 3285//2988 3286//2988 3279//2988
f 3279//2989 3286//2989 3280//2989
f 3286//2990 3287//2990 3280//2990
f 3281//2991 3288//2991 3282//2991
f 3288//2992 3289//2992 3282//2992
f 3282//2993 3289//2993 3283//2993
f 3289//2994 3290//2994 3283//2994
f 3283//2995 3290//2995 3284//2995
f 3290//2996 3291//2996 3284//2996
f 3284//2997 3291//2997 3285//2997
f 3291//2998 3292//2998 3285//2998
f 3285//2999 3292//2999 3286//2999
f 3292//3000 3293//3000 3286//3000
f 3286//3001 3293//3001 3287//3001
f 3293//3002 3294//3002 3287//3002
f 3288//3003 3295//3003 3289//3003
f 3295//3004 3296//3004 3289//3004
f 3289//3005 3296//3005 3290//3005
f 3296//3006 3297//3006 3290//3006
f 3290//3007 3297//3007 3291//3007
f 3297//3008 3298//3008 3291//3008
f 3291//3009 3298//3009 3292//3009
f 3298//3010 3299//3010 3292//3010
f 3292//3011 3299//3011 3293//3011
f 3299//3012 3300//3012 3293//3012
f 3293//3013 3300//3013 3294//3013
f 3300//3014 3301//3014 3294//3014
f 3295//3015 3302//3015 3296//3015
f 3302//3016 3303//3016 3296//3016
f 3296//3017 3303//3017 3297//3017
f 3303//3018 3304//3018 3297//3018
f 3297//3019 3304//3019 3298//3019
f 3304//3020 3305//3020 3298//3020
f 3298//3021 3305//3021 3299//3021
f 3305//3022 3306//3022 3299//3022
f 3299//3023 3306//3023 3300//3023
f 3306//3024 3307//3024 3300//3024
f 3300//3025 3307//3025 3301//3025
f 3307//3026 3308//3026 3301//3026
f 3302//3027 3309//3027 3303//3027
f 3309//3028 3310//3028 3303//3028
f 3303//3029 3310//3029 3304//3029
f 3310//3030 3311//3030 3304//3030
f 3304//3031 3311//3031 3305//3031
f 3311//3032 3312//3032 3305//3032
f 3305//3033 3312//3033 3306//3033
f 3312//3034 3313//3034 3306//3034
f 3306//3035 3313//3035 3307//3035
f 3313//3036 3314//3036 3307//3036
f 3307//3037 3314//3037 3308//3037
f 3314//3038 3315//3038 3308//3038
f 3316//3039 3323//3039 3317//3039
f 3323//3040 3324//3040 3317//3040
f 3317//3041 3324//3041 3318//3041
f 3324//3042 3325//3042 3318//3042
f 3318//3043 3325//3043 3319//3043
f 3325//3044 3326//3044 3319//3044
f 3319//3045 3326//3045 3320//3045
f 3326//3046 3327//3046 3320//3046
f 3320//3047 3327//3047 3321//3047
f 3327//3048 3328//3048 3321//3048
f 3321//3049 3328//3049 3322//3049
f 3328//3050 3329//3050 3322//3050
f 3323//3051 3330//3051 3324//3051
f 3330//3052 3331//3052 3324//3052
f 3324//3053 3331//3053 3325//3053
f 3331//3054 3332//3054 3325//3054
f 3325//3055 3332//3055 3326//3055
f 3332//3056 3333//3056 3326//3056
f 3326//3057 3333//3057 3327//3057
f 3333//3058 3334//3058 3327//3058
f 3327//3059 3334//3059 3328//3059
f 3334//3060 3335//3060 3328//3060
f 3328//3061 3335//3061 3329//3061
f 3335//3062 3336//3062 3329//3062
f 3330//3063 3337//3063 3331//3063
f 3337//3064 3338//3064 3331//3064
f 3331//3065 3338//3065 3332//3065
f 3338//3066 3339//3066 3332//3066
f 3332//3067 3339//3067 3333//3067
f 3339//3068 3340//3068 3333//3068
f 3333//3069 3340//3069 3334//3069
f 3340//3070 3341//3070 3334//3070
f 3334//3071 3341//3071 3335//3071
f 3341//3072 3342//3072 3335//3072
f 3335//3073 3342//3073 3336//3073
f 3342//3074 3343//3074 3336//3074
f 3337//3075 3344//3075 3338//3075
f 3344//3076 3345//3076 3338//3076
f 3338//3077 3345//3077 3339//3077
f 3345//3078 3346//3078 3339//3078
f 3339//3079 3346//3079 3340//3079
f 3346//3080 3347//3080 3340//3080
f 3340//3081 3347//3081 3341//3081
f 3347//3082 3348//3082 3341//3082
f 3341//3083 3348//3083 3342//3083
f 3348//3084 3349//3084 3342//3084
f 3342//3085 3349//3085 3343//3085
f 3349//3086 3350//3086 3343//3086
f 3344//3087 3351//3087 3345//3087
f 3351//3088 3352//3088 3345//3088
f 3345//3089 3352//3089 3346//3089
f 3352//3090 3353//3090 3346//3090
f 3346//3091 3353//3091 3347//3091
f 3353//3092 3354//3092 3347//3092
f 3347//3093 3354//3093 3348//3093
f 3354//3094 3355//3094 3348//3094
f 3348//3095 3355//3095 3349//3095
f 3355//3096 3356//3096 3349//3096
f 3349//3097 3356//3097 3350//3097
f 3356//3098 3357//3098 3350//3098
f 3351//3099 3358//3099 3352//3099
f 3358//3100 3359//3100 3352//3100
f 3352//3101 3359//3101 3353//3101
f 3359//3102 3360//3102 3353//3102
f 3353//3103 3360//3103 3354//3103
f 3360//3104 3361//3104 3354//3104
f 3354//3105 3361//3105 3355//3105
f 3361//3106 3362//3106 3355//3106
f 3355//3107 3362//3107 3356//3107
f 3362//3108 3363//3108 3356//3108
f 3356//3109 3363//3109 3357//3109
f 3363//3110 3364//3110 3357//3110
f 3365//3111 3372//3111 3366//3111
f 3372//3112 3373//3112 3366//3112
f 3366//3113 3373//3113 3367//3113
f 3373//3114 3374//3114 3367//3114
f 3367//3115 3374//3115 3368//3115
f 3374//3116 3375//3116 3368//3116
f 3368//3117 3375//3117 3369//3117
f 3375//3118 3376//3118 3369//3118
f 3369//3119 3376//3119 3370//3119
f 3376//3120 3377//3120 3370//3120
f 3370//3121 3377//3121 3371//3121
f 3377//3122 3378//3122 3371//3122
f 3372//3123 3379//3123 3373//3123
f 3379//3124 3380//3124 3373//3124
f 3373//3125 3380//3125 3374//3125
f 3380//3126 3381//3126 3374//3126
f 3374//3127 3381//3127 3375//3127
f 3381//3128 3382//3128 3375//3128
f 3375//3129 3382//3129 3376//3129
f 3382//3130 3383//3130 3376//3130
f 3376//3131 3383//3131 3377//3131
f 3383//3132 3384//3132 3377//3132
f 3377//3133 3384//3133 3378//3133
f 3384//3134 3385//3134 3378//3134
f 3379//3135 3386//3135 3380//3135
f 3386//3136 3387//3136 3380//3136
f 3380//3137 3387//3137 3381//3137
f 3387//3138 3388//3138 3381//3138
f 3381//3139 3388//3139 3382//3139
f 3388//3140 3389//3140 3382//3140
f 3382//3141 3389//3141 3383//3141
f 3389//3142 3390//3142 3383//3142
f 3383//3143 3390//3143 3384//3143
f 3390//3144 3391//3144 3384//3144
f 3384//3145 3391//3145 3385//3145
f 3391//3146 3392//3146 3385//3146
f 3386//3147 3393//3147 3387//3147
f 3393//3148 3394//3148 3387//3148
f 3387//3149 3394//3149 3388//3149
f 3394//3150 3395//3150 3388//3150
f 3388//3151 3395//3151 3389//3151
f 3395//3152 3396//3152 3389//3152
f 3389//3153 3396//3153 3390//3153
f 3396//3154 3397//3154 3390//3154
f 3390//3155 3397//3155 3391//3155
f 3397//3156 3398//3156 3391//3156
f 3391//3157 3398//3157 3392//3157
f 3398//3158 3399//3158 3392//3158
f 3393//3159 3400//3159 3394//3159
f 3400//3160 3401//3160 3394//3160
f 3394//3161 3401//3161 3395//3161
f 3401//3162 3402//3162 3395//3162
f 3395//3163 3402//3163 3396//3163
f 3402//3164 3403//3164 3396//3164
f 3396//3165 3403//3165 3397//3165
f 3403//3166 3404//3166 3397//3166
f 3397//3167 3404//3167 3398//3167
f 3404//3168 3405//3168 3398//3168
f 3398//3169 3405//3169 3399//3169
f 3405//3170 3406//3170 3399//3170
f 3400//3171 3407//3171 3401//3171
f 3407//3172 3408//3172 3401//3172
f 3401//3173 3408//3173 3402//3173
f 3408//3174 3409//3174 3402//3174
f 3402//3175 3409//3175 3403//3175
f 3409//3176 3410//3176 3403//3176
f 3403//3177 3410//3177 3404//3177
f 3410//3178 3411//3178 3404//3178
f 3404//3179 3411//3179 3405//3179
f 3411//3180 3412//3180 3405//3180
f 3405//3181 3412//3181 3406//3181
f 3412//3182 3413//3182 3406//3182
f 3414//3183 3421//3183 3415//3183
f 3421//3184 3422//3184 3415//3184
f 3415//3185 3422//3185 3416//3185
f 3422//3186 3423//3186 3416//3186
f 3416//3187 3423//3187 3417//3187
f 3423//3188 3424//3188 3417//3188
f 3417//3189 3424//3189 3418//3189
f 3424//3190 3425//3190 3418//3190
f 3418//3191 3425//3191 3419//3191
f 3425//3192 3426//3192 3419//3192
f 3419//3193 3426//3193 3420//3193
f 3426//3194 3427//3194 3420//3194
f 3421//3195 3428//3195 3422//3195
f 3428//3196 3429//3196 3422//3196
f 3422//3197 3429//3197 3423//3197
f 3429//3198 3430//3198 3423//3198
f 3423//3199 3430//3199 3424//3199
f 3430//3200 3431//3200 3424//3200
f 3424//3201 3431//3201 3425//3201
f 3431//3202 3432//3202 3425//3202
f 3425//3203 3432//3203 3426//3203
f 3432//3204 3433//3204 3426//3204
f 3426//3205 3433//3205 3427//3205
f 3433//3206 3434//3206 3427//3206
f 3428//3207 3435//3207 3429//3207
f 3435//3208 3436//3208 3429//3208
f 3429//3209 3436//3209 3430//3209
f 3436//3210 3437//3210 3430//3210
f 3430//3211 3437//3211 3431//3211
f 3437//3212 3438//3212 3431//3212
f 3431//3213 3438//3213 3432//3213
f 3438//3214 3439//3214 3432//3214
f 3432//3215 3439//3215 3433//3215
f 3439//3216 3440//3216 3433//3216
f 3433//3217 3440//3217 3434//3217
f 3440//3218 3441//3218 3434//3218
f 3435//3219 3442//3219 3436//3219
f 3442//3220 3443//3220 3436//3220
f 3436//3221 3443//3221 3437//3221
f 3443//3222 3444//3222 3437//3222
f 3437//3223 3444//3223 3438//3223
f 3444//3224 3445//3224 3438//3224
f 3438//3225 3445//3225 3439//3225
f 3445//3226 3446//3226 3439//3226
f 3439//3227 3446//3227 3440//3227
f 3446//3228 3447//3228 3440//3228
f 3440//3229 3447//3229 3441//3229
f 3447//3230 3448//3230 3441//3230
f 3442//3231 3449//3231 3443//3231
f 3449//3232 3450//3232 3443//3232
f 3443//3233 3450//3233 3444//3233
f 3450//3234 3451//3234 3444//3234
f 3444//3235 3451//3235 3445//3235
f 3451//3236 3452//3236 3445//3236
f 3445//3237 3452//3237 3446//3237
f 3452//3238 3453//3238 3446//3238
f 3446//3239 3453//3239 3447//3239
f 3453//3240 3454//3240 3447//3240
f 3447//3241 3454//3241 3448//3241
f 3454//3242 3455//3242 3448//3242
f 3449//3243 3456//3243 3450//3243
f 3456//3244 3457//3244 3450//3244
f 3450//3245 3457//3245 3451//3245
f 3457//3246 3458//3246 3451//3246
f 3451//3247 3458//3247 3452//3247
f 3458//3248 3459//3248 3452//3248
f 3452//3249 3459//3249 3453//3249
f 3459//3250 3460//3250 3453//3250
f 3453//3251 3460//3251 3454//3251
f 3460//3252 3461//3252 3454//3252
f 3454//3253 3461//3253 3455//3253
f 3461//3254 3462//3254 3455//3254
f 3463//103 3470//103 3464//103
f 3470//103 3471//103 3464//103
f 3464//103 3471//103 3465//103
f 3471//103 3472//103 3465//103
f 3465//103 3472//103 3466//103
f 3472//103 3473//103 3466//103
f 3466//103 3473//103 3467//103
f 3473//103 3474//103 3467//103
f 3467//103 3474//103 3468//103
f 3474//103 3475//103 3468//103
f 3468//103 3475//103 3469//103
f 3475//103 3476//103 3469//103
f 3470//103 3477//103 3471//103
f 3477//103 3478//103 3471//103
f 3471//103 3478//103 3472//103
f 3478//103 3479//103 3472//103
f 3472//103 3479//103 3473//103
f 3479//103 3480//103 3473//103
f 3473//103 3480//103 3474//103
f 3480//103 3481//103 3474//103
f 3474//103 3481//103 3475//103
f 3481//103 3482//103 3475//103
f 3475//103 3482//103 3476//103
f 3482//103 3483//103 3476//103
f 3477//103 3484//103 3478//103
f 3484//103 3485//103 3478//103
f 3478//103 3485//103 3479//103
f 3485//103 3486//103 3479//103
f 3479//103 3486//103 3480//103
f 3486//103 3487//103 3480//103
f 3480//103 3487//103 3481//103
f 3487//103 3488//103 3481//103
f 3481//103 3488//103 3482//103
f 3488//103 3489//103 3482//103
f 3482//103 3489//103 3483//103
f 3489//103 3490//103 3483//103
f 3484//103 3491//103 3485//103
f 3491//103 3492//103 3485//103
f 3485//103 3492//103 3486//103
f 3492//103 3493//103 3486//103
f 3486//103 3493//103 3487//103
f 3493//103 3494//103 3487//103
f 3487//103 3494//103 3488//103
f 3494//103 3495//103 3488//103
f 3488//103 3495//103 3489//103
f 3495//103 3496//103 3489//103
f 3489//103 3496//103 3490//103
f 3496//103 3497//103 3490//103
f 3491//103 3498//103 3492//103
f 3498//103 3499//103 3492//103
f 3492//103 3499//103 3493//103
f 3499//103 3500//103 3493//103
f 3493//103 3500//103 3494//103
f 3500//103 3501//103 3494//103
f 3494//103 3501//103 3495//103
f 3501//103 3502//103 3495//103
f 3495//103 3502//103 3496//103
f 3502//103 3503//103 3496//103
f 3496//103 3503//103 3497//103
f 3503//103 3504//103 3497//103
f 3498//103 3505//103 3499//103
f 3505//103 3506//103 3499//103
f 3499//103 3506//103 3500//103
f 3506//103 3507//103 3500//103
f 3500//103 3507//103 3501//103
f 3507//103 3508//103 3501//103
f 3501//103 3508//103 3502//103
f 3508//103 3509//103 3502//103
f 3502//103 3509//103 3503//103
f 3509//103 3510//103 3503//103
f 3503//103 3510//103 3504//103
f 3510//103 3511//103 3504//103
f 3512//104 3519//104 3513//104
f 3519//104 3520//104 3513//104
f 3513//104 3520//104 3514//104
f 3520//104 3521//104 3514//104
f 3514//104 3521//104 3515//104
f 3521//104 3522//104 3515//104
f 3515//104 3522//104 3516//104
f 3522//104 3523//104 3516//104
f 3516//104 3523//104 3517//104
f 3523//104 3524//104 3517//104
f 3517//104 3524//104 3518//104
f 3524//104 3525//104 3518//104
f 3519//104 3526//104 3520//104
f 3526//104 3527//104 3520//104
f 3520//104 3527//104 3521//104
f 3527//104 3528//104 3521//104
f 3521//104 3528//104 3522//104
f 3528//104 3529//104 3522//104
f 3522//104 3529//104 3523//104
f 3529//104 3530//104 3523//104
f 3523//104 3530//104 3524//104
f 3530//104 3531//104 3524//104
f 3524//104 3531//104 3525//104
f 3531//104 3532//104 3525//104
f 3526//104 3533//104 3527//104
f 3533//104 3534//104 3527//104
f 3527//104 3534//104 3528//104
f 3534//104 3535//104 3528//104
f 3528//104 3535//104 3529//104
f 3535//104 3536//104 3529//104
f 3529//104 3536//104 3530//104
f 3536//104 3537//104 3530//104
f 3530//104 3537//104 3531//104
f 3537//104 3538//104 3531//104
f 3531//104 3538//104 3532//104
f 3538//104 3539//104 3532//104
f 3533//104 3540//104 3534//104
f 3540//104 3541//104 3534//104
f 3534//104 3541//104 3535//104
f 3541//104 3542//104 3535//104
f 3535//104 3542//104 3536//104
f 3542//104 3543//104 3536//104
f 3536//104 3543//104 3537//104
f 3543//104 3544//104 3537//104
f 3537//104 3544//104 3538//104
f 3544//104 3545//104 3538//104
f 3538//104 3545//104 3539//104
f 3545//104 3546//104 3539//104
f 3540//104 3547//104 3541//104
f 3547//104 3548//104 3541//104
f 3541//104 3548//104 3542//104
f 3548//104 3549//104 3542//104
f 3542//104 3549//104 3543//104
f 3549//104 3550//104 3543//104
f 3543//104 3550//104 3544//104
f 3550//104 3551//104 3544//104
f 3544//104 3551//104 3545//104
f 3551//104 3552//104 3545//104
f 3545//104 3552//104 3546//104
f 3552//104 3553//104 3546//104
f 3547//104 3554//104 3548//104
f 3554//104 3555//104 3548//104
f 3548//104 3555//104 3549//104
f 3555//104 3556//104 3549//104
f 3549//104 3556//104 3550//104
f 3556//104 3557//104 3550//104
f 3550//104 3557//104 3551//104
f 3557//104 3558//104 3551//104
f 3551//104 3558//104 3552//104
f 3558//104 3559//104 3552//104
f 3552//104 3559//104 3553//104
f 3559//104 3560//104 3553//104
f 3561//2967 3568//2967 3562//2967
f 3568//2968 3569//2968 3562//2968
f 3562//2969 3569//2969 3563//2969
f 3569//2970 3570//2970 3563//2970
f 3563//2971 3570//2971 3564//2971
f 3570//2972 3571//2972 3564//2972
f 3564//2973 3571//2973 3565//2973
f 3571//2974 3572//2974 3565//2974
f 3565//2975 3572//2975 3566//2975
f 3572//2976 3573//2976 3566//2976
f 3566//2977 3573//2977 3567//2977
f 3573//2978 3574//2978 3567//2978
f 3568//2979 3575//2979 3569//2979
f 3575//2980 3576//2980 3569//2980
f 3569//2981 3576//2981 3570//2981
f 3576//2982 3577//2982 3570//2982
f 3570//2983 3577//2983 3571//2983
f 3577//2984 3578//2984 3571//2984
f 3571//2985 3578//2985 3572//2985
f 3578//2986 3579//2986 3572//2986
f 3572//2987 3579//2987 3573//2987
f 3579//2988 3580//2988 3573//2988
f 3573//2989 3580//2989 3574//2989
f 3580//2990 3581//2990 3574//2990
f 3575//2991 3582//2991 3576//2991
f 3582//2992 3583//2992 3576//2992
f 3576//2993 3583//2993 3577//2993
f 3583//2994 3584//2994 3577//2994
f 3577//2995 3584//2995 3578//2995
f 3584//2996 3585//2996 3578//2996
f 3578//2997 3585//2997 3579//2997
f 3585//2998 3586//2998 3579//2998
f 3579//2999 3586//2999 3580//2999
f 3586//3000 3587//3000 3580//3000
f 3580//3001 3587//3001 3581//3001
f 3587//3002 3588//3002 3581//3002
f 3582//3003 3589//3003 3583//3003
f 3589//3004 3590//3004 3583//3004
f 3583//3005 3590//3005 3584//3005
f 3590//3006 3591//3006 3584//3006
f 3584//3007 3591//3007 3585//3007
f 3591//3008 3592//3008 3585//3008
f 3585//3009 3592//3009 3586//3009
f 3592//3010 3593//3010 3586//3010
f 3586//3011 3593//3011 3587//3011
f 3593//3012 3594//3012 3587//3012
f 3587//3013 3594//3013 3588//3013
f 3594//3014 3595//3014 3588//3014
f 3589//3015 3596//3015 3590//3015
f 3596//3016 3597//3016 3590//3016
f 3590//3017 3597//3017 3591//3017
f 3597//3018 3598//3018 3591//3018
f 3591//3019 3598//3019 3592//3019
f 3598//3020 3599//3020 3592//3020
f 3592//3021 3599//3021 3593//3021
f 3599//3022 3600//3022 3593//3022
f 3593//3023 3600//3023 3594//3023
f 3600//3024 3601//3024 3594//3024
f 3594//3025 3601//3025 3595//3025
f 3601//3026 3602//3026 3595//3026
f 3596//3027 3603//3027 3597//3027
f 3603//3028 3604//3028 3597//3028
f 3597//3029 3604//3029 3598//3029
f 3604//3030 3605//3030 3598//3030
f 3598//3031 3605//3031 3599//3031
f 3605//3032 3606//3032 3599//3032
f 3599//3033 3606//3033 3600//3033
f 3606//3034 3607//3034 3600//3034
f 3600//3035 3607//3035 3601//3035
f 3607//3036 3608//3036 3601//3036
f 3601//3037 3608//3037 3602//3037
f 3608//3038 3609//3038 3602//3038
f 3610//3039 3617//3039 3611//3039
f 3617//3040 3618//3040 3611//3040
f 3611//3041 3618//3041 3612//3041
f 3618//3042 3619//3042 3612//3042
f 3612//3043 3619//3043 3613//3043
f 3619//3044 3620//3044 3613//3044
f 3613//3045 3620//3045 3614//3045
f 3620//3046 3621//3046 3614//3046
f 3614//3047 3621//3047 3615//3047
f 3621//3048 3622//3048 3615//3048
f 3615//3049 3622//3049 3616//3049
f 3622//3050 3623//3050 3616//3050
f 3617//3051 3624//3051 3618//3051
f 3624//3052 3625//3052 3618//3052
f 3618//3053 3625//3053 3619//3053
f 3625//3054 3626//3054 3619//3054
f 3619//3055 3626//3055 3620//3055
f 3626//3056 3627//3056 3620//3056
f 3620//3057 3627//3057 3621//3057
f 3627//3058 3628//3058 3621//3058
f 3621//3059 3628//3059 3622//3059
f 3628//3060 3629//3060 3622//3060
f 3622//3061 3629//3061 3623//3061
f 3629//3062 3630//3062 3623//3062
f 3624//3063 3631//3063 3625//3063
f 3631//3064 3632//3064 3625//3064
f 3625//3065 3632//3065 3626//3065
f 3632//3066 3633//3066 3626//3066
f 3626//3067 3633//3067 3627//3067
f 3633//3068 3634//3068 3627//3068
f 3627//3069 3634//3069 3628//3069
f 3634//3070 3635//3070 3628//3070
f 3628//3071 3635//3071 3629//3071
f 3635//3072 3636//3072 3629//3072
f 3629//3073 3636//3073 3630//3073
f 3636//3074 3637//3074 3630//3074
f 3631//3075 3638//3075 3632//3075
f 3638//3076 3639//3076 3632//3076
f 3632//3077 3639//3077 3633//3077
f 3639//3078 3640//3078 3633//3078
f 3633//3079 3640//3079 3634//3079
f 3640//3080 3641//3080 3634//3080
f 3634//3081 3641//3081 3635//3081
f 3641//3082 3642//3082 3635//3082
f 3635//3083 3642//3083 3636//3083
f 3642//3084 3643//3084 3636//3084
f 3636//3085 3643//3085 3637//3085
f 3643//3086 3644//3086 3637//3086
f 3638//3087 3645//3087 3639//3087
f 3645//3088 3646//3088 3639//3088
f 3639//3089 3646//3089 3640//3089
f 3646//3090 3647//3090 3640//3090
f 3640//3091 3647//3091 3641//3091
f 3647//3092 3648//3092 3641//3092
f 3641//3093 3648//3093 3642//3093
f 3648//3094 3649//3094 3642//3094
f 3642//3095 3649//3095 3643//3095
f 3649//3096 3650//3096 3643//3096
f 3643//3097 3650//3097 3644//3097
f 3650//3098 3651//3098 3644//3098
f 3645//3099 3652//3099 3646//3099
f 3652//3100 3653//3100 3646//3100
f 3646//3101 3653//3101 3647//3101
f 3653//3102 3654//3102 3647//3102
f 3647//3103 3654//3103 3648//3103
f 3654//3104 3655//3104 3648//3104
f 3648//3105 3655//3105 3649//3105
f 3655//3106 3656//3106 3649//3106
f 3649//3107 3656//3107 3650//3107
f 3656//3108 3657//3108 3650//3108
f 3650//3109 3657//3109 3651//3109
f 3657//3110 3658//3110 3651//3110
f 3659//3111 3666//3111 3660//3111
f 3666//3112 3667//3112 3660//3112
f 3660//3113 3667//3113 3661//3113
f 3667//3114 3668//3114 3661//3114
f 3661//3115 3668//3115 3662//3115
f 3668//3116 3669//3116 3662//3116
f 3662//3117 3669//3117 3663//3117
f 3669//3118 3670//3118 3663//3118
f 3663//3119 3670//3119 3664//3119
f 3670//3120 3671//3120 3664//3120
f 3664//3121 3671//3121 3665//3121
f 3671//3122 3672//3122 3665//3122
f 3666//3123 3673//3123 3667//3123
f 3673//3124 3674//3124 3667//3124
f 3667//3125 3674//3125 3668//3125
f 3674//3126 3675//3126 3668//3126
f 3668//3127 3675//3127 3669//3127
f 3675//3128 3676//3128 3669//3128
f 3669//3129 3676//3129 3670//3129
f 3676//3130 3677//3130 3670//3130
f 3670//3131 3677//3131 3671//3131
f 3677//3132 3678//3132 3671//3132
f 3671//3133 3678//3133 3672//3133
f 3678//3134 3679//3134 3672//3134
f 3673//3135 3680//3135 3674//3135
f 3680//3136 3681//3136 3674//3136
f 3674//3137 3681//3137 3675//3137
f 3681//3138 3682//3138 3675//3138
f 3675//3139 3682//3139 3676//3139
f 3682//3140 3683//3140 3676//3140
f 3676//3141 3683//3141 3677//3141
f 3683//3142 3684//3142 3677//3142
f 3677//3143 3684//3143 3678//3143
f 3684//3144 3685//3144 3678//3144
f 3678//3145 3685//3145 3679//3145
f 3685//3146 3686//3146 3679//3146
f 3680//3147 3687//3147 3681//3147
f 3687//3148 3688//3148 3681//3148
f 3681//3149 3688//3149 3682//3149
f 3688//3150 3689//3150 3682//3150
f 3682//3151 3689//3151 3683//3151
f 3689//3152 3690//3152 3683//3152
f 3683//3153 3690//3153 3684//3153
f 3690//3154 3691//3154 3684//3154
f 3684//3155 3691//3155 3685//3155
f 3691//3156 3692//3156 3685//3156
f 3685//3157 3692//3157 3686//3157
f 3692//3158 3693//3158 3686//3158
f 3687//3159 3694//3159 3688//3159
f 3694//3160 3695//3160 3688//3160
f 3688//3161 3695//3161 3689//3161
f 3695//3162 3696//3162 3689//3162
f 3689//3163 3696//3163 3690//3163
f 3696//3164 3697//3164 3690//3164
f 3690//3165 3697//3165 3691//3165
f 3697//3166 3698//3166 3691//3166
f 3691//3167 3698//3167 3692//3167
f 3698//3168 3699//3168 3692//3168
f 3692//3169 3699//3169 3693//3169
f 3699//3170 3700//3170 3693//3170
f 3694//3171 3701//3171 3695//3171
f 3701//3172 3702//3172 3695//3172
f 3695//3173 3702//3173 3696//3173
f 3702//3174 3703//3174 3696//3174
f 3696//3175 3703//3175 3697//3175
f 3703//3176 3704//3176 3697//3176
f 3697//3177 3704//3177 3698//3177
f 3704//3178 3705//3178 3698//3178
f 3698//3179 3705//3179 3699//3179
f 3705//3180 3706//3180 3699//3180
f 3699//3181 3706//3181 3700//3181
f 3706//3182 3707//3182 3700//3182
f 3708//3183 3715//3183 3709//3183
f 3715//3184 3716//3184 3709//3184
f 3709//3185 3716//3185 3710//3185
f 3716//3186 3717//3186 3710//3186
f 3710//3187 3717//3187 3711//3187
f 3717//3188 3718//3188 3711//3188
f 3711//3189 3718//3189 3712//3189
f 3718//3190 3719//3190 3712//3190
f 3712//3191 3719//3191 3713//3191
f 3719//3192 3720//3192 3713//3192
f 3713//3193 3720//3193 3714//3193
f 3720//3194 3721//3194 3714//3194
f 3715//3195 3722//3195 3716//3195
f 3722//3196 3723//3196 3716//3196
f 3716//3197 3723//3197 3717//3197
f 3723//3198 3724//3198 3717//3198
f 3717//3199 3724//3199 3718//3199
f 3724//3200 3725//3200 3718//3200
f 3718//3201 3725//3201 3719//3201
f 3725//3202 3726//3202 3719//3202
f 3719//3203 3726//3203 3720//3203
f 3726//3204 3727//3204 3720//3204
f 3720//3205 3727//3205 3721//3205
f 3727//3206 3728//3206 3721//3206
f 3722//3207 3729//3207 3723//3207
f 3729//3208 3730//3208 3723//3208
f 3723//3209 3730//3209 3724//3209
f 3730//3210 3731//3210 3724//3210
f 3724//3211 3731//3211 3725//3211
f 3731//3212 3732//3212 3725//3212
f 3725//3213 3732//3213 3726//3213
f 3732//3214 3733//3214 3726//3214
f 3726//3215 3733//3215 3727//3215
f 3733//3216 3734//3216 3727//3216
f 3727//3217 3734//3217 3728//3217
f 3734//3218 3735//3218 3728//3218
f 3729//3219 3736//3219 3730//3219
f 3736//3220 3737//3220 3730//3220
f 3730//3221 3737//3221 3731//3221
f 3737//3222 3738//3222 3731//3222
f 3731//3223 3738//3223 3732//3223
f 3738//3224 3739//3224 3732//3224
f 3732//3225 3739//3225 3733//3225
f 3739//3226 3740//3226 3733//3226
f 3733//3227 3740//3227 3734//3227
f 3740//3228 3741//3228 3734//3228
f 3734//3229 3741//3229 3735//3229
f 3741//3230 3742//3230 3735//3230
f 3736//3231 3743//3231 3737//3231
f 3743//3232 3744//3232 3737//3232
f 3737//3233 3744//3233 3738//3233
f 3744//3234 3745//3234 3738//3234
f 3738//3235 3745//3235 3739//3235
f 3745//3236 3746//3236 3739//3236
f 3739//3237 3746//3237 3740//3237
f 3746//3238 3747//3238 3740//3238
f 3740//3239 3747//3239 3741//3239
f 3747//3240 3748//3240 3741//3240
f 3741//3241 3748//3241 3742//3241
f 3748//3242 3749//3242 3742//3242
f 3743//3243 3750//3243 3744//3243
f 3750//3244 3751//3244 3744//3244
f 3744//3245 3751//3245 3745//3245
f 3751//3246 3752//3246 3745//3246
f 3745//3247 3752//3247 3746//3247
f 3752//3248 3753//3248 3746//3248
f 3746//3249 3753//3249 3747//3249
f 3753//3250 3754//3250 3747//3250
f 3747//3251 3754//3251 3748//3251
f 3754//3252 3755//3252 3748//3252
f 3748//3253 3755//3253 3749//3253
f 3755//3254 3756//3254 3749//3254
f 3757//103 3764//103 3758//103
f 3764//103 3765//103 3758//103
f 3758//103 3765//103 3759//103
f 3765//103 3766//103 3759//103
f 3759//103 3766//103 3760//103
f 3766//103 3767//103 3760//103
f 3760//103 3767//103 3761//103
f 3767//103 3768//103 3761//103
f 3761//103 3768//103 3762//103
f 3768//103 3769//103 3762//103
f 3762//103 3769//103 3763//103
f 3769//103 3770//103 3763//103
f 3764//103 3771//103 3765//103
f 3771//103 3772//103 3765//103
f 3765//103 3772//103 3766//103
f 3772//103 3773//103 3766//103
f 3766//103 3773//103 3767//103
f 3773//103 3774//103 3767//103
f 3767//103 3774//103 3768//103
f 3774//103 3775//103 3768//103
f 3768//103 3775//103 3769//103
f 3775//103 3776//103 3769//103
f 3769//103 3776//103 3770//103
f 3776//103 3777//103 3770//103
f 3771//103 3778//103 3772//103
f 3778//103 3779//103 3772//103
f 3772//103 3779//103 3773//103
f 3779//103 3780//103 3773//103
f 3773//103 3780//103 3774//103
f 3780//103 3781//103 3774//103
f 3774//103 3781//103 3775//103
f 3781//103 3782//103 3775//103
f 3775//103 3782//103 3776//103
f 3782//103 3783//103 3776//103
f 3776//103 3783//103 3777//103
f 3783//103 3784//103 3777//103
f 3778//103 3785//103 3779//103
f 3785//103 3786//103 3779//103
f 3779//103 3786//103 3780//103
f 3786//103 3787//103 3780//103
f 3780//103 3787//103 3781//103
f 3787//103 3788//103 3781//103
f 3781//103 3788//103 3782//103
f 3788//103 3789//103 3782//103
f 3782//103 3789//103 3783//103
f 3789//103 3790//103 3783//103
f 3783//103 3790//103 3784//103
f 3790//103 3791//103 3784//103
f 3785//103 3792//103 3786//103
f 3792//103 3793//103 3786//103
f 3786//103 3793//103 3787//103
f 3793//103 3794//103 3787//103
f 3787//103 3794//103 3788//103
f 3794//103 3795//103 3788//103
f 3788//103 3795//103 3789//103
f 3795//103 3796//103 3789//103
f 3789//103 3796//103 3790//103
f 3796//103 3797//103 3790//103
f 3790//103 3797//103 3791//103
f 3797//103 3798//103 3791//103
f 3792//103 3799//103 3793//103
f 3799//103 3800//103 3793//103
f 3793//103 3800//103 3794//103
f 3800//103 3801//103 3794//103
f 3794//103 3801//103 3795//103
f 3801//103 3802//103 3795//103
f 3795//103 3802//103 3796//103
f 3802//103 3803//103 3796//103
f 3796//103 3803//103 3797//103
f 3803//103 3804//103 3797//103
f 3797//103 3804//103 3798//103
f 3804//103 3805//103 3798//103
f 3806//104 3813//104 3807//104
f 3813//104 3814//104 3807//104
f 3807//104 3814//104 3808//104
f 3814//104 3815//104 3808//104
f 3808//104 3815//104 3809//104
f 3815//104 3816//104 3809//104
f 3809//104 3816//104 3810//104
f 3816//104 3817//104 3810//104
f 3810//104 3817//104 3811//104
f 3817//104 3818//104 3811//104
f 3811//104 3818//104 3812//104
f 3818//104 3819//104 3812//104
f 3813//104 3820//104 3814//104
f 3820//104 3821//104 3814//104
f 3814//104 3821//104 3815//104
f 3821//104 3822//104 3815//104
f 3815//104 3822//104 3816//104
f 3822//104 3823//104 3816//104
f 3816//104 3823//104 3817//104
f 3823//104 3824//104 3817//104
f 3817//104 3824//104 3818//104
f 3824//104 3825//104 3818//104
f 3818//104 3825//104 3819//104
f 3825//104 3826//104 3819//104
f 3820//104 3827//104 3821//104
f 3827//104 3828//104 3821//104
f 3821//104 3828//104 3822//104
f 3828//104 3829//104 3822//104
f 3822//104 3829//104 3823//104
f 3829//104 3830//104 3823//104
f 3823//104 3830//104 3824//104
f 3830//104 3831//104 3824//104
f 3824//104 3831//104 3825//104
f 3831//104 3832//104 3825//104
f 3825//104 3832//104 3826//104
f 3832//104 3833//104 3826//104
f 3827//104 3834//104 3828//104
f 3834//104 3835//104 3828//104
f 3828//104 3835//104 3829//104
f 3835//104 3836//104 3829//104
f 3829//104 3836//104 3830//104
f 3836//104 3837//104 3830//104
f 3830//104 3837//104 3831//104
f 3837//104 3838//104 3831//104
f 3831//104 3838//104 3832//104
f 3838//104 3839//104 3832//104
f 3832//104 3839//104 3833//104
f 3839//104 3840//104 3833//104
f 3834//104 3841//104 3835//104
f 3841//104 3842//104 3835//104
f 3835//104 3842//104 3836//104
f 3842//104 3843//104 3836//104
f 3836//104 3843//104 3837//104
f 3843//104 3844//104 3837//104
f 3837//104 3844//104 3838//104
f 3844//104 3845//104 3838//104
f 3838//104 3845//104 3839//104
f 3845//104 3846//104 3839//104
f 3839//104 3846//104 3840//104
f 3846//104 3847//104 3840//104
f 3841//104 3848//104 3842//104
f 3848//104 3849//104 3842//104
f 3842//104 3849//104 3843//104
f 3849//104 3850//104 3843//104
f 3843//104 3850//104 3844//104
f 3850//104 3851//104 3844//104
f 3844//104 3851//104 3845//104
f 3851//104 3852//104 3845//104
f 3845//104 3852//104 3846//104
f 3852//104 3853//104 3846//104
f 3846//104 3853//104 3847//104
f 3853//104 3854//104 3847//104
o Ohrinneres
usemtl wool_6
f 3855//3255 3862//3255 3856//3255
f 3862//3256 3863//3256 3856//3256
f 3856//3257 3863//3257 3857//3257
f 3863//3258 3864//3258 3857//3258
f 3857//3259 3864//3259 3858//3259
f 3864//3260 3865//3260 3858//3260
f 3858//3261 3865//3261 3859//3261
f 3865//3262 3866//3262 3859//3262
f 3859//3263 3866//3263 3860//3263
f 3866//3264 3867//3264 3860//3264
f 3860//3265 3867//3265 3861//3265
f 3867//3266 3868//3266 3861//3266
f 3869//3267 3876//3267 3870//3267
f 3876//3268 3877//3268 3870//3268
f 3870//3269 3877//3269 3871//3269
f 3877//3270 3878//3270 3871//3270
f 3871//3271 3878//3271 3872//3271
f 3878//3272 3879//3272 3872//3272
f 3872//3273 3879//3273 3873//3273
f 3879//3274 3880//3274 3873//3274
f 3873//3275 3880//3275 3874//3275
f 3880//3276 3881//3276 3874//3276
f 3874//3277 3881//3277 3875//3277
f 3881//3278 3882//3278 3875//3278
f 3883//3279 3890//3279 3884//3279
f 3890//3280 3891//3280 3884//3280
f 3884//3281 3891//3281 3885//3281
f 3891//3282 3892//3282 3885//3282
f 3885//3283 3892//3283 3886//3283
f 3892//3284 3893//3284 3886//3284
f 3886//3285 3893//3285 3887//3285
f 3893//3286 3894//3286 3887//3286
f 3887//3287 3894//3287 3888//3287
f 3894//3288 3895//3288 3888//3288
f 3888//3289 3895//3289 3889//3289
f 3895//3290 3896//3290 3889//3290
f 3890//3291 3897//3291 3891//3291
f 3897//3292 3898//3292 3891//3292
f 3891//3293 3898//3293 3892//3293
f 3898//3294 3899//3294 3892//3294
f 3892//3295 3899//3295 3893//3295
f 3899//3296 3900//3296 3893//3296
f 3893//3297 3900//3297 3894//3297
f 3900//3298 3901//3298 3894//3298
f 3894//3299 3901//3299 3895//3299
f 3901//3300 3902//3300 3895//3300
f 3895//3301 3902//3301 3896//3301
f 3902//3302 3903//3302 3896//3302
f 3897//3303 3904//3303 3898//3303
f 3904//3304 3905//3304 3898//3304
f 3898//3305 3905//3305 3899//3305
f 3905//3306 3906//3306 3899//3306
f 3899//3307 3906//3307 3900//3307
f 3906//3308 3907//3308 3900//3308
f 3900//3309 3907//3309 3901//3309
f 3907//3310 3908//3310 3901//3310
f 3901//3311 3908//3311 3902//3311
f 3908//3312 3909//3312 3902//3312
f 3902//3313 3909//3313 3903//3313
f 3909//3314 3910//3314 3903//3314
f 3904//3315 3911//3315 3905//3315
f 3911//3316 3912//3316 3905//3316
f 3905//3317 3912//3317 3906//3317
f 3912//3318 3913//3318 3906//3318
f 3906//3319 3913//3319 3907//3319
f 3913//3320 3914//3320 3907//3320
f 3907//3321 3914//3321 3908//3321
f 3914//3322 3915//3322 3908//3322
f 3908//3323 3915//3323 3909//3323
f 3915//3324 3916//3324 3909//3324
f 3909//3325 3916//3325 3910//3325
f 3916//3326 3917//3326 3910//3326
f 3911//3327 3918//3327 3912//3327
f 3918//3328 3919//3328 3912//3328
f 3912//3329 3919//3329 3913//3329
f 3919//3330 3920//3330 3913//3330
f 3913//3331 3920//3331 3914//3331
f 3920//3332 3921//3332 3914//3332
f 3914//3333 3921//3333 3915//3333
f 3921//3334 3922//3334 3915//3334
f 3915//3335 3922//3335 3916//3335
f 3922//3336 3923//3336 3916//3336
f 3916//3337 3923//3337 3917//3337
f 3923//3338 3924//3338 3917//3338
f 3918//3339 3925//3339 3919//3339
f 3925//3340 3926//3340 3919//3340
f 3919//3341 3926//3341 3920//3341
f 3926//3342 3927//3342 3920//3342
f 3920//3343 3927//3343 3921//3343
f 3927//3344 3928//3344 3921//3344
f 3921//3345 3928//3345 3922//3345
f 3928//3346 3929//3346 3922//3346
f 3922//3347 3929//3347 3923//3347
f 3929//3348 3930//3348 3923//3348
f 3923//3349 3930//3349 3924//3349
f 3930//3350 3931//3350 3924//3350
f 3932//3351 3939//3351 3933//3351
f 3939//3352 3940//3352 3933//3352
f 3933//3353 3940//3353 3934//3353
f 3940//3354 3941//3354 3934//3354
f 3934//3355 3941//3355 3935//3355
f 3941//3356 3942//3356 3935//3356
f 3935//3357 3942//3357 3936//3357
f 3942//3358 3943//3358 3936//3358
f 3936//3359 3943//3359 3937//3359
f 3943//3360 3944//3360 3937//3360
f 3937//3361 3944//3361 3938//3361
f 3944//3362 3945//3362 3938//3362
f 3939//3363 3946//3363 3940//3363
f 3946//3364 3947//3364 3940//3364
f 3940//3365 3947//3365 3941//3365
f 3947//3366 3948//3366 3941//3366
f 3941//3367 3948//3367 3942//3367
f 3948//3368 3949//3368 3942//3368
f 3942//3369 3949//3369 3943//3369
f 3949//3370 3950//3370 3943//3370
f 3943//3371 3950//3371 3944//3371
f 3950//3372 3951//3372 3944//3372
f 3944//3373 3951//3373 3945//3373
f 3951//3374 3952//3374 3945//3374
f 3946//3375 3953//3375 3947//3375
f 3953//3376 3954//3376 3947//3376
f 3947//3377 3954//3377 3948//3377
f 3954//3378 3955//3378 3948//3378
f 3948//3379 3955//3379 3949//3379
f 3955//3380 3956//3380 3949//3380
f 3949//3381 3956//3381 3950//3381
f 3956//3382 3957//3382 3950//3382
f 3950//3383 3957//3383 3951//3383
f 3957//3384 3958//3384 3951//3384
f 3951//3385 3958//3385 3952//3385
f 3958//3386 3959//3386 3952//3386
f 3953//3387 3960//3387 3954//3387
f 3960//3388 3961//3388 3954//3388
f 3954//3389 3961//3389 3955//3389
f 3961//3390 3962//3390 3955//3390
f 3955//3391 3962//3391 3956//3391
f 3962//3392 3963//3392 3956//3392
f 3956//3393 3963//3393 3957//3393
f 3963//3394 3964//3394 3957//3394
f 3957//3395 3964//3395 3958//3395
f 3964//3396 3965//3396 3958//3396
f 3958//3397 3965//3397 3959//3397
f 3965//3398 3966//3398 3959//3398
f 3960//3399 3967//3399 3961//3399
f 3967//3400 3968//3400 3961//3400
f 3961//3401 3968//3401 3962//3401
f 3968//3402 3969//3402 3962//3402
f 3962//3403 3969//3403 3963//3403
f 3969//3404 3970//3404 3963//3404
f 3963//3405 3970//3405 3964//3405
f 3970//3406 3971//3406 3964//3406
f 3964//3407 3971//3407 3965//3407
f 3971//3408 3972//3408 3965//3408
f 3965//3409 3972//3409 3966//3409
f 3972//3410 3973//3410 3966//3410
f 3967//3411 3974//3411 3968//3411
f 3974//3412 3975//3412 3968//3412
f 3968//3413 3975//3413 3969//3413
f 3975//3414 3976//3414 3969//3414
f 3969//3415 3976//3415 3970//3415
f 3976//3416 3977//3416 3970//3416
f 3970//3417 3977//3417 3971//3417
f 3977//3418 3978//3418 3971//3418
f 3971//3419 3978//3419 3972//3419
f 3978//3420 3979//3420 3972//3420
f 3972//3421 3979//3421 3973//3421
f 3979//3422 3980//3422 3973//3422
f 3981//3423 3988//3423 3982//3423
f 3988//3424 3989//3424 3982//3424
f 3982//3425 3989//3425 3983//3425
f 3989//3426 3990//3426 3983//3426
f 3983//3427 3990//3427 3984//3427
f 3990//3428 3991//3428 3984//3428
f 3984//3429 3991//3429 3985//3429
f 3991//3430 3992//3430 3985//3430
f 3985//3431 3992//3431 3986//3431
f 3992//3432 3993//3432 3986//3432
f 3986//3433 3993//3433 3987//3433
f 3993//3434 3994//3434 3987//3434
f 3995//3435 4002//3435 3996//3435
f 4002//3436 4003//3436 3996//3436
f 3996//3437 4003//3437 3997//3437
f 4003//3438 4004//3438 3997//3438
f 3997//3439 4004//3439 3998//3439
f 4004//3440 4005//3440 3998//3440
f 3998//3441 4005//3441 3999//3441
f 4005//3442 4006//3442 3999//3442
f 3999//3443 4006//3443 4000//3443
f 4006//3444 4007//3444 4000//3444
f 4000//3445 4007//3445 4001//3445
f 4007//3446 4008//3446 4001//3446
f 4009//3447 4016//3447 4010//3447
f 4016//3448 4017//3448 4010//3448
f 4010//3449 4017//3449 4011//3449
f 4017//3450 4018//3450 4011//3450
f 4011//3451 4018//3451 4012//3451
f 4018//3452 4019//3452 4012//3452
f 4012//3453 4019//3453 4013//3453
f 4019//3454 4020//3454 4013//3454
f 4013//3455 4020//3455 4014//3455
f 4020//3456 4021//3456 4014//3456
f 4014//3457 4021//3457 4015//3457
f 4021//3458 4022//3458 4015//3458
f 4023//3459 4030//3459 4024//3459
f 4030//3460 4031//3460 4024//3460
f 4024//3461 4031//3461 4025//3461
f 4031//3462 4032//3462 4025//3462
f 4025//3463 4032//3463 4026//3463
f 4032//3464 4033//3464 4026//3464
f 4026//3465 4033//3465 4027//3465
f 4033//3466 4034//3466 4027//3466
f 4027//3467 4034//3467 4028//3467
f 4034//3468 4035//3468 4028//3468
f 4028//3469 4035//3469 4029//3469
f 4035//3470 4036//3470 4029//3470
f 4037//3471 4044//3471 4038//3471
f 4044//3472 4045//3472 4038//3472
f 4038//3473 4045//3473 4039//3473
f 4045//3474 4046//3474 4039//3474
f 4039//3475 4046//3475 4040//3475
f 4046//3476 4047//3476 4040//3476
f 4040//3477 4047//3477 4041//3477
f 4047//3478 4048//3478 4041//3478
f 4041//3479 4048//3479 4042//3479
f 4048//3480 4049//3480 4042//3480
f 4042//3481 4049//3481 4043//3481
f 4049//3482 4050//3482 4043//3482
f 4044//3483 4051//3483 4045//3483
f 4051//3484 4052//3484 4045//3484
f 4045//3485 4052//3485 4046//3485
f 4052//3486 4053//3486 4046//3486
f 4046//3487 4053//3487 4047//3487
f 4053//3488 4054//3488 4047//3488
f 4047//3489 4054//3489 4048//3489
f 4054//3490 4055//3490 4048//3490
f 4048//3491 4055//3491 4049//3491
f 4055//3492 4056//3492 4049//3492
f 4049//3493 4056//3493 4050//3493
f 4056//3494 4057//3494 4050//3494
f 4051//3495 4058//3495 4052//3495
f 4058//3496 4059//3496 4052//3496
f 4052//3497 4059//3497 4053//3497
f 4059//3498 4060//3498 4053//3498
f 4053//3499 4060//3499 4054//3499
f 4060//3500 4061//3500 4054//3500
f 4054//3501 4061//3501 4055//3501
f 4061//3502 4062//3502 4055//3502
f 4055//3503 4062//3503 4056//3503
f 4062//3504 4063//3504 4056//3504
f 4056//3505 4063//3505 4057//3505
f 4063//3506 4064//3506 4057//3506
f 4058//3507 4065//3507 4059//3507
f 4065//3508 4066//3508 4059//3508
f 4059//3509 4066//3509 4060//3509
f 4066//3510 4067//3510 4060//3510
f 4060//3511 4067//3511 4061//3511
f 4067//3512 4068//3512 4061//3512
f 4061//3513 4068//3513 4062//3513
f 4068//3514 4069//3514 4062//3514
f 4062//3515 4069//3515 4063//3515
f 4069//3516 4070//3516 4063//3516
f 4063//3517 4070//3517 4064//3517
f 4070//3518 4071//3518 4064//3518
f 4065//3519 4072//3519 4066//3519
f 4072//3520 4073//3520 4066//3520
f 4066//3521 4073//3521 4067//3521
f 4073//3522 4074//3522 4067//3522
f 4067//3523 4074//3523 4068//3523
f 4074//3524 4075//3524 4068//3524
f 4068//3525 4075//3525 4069//3525
f 4075//3526 4076//3526 4069//3526
f 4069//3527 4076//3527 4070//3527
f 4076//3528 4077//3528 4070//3528
f 4070//3529 4077//3529 4071//3529
f 4077//3530 4078//3530 4071//3530
f 4072//3531 4079//3531 4073//3531
f 4079//3532 4080//3532 4073//3532
f 4073//3533 4080//3533 4074//3533
f 4080//3534 4081//3534 4074//3534
f 4074//3535 4081//3535 4075//3535
f 4081//3536 4082//3536 4075//3536
f 4075//3537 4082//3537 4076//3537
f 4082//3538 4083//3538 4076//3538
f 4076//3539 4083//3539 4077//3539
f 4083//3540 4084//3540 4077//3540
f 4077//3541 4084//3541 4078//3541
f 4084//3542 4085//3542 4078//3542
f 4086//3543 4093//3543 4087//3543
f 4093//3544 4094//3544 4087//3544
f 4087//3545 4094//3545 4088//3545
f 4094//3546 4095//3546 4088//3546
f 4088//3547 4095//3547 4089//3547
f 4095//3548 4096//3548 4089//3548
f 4089//3549 4096//3549 4090//3549
f 4096//3550 4097//3550 4090//3550
f 4090//3551 4097//3551 4091//3551
f 4097//3552 4098//3552 4091//3552
f 4091//3553 4098//3553 4092//3553
f 4098//3554 4099//3554 4092//3554
f 4093//3555 4100//3555 4094//3555
f 4100//3556 4101//3556 4094//3556
f 4094//3557 4101//3557 4095//3557
f 4101//3558 4102//3558 4095//3558
f 4095//3559 4102//3559 4096//3559
f 4102//3560 4103//3560 4096//3560
f 4096//3561 4103//3561 4097//3561
f 4103//3562 4104//3562 4097//3562
f 4097//3563 4104//3563 4098//3563
f 4104//3564 4105//3564 4098//3564
f 4098//3565 4105//3565 4099//3565
f 4105//3566 4106//3566 4099//3566
f 4100//3567 4107//3567 4101//3567
f 4107//3568 4108//3568 4101//3568
f 4101//3569 4108//3569 4102//3569
f 4108//3570 4109//3570 4102//3570
f 4102//3571 4109//3571 4103//3571
f 4109//3572 4110//3572 4103//3572
f 4103//3573 4110//3573 4104//3573
f 4110//3574 4111//3574 4104//3574
f 4104//3575 4111//3575 4105//3575
f 4111//3576 4112//3576 4105//3576
f 4105//3577 4112//3577 4106//3577
f 4112//3578 4113//3578 4106//3578
f 4107//3579 4114//3579 4108//3579
f 4114//3580 4115//3580 4108//3580
f 4108//3581 4115//3581 4109//3581
f 4115//3582 4116//3582 4109//3582
f 4109//3583 4116//3583 4110//3583
f 4116//3584 4117//3584 4110//3584
f 4110//3585 4117//3585 4111//3585
f 4117//3586 4118//3586 4111//3586
f 4111//3587 4118//3587 4112//3587
f 4118//3588 4119//3588 4112//3588
f 4112//3589 4119//3589 4113//3589
f 4119//3590 4120//3590 4113//3590
f 4114//3591 4121//3591 4115//3591
f 4121//3592 4122//3592 4115//3592
f 4115//3593 4122//3593 4116//3593
f 4122//3594 4123//3594 4116//3594
f 4116//3595 4123//3595 4117//3595
f 4123//3596 4124//3596 4117//3596
f 4117//3597 4124//3597 4118//3597
f 4124//3598 4125//3598 4118//3598
f 4118//3599 4125//3599 4119//3599
f 4125//3600 4126//3600 4119//3600
f 4119//3601 4126//3601 4120//3601
f 4126//3602 4127//3602 4120//3602
f 4121//3603 4128//3603 4122//3603
f 4128//3604 4129//3604 4122//3604
f 4122//3605 4129//3605 4123//3605
f 4129//3606 4130//3606 4123//3606
f 4123//3607 4130//3607 4124//3607
f 4130//3608 4131//3608 4124//3608
f 4124//3609 4131//3609 4125//3609
f 4131//3610 4132//3610 4125//3610
f 4125//3611 4132//3611 4126//3611
f 4132//3612 4133//3612 4126//3612
f 4126//3613 4133//3613 4127//3613
f 4133//3614 4134//3614 4127//3614
f 4135//3615 4142//3615 4136//3615
f 4142//3616 4143//3616 4136//3616
f 4136//3617 4143//3617 4137//3617
f 4143//3618 4144//3618 4137//3618
f 4137//3619 4144//3619 4138//3619
f 4144//3620 4145//3620 4138//3620
f 4138//3621 4145//3621 4139//3621
f 4145//3622 4146//3622 4139//3622
f 4139//3623 4146//3623 4140//3623
f 4146//3624 4147//3624 4140//3624
f 4140//3625 4147//3625 4141//3625
f 4147//3626 4148//3626 4141//3626
f 4149//3627 4156//3627 4150//3627
f 4156//3628 4157//3628 4150//3628
f 4150//3629 4157//3629 4151//3629
f 4157//3630 4158//3630 4151//3630
f 4151//3631 4158//3631 4152//3631
f 4158//3632 4159//3632 4152//3632
f 4152//3633 4159//3633 4153//3633
f 4159//3634 4160//3634 4153//3634
f 4153//3635 4160//3635 4154//3635
f 4160//3636 4161//3636 4154//3636
f 4154//3637 4161//3637 4155//3637
f 4161//3638 4162//3638 4155//3638
o Ohr
usemtl wool_5
f 4163//3639 4170//3639 4164//3639
f 4170//3640 4171//3640 4164//3640
f 4164//3641 4171//3641 4165//3641
f 4171//3642 4172//3642 4165//3642
f 4165//3643 4172//3643 4166//3643
f 4172//3644 4173//3644 4166//3644
f 4166//3645 4173//3645 4167//3645
f 4173//3646 4174//3646 4167//3646
f 4167//3647 4174//3647 4168//3647
f 4174//3648 4175//3648 4168//3648
f 4168//3649 4175//3649 4169//3649
f 4175//3650 4176//3650 4169//3650
f 4177//3651 4184//3651 4178//3651
f 4184//3652 4185//3652 4178//3652
f 4178//3653 4185//3653 4179//3653
f 4185//3654 4186//3654 4179//3654
f 4179//3655 4186//3655 4180//3655
f 4186//3656 4187//3656 4180//3656
f 4180//3657 4187//3657 4181//3657
f 4187//3658 4188//3658 4181//3658
f 4181//3659 4188//3659 4182//3659
f 4188//3660 4189//3660 4182//3660
f 4182//3661 4189//3661 4183//3661
f 4189//3662 4190//3662 4183//3662
f 4191//3663 4198//3663 4192//3663
f 4198//3664 4199//3664 4192//3664
f 4192//3665 4199//3665 4193//3665
f 4199//3666 4200//3666 4193//3666
f 4193//3667 4200//3667 4194//3667
f 4200//3668 4201//3668 4194//3668
f 4194//3669 4201//3669 4195//3669
f 4201//3670 4202//3670 4195//3670
f 4195//3671 4202//3671 4196//3671
f 4202//3672 4203//3672 4196//3672
f 4196//3673 4203//3673 4197//3673
f 4203//3674 4204//3674 4197//3674
f 4198//3675 4205//3675 4199//3675
f 4205//3676 4206//3676 4199//3676
f 4199//3677 4206//3677 4200//3677
f 4206//3678 4207//3678 4200//3678
f 4200//3679 4207//3679 4201//3679
f 4207//3680 4208//3680 4201//3680
f 4201//3681 4208//3681 4202//3681
f 4208//3682 4209//3682 4202//3682
f 4202//3683 4209//3683 4203//3683
f 4209//3684 4210//3684 4203//3684
f 4203//3685 4210//3685 4204//3685
f 4210//3686 4211//3686 4204//3686
f 4205//3687 4212//3687 4206//3687
f 4212//3688 4213//3688 4206//3688
f 4206//3689 4213//3689 4207//3689
f 4213//3690 4214//3690 4207//3690
f 4207//3691 4214//3691 4208//3691
f 4214//3692 4215//3692 4208//3692
f 4208//3693 4215//3693 4209//3693
f 4215//3694 4216//3694 4209//3694
f 4209//3695 4216//3695 4210//3695
f 4216//3696 4217//3696 4210//3696
f 4210//3697 4217//3697 4211//3697
f 4217//3698 4218//3698 4211//3698
f 4212//3699 4219//3699 4213//3699
f 4219//3700 4220//3700 4213//3700
f 4213//3701 4220//3701 4214//3701
f 4220//3702 4221//3702 4214//3702
f 4214//3703 4221//3703 4215//3703
f 4221//3704 4222//3704 4215//3704
f 4215//3705 4222//3705 4216//3705
f 4222//3706 4223//3706 4216//3706
f 4216//3707 4223//3707 4217//3707
f 4223//3708 4224//3708 4217//3708
f 4217//3709 4224//3709 4218//3709
f 4224//3710 4225//3710 4218//3710
f 4219//3711 4226//3711 4220//3711
f 4226//3712 4227//3712 4220//3712
f 4220//3713 4227//3713 4221//3713
f 4227//3714 4228//3714 4221//3714
f 4221//3715 4228//3715 4222//3715
f 4228//3716 4229//3716 4222//3716
f 4222//3717 4229//3717 4223//3717
f 4229//3718 4230//3718 4223//3718
f 4223//3719 4230//3719 4224//3719
f 4230//3720 4231//3720 4224//3720
f 4224//3721 4231//3721 4225//3721
f 4231//3722 4232//3722 4225//3722
f 4226//3723 4233//3723 4227//3723
f 4233//3724 4234//3724 4227//3724
f 4227//3725 4234//3725 4228//3725
f 4234//3726 4235//3726 4228//3726
f 4228//3727 4235//3727 4229//3727
f 4235//3728 4236//3728 4229//3728
f 4229//3729 4236//3729 4230//3729
f 4236//3730 4237//3730 4230//3730
f 4230//3731 4237//3731 4231//3731
f 4237//3732 4238//3732 4231//3732
f 4231//3733 4238//3733 4232//3733
f 4238//3734 4239//3734 4232//3734
f 4240//3735 4247//3735 4241//3735
f 4247//3736 4248//3736 4241//3736
f 4241//3737 4248//3737 4242//3737
f 4248//3738 4249//3738 4242//3738
f 4242//3739 4249//3739 4243//3739
f 4249//3740 4250//3740 4243//3740
f 4243//3741 4250//3741 4244//3741
f 4250//3742 4251//3742 4244//3742
f 4244//3743 4251//3743 4245//3743
f 4251//3744 4252//3744 4245//3744
f 4245//3745 4252//3745 4246//3745
f 4252//3746 4253//3746 4246//3746
f 4247//3747 4254//3747 4248//3747
f 4254//3748 4255//3748 4248//3748
f 4248//3749 4255//3749 4249//3749
f 4255//3750 4256//3750 4249//3750
f 4249//3751 4256//3751 4250//3751
f 4256//3752 4257//3752 4250//3752
f 4250//3753 4257//3753 4251//3753
f 4257//3754 4258//3754 4251//3754
f 4251//3755 4258//3755 4252//3755
f 4258//3756 4259//3756 4252//3756
f 4252//3757 4259//3757 4253//3757
f 4259//3758 4260//3758 4253//3758
f 4254//3759 4261//3759 4255//3759
f 4261//3760 4262//3760 4255//3760
f 4255//3761 4262//3761 4256//3761
f 4262//3762 4263//3762 4256//3762
f 4256//3763 4263//3763 4257//3763
f 4263//3764 4264//3764 4257//3764
f 4257//3765 4264//3765 4258//3765
f 4264//3766 4265//3766 4258//3766
f 4258//3767 4265//3767 4259//3767
f 4265//3768 4266//3768 4259//3768
f 4259//3769 4266//3769 4260//3769
f 4266//3770 4267//3770 4260//3770
f 4261//3771 4268//3771 4262//3771
f 4268//3772 4269//3772 4262//3772
f 4262//3773 4269//3773 4263//3773
f 4269//3774 4270//3774 4263//3774
f 4263//3775 4270//3775 4264//3775
f 4270//3776 4271//3776 4264//3776
f 4264//3777 4271//3777 4265//3777
f 4271//3778 4272//3778 4265//3778
f 4265//3779 4272//3779 4266//3779
f 4272//3780 4273//3780 4266//3780
f 4266//3781 4273//3781 4267//3781
f 4273//3782 4274//3782 4267//3782
f 4268//3783 4275//3783 4269//3783
f 4275//3784 4276//3784 4269//3784
f 4269//3785 4276//3785 4270//3785
f 4276//3786 4277//3786 4270//3786
f 4270//3787 4277//3787 4271//3787
f 4277//3788 4278//3788 4271//3788
f 4271//3789 4278//3789 4272//3789
f 4278//3790 4279//3790 4272//3790
f 4272//3791 4279//3791 4273//3791
f 4279//3792 4280//3792 4273//3792
f 4273//3793 4280//3793 4274//3793
f 4280//3794 4281//3794 4274//3794
f 4275//3795 4282//3795 4276//3795
f 4282//3796 4283//3796 4276//3796
f 4276//3797 4283//3797 4277//3797
f 4283//3798 4284//3798 4277//3798
f 4277//3799 4284//3799 4278//3799
f 4284//3800 4285//3800 4278//3800
f 4278//3801 4285//3801 4279//3801
f 4285//3802 4286//3802 4279//3802
f 4279//3803 4286//3803 4280//3803
f 4286//3804 4287//3804 4280//3804
f 4280//3805 4287//3805 4281//3805
f 4287//3806 4288//3806 4281//3806
f 4289//3807 4296//3807 4290//3807
f 4296//3808 4297//3808 4290//3808
f 4290//3809 4297//3809 4291//3809
f 4297//3810 4298//3810 4291//3810
f 4291//3811 4298//3811 4292//3811
f 4298//3812 4299//3812 4292//3812
f 4292//3813 4299//3813 4293//3813
f 4299//3814 4300//3814 4293//3814
f 4293//3815 4300//3815 4294//3815
f 4300//3816 4301//3816 4294//3816
f 4294//3817 4301//3817 4295//3817
f 4301//3818 4302//3818 4295//3818
f 4303//3819 4310//3819 4304//3819
f 4310//3820 4311//3820 4304//3820
f 4304//3821 4311//3821 4305//3821
f 4311//3822 4312//3822 4305//3822
f 4305//3823 4312//3823 4306//3823
f 4312//3824 4313//3824 4306//3824
f 4306//3825 4313//3825 4307//3825
f 4313//3826 4314//3826 4307//3826
f 4307//3827 4314//3827 4308//3827
f 4314//3828 4315//3828 4308//3828
f 4308//3829 4315//3829 4309//3829
f 4315//3830 4316//3830 4309//3830
f 4317//3831 4324//3831 4318//3831
f 4324//3832 4325//3832 4318//3832
f 4318//3833 4325//3833 4319//3833
f 4325//3834 4326//3834 4319//3834
f 4319//3835 4326//3835 4320//3835
f 4326//3836 4327//3836 4320//3836
f 4320//3837 4327//3837 4321//3837
f 4327//3838 4328//3838 4321//3838
f 4321//3839 4328//3839 4322//3839
f 4328//3840 4329//3840 4322//3840
f 4322//3841 4329//3841 4323//3841
f 4329//3842 4330//3842 4323//3842
f 4331//3843 4338//3843 4332//3843
f 4338//3844 4339//3844 4332//3844
f 4332//3845 4339//3845 4333//3845
f 4339//3846 4340//3846 4333//3846
f 4333//3847 4340//3847 4334//3847
f 4340//3848 4341//3848 4334//3848
f 4334//3849 4341//3849 4335//3849
f 4341//3850 4342//3850 4335//3850
f 4335//3851 4342//3851 4336//3851
f 4342//3852 4343//3852 4336//3852
f 4336//3853 4343//3853 4337//3853
f 4343//3854 4344//3854 4337//3854
f 4345//3855 4352//3855 4346//3855
f 4352//3856 4353//3856 4346//3856
f 4346//3857 4353//3857 4347//3857
f 4353//3858 4354//3858 4347//3858
f 4347//3859 4354//3859 4348//3859
f 4354//3860 4355//3860 4348//3860
f 4348//3861 4355//3861 4349//3861
f 4355//3862 4356//3862 4349//3862
f 4349//3863 4356//3863 4350//3863
f 4356//3864 4357//3864 4350//3864
f 4350//3865 4357//3865 4351//3865
f 4357//3866 4358//3866 4351//3866
f 4352//3867 4359//3867 4353//3867
f 4359//3868 4360//3868 4353//3868
f 4353//3869 4360//3869 4354//3869
f 4360//3870 4361//3870 4354//3870
f 4354//3871 4361//3871 4355//3871
f 4361//3872 4362//3872 4355//3872
f 4355//3873 4362//3873 4356//3873
f 4362//3874 4363//3874 4356//3874
f 4356//3875 4363//3875 4357//3875
f 4363//3876 4364//3876 4357//3876
f 4357//3877 4364//3877 4358//3877
f 4364//3878 4365//3878 4358//3878
f 4359//3879 4366//3879 4360//3879
f 4366//3880 4367//3880 4360//3880
f 4360//3881 4367//3881 4361//3881
f 4367//3882 4368//3882 4361//3882
f 4361//3883 4368//3883 4362//3883
f 4368//3884 4369//3884 4362//3884
f 4362//3885 4369//3885 4363//3885
f 4369//3886 4370//3886 4363//3886
f 4363//3887 4370//3887 4364//3887
f 4370//3888 4371//3888 4364//3888
f 4364//3889 4371//3889 4365//3889
f 4371//3890 4372//3890 4365//3890
f 4366//3891 4373//3891 4367//3891
f 4373//3892 4374//3892 4367//3892
f 4367//3893 4374//3893 4368//3893
f 4374//3894 4375//3894 4368//3894
f 4368//3895 4375//3895 4369//3895
f 4375//3896 4376//3896 4369//3896
f 4369//3897 4376//3897 4370//3897
f 4376//3898 4377//3898 4370//3898
f 4370//3899 4377//3899 4371//3899
f 4377//3900 4378//3900 4371//3900
f 4371//3901 4378//3901 4372//3901
f 4378//3902 4379//3902 4372//3902
f 4373//3903 4380//3903 4374//3903
f 4380//3904 4381//3904 4374//3904
f 4374//3905 4381//3905 4375//3905
f 4381//3906 4382//3906 4375//3906
f 4375//3907 4382//3907 4376//3907
f 4382//3908 4383//3908 4376//3908
f 4376//3909 4383//3909 4377//3909
f 4383//3910 4384//3910 4377//3910
f 4377//3911 4384//3911 4378//3911
f 4384//3912 4385//3912 4378//3912
f 4378//3913 4385//3913 4379//3913
f 4385//3914 4386//3914 4379//3914
f 4380//3915 4387//3915 4381//3915
f 4387//3916 4388//3916 4381//3916
f 4381//3917 4388//3917 4382//3917
f 4388//3918 4389//3918 4382//3918
f 4382//3919 4389//3919 4383//3919
f 4389//3920 4390//3920 4383//3920
f 4383//3921 4390//3921 4384//3921
f 4390//3922 4391//3922 4384//3922
f 4384//3923 4391//3923 4385//3923
f 4391//3924 4392//3924 4385//3924
f 4385//3925 4392//3925 4386//3925
f 4392//3926 4393//3926 4386//3926
f 4394//3927 4401//3927 4395//3927
f 4401//3928 4402//3928 4395//3928
f 4395//3929 4402//3929 4396//3929
f 4402//3930 4403//3930 4396//3930
f 4396//3931 4403//3931 4397//3931
f 4403//3932 4404//3932 4397//3932
f 4397//3933 4404//3933 4398//3933
f 4404//3934 4405//3934 4398//3934
f 4398//3935 4405//3935 4399//3935
f 4405//3936 4406//3936 4399//3936
f 4399//3937 4406//3937 4400//3937
f 4406//3938 4407//3938 4400//3938
f 4401//3939 4408//3939 4402//3939
f 4408//3940 4409//3940 4402//3940
f 4402//3941 4409//3941 4403//3941
f 4409//3942 4410//3942 4403//3942
f 4403//3943 4410//3943 4404//3943
f 4410//3944 4411//3944 4404//3944
f 4404//3945 4411//3945 4405//3945
f 4411//3946 4412//3946 4405//3946
f 4405//3947 4412//3947 4406//3947
f 4412//3948 4413//3948 4406//3948
f 4406//3949 4413//3949 4407//3949
f 4413//3950 4414//3950 4407//3950
f 4408//3951 4415//3951 4409//3951
f 4415//3952 4416//3952 4409//3952
f 4409//3953 4416//3953 4410//3953
f 4416//3954 4417//3954 4410//3954
f 4410//3955 4417//3955 4411//3955
f 4417//3956 4418//3956 4411//3956
f 4411//3957 4418//3957 4412//3957
f 4418//3958 4419//3958 4412//3958
f 4412//3959 4419//3959 4413//3959
f 4419//3960 4420//3960 4413//3960
f 4413//3961 4420//3961 4414//3961
f 4420//3962 4421//3962 4414//3962
f 4415//3963 4422//3963 4416//3963
f 4422//3964 4423//3964 4416//3964
f 4416//3965 4423//3965 4417//3965
f 4423//3966 4424//3966 4417//3966
f 4417//3967 4424//3967 4418//3967
f 4424//3968 4425//3968 4418//3968
f 4418//3969 4425//3969 4419//3969
f 4425//3970 4426//3970 4419//3970
f 4419//3971 4426//3971 4420//3971
f 4426//3972 4427//3972 4420//3972
f 4420//3973 4427//3973 4421//3973
f 4427//3974 4428//3974 4421//3974
f 4422//3975 4429//3975 4423//3975
f 4429//3976 4430//3976 4423//3976
f 4423//3977 4430//3977 4424//3977
f 4430//3978 4431//3978 4424//3978
f 4424//3979 4431//3979 4425//3979
f 4431//3980 4432//3980 4425//3980
f 4425//3981 4432//3981 4426//3981
f 4432//3982 4433//3982 4426//3982
f 4426//3983 4433//3983 4427//3983
f 4433//3984 4434//3984 4427//3984
f 4427//3985 4434//3985 4428//3985
f 4434//3986 4435//3986 4428//3986
f 4429//3987 4436//3987 4430//3987
f 4436//3988 4437//3988 4430//3988
f 4430//3989 4437//3989 4431//3989
f 4437//3990 4438//3990 4431//3990
f 4431//3991 4438//3991 4432//3991
f 4438//3992 4439//3992 4432//3992
f 4432//3993 4439//3993 4433//3993
f 4439//3994 4440//3994 4433//3994
f 4433//3995 4440//3995 4434//3995
f 4440//3996 4441//3996 4434//3996
f 4434//3997 4441//3997 4435//3997
f 4441//3998 4442//3998 4435//3998
f 4443//3999 4450//3999 4444//3999
f 4450//4000 4451//4000 4444//4000
f 4444//4001 4451//4001 4445//4001
f 4451//4002 4452//4002 4445//4002
f 4445//4003 4452//4003 4446//4003
f 4452//4004 4453//4004 4446//4004
f 4446//4005 4453//4005 4447//4005
f 4453//4006 4454//4006 4447//4006
f 4447//4007 4454//4007 4448//4007
f 4454//4008 4455//4008 4448//4008
f 4448//4009 4455//4009 4449//4009
f 4455//4010 4456//4010 4449//4010
f 4457//4011 4464//4011 4458//4011
f 4464//4012 4465//4012 4458//4012
f 4458//4013 4465//4013 4459//4013
f 4465//4014 4466//4014 4459//4014
f 4459//4015 4466//4015 4460//4015
f 4466//4016 4467//4016 4460//4016
f 4460//4017 4467//4017 4461//4017
f 4467//4018 4468//4018 4461//4018
f 4461//4019 4468//4019 4462//4019
f 4468//4020 4469//4020 4462//4020
f 4462//4021 4469//4021 4463//4021
f 4469//4022 4470//4022 4463//4022
o Schultermasse
usemtl wool_5
f 4471//4023 4478//4023 4472//4023
f 4478//4024 4479//4024 4472//4024
f 4472//4025 4479//4025 4473//4025
f 4479//4026 4480//4026 4473//4026
f 4473//4027 4480//4027 4474//4027
f 4480//4028 4481//4028 4474//4028
f 4474//4029 4481//4029 4475//4029
f 4481//4030 4482//4030 4475//4030
f 4475//4031 4482//4031 4476//4031
f 4482//4032 4483//4032 4476//4032
f 4476//4033 4483//4033 4477//4033
f 4483//4034 4484//4034 4477//4034
f 4485//4035 4492//4035 4486//4035
f 4492//4036 4493//4036 4486//4036
f 4486//4037 4493//4037 4487//4037
f 4493//4038 4494//4038 4487//4038
f 4487//4039 4494//4039 4488//4039
f 4494//4040 4495//4040 4488//4040
f 4488//4041 4495//4041 4489//4041
f 4495//4042 4496//4042 4489//4042
f 4489//4043 4496//4043 4490//4043
f 4496//4044 4497//4044 4490//4044
f 4490//4045 4497//4045 4491//4045
f 4497//4046 4498//4046 4491//4046
f 4499//4047 4506//4047 4500//4047
f 4506//4048 4507//4048 4500//4048
f 4500//4049 4507//4049 4501//4049
f 4507//4050 4508//4050 4501//4050
f 4501//4051 4508//4051 4502//4051
f 4508//4052 4509//4052 4502//4052
f 4502//4053 4509//4053 4503//4053
f 4509//4054 4510//4054 4503//4054
f 4503//4055 4510//4055 4504//4055
f 4510//4056 4511//4056 4504//4056
f 4504//4057 4511//4057 4505//4057
f 4511//4058 4512//4058 4505//4058
f 4506//4059 4513//4059 4507//4059
f 4513//4060 4514//4060 4507//4060
f 4507//4061 4514//4061 4508//4061
f 4514//4062 4515//4062 4508//4062
f 4508//4063 4515//4063 4509//4063
f 4515//4064 4516//4064 4509//4064
f 4509//4065 4516//4065 4510//4065
f 4516//4066 4517//4066 4510//4066
f 4510//4067 4517//4067 4511//4067
f 4517//4068 4518//4068 4511//4068
f 4511//4069 4518//4069 4512//4069
f 4518//4070 4519//4070 4512//4070
f 4513//4071 4520//4071 4514//4071
f 4520//4072 4521//4072 4514//4072
f 4514//4073 4521//4073 4515//4073
f 4521//4074 4522//4074 4515//4074
f 4515//4075 4522//4075 4516//4075
f 4522//4076 4523//4076 4516//4076
f 4516//4077 4523//4077 4517//4077
f 4523//4078 4524//4078 4517//4078
f 4517//4079 4524//4079 4518//4079
f 4524//4080 4525//4080 4518//4080
f 4518//4081 4525//4081 4519//4081
f 4525//4082 4526//4082 4519//4082
f 4520//4083 4527//4083 4521//4083
f 4527//4084 4528//4084 4521//4084
f 4521//4085 4528//4085 4522//4085
f 4528//4086 4529//4086 4522//4086
f 4522//4087 4529//4087 4523//4087
f 4529//4088 4530//4088 4523//4088
f 4523//4089 4530//4089 4524//4089
f 4530//4090 4531//4090 4524//4090
f 4524//4091 4531//4091 4525//4091
f 4531//4092 4532//4092 4525//4092
f 4525//4093 4532//4093 4526//4093
f 4532//4094 4533//4094 4526//4094
f 4527//4095 4534//4095 4528//4095
f 4534//4096 4535//4096 4528//4096
f 4528//4097 4535//4097 4529//4097
f 4535//4098 4536//4098 4529//4098
f 4529//4099 4536//4099 4530//4099
f 4536//4100 4537//4100 4530//4100
f 4530//4101 4537//4101 4531//4101
f 4537//4102 4538//4102 4531//4102
f 4531//4103 4538//4103 4532//4103
f 4538//4104 4539//4104 4532//4104
f 4532//4105 4539//4105 4533//4105
f 4539//4106 4540//4106 4533//4106
f 4534//4107 4541//4107 4535//4107
f 4541//4108 4542//4108 4535//4108
f 4535//4109 4542//4109 4536//4109
f 4542//4110 4543//4110 4536//4110
f 4536//4111 4543//4111 4537//4111
f 4543//4112 4544//4112 4537//4112
f 4537//4113 4544//4113 4538//4113
f 4544//4114 4545//4114 4538//4114
f 4538//4115 4545//4115 4539//4115
f 4545//4116 4546//4116 4539//4116
f 4539//4117 4546//4117 4540//4117
f 4546//4118 4547//4118 4540//4118
f 4548//4119 4555//4119 4549//4119
f 4555//4120 4556//4120 4549//4120
f 4549//4121 4556//4121 4550//4121
f 4556//4122 4557//4122 4550//4122
f 4550//4123 4557//4123 4551//4123
f 4557//4124 4558//4124 4551//4124
f 4551//4125 4558//4125 4552//4125
f 4558//4126 4559//4126 4552//4126
f 4552//4127 4559//4127 4553//4127
f 4559//4128 4560//4128 4553//4128
f 4553//4129 4560//4129 4554//4129
f 4560//4130 4561//4130 4554//4130
f 4555//4131 4562//4131 4556//4131
f 4562//4132 4563//4132 4556//4132
f 4556//4133 4563//4133 4557//4133
f 4563//4134 4564//4134 4557//4134
f 4557//4135 4564//4135 4558//4135
f 4564//4136 4565//4136 4558//4136
f 4558//4137 4565//4137 4559//4137
f 4565//4138 4566//4138 4559//4138
f 4559//4139 4566//4139 4560//4139
f 4566//4140 4567//4140 4560//4140
f 4560//4141 4567//4141 4561//4141
f 4567//4142 4568//4142 4561//4142
f 4562//4143 4569//4143 4563//4143
f 4569//4144 4570//4144 4563//4144
f 4563//4145 4570//4145 4564//4145
f 4570//4146 4571//4146 4564//4146
f 4564//4147 4571//4147 4565//4147
f 4571//4148 4572//4148 4565//4148
f 4565//4149 4572//4149 4566//4149
f 4572//4150 4573//4150 4566//4150
f 4566//4151 4573//4151 4567//4151
f 4573//4152 4574//4152 4567//4152
f 4567//4153 4574//4153 4568//4153
f 4574//4154 4575//4154 4568//4154
f 4569//4155 4576//4155 4570//4155
f 4576//4156 4577//4156 4570//4156
f 4570//4157 4577//4157 4571//4157
f 4577//4158 4578//4158 4571//4158
f 4571//4159 4578//4159 4572//4159
f 4578//4160 4579//4160 4572//4160
f 4572//4161 4579//4161 4573//4161
f 4579//4162 4580//4162 4573//4162
f 4573//4163 4580//4163 4574//4163
f 4580//4164 4581//4164 4574//4164
f 4574//4165 4581//4165 4575//4165
f 4581//4166 4582//4166 4575//4166
f 4576//4167 4583//4167 4577//4167
f 4583//4168 4584//4168 4577//4168
f 4577//4169 4584//4169 4578//4169
f 4584//4170 4585//4170 4578//4170
f 4578//4171 4585//4171 4579//4171
f 4585//4172 4586//4172 4579//4172
f 4579//4173 4586//4173 4580//4173
f 4586//4174 4587//4174 4580//4174
f 4580//4175 4587//4175 4581//4175
f 4587//4176 4588//4176 4581//4176
f 4581//4177 4588//4177 4582//4177
f 4588//4178 4589//4178 4582//4178
f 4583//4179 4590//4179 4584//4179
f 4590//4180 4591//4180 4584//4180
f 4584//4181 4591//4181 4585//4181
f 4591//4182 4592//4182 4585//4182
f 4585//4183 4592//4183 4586//4183
f 4592//4184 4593//4184 4586//4184
f 4586//4185 4593//4185 4587//4185
f 4593//4186 4594//4186 4587//4186
f 4587//4187 4594//4187 4588//4187
f 4594//4188 4595//4188 4588//4188
f 4588//4189 4595//4189 4589//4189
f 4595//4190 4596//4190 4589//4190
f 4597//4191 4604//4191 4598//4191
f 4604//4192 4605//4192 4598//4192
f 4598//4193 4605//4193 4599//4193
f 4605//4194 4606//4194 4599//4194
f 4599//4195 4606//4195 4600//4195
f 4606//4196 4607//4196 4600//4196
f 4600//4197 4607//4197 4601//4197
f 4607//4198 4608//4198 4601//4198
f 4601//4199 4608//4199 4602//4199
f 4608//4200 4609//4200 4602//4200
f 4602//4201 4609//4201 4603//4201
f 4609//4202 4610//4202 4603//4202
f 4611//4203 4618//4203 4612//4203
f 4618//4204 4619//4204 4612//4204
f 4612//4205 4619//4205 4613//4205
f 4619//4206 4620//4206 4613//4206
f 4613//4207 4620//4207 4614//4207
f 4620//4208 4621//4208 4614//4208
f 4614//4209 4621//4209 4615//4209
f 4621//4210 4622//4210 4615//4210
f 4615//4211 4622//4211 4616//4211
f 4622//4212 4623//4212 4616//4212
f 4616//4213 4623//4213 4617//4213
f 4623//4214 4624//4214 4617//4214
f 4625//4023 4632//4023 4626//4023
f 4632//4024 4633//4024 4626//4024
f 4626//4025 4633//4025 4627//4025
f 4633//4026 4634//4026 4627//4026
f 4627//4027 4634//4027 4628//4027
f 4634//4028 4635//4028 4628//4028
f 4628//4029 4635//4029 4629//4029
f 4635//4030 4636//4030 4629//4030
f 4629//4031 4636//4031 4630//4031
f 4636//4032 4637//4032 4630//4032
f 4630//4033 4637//4033 4631//4033
f 4637//4034 4638//4034 4631//4034
f 4639//4035 4646//4035 4640//4035
f 4646//4036 4647//4036 4640//4036
f 4640//4037 4647//4037 4641//4037
f 4647//4038 4648//4038 4641//4038
f 4641//4039 4648//4039 4642//4039
f 4648//4040 4649//4040 4642//4040
f 4642//4041 4649//4041 4643//4041
f 4649//4042 4650//4042 4643//4042
f 4643//4043 4650//4043 4644//4043
f 4650//4044 4651//4044 4644//4044
f 4644//4045 4651//4045 4645//4045
f 4651//4046 4652//4046 4645//4046
f 4653//4047 4660//4047 4654//4047
f 4660//4048 4661//4048 4654//4048
f 4654//4049 4661//4049 4655//4049
f 4661//4050 4662//4050 4655//4050
f 4655//4051 4662//4051 4656//4051
f 4662//4052 4663//4052 4656//4052
f 4656//4053 4663//4053 4657//4053
f 4663//4054 4664//4054 4657//4054
f 4657//4055 4664//4055 4658//4055
f 4664//4056 4665//4056 4658//4056
f 4658//4057 4665//4057 4659//4057
f 4665//4058 4666//4058 4659//4058
f 4660//4059 4667//4059 4661//4059
f 4667//4060 4668//4060 4661//4060
f 4661//4061 4668//4061 4662//4061
f 4668//4062 4669//4062 4662//4062
f 4662//4063 4669//4063 4663//4063
f 4669//4064 4670//4064 4663//4064
f 4663//4065 4670//4065 4664//4065
f 4670//4066 4671//4066 4664//4066
f 4664//4067 4671//4067 4665//4067
f 4671//4068 4672//4068 4665//4068
f 4665//4069 4672//4069 4666//4069
f 4672//4070 4673//4070 4666//4070
f 4667//4071 4674//4071 4668//4071
f 4674//4072 4675//4072 4668//4072
f 4668//4073 4675//4073 4669//4073
f 4675//4074 4676//4074 4669//4074
f 4669//4075 4676//4075 4670//4075
f 4676//4076 4677//4076 4670//4076
f 4670//4077 4677//4077 4671//4077
f 4677//4078 4678//4078 4671//4078
f 4671//4079 4678//4079 4672//4079
f 4678//4080 4679//4080 4672//4080
f 4672//4081 4679//4081 4673//4081
f 4679//4082 4680//4082 4673//4082
f 4674//4083 4681//4083 4675//4083
f 4681//4084 4682//4084 4675//4084
f 4675//4085 4682//4085 4676//4085
f 4682//4086 4683//4086 4676//4086
f 4676//4087 4683//4087 4677//4087
f 4683//4088 4684//4088 4677//4088
f 4677//4089 4684//4089 4678//4089
f 4684//4090 4685//4090 4678//4090
f 4678//4091 4685//4091 4679//4091
f 4685//4092 4686//4092 4679//4092
f 4679//4093 4686//4093 4680//4093
f 4686//4094 4687//4094 4680//4094
f 4681//4095 4688//4095 4682//4095
f 4688//4096 4689//4096 4682//4096
f 4682//4097 4689//4097 4683//4097
f 4689//4098 4690//4098 4683//4098
f 4683//4099 4690//4099 4684//4099
f 4690//4100 4691//4100 4684//4100
f 4684//4101 4691//4101 4685//4101
f 4691//4102 4692//4102 4685//4102
f 4685//4103 4692//4103 4686//4103
f 4692//4104 4693//4104 4686//4104
f 4686//4105 4693//4105 4687//4105
f 4693//4106 4694//4106 4687//4106
f 4688//4107 4695//4107 4689//4107
f 4695//4108 4696//4108 4689//4108
f 4689//4109 4696//4109 4690//4109
f 4696//4110 4697//4110 4690//4110
f 4690//4111 4697//4111 4691//4111
f 4697//4112 4698//4112 4691//4112
f 4691//4113 4698//4113 4692//4113
f 4698//4114 4699//4114 4692//4114
f 4692//4115 4699//4115 4693//4115
f 4699//4116 4700//4116 4693//4116
f 4693//4117 4700//4117 4694//4117
f 4700//4118 4701//4118 4694//4118
f 4702//4119 4709//4119 4703//4119
f 4709//4120 4710//4120 4703//4120
f 4703//4121 4710//4121 4704//4121
f 4710//4122 4711//4122 4704//4122
f 4704//4123 4711//4123 4705//4123
f 4711//4124 4712//4124 4705//4124
f 4705//4125 4712//4125 4706//4125
f 4712//4126 4713//4126 4706//4126
f 4706//4127 4713//4127 4707//4127
f 4713//4128 4714//4128 4707//4128
f 4707//4129 4714//4129 4708//4129
f 4714//4130 4715//4130 4708//4130
f 4709//4131 4716//4131 4710//4131
f 4716//4132 4717//4132 4710//4132
f 4710//4133 4717//4133 4711//4133
f 4717//4134 4718//4134 4711//4134
f 4711//4135 4718//4135 4712//4135
f 4718//4136 4719//4136 4712//4136
f 4712//4137 4719//4137 4713//4137
f 4719//4138 4720//4138 4713//4138
f 4713//4139 4720//4139 4714//4139
f 4720//4140 4721//4140 4714//4140
f 4714//4141 4721//4141 4715//4141
f 4721//4142 4722//4142 4715//4142
f 4716//4143 4723//4143 4717//4143
f 4723//4144 4724//4144 4717//4144
f 4717//4145 4724//4145 4718//4145
f 4724//4146 4725//4146 4718//4146
f 4718//4147 4725//4147 4719//4147
f 4725//4148 4726//4148 4719//4148
f 4719//4149 4726//4149 4720//4149
f 4726//4150 4727//4150 4720//4150
f 4720//4151 4727//4151 4721//4151
f 4727//4152 4728//4152 4721//4152
f 4721//4153 4728//4153 4722//4153
f 4728//4154 4729//4154 4722//4154
f 4723//4155 4730//4155 4724//4155
f 4730//4156 4731//4156 4724//4156
f 4724//4157 4731//4157 4725//4157
f 4731//4158 4732//4158 4725//4158
f 4725//4159 4732//4159 4726//4159
f 4732//4160 4733//4160 4726//4160
f 4726//4161 4733//4161 4727//4161
f 4733//4162 4734//4162 4727//4162
f 4727//4163 4734//4163 4728//4163
f 4734//4164 4735//4164 4728//4164
f 4728//4165 4735//4165 4729//4165
f 4735//4166 4736//4166 4729//4166
f 4730//4167 4737//4167 4731//4167
f 4737//4168 4738//4168 4731//4168
f 4731//4169 4738//4169 4732//4169
f 4738//4170 4739//4170 4732//4170
f 4732//4171 4739//4171 4733//4171
f 4739//4172 4740//4172 4733//4172
f 4733//4173 4740//4173 4734//4173
f 4740//4174 4741//4174 4734//4174
f 4734//4175 4741//4175 4735//4175
f 4741//4176 4742//4176 4735//4176
f 4735//4177 4742//4177 4736//4177
f 4742//4178 4743//4178 4736//4178
f 4737//4179 4744//4179 4738//4179
f 4744//4180 4745//4180 4738//4180
f 4738//4181 4745//4181 4739//4181
f 4745//4182 4746//4182 4739//4182
f 4739//4183 4746//4183 4740//4183
f 4746//4184 4747//4184 4740//4184
f 4740//4185 4747//4185 4741//4185
f 4747//4186 4748//4186 4741//4186
f 4741//4187 4748//4187 4742//4187
f 4748//4188 4749//4188 4742//4188
f 4742//4189 4749//4189 4743//4189
f 4749//4190 4750//4190 4743//4190
f 4751//4191 4758//4191 4752//4191
f 4758//4192 4759//4192 4752//4192
f 4752//4193 4759//4193 4753//4193
f 4759//4194 4760//4194 4753//4194
f 4753//4195 4760//4195 4754//4195
f 4760//4196 4761//4196 4754//4196
f 4754//4197 4761//4197 4755//4197
f 4761//4198 4762//4198 4755//4198
f 4755//4199 4762//4199 4756//4199
f 4762//4200 4763//4200 4756//4200
f 4756//4201 4763//4201 4757//4201
f 4763//4202 4764//4202 4757//4202
f 4765//4203 4772//4203 4766//4203
f 4772//4204 4773//4204 4766//4204
f 4766//4205 4773//4205 4767//4205
f 4773//4206 4774//4206 4767//4206
f 4767//4207 4774//4207 4768//4207
f 4774//4208 4775//4208 4768//4208
f 4768//4209 4775//4209 4769//4209
f 4775//4210 4776//4210 4769//4210
f 4769//4211 4776//4211 4770//4211
f 4776//4212 4777//4212 4770//4212
f 4770//4213 4777//4213 4771//4213
f 4777//4214 4778//4214 4771//4214
o Vorderbein
usemtl wool_5
f 4779//4215 4786//4215 4780//4215
f 4786//4216 4787//4216 4780//4216
f 4780//4217 4787//4217 4781//4217
f 4787//4218 4788//4218 4781//4218
f 4781//4219 4788//4219 4782//4219
f 4788//4219 4789//4219 4782//4219
f 4782//4220 4789//4220 4783//4220
f 4789//4220 4790//4220 4783//4220
f 4783//4221 4790//4221 4784//4221
f 4790//4222 4791//4222 4784//4222
f 4784//4223 4791//4223 4785//4223
f 4791//4224 4792//4224 4785//4224
f 4793//4225 4800//4225 4794//4225
f 4800//4226 4801//4226 4794//4226
f 4794//4227 4801//4227 4795//4227
f 4801//4228 4802//4228 4795//4228
f 4795//4229 4802//4229 4796//4229
f 4802//4229 4803//4229 4796//4229
f 4796//4230 4803//4230 4797//4230
f 4803//4230 4804//4230 4797//4230
f 4797//4231 4804//4231 4798//4231
f 4804//4232 4805//4232 4798//4232
f 4798//4233 4805//4233 4799//4233
f 4805//4234 4806//4234 4799//4234
f 4807//4235 4814//4235 4808//4235
f 4814//4235 4815//4235 4808//4235
f 4808//4236 4815//4236 4809//4236
f 4815//4236 4816//4236 4809//4236
f 4809//4237 4816//4237 4810//4237
f 4816//4237 4817//4237 4810//4237
f 4810//4238 4817//4238 4811//4238
f 4817//4238 4818//4238 4811//4238
f 4811//4239 4818//4239 4812//4239
f 4818//4239 4819//4239 4812//4239
f 4812//4240 4819//4240 4813//4240
f 4819//4240 4820//4240 4813//4240
f 4814//4241 4821//4241 4815//4241
f 4821//4241 4822//4241 4815//4241
f 4815//4242 4822//4242 4816//4242
f 4822//4242 4823//4242 4816//4242
f 4816//4243 4823//4243 4817//4243
f 4823//4243 4824//4243 4817//4243
f 4817//4244 4824//4244 4818//4244
f 4824//4244 4825//4244 4818//4244
f 4818//4245 4825//4245 4819//4245
f 4825//4245 4826//4245 4819//4245
f 4819//4246 4826//4246 4820//4246
f 4826//4246 4827//4246 4820//4246
f 4821//4247 4828//4247 4822//4247
f 4828//4247 4829//4247 4822//4247
f 4822//4248 4829//4248 4823//4248
f 4829//4248 4830//4248 4823//4248
f 4823//4249 4830//4249 4824//4249
f 4830//4249 4831//4249 4824//4249
f 4824//4250 4831//4250 4825//4250
f 4831//4250 4832//4250 4825//4250
f 4825//4251 4832//4251 4826//4251
f 4832//4251 4833//4251 4826//4251
f 4826//4252 4833//4252 4827//4252
f 4833//4252 4834//4252 4827//4252
f 4828//4253 4835//4253 4829//4253
f 4835//4253 4836//4253 4829//4253
f 4829//4254 4836//4254 4830//4254
f 4836//4254 4837//4254 4830//4254
f 4830//4255 4837//4255 4831//4255
f 4837//4255 4838//4255 4831//4255
f 4831//4256 4838//4256 4832//4256
f 4838//4256 4839//4256 4832//4256
f 4832//4257 4839//4257 4833//4257
f 4839//4257 4840//4257 4833//4257
f 4833//4258 4840//4258 4834//4258
f 4840//4258 4841//4258 4834//4258
f 4835//4259 4842//4259 4836//4259
f 4842//4259 4843//4259 4836//4259
f 4836//4260 4843//4260 4837//4260
f 4843//4260 4844//4260 4837//4260
f 4837//4261 4844//4261 4838//4261
f 4844//4261 4845//4261 4838//4261
f 4838//4262 4845//4262 4839//4262
f 4845//4262 4846//4262 4839//4262
f 4839//4263 4846//4263 4840//4263
f 4846//4263 4847//4263 4840//4263
f 4840//4264 4847//4264 4841//4264
f 4847//4264 4848//4264 4841//4264
f 4842//4265 4849//4265 4843//4265
f 4849//4265 4850//4265 4843//4265
f 4843//4266 4850//4266 4844//4266
f 4850//4266 4851//4266 4844//4266
f 4844//4267 4851//4267 4845//4267
f 4851//4267 4852//4267 4845//4267
f 4845//4268 4852//4268 4846//4268
f 4852//4268 4853//4268 4846//4268
f 4846//4269 4853//4269 4847//4269
f 4853//4269 4854//4269 4847//4269
f 4847//4270 4854//4270 4848//4270
f 4854//4270 4855//4270 4848//4270
f 4856//4271 4863//4271 4857//4271
f 4863//4271 4864//4271 4857//4271
f 4857//4272 4864//4272 4858//4272
f 4864//4272 4865//4272 4858//4272
f 4858//4273 4865//4273 4859//4273
f 4865//4273 4866//4273 4859//4273
f 4859//4274 4866//4274 4860//4274
f 4866//4274 4867//4274 4860//4274
f 4860//4275 4867//4275 4861//4275
f 4867//4275 4868//4275 4861//4275
f 4861//4276 4868//4276 4862//4276
f 4868//4276 4869//4276 4862//4276
f 4863//4277 4870//4277 4864//4277
f 4870//4277 4871//4277 4864//4277
f 4864//4278 4871//4278 4865//4278
f 4871//4278 4872//4278 4865//4278
f 4865//4279 4872//4279 4866//4279
f 4872//4279 4873//4279 4866//4279
f 4866//4280 4873//4280 4867//4280
f 4873//4280 4874//4280 4867//4280
f 4867//4281 4874//4281 4868//4281
f 4874//4281 4875//4281 4868//4281
f 4868//4282 4875//4282 4869//4282
f 4875//4282 4876//4282 4869//4282
f 4870//4283 4877//4283 4871//4283
f 4877//4283 4878//4283 4871//4283
f 4871//4284 4878//4284 4872//4284
f 4878//4284 4879//4284 4872//4284
f 4872//4285 4879//4285 4873//4285
f 4879//4285 4880//4285 4873//4285
f 4873//4286 4880//4286 4874//4286
f 4880//4286 4881//4286 4874//4286
f 4874//4287 4881//4287 4875//4287
f 4881//4287 4882//4287 4875//4287
f 4875//4288 4882//4288 4876//4288
f 4882//4288 4883//4288 4876//4288
f 4877//4289 4884//4289 4878//4289
f 4884//4289 4885//4289 4878//4289
f 4878//4290 4885//4290 4879//4290
f 4885//4290 4886//4290 4879//4290
f 4879//4291 4886//4291 4880//4291
f 4886//4291 4887//4291 4880//4291
f 4880//4292 4887//4292 4881//4292
f 4887//4292 4888//4292 4881//4292
f 4881//4293 4888//4293 4882//4293
f 4888//4293 4889//4293 4882//4293
f 4882//4294 4889//4294 4883//4294
f 4889//4294 4890//4294 4883//4294
f 4884//4295 4891//4295 4885//4295
f 4891//4295 4892//4295 4885//4295
f 4885//4296 4892//4296 4886//4296
f 4892//4296 4893//4296 4886//4296
f 4886//4297 4893//4297 4887//4297
f 4893//4297 4894//4297 4887//4297
f 4887//4298 4894//4298 4888//4298
f 4894//4298 4895//4298 4888//4298
f 4888//4299 4895//4299 4889//4299
f 4895//4299 4896//4299 4889//4299
f 4889//4300 4896//4300 4890//4300
f 4896//4300 4897//4300 4890//4300
f 4891//4301 4898//4301 4892//4301
f 4898//4301 4899//4301 4892//4301
f 4892//4302 4899//4302 4893//4302
f 4899//4302 4900//4302 4893//4302
f 4893//4303 4900//4303 4894//4303
f 4900//4303 4901//4303 4894//4303
f 4894//4304 4901//4304 4895//4304
f 4901//4304 4902//4304 4895//4304
f 4895//4305 4902//4305 4896//4305
f 4902//4305 4903//4305 4896//4305
f 4896//4306 4903//4306 4897//4306
f 4903//4306 4904//4306 4897//4306
f 4905//4307 4912//4307 4906//4307
f 4912//4308 4913//4308 4906//4308
f 4906//4309 4913//4309 4907//4309
f 4913//4310 4914//4310 4907//4310
f 4907//4311 4914//4311 4908//4311
f 4914//4312 4915//4312 4908//4312
f 4908//4313 4915//4313 4909//4313
f 4915//4314 4916//4314 4909//4314
f 4909//4315 4916//4315 4910//4315
f 4916//4316 4917//4316 4910//4316
f 4910//4317 4917//4317 4911//4317
f 4917//4318 4918//4318 4911//4318
f 4919//4319 4926//4319 4920//4319
f 4926//4320 4927//4320 4920//4320
f 4920//4321 4927//4321 4921//4321
f 4927//4322 4928//4322 4921//4322
f 4921//4323 4928//4323 4922//4323
f 4928//4324 4929//4324 4922//4324
f 4922//4325 4929//4325 4923//4325
f 4929//4326 4930//4326 4923//4326
f 4923//4327 4930//4327 4924//4327
f 4930//4328 4931//4328 4924//4328
f 4924//4329 4931//4329 4925//4329
f 4931//4330 4932//4330 4925//4330
f 4933//4331 4940//4331 4934//4331
f 4940//4332 4941//4332 4934//4332
f 4934//4333 4941//4333 4935//4333
f 4941//4334 4942//4334 4935//4334
f 4935//4335 4942//4335 4936//4335
f 4942//4335 4943//4335 4936//4335
f 4936//4336 4943//4336 4937//4336
f 4943//4336 4944//4336 4937//4336
f 4937//4337 4944//4337 4938//4337
f 4944//4338 4945//4338 4938//4338
f 4938//4339 4945//4339 4939//4339
f 4945//4340 4946//4340 4939//4340
f 4947//4341 4954//4341 4948//4341
f 4954//4342 4955//4342 4948//4342
f 4948//4343 4955//4343 4949//4343
f 4955//4344 4956//4344 4949//4344
f 4949//4345 4956//4345 4950//4345
f 4956//4345 4957//4345 4950//4345
f 4950//4346 4957//4346 4951//4346
f 4957//4346 4958//4346 4951//4346
f 4951//4347 4958//4347 4952//4347
f 4958//4348 4959//4348 4952//4348
f 4952//4349 4959//4349 4953//4349
f 4959//4350 4960//4350 4953//4350
f 4961//4351 4968//4351 4962//4351
f 4968//4351 4969//4351 4962//4351
f 4962//4352 4969//4352 4963//4352
f 4969//4352 4970//4352 4963//4352
f 4963//4353 4970//4353 4964//4353
f 4970//4353 4971//4353 4964//4353
f 4964//4354 4971//4354 4965//4354
f 4971//4354 4972//4354 4965//4354
f 4965//4355 4972//4355 4966//4355
f 4972//4355 4973//4355 4966//4355
f 4966//4356 4973//4356 4967//4356
f 4973//4356 4974//4356 4967//4356
f 4968//4357 4975//4357 4969//4357
f 4975//4357 4976//4357 4969//4357
f 4969//4358 4976//4358 4970//4358
f 4976//4358 4977//4358 4970//4358
f 4970//4359 4977//4359 4971//4359
f 4977//4359 4978//4359 4971//4359
f 4971//4360 4978//4360 4972//4360
f 4978//4360 4979//4360 4972//4360
f 4972//4361 4979//4361 4973//4361
f 4979//4361 4980//4361 4973//4361
f 4973//4362 4980//4362 4974//4362
f 4980//4362 4981//4362 4974//4362
f 4975//4363 4982//4363 4976//4363
f 4982//4363 4983//4363 4976//4363
f 4976//4364 4983//4364 4977//4364
f 4983//4364 4984//4364 4977//4364
f 4977//4365 4984//4365 4978//4365
f 4984//4365 4985//4365 4978//4365
f 4978//4366 4985//4366 4979//4366
f 4985//4366 4986//4366 4979//4366
f 4979//4367 4986//4367 4980//4367
f 4986//4367 4987//4367 4980//4367
f 4980//4368 4987//4368 4981//4368
f 4987//4368 4988//4368 4981//4368
f 4982//4369 4989//4369 4983//4369
f 4989//4369 4990//4369 4983//4369
f 4983//4370 4990//4370 4984//4370
f 4990//4370 4991//4370 4984//4370
f 4984//4371 4991//4371 4985//4371
f 4991//4371 4992//4371 4985//4371
f 4985//4372 4992//4372 4986//4372
f 4992//4372 4993//4372 4986//4372
f 4986//4373 4993//4373 4987//4373
f 4993//4373 4994//4373 4987//4373
f 4987//4374 4994//4374 4988//4374
f 4994//4374 4995//4374 4988//4374
f 4989//4375 4996//4375 4990//4375
f 4996//4375 4997//4375 4990//4375
f 4990//4376 4997//4376 4991//4376
f 4997//4376 4998//4376 4991//4376
f 4991//4377 4998//4377 4992//4377
f 4998//4377 4999//4377 4992//4377
f 4992//4378 4999//4378 4993//4378
f 4999//4378 5000//4378 4993//4378
f 4993//4379 5000//4379 4994//4379
f 5000//4379 5001//4379 4994//4379
f 4994//4380 5001//4380 4995//4380
f 5001//4380 5002//4380 4995//4380
f 4996//4381 5003//4381 4997//4381
f 5003//4381 5004//4381 4997//4381
f 4997//4382 5004//4382 4998//4382
f 5004//4382 5005//4382 4998//4382
f 4998//4383 5005//4383 4999//4383
f 5005//4383 5006//4383 4999//4383
f 4999//4384 5006//4384 5000//4384
f 5006//4384 5007//4384 5000//4384
f 5000//4385 5007//4385 5001//4385
f 5007//4385 5008//4385 5001//4385
f 5001//4386 5008//4386 5002//4386
f 5008//4386 5009//4386 5002//4386
f 5010//4387 5017//4387 5011//4387
f 5017//4387 5018//4387 5011//4387
f 5011//4388 5018//4388 5012//4388
f 5018//4388 5019//4388 5012//4388
f 5012//4389 5019//4389 5013//4389
f 5019//4390 5020//4390 5013//4390
f 5013//4391 5020//4391 5014//4391
f 5020//4392 5021//4392 5014//4392
f 5014//4393 5021//4393 5015//4393
f 5021//4393 5022//4393 5015//4393
f 5015//4394 5022//4394 5016//4394
f 5022//4394 5023//4394 5016//4394
f 5017//4395 5024//4395 5018//4395
f 5024//4395 5025//4395 5018//4395
f 5018//4396 5025//4396 5019//4396
f 5025//4396 5026//4396 5019//4396
f 5019//4397 5026//4397 5020//4397
f 5026//4397 5027//4397 5020//4397
f 5020//4398 5027//4398 5021//4398
f 5027//4398 5028//4398 5021//4398
f 5021//4399 5028//4399 5022//4399
f 5028//4399 5029//4399 5022//4399
f 5022//4400 5029//4400 5023//4400
f 5029//4400 5030//4400 5023//4400
f 5024//4401 5031//4401 5025//4401
f 5031//4401 5032//4401 5025//4401
f 5025//4402 5032//4402 5026//4402
f 5032//4402 5033//4402 5026//4402
f 5026//4403 5033//4403 5027//4403
f 5033//4403 5034//4403 5027//4403
f 5027//4404 5034//4404 5028//4404
f 5034//4404 5035//4404 5028//4404
f 5028//4405 5035//4405 5029//4405
f 5035//4405 5036//4405 5029//4405
f 5029//4406 5036//4406 5030//4406
f 5036//4406 5037//4406 5030//4406
f 5031//4407 5038//4407 5032//4407
f 5038//4407 5039//4407 5032//4407
f 5032//4408 5039//4408 5033//4408
f 5039//4408 5040//4408 5033//4408
f 5033//4409 5040//4409 5034//4409
f 5040//4409 5041//4409 5034//4409
f 5034//4410 5041//4410 5035//4410
f 5041//4410 5042//4410 5035//4410
f 5035//4411 5042//4411 5036//4411
f 5042//4411 5043//4411 5036//4411
f 5036//4412 5043//4412 5037//4412
f 5043//4412 5044//4412 5037//4412
f 5038//4413 5045//4413 5039//4413
f 5045//4413 5046//4413 5039//4413
f 5039//4414 5046//4414 5040//4414
f 5046//4414 5047//4414 5040//4414
f 5040//4415 5047//4415 5041//4415
f 5047//4415 5048//4415 5041//4415
f 5041//4416 5048//4416 5042//4416
f 5048//4416 5049//4416 5042//4416
f 5042//4417 5049//4417 5043//4417
f 5049//4417 5050//4417 5043//4417
f 5043//4418 5050//4418 5044//4418
f 5050//4418 5051//4418 5044//4418
f 5045//4419 5052//4419 5046//4419
f 5052//4419 5053//4419 5046//4419
f 5046//4420 5053//4420 5047//4420
f 5053//4420 5054//4420 5047//4420
f 5047//4421 5054//4421 5048//4421
f 5054//4422 5055//4422 5048//4422
f 5048//4423 5055//4423 5049//4423
f 5055//4424 5056//4424 5049//4424
f 5049//4425 5056//4425 5050//4425
f 5056//4425 5057//4425 5050//4425
f 5050//4426 5057//4426 5051//4426
f 5057//4426 5058//4426 5051//4426
f 5059//4427 5066//4427 5060//4427
f 5066//4428 5067//4428 5060//4428
f 5060//4429 5067//4429 5061//4429
f 5067//4430 5068//4430 5061//4430
f 5061//4431 5068//4431 5062//4431
f 5068//4432 5069//4432 5062//4432
f 5062//4433 5069//4433 5063//4433
f 5069//4434 5070//4434 5063//4434
f 5063//4435 5070//4435 5064//4435
f 5070//4436 5071//4436 5064//4436
f 5064//4437 5071//4437 5065//4437
f 5071//4438 5072//4438 5065//4438
f 5073//4439 5080//4439 5074//4439
f 5080//4440 5081//4440 5074//4440
f 5074//4441 5081//4441 5075//4441
f 5081//4442 5082//4442 5075//4442
f 5075//4443 5082//4443 5076//4443
f 5082//4444 5083//4444 5076//4444
f 5076//4445 5083//4445 5077//4445
f 5083//4446 5084//4446 5077//4446
f 5077//4447 5084//4447 5078//4447
f 5084//4448 5085//4448 5078//4448
f 5078//4449 5085//4449 5079//4449
f 5085//4450 5086//4450 5079//4450
f 5087//4215 5094//4215 5088//4215
f 5094//4216 5095//4216 5088//4216
f 5088//4217 5095//4217 5089//4217
f 5095//4218 5096//4218 5089//4218
f 5089//4219 5096//4219 5090//4219
f 5096//4219 5097//4219 5090//4219
f 5090//4220 5097//4220 5091//4220
f 5097//4220 5098//4220 5091//4220
f 5091//4221 5098//4221 5092//4221
f 5098//4222 5099//4222 5092//4222
f 5092//4223 5099//4223 5093//4223
f 5099//4224 5100//4224 5093//4224
f 5101//4225 5108//4225 5102//4225
f 5108//4226 5109//4226 5102//4226
f 5102//4227 5109//4227 5103//4227
f 5109//4228 5110//4228 5103//4228
f 5103//4229 5110//4229 5104//4229
f 5110//4229 5111//4229 5104//4229
f 5104//4230 5111//4230 5105//4230
f 5111//4230 5112//4230 5105//4230
f 5105//4231 5112//4231 5106//4231
f 5112//4232 5113//4232 5106//4232
f 5106//4233 5113//4233 5107//4233
f 5113//4234 5114//4234 5107//4234
f 5115//4235 5122//4235 5116//4235
f 5122//4235 5123//4235 5116//4235
f 5116//4236 5123//4236 5117//4236
f 5123//4236 5124//4236 5117//4236
f 5117//4237 5124//4237 5118//4237
f 5124//4237 5125//4237 5118//4237
f 5118//4238 5125//4238 5119//4238
f 5125//4238 5126//4238 5119//4238
f 5119//4239 5126//4239 5120//4239
f 5126//4239 5127//4239 5120//4239
f 5120//4240 5127//4240 5121//4240
f 5127//4240 5128//4240 5121//4240
f 5122//4241 5129//4241 5123//4241
f 5129//4241 5130//4241 5123//4241
f 5123//4242 5130//4242 5124//4242
f 5130//4242 5131//4242 5124//4242
f 5124//4243 5131//4243 5125//4243
f 5131//4243 5132//4243 5125//4243
f 5125//4244 5132//4244 5126//4244
f 5132//4244 5133//4244 5126//4244
f 5126//4245 5133//4245 5127//4245
f 5133//4245 5134//4245 5127//4245
f 5127//4246 5134//4246 5128//4246
f 5134//4246 5135//4246 5128//4246
f 5129//4247 5136//4247 5130//4247
f 5136//4247 5137//4247 5130//4247
f 5130//4248 5137//4248 5131//4248
f 5137//4248 5138//4248 5131//4248
f 5131//4249 5138//4249 5132//4249
f 5138//4249 5139//4249 5132//4249
f 5132//4250 5139//4250 5133//4250
f 5139//4250 5140//4250 5133//4250
f 5133//4251 5140//4251 5134//4251
f 5140//4251 5141//4251 5134//4251
f 5134//4252 5141//4252 5135//4252
f 5141//4252 5142//4252 5135//4252
f 5136//4253 5143//4253 5137//4253
f 5143//4253 5144//4253 5137//4253
f 5137//4254 5144//4254 5138//4254
f 5144//4254 5145//4254 5138//4254
f 5138//4255 5145//4255 5139//4255
f 5145//4255 5146//4255 5139//4255
f 5139//4256 5146//4256 5140//4256
f 5146//4256 5147//4256 5140//4256
f 5140//4257 5147//4257 5141//4257
f 5147//4257 5148//4257 5141//4257
f 5141//4258 5148//4258 5142//4258
f 5148//4258 5149//4258 5142//4258
f 5143//4259 5150//4259 5144//4259
f 5150//4259 5151//4259 5144//4259
f 5144//4260 5151//4260 5145//4260
f 5151//4260 5152//4260 5145//4260
f 5145//4261 5152//4261 5146//4261
f 5152//4261 5153//4261 5146//4261
f 5146//4262 5153//4262 5147//4262
f 5153//4262 5154//4262 5147//4262
f 5147//4263 5154//4263 5148//4263
f 5154//4263 5155//4263 5148//4263
f 5148//4264 5155//4264 5149//4264
f 5155//4264 5156//4264 5149//4264
f 5150//4265 5157//4265 5151//4265
f 5157//4265 5158//4265 5151//4265
f 5151//4266 5158//4266 5152//4266
f 5158//4266 5159//4266 5152//4266
f 5152//4267 5159//4267 5153//4267
f 5159//4267 5160//4267 5153//4267
f 5153//4268 5160//4268 5154//4268
f 5160//4268 5161//4268 5154//4268
f 5154//4269 5161//4269 5155//4269
f 5161//4269 5162//4269 5155//4269
f 5155//4270 5162//4270 5156//4270
f 5162//4270 5163//4270 5156//4270
f 5164//4271 5171//4271 5165//4271
f 5171//4271 5172//4271 5165//4271
f 5165//4272 5172//4272 5166//4272
f 5172//4272 5173//4272 5166//4272
f 5166//4273 5173//4273 5167//4273
f 5173//4273 5174//4273 5167//4273
f 5167//4274 5174//4274 5168//4274
f 5174//4274 5175//4274 5168//4274
f 5168//4275 5175//4275 5169//4275
f 5175//4275 5176//4275 5169//4275
f 5169//4276 5176//4276 5170//4276
f 5176//4276 5177//4276 5170//4276
f 5171//4277 5178//4277 5172//4277
f 5178//4277 5179//4277 5172//4277
f 5172//4278 5179//4278 5173//4278
f 5179//4278 5180//4278 5173//4278
f 5173//4279 5180//4279 5174//4279
f 5180//4279 5181//4279 5174//4279
f 5174//4280 5181//4280 5175//4280
f 5181//4280 5182//4280 5175//4280
f 5175//4281 5182//4281 5176//4281
f 5182//4281 5183//4281 5176//4281
f 5176//4282 5183//4282 5177//4282
f 5183//4282 5184//4282 5177//4282
f 5178//4283 5185//4283 5179//4283
f 5185//4283 5186//4283 5179//4283
f 5179//4284 5186//4284 5180//4284
f 5186//4284 5187//4284 5180//4284
f 5180//4285 5187//4285 5181//4285
f 5187//4285 5188//4285 5181//4285
f 5181//4286 5188//4286 5182//4286
f 5188//4286 5189//4286 5182//4286
f 5182//4287 5189//4287 5183//4287
f 5189//4287 5190//4287 5183//4287
f 5183//4288 5190//4288 5184//4288
f 5190//4288 5191//4288 5184//4288
f 5185//4289 5192//4289 5186//4289
f 5192//4289 5193//4289 5186//4289
f 5186//4290 5193//4290 5187//4290
f 5193//4290 5194//4290 5187//4290
f 5187//4291 5194//4291 5188//4291
f 5194//4291 5195//4291 5188//4291
f 5188//4292 5195//4292 5189//4292
f 5195//4292 5196//4292 5189//4292
f 5189//4293 5196//4293 5190//4293
f 5196//4293 5197//4293 5190//4293
f 5190//4294 5197//4294 5191//4294
f 5197//4294 5198//4294 5191//4294
f 5192//4295 5199//4295 5193//4295
f 5199//4295 5200//4295 5193//4295
f 5193//4296 5200//4296 5194//4296
f 5200//4296 5201//4296 5194//4296
f 5194//4297 5201//4297 5195//4297
f 5201//4297 5202//4297 5195//4297
f 5195//4298 5202//4298 5196//4298
f 5202//4298 5203//4298 5196//4298
f 5196//4299 5203//4299 5197//4299
f 5203//4299 5204//4299 5197//4299
f 5197//4300 5204//4300 5198//4300
f 5204//4300 5205//4300 5198//4300
f 5199//4301 5206//4301 5200//4301
f 5206//4301 5207//4301 5200//4301
f 5200//4302 5207//4302 5201//4302
f 5207//4302 5208//4302 5201//4302
f 5201//4303 5208//4303 5202//4303
f 5208//4303 5209//4303 5202//4303
f 5202//4304 5209//4304 5203//4304
f 5209//4304 5210//4304 5203//4304
f 5203//4305 5210//4305 5204//4305
f 5210//4305 5211//4305 5204//4305
f 5204//4306 5211//4306 5205//4306
f 5211//4306 5212//4306 5205//4306
f 5213//4307 5220//4307 5214//4307
f 5220//4308 5221//4308 5214//4308
f 5214//4309 5221//4309 5215//4309
f 5221//4310 5222//4310 5215//4310
f 5215//4311 5222//4311 5216//4311
f 5222//4312 5223//4312 5216//4312
f 5216//4313 5223//4313 5217//4313
f 5223//4314 5224//4314 5217//4314
f 5217//4315 5224//4315 5218//4315
f 5224//4316 5225//4316 5218//4316
f 5218//4317 5225//4317 5219//4317
f 5225//4318 5226//4318 5219//4318
f 5227//4319 5234//4319 5228//4319
f 5234//4320 5235//4320 5228//4320
f 5228//4321 5235//4321 5229//4321
f 5235//4322 5236//4322 5229//4322
f 5229//4323 5236//4323 5230//4323
f 5236//4324 5237//4324 5230//4324
f 5230//4325 5237//4325 5231//4325
f 5237//4326 5238//4326 5231//4326
f 5231//4327 5238//4327 5232//4327
f 5238//4328 5239//4328 5232//4328
f 5232//4329 5239//4329 5233//4329
f 5239//4330 5240//4330 5233//4330
f 5241//4331 5248//4331 5242//4331
f 5248//4332 5249//4332 5242//4332
f 5242//4333 5249//4333 5243//4333
f 5249//4334 5250//4334 5243//4334
f 5243//4335 5250//4335 5244//4335
f 5250//4335 5251//4335 5244//4335
f 5244//4336 5251//4336 5245//4336
f 5251//4336 5252//4336 5245//4336
f 5245//4337 5252//4337 5246//4337
f 5252//4338 5253//4338 5246//4338
f 5246//4339 5253//4339 5247//4339
f 5253//4340 5254//4340 5247//4340
f 5255//4341 5262//4341 5256//4341
f 5262//4342 5263//4342 5256//4342
f 5256//4343 5263//4343 5257//4343
f 5263//4344 5264//4344 5257//4344
f 5257//4345 5264//4345 5258//4345
f 5264//4345 5265//4345 5258//4345
f 5258//4346 5265//4346 5259//4346
f 5265//4346 5266//4346 5259//4346
f 5259//4347 5266//4347 5260//4347
f 5266//4348 5267//4348 5260//4348
f 5260//4349 5267//4349 5261//4349
f 5267//4350 5268//4350 5261//4350
f 5269//4351 5276//4351 5270//4351
f 5276//4351 5277//4351 5270//4351
f 5270//4352 5277//4352 5271//4352
f 5277//4352 5278//4352 5271//4352
f 5271//4353 5278//4353 5272//4353
f 5278//4353 5279//4353 5272//4353
f 5272//4354 5279//4354 5273//4354
f 5279//4354 5280//4354 5273//4354
f 5273//4355 5280//4355 5274//4355
f 5280//4355 5281//4355 5274//4355
f 5274//4356 5281//4356 5275//4356
f 5281//4356 5282//4356 5275//4356
f 5276//4357 5283//4357 5277//4357
f 5283//4357 5284//4357 5277//4357
f 5277//4358 5284//4358 5278//4358
f 5284//4358 5285//4358 5278//4358
f 5278//4359 5285//4359 5279//4359
f 5285//4359 5286//4359 5279//4359
f 5279//4360 5286//4360 5280//4360
f 5286//4360 5287//4360 5280//4360
f 5280//4361 5287//4361 5281//4361
f 5287//4361 5288//4361 5281//4361
f 5281//4362 5288//4362 5282//4362
f 5288//4362 5289//4362 5282//4362
f 5283//4363 5290//4363 5284//4363
f 5290//4363 5291//4363 5284//4363
f 5284//4364 5291//4364 5285//4364
f 5291//4364 5292//4364 5285//4364
f 5285//4365 5292//4365 5286//4365
f 5292//4365 5293//4365 5286//4365
f 5286//4366 5293//4366 5287//4366
f 5293//4366 5294//4366 5287//4366
f 5287//4367 5294//4367 5288//4367
f 5294//4367 5295//4367 5288//4367
f 5288//4368 5295//4368 5289//4368
f 5295//4368 5296//4368 5289//4368
f 5290//4369 5297//4369 5291//4369
f 5297//4369 5298//4369 5291//4369
f 5291//4370 5298//4370 5292//4370
f 5298//4370 5299//4370 5292//4370
f 5292//4371 5299//4371 5293//4371
f 5299//4371 5300//4371 5293//4371
f 5293//4372 5300//4372 5294//4372
f 5300//4372 5301//4372 5294//4372
f 5294//4373 5301//4373 5295//4373
f 5301//4373 5302//4373 5295//4373
f 5295//4374 5302//4374 5296//4374
f 5302//4374 5303//4374 5296//4374
f 5297//4375 5304//4375 5298//4375
f 5304//4375 5305//4375 5298//4375
f 5298//4376 5305//4376 5299//4376
f 5305//4376 5306//4376 5299//4376
f 5299//4377 5306//4377 5300//4377
f 5306//4377 5307//4377 5300//4377
f 5300//4378 5307//4378 5301//4378
f 5307//4378 5308//4378 5301//4378
f 5301//4379 5308//4379 5302//4379
f 5308//4379 5309//4379 5302//4379
f 5302//4380 5309//4380 5303//4380
f 5309//4380 5310//4380 5303//4380
f 5304//4381 5311//4381 5305//4381
f 5311//4381 5312//4381 5305//4381
f 5305//4382 5312//4382 5306//4382
f 5312//4382 5313//4382 5306//4382
f 5306//4383 5313//4383 5307//4383
f 5313//4383 5314//4383 5307//4383
f 5307//4384 5314//4384 5308//4384
f 5314//4384 5315//4384 5308//4384
f 5308//4385 5315//4385 5309//4385
f 5315//4385 5316//4385 5309//4385
f 5309//4386 5316//4386 5310//4386
f 5316//4386 5317//4386 5310//4386
f 5318//4387 5325//4387 5319//4387
f 5325//4387 5326//4387 5319//4387
f 5319//4388 5326//4388 5320//4388
f 5326//4388 5327//4388 5320//4388
f 5320//4389 5327//4389 5321//4389
f 5327//4390 5328//4390 5321//4390
f 5321//4391 5328//4391 5322//4391
f 5328//4392 5329//4392 5322//4392
f 5322//4393 5329//4393 5323//4393
f 5329//4393 5330//4393 5323//4393
f 5323//4394 5330//4394 5324//4394
f 5330//4394 5331//4394 5324//4394
f 5325//4395 5332//4395 5326//4395
f 5332//4395 5333//4395 5326//4395
f 5326//4396 5333//4396 5327//4396
f 5333//4396 5334//4396 5327//4396
f 5327//4397 5334//4397 5328//4397
f 5334//4397 5335//4397 5328//4397
f 5328//4398 5335//4398 5329//4398
f 5335//4398 5336//4398 5329//4398
f 5329//4399 5336//4399 5330//4399
f 5336//4399 5337//4399 5330//4399
f 5330//4400 5337//4400 5331//4400
f 5337//4400 5338//4400 5331//4400
f 5332//4401 5339//4401 5333//4401
f 5339//4401 5340//4401 5333//4401
f 5333//4402 5340//4402 5334//4402
f 5340//4402 5341//4402 5334//4402
f 5334//4403 5341//4403 5335//4403
f 5341//4403 5342//4403 5335//4403
f 5335//4404 5342//4404 5336//4404
f 5342//4404 5343//4404 5336//4404
f 5336//4405 5343//4405 5337//4405
f 5343//4405 5344//4405 5337//4405
f 5337//4406 5344//4406 5338//4406
f 5344//4406 5345//4406 5338//4406
f 5339//4407 5346//4407 5340//4407
f 5346//4407 5347//4407 5340//4407
f 5340//4408 5347//4408 5341//4408
f 5347//4408 5348//4408 5341//4408
f 5341//4409 5348//4409 5342//4409
f 5348//4409 5349//4409 5342//4409
f 5342//4410 5349//4410 5343//4410
f 5349//4410 5350//4410 5343//4410
f 5343//4411 5350//4411 5344//4411
f 5350//4411 5351//4411 5344//4411
f 5344//4412 5351//4412 5345//4412
f 5351//4412 5352//4412 5345//4412
f 5346//4413 5353//4413 5347//4413
f 5353//4413 5354//4413 5347//4413
f 5347//4414 5354//4414 5348//4414
f 5354//4414 5355//4414 5348//4414
f 5348//4415 5355//4415 5349//4415
f 5355//4415 5356//4415 5349//4415
f 5349//4416 5356//4416 5350//4416
f 5356//4416 5357//4416 5350//4416
f 5350//4417 5357//4417 5351//4417
f 5357//4417 5358//4417 5351//4417
f 5351//4418 5358//4418 5352//4418
f 5358//4418 5359//4418 5352//4418
f 5353//4419 5360//4419 5354//4419
f 5360//4419 5361//4419 5354//4419
f 5354//4420 5361//4420 5355//4420
f 5361//4420 5362//4420 5355//4420
f 5355//4421 5362//4421 5356//4421
f 5362//4422 5363//4422 5356//4422
f 5356//4423 5363//4423 5357//4423
f 5363//4424 5364//4424 5357//4424
f 5357//4425 5364//4425 5358//4425
f 5364//4425 5365//4425 5358//4425
f 5358//4426 5365//4426 5359//4426
f 5365//4426 5366//4426 5359//4426
f 5367//4427 5374//4427 5368//4427
f 5374//4428 5375//4428 5368//4428
f 5368//4429 5375//4429 5369//4429
f 5375//4430 5376//4430 5369//4430
f 5369//4431 5376//4431 5370//4431
f 5376//4432 5377//4432 5370//4432
f 5370//4433 5377//4433 5371//4433
f 5377//4434 5378//4434 5371//4434
f 5371//4435 5378//4435 5372//4435
f 5378//4436 5379//4436 5372//4436
f 5372//4437 5379//4437 5373//4437
f 5379//4438 5380//4438 5373//4438
f 5381//4439 5388//4439 5382//4439
f 5388//4440 5389//4440 5382//4440
f 5382//4441 5389//4441 5383//4441
f 5389//4442 5390//4442 5383//4442
f 5383//4443 5390//4443 5384//4443
f 5390//4444 5391//4444 5384//4444
f 5384//4445 5391//4445 5385//4445
f 5391//4446 5392//4446 5385//4446
f 5385//4447 5392//4447 5386//4447
f 5392//4448 5393//4448 5386//4448
f 5386//4449 5393//4449 5387//4449
f 5393//4450 5394//4450 5387//4450
o Vorderhuf
usemtl wool_6
f 5395//4451 5402//4451 5396//4451
f 5402//4452 5403//4452 5396//4452
f 5396//4453 5403//4453 5397//4453
f 5403//4454 5404//4454 5397//4454
f 5397//4455 5404//4455 5398//4455
f 5404//4455 5405//4455 5398//4455
f 5398//4456 5405//4456 5399//4456
f 5405//4456 5406//4456 5399//4456
f 5399//4457 5406//4457 5400//4457
f 5406//4458 5407//4458 5400//4458
f 5400//4459 5407//4459 5401//4459
f 5407//4460 5408//4460 5401//4460
f 5409//4461 5416//4461 5410//4461
f 5416//4462 5417//4462 5410//4462
f 5410//4463 5417//4463 5411//4463
f 5417//4464 5418//4464 5411//4464
f 5411//4465 5418//4465 5412//4465
f 5418//4465 5419//4465 5412//4465
f 5412//4466 5419//4466 5413//4466
f 5419//4466 5420//4466 5413//4466
f 5413//4467 5420//4467 5414//4467
f 5420//4468 5421//4468 5414//4468
f 5414//4469 5421//4469 5415//4469
f 5421//4470 5422//4470 5415//4470
f 5423//4471 5430//4471 5424//4471
f 5430//4471 5431//4471 5424//4471
f 5424//4472 5431//4472 5425//4472
f 5431//4472 5432//4472 5425//4472
f 5425//4473 5432//4473 5426//4473
f 5432//4473 5433//4473 5426//4473
f 5426//4474 5433//4474 5427//4474
f 5433//4474 5434//4474 5427//4474
f 5427//4475 5434//4475 5428//4475
f 5434//4475 5435//4475 5428//4475
f 5428//4476 5435//4476 5429//4476
f 5435//4476 5436//4476 5429//4476
f 5430//4477 5437//4477 5431//4477
f 5437//4477 5438//4477 5431//4477
f 5431//4478 5438//4478 5432//4478
f 5438//4478 5439//4478 5432//4478
f 5432//4479 5439//4479 5433//4479
f 5439//4479 5440//4479 5433//4479
f 5433//4480 5440//4480 5434//4480
f 5440//4480 5441//4480 5434//4480
f 5434//4481 5441//4481 5435//4481
f 5441//4481 5442//4481 5435//4481
f 5435//4482 5442//4482 5436//4482
f 5442//4482 5443//4482 5436//4482
f 5437//4483 5444//4483 5438//4483
f 5444//4483 5445//4483 5438//4483
f 5438//4484 5445//4484 5439//4484
f 5445//4484 5446//4484 5439//4484
f 5439//4485 5446//4485 5440//4485
f 5446//4485 5447//4485 5440//4485
f 5440//4486 5447//4486 5441//4486
f 5447//4486 5448//4486 5441//4486
f 5441//4487 5448//4487 5442//4487
f 5448//4487 5449//4487 5442//4487
f 5442//4488 5449//4488 5443//4488
f 5449//4488 5450//4488 5443//4488
f 5444//4483 5451//4483 5445//4483
f 5451//4483 5452//4483 5445//4483
f 5445//4484 5452//4484 5446//4484
f 5452//4484 5453//4484 5446//4484
f 5446//4485 5453//4485 5447//4485
f 5453//4485 5454//4485 5447//4485
f 5447//4486 5454//4486 5448//4486
f 5454//4486 5455//4486 5448//4486
f 5448//4487 5455//4487 5449//4487
f 5455//4487 5456//4487 5449//4487
f 5449//4488 5456//4488 5450//4488
f 5456//4488 5457//4488 5450//4488
f 5451//4489 5458//4489 5452//4489
f 5458//4489 5459//4489 5452//4489
f 5452//4490 5459//4490 5453//4490
f 5459//4490 5460//4490 5453//4490
f 5453//4491 5460//4491 5454//4491
f 5460//4491 5461//4491 5454//4491
f 5454//4492 5461//4492 5455//4492
f 5461//4492 5462//4492 5455//4492
f 5455//4493 5462//4493 5456//4493
f 5462//4493 5463//4493 5456//4493
f 5456//4494 5463//4494 5457//4494
f 5463//4494 5464//4494 5457//4494
f 5458//4495 5465//4495 5459//4495
f 5465//4495 5466//4495 5459//4495
f 5459//4496 5466//4496 5460//4496
f 5466//4496 5467//4496 5460//4496
f 5460//4497 5467//4497 5461//4497
f 5467//4497 5468//4497 5461//4497
f 5461//4498 5468//4498 5462//4498
f 5468//4498 5469//4498 5462//4498
f 5462//4499 5469//4499 5463//4499
f 5469//4499 5470//4499 5463//4499
f 5463//4500 5470//4500 5464//4500
f 5470//4500 5471//4500 5464//4500
f 5472//4501 5479//4501 5473//4501
f 5479//4501 5480//4501 5473//4501
f 5473//4502 5480//4502 5474//4502
f 5480//4502 5481//4502 5474//4502
f 5474//4503 5481//4503 5475//4503
f 5481//4503 5482//4503 5475//4503
f 5475//4504 5482//4504 5476//4504
f 5482//4504 5483//4504 5476//4504
f 5476//4505 5483//4505 5477//4505
f 5483//4505 5484//4505 5477//4505
f 5477//4506 5484//4506 5478//4506
f 5484//4506 5485//4506 5478//4506
f 5479//4507 5486//4507 5480//4507
f 5486//4507 5487//4507 5480//4507
f 5480//4508 5487//4508 5481//4508
f 5487//4508 5488//4508 5481//4508
f 5481//4509 5488//4509 5482//4509
f 5488//4509 5489//4509 5482//4509
f 5482//4510 5489//4510 5483//4510
f 5489//4510 5490//4510 5483//4510
f 5483//4511 5490//4511 5484//4511
f 5490//4511 5491//4511 5484//4511
f 5484//4512 5491//4512 5485//4512
f 5491//4512 5492//4512 5485//4512
f 5486//4513 5493//4513 5487//4513
f 5493//4513 5494//4513 5487//4513
f 5487//4514 5494//4514 5488//4514
f 5494//4514 5495//4514 5488//4514
f 5488//4515 5495//4515 5489//4515
f 5495//4515 5496//4515 5489//4515
f 5489//4516 5496//4516 5490//4516
f 5496//4516 5497//4516 5490//4516
f 5490//4517 5497//4517 5491//4517
f 5497//4517 5498//4517 5491//4517
f 5491//4518 5498//4518 5492//4518
f 5498//4518 5499//4518 5492//4518
f 5493//4513 5500//4513 5494//4513
f 5500//4513 5501//4513 5494//4513
f 5494//4514 5501//4514 5495//4514
f 5501//4514 5502//4514 5495//4514
f 5495//4515 5502//4515 5496//4515
f 5502//4515 5503//4515 5496//4515
f 5496//4516 5503//4516 5497//4516
f 5503//4516 5504//4516 5497//4516
f 5497//4517 5504//4517 5498//4517
f 5504//4517 5505//4517 5498//4517
f 5498//4518 5505//4518 5499//4518
f 5505//4518 5506//4518 5499//4518
f 5500//4519 5507//4519 5501//4519
f 5507//4519 5508//4519 5501//4519
f 5501//4520 5508//4520 5502//4520
f 5508//4520 5509//4520 5502//4520
f 5502//4521 5509//4521 5503//4521
f 5509//4521 5510//4521 5503//4521
f 5503//4522 5510//4522 5504//4522
f 5510//4522 5511//4522 5504//4522
f 5504//4523 5511//4523 5505//4523
f 5511//4523 5512//4523 5505//4523
f 5505//4524 5512//4524 5506//4524
f 5512//4524 5513//4524 5506//4524
f 5507//4525 5514//4525 5508//4525
f 5514//4525 5515//4525 5508//4525
f 5508//4526 5515//4526 5509//4526
f 5515//4526 5516//4526 5509//4526
f 5509//4527 5516//4527 5510//4527
f 5516//4527 5517//4527 5510//4527
f 5510//4528 5517//4528 5511//4528
f 5517//4528 5518//4528 5511//4528
f 5511//4529 5518//4529 5512//4529
f 5518//4529 5519//4529 5512//4529
f 5512//4530 5519//4530 5513//4530
f 5519//4530 5520//4530 5513//4530
f 5521//4531 5528//4531 5522//4531
f 5528//4532 5529//4532 5522//4532
f 5522//4533 5529//4533 5523//4533
f 5529//4534 5530//4534 5523//4534
f 5523//4535 5530//4535 5524//4535
f 5530//4536 5531//4536 5524//4536
f 5524//4537 5531//4537 5525//4537
f 5531//4538 5532//4538 5525//4538
f 5525//4539 5532//4539 5526//4539
f 5532//4540 5533//4540 5526//4540
f 5526//4541 5533//4541 5527//4541
f 5533//4542 5534//4542 5527//4542
f 5535//4543 5542//4543 5536//4543
f 5542//4544 5543//4544 5536//4544
f 5536//4545 5543//4545 5537//4545
f 5543//4546 5544//4546 5537//4546
f 5537//4547 5544//4547 5538//4547
f 5544//4548 5545//4548 5538//4548
f 5538//4549 5545//4549 5539//4549
f 5545//4550 5546//4550 5539//4550
f 5539//4551 5546//4551 5540//4551
f 5546//4552 5547//4552 5540//4552
f 5540//4553 5547//4553 5541//4553
f 5547//4554 5548//4554 5541//4554
f 5549//4451 5556//4451 5550//4451
f 5556//4452 5557//4452 5550//4452
f 5550//4453 5557//4453 5551//4453
f 5557//4454 5558//4454 5551//4454
f 5551//4455 5558//4455 5552//4455
f 5558//4455 5559//4455 5552//4455
f 5552//4456 5559//4456 5553//4456
f 5559//4456 5560//4456 5553//4456
f 5553//4457 5560//4457 5554//4457
f 5560//4458 5561//4458 5554//4458
f 5554//4459 5561//4459 5555//4459
f 5561//4460 5562//4460 5555//4460
f 5563//4461 5570//4461 5564//4461
f 5570//4462 5571//4462 5564//4462
f 5564//4463 5571//4463 5565//4463
f 5571//4464 5572//4464 5565//4464
f 5565//4465 5572//4465 5566//4465
f 5572//4465 5573//4465 5566//4465
f 5566//4466 5573//4466 5567//4466
f 5573//4466 5574//4466 5567//4466
f 5567//4467 5574//4467 5568//4467
f 5574//4468 5575//4468 5568//4468
f 5568//4469 5575//4469 5569//4469
f 5575//4470 5576//4470 5569//4470
f 5577//4471 5584//4471 5578//4471
f 5584//4471 5585//4471 5578//4471
f 5578//4472 5585//4472 5579//4472
f 5585//4472 5586//4472 5579//4472
f 5579//4473 5586//4473 5580//4473
f 5586//4473 5587//4473 5580//4473
f 5580//4474 5587//4474 5581//4474
f 5587//4474 5588//4474 5581//4474
f 5581//4475 5588//4475 5582//4475
f 5588//4475 5589//4475 5582//4475
f 5582//4476 5589//4476 5583//4476
f 5589//4476 5590//4476 5583//4476
f 5584//4477 5591//4477 5585//4477
f 5591//4477 5592//4477 5585//4477
f 5585//4478 5592//4478 5586//4478
f 5592//4478 5593//4478 5586//4478
f 5586//4479 5593//4479 5587//4479
f 5593//4479 5594//4479 5587//4479
f 5587//4480 5594//4480 5588//4480
f 5594//4480 5595//4480 5588//4480
f 5588//4481 5595//4481 5589//4481
f 5595//4481 5596//4481 5589//4481
f 5589//4482 5596//4482 5590//4482
f 5596//4482 5597//4482 5590//4482
f 5591//4483 5598//4483 5592//4483
f 5598//4483 5599//4483 5592//4483
f 5592//4484 5599//4484 5593//4484
f 5599//4484 5600//4484 5593//4484
f 5593//4485 5600//4485 5594//4485
f 5600//4485 5601//4485 5594//4485
f 5594//4486 5601//4486 5595//4486
f 5601//4486 5602//4486 5595//4486
f 5595//4487 5602//4487 5596//4487
f 5602//4487 5603//4487 5596//4487
f 5596//4488 5603//4488 5597//4488
f 5603//4488 5604//4488 5597//4488
f 5598//4483 5605//4483 5599//4483
f 5605//4483 5606//4483 5599//4483
f 5599//4484 5606//4484 5600//4484
f 5606//4484 5607//4484 5600//4484
f 5600//4485 5607//4485 5601//4485
f 5607//4485 5608//4485 5601//4485
f 5601//4486 5608//4486 5602//4486
f 5608//4486 5609//4486 5602//4486
f 5602//4487 5609//4487 5603//4487
f 5609//4487 5610//4487 5603//4487
f 5603//4488 5610//4488 5604//4488
f 5610//4488 5611//4488 5604//4488
f 5605//4489 5612//4489 5606//4489
f 5612//4489 5613//4489 5606//4489
f 5606//4490 5613//4490 5607//4490
f 5613//4490 5614//4490 5607//4490
f 5607//4491 5614//4491 5608//4491
f 5614//4491 5615//4491 5608//4491
f 5608//4492 5615//4492 5609//4492
f 5615//4492 5616//4492 5609//4492
f 5609//4493 5616//4493 5610//4493
f 5616//4493 5617//4493 5610//4493
f 5610//4494 5617//4494 5611//4494
f 5617//4494 5618//4494 5611//4494
f 5612//4495 5619//4495 5613//4495
f 5619//4495 5620//4495 5613//4495
f 5613//4496 5620//4496 5614//4496
f 5620//4496 5621//4496 5614//4496
f 5614//4497 5621//4497 5615//4497
f 5621//4497 5622//4497 5615//4497
f 5615//4498 5622//4498 5616//4498
f 5622//4498 5623//4498 5616//4498
f 5616//4499 5623//4499 5617//4499
f 5623//4499 5624//4499 5617//4499
f 5617//4500 5624//4500 5618//4500
f 5624//4500 5625//4500 5618//4500
f 5626//4501 5633//4501 5627//4501
f 5633//4501 5634//4501 5627//4501
f 5627//4502 5634//4502 5628//4502
f 5634//4502 5635//4502 5628//4502
f 5628//4503 5635//4503 5629//4503
f 5635//4503 5636//4503 5629//4503
f 5629//4504 5636//4504 5630//4504
f 5636//4504 5637//4504 5630//4504
f 5630//4505 5637//4505 5631//4505
f 5637//4505 5638//4505 5631//4505
f 5631//4506 5638//4506 5632//4506
f 5638//4506 5639//4506 5632//4506
f 5633//4507 5640//4507 5634//4507
f 5640//4507 5641//4507 5634//4507
f 5634//4508 5641//4508 5635//4508
f 5641//4508 5642//4508 5635//4508
f 5635//4509 5642//4509 5636//4509
f 5642//4509 5643//4509 5636//4509
f 5636//4510 5643//4510 5637//4510
f 5643//4510 5644//4510 5637//4510
f 5637//4511 5644//4511 5638//4511
f 5644//4511 5645//4511 5638//4511
f 5638//4512 5645//4512 5639//4512
f 5645//4512 5646//4512 5639//4512
f 5640//4513 5647//4513 5641//4513
f 5647//4513 5648//4513 5641//4513
f 5641//4514 5648//4514 5642//4514
f 5648//4514 5649//4514 5642//4514
f 5642//4515 5649//4515 5643//4515
f 5649//4515 5650//4515 5643//4515
f 5643//4516 5650//4516 5644//4516
f 5650//4516 5651//4516 5644//4516
f 5644//4517 5651//4517 5645//4517
f 5651//4517 5652//4517 5645//4517
f 5645//4518 5652//4518 5646//4518
f 5652//4518 5653//4518 5646//4518
f 5647//4513 5654//4513 5648//4513
f 5654//4513 5655//4513 5648//4513
f 5648//4514 5655//4514 5649//4514
f 5655//4514 5656//4514 5649//4514
f 5649//4515 5656//4515 5650//4515
f 5656//4515 5657//4515 5650//4515
f 5650//4516 5657//4516 5651//4516
f 5657//4516 5658//4516 5651//4516
f 5651//4517 5658//4517 5652//4517
f 5658//4517 5659//4517 5652//4517
f 5652//4518 5659//4518 5653//4518
f 5659//4518 5660//4518 5653//4518
f 5654//4519 5661//4519 5655//4519
f 5661//4519 5662//4519 5655//4519
f 5655//4520 5662//4520 5656//4520
f 5662//4520 5663//4520 5656//4520
f 5656//4521 5663//4521 5657//4521
f 5663//4521 5664//4521 5657//4521
f 5657//4522 5664//4522 5658//4522
f 5664//4522 5665//4522 5658//4522
f 5658//4523 5665//4523 5659//4523
f 5665//4523 5666//4523 5659//4523
f 5659//4524 5666//4524 5660//4524
f 5666//4524 5667//4524 5660//4524
f 5661//4525 5668//4525 5662//4525
f 5668//4525 5669//4525 5662//4525
f 5662//4526 5669//4526 5663//4526
f 5669//4526 5670//4526 5663//4526
f 5663//4527 5670//4527 5664//4527
f 5670//4527 5671//4527 5664//4527
f 5664//4528 5671//4528 5665//4528
f 5671//4528 5672//4528 5665//4528
f 5665//4529 5672//4529 5666//4529
f 5672//4529 5673//4529 5666//4529
f 5666//4530 5673//4530 5667//4530
f 5673//4530 5674//4530 5667//4530
f 5675//4531 5682//4531 5676//4531
f 5682//4532 5683//4532 5676//4532
f 5676//4533 5683//4533 5677//4533
f 5683//4534 5684//4534 5677//4534
f 5677//4535 5684//4535 5678//4535
f 5684//4536 5685//4536 5678//4536
f 5678//4537 5685//4537 5679//4537
f 5685//4538 5686//4538 5679//4538
f 5679//4539 5686//4539 5680//4539
f 5686//4540 5687//4540 5680//4540
f 5680//4541 5687//4541 5681//4541
f 5687//4542 5688//4542 5681//4542
f 5689//4543 5696//4543 5690//4543
f 5696//4544 5697//4544 5690//4544
f 5690//4545 5697//4545 5691//4545
f 5697//4546 5698//4546 5691//4546
f 5691//4547 5698//4547 5692//4547
f 5698//4548 5699//4548 5692//4548
f 5692//4549 5699//4549 5693//4549
f 5699//4550 5700//4550 5693//4550
f 5693//4551 5700//4551 5694//4551
f 5700//4552 5701//4552 5694//4552
f 5694//4553 5701//4553 5695//4553
f 5701//4554 5702//4554 5695//4554
o Keule
usemtl wool_5
f 5703//4555 5710//4555 5704//4555
f 5710//4556 5711//4556 5704//4556
f 5704//4557 5711//4557 5705//4557
f 5711//4558 5712//4558 5705//4558
f 5705//4559 5712//4559 5706//4559
f 5712//4560 5713//4560 5706//4560
f 5706//4561 5713//4561 5707//4561
f 5713//4562 5714//4562 5707//4562
f 5707//4563 5714//4563 5708//4563
f 5714//4564 5715//4564 5708//4564
f 5708//4565 5715//4565 5709//4565
f 5715//4566 5716//4566 5709//4566
f 5717//4567 5724//4567 5718//4567
f 5724//4568 5725//4568 5718//4568
f 5718//4569 5725//4569 5719//4569
f 5725//4570 5726//4570 5719//4570
f 5719//4571 5726//4571 5720//4571
f 5726//4572 5727//4572 5720//4572
f 5720//4573 5727//4573 5721//4573
f 5727//4574 5728//4574 5721//4574
f 5721//4575 5728//4575 5722//4575
f 5728//4576 5729//4576 5722//4576
f 5722//4577 5729//4577 5723//4577
f 5729//4578 5730//4578 5723//4578
f 5731//4579 5738//4579 5732//4579
f 5738//4580 5739//4580 5732//4580
f 5732//4581 5739//4581 5733//4581
f 5739//4582 5740//4582 5733//4582
f 5733//4583 5740//4583 5734//4583
f 5740//4584 5741//4584 5734//4584
f 5734//4585 5741//4585 5735//4585
f 5741//4586 5742//4586 5735//4586
f 5735//4587 5742//4587 5736//4587
f 5742//4588 5743//4588 5736//4588
f 5736//4589 5743//4589 5737//4589
f 5743//4590 5744//4590 5737//4590
f 5738//4591 5745//4591 5739//4591
f 5745//4592 5746//4592 5739//4592
f 5739//4593 5746//4593 5740//4593
f 5746//4594 5747//4594 5740//4594
f 5740//4595 5747//4595 5741//4595
f 5747//4596 5748//4596 5741//4596
f 5741//4597 5748//4597 5742//4597
f 5748//4598 5749//4598 5742//4598
f 5742//4599 5749//4599 5743//4599
f 5749//4600 5750//4600 5743//4600
f 5743//4601 5750//4601 5744//4601
f 5750//4602 5751//4602 5744//4602
f 5745//4603 5752//4603 5746//4603
f 5752//4604 5753//4604 5746//4604
f 5746//4605 5753//4605 5747//4605
f 5753//4606 5754//4606 5747//4606
f 5747//4607 5754//4607 5748//4607
f 5754//4608 5755//4608 5748//4608
f 5748//4609 5755//4609 5749//4609
f 5755//4610 5756//4610 5749//4610
f 5749//4611 5756//4611 5750//4611
f 5756//4612 5757//4612 5750//4612
f 5750//4613 5757//4613 5751//4613
f 5757//4614 5758//4614 5751//4614
f 5752//4615 5759//4615 5753//4615
f 5759//4616 5760//4616 5753//4616
f 5753//4617 5760//4617 5754//4617
f 5760//4618 5761//4618 5754//4618
f 5754//4619 5761//4619 5755//4619
f 5761//4620 5762//4620 5755//4620
f 5755//4621 5762//4621 5756//4621
f 5762//4622 5763//4622 5756//4622
f 5756//4623 5763//4623 5757//4623
f 5763//4624 5764//4624 5757//4624
f 5757//4625 5764//4625 5758//4625
f 5764//4626 5765//4626 5758//4626
f 5759//4627 5766//4627 5760//4627
f 5766//4628 5767//4628 5760//4628
f 5760//4629 5767//4629 5761//4629
f 5767//4630 5768//4630 5761//4630
f 5761//4631 5768//4631 5762//4631
f 5768//4632 5769//4632 5762//4632
f 5762//4633 5769//4633 5763//4633
f 5769//4634 5770//4634 5763//4634
f 5763//4635 5770//4635 5764//4635
f 5770//4636 5771//4636 5764//4636
f 5764//4637 5771//4637 5765//4637
f 5771//4638 5772//4638 5765//4638
f 5766//4639 5773//4639 5767//4639
f 5773//4640 5774//4640 5767//4640
f 5767//4641 5774//4641 5768//4641
f 5774//4642 5775//4642 5768//4642
f 5768//4643 5775//4643 5769//4643
f 5775//4644 5776//4644 5769//4644
f 5769//4645 5776//4645 5770//4645
f 5776//4646 5777//4646 5770//4646
f 5770//4647 5777//4647 5771//4647
f 5777//4648 5778//4648 5771//4648
f 5771//4649 5778//4649 5772//4649
f 5778//4650 5779//4650 5772//4650
f 5780//4651 5787//4651 5781//4651
f 5787//4652 5788//4652 5781//4652
f 5781//4653 5788//4653 5782//4653
f 5788//4654 5789//4654 5782//4654
f 5782//4655 5789//4655 5783//4655
f 5789//4656 5790//4656 5783//4656
f 5783//4657 5790//4657 5784//4657
f 5790//4658 5791//4658 5784//4658
f 5784//4659 5791//4659 5785//4659
f 5791//4660 5792//4660 5785//4660
f 5785//4661 5792//4661 5786//4661
f 5792//4662 5793//4662 5786//4662
f 5787//4663 5794//4663 5788//4663
f 5794//4664 5795//4664 5788//4664
f 5788//4665 5795//4665 5789//4665
f 5795//4666 5796//4666 5789//4666
f 5789//4667 5796//4667 5790//4667
f 5796//4668 5797//4668 5790//4668
f 5790//4669 5797//4669 5791//4669
f 5797//4670 5798//4670 5791//4670
f 5791//4671 5798//4671 5792//4671
f 5798//4672 5799//4672 5792//4672
f 5792//4673 5799//4673 5793//4673
f 5799//4674 5800//4674 5793//4674
f 5794//4675 5801//4675 5795//4675
f 5801//4676 5802//4676 5795//4676
f 5795//4677 5802//4677 5796//4677
f 5802//4678 5803//4678 5796//4678
f 5796//4679 5803//4679 5797//4679
f 5803//4680 5804//4680 5797//4680
f 5797//4681 5804//4681 5798//4681
f 5804//4682 5805//4682 5798//4682
f 5798//4683 5805//4683 5799//4683
f 5805//4684 5806//4684 5799//4684
f 5799//4685 5806//4685 5800//4685
f 5806//4686 5807//4686 5800//4686
f 5801//4687 5808//4687 5802//4687
f 5808//4688 5809//4688 5802//4688
f 5802//4689 5809//4689 5803//4689
f 5809//4690 5810//4690 5803//4690
f 5803//4691 5810//4691 5804//4691
f 5810//4692 5811//4692 5804//4692
f 5804//4693 5811//4693 5805//4693
f 5811//4694 5812//4694 5805//4694
f 5805//4695 5812//4695 5806//4695
f 5812//4696 5813//4696 5806//4696
f 5806//4697 5813//4697 5807//4697
f 5813//4698 5814//4698 5807//4698
f 5808//4699 5815//4699 5809//4699
f 5815//4700 5816//4700 5809//4700
f 5809//4701 5816//4701 5810//4701
f 5816//4702 5817//4702 5810//4702
f 5810//4703 5817//4703 5811//4703
f 5817//4704 5818//4704 5811//4704
f 5811//4705 5818//4705 5812//4705
f 5818//4706 5819//4706 5812//4706
f 5812//4707 5819//4707 5813//4707
f 5819//4708 5820//4708 5813//4708
f 5813//4709 5820//4709 5814//4709
f 5820//4710 5821//4710 5814//4710
f 5815//4711 5822//4711 5816//4711
f 5822//4712 5823//4712 5816//4712
f 5816//4713 5823//4713 5817//4713
f 5823//4714 5824//4714 5817//4714
f 5817//4715 5824//4715 5818//4715
f 5824//4716 5825//4716 5818//4716
f 5818//4717 5825//4717 5819//4717
f 5825//4718 5826//4718 5819//4718
f 5819//4719 5826//4719 5820//4719
f 5826//4720 5827//4720 5820//4720
f 5820//4721 5827//4721 5821//4721
f 5827//4722 5828//4722 5821//4722
f 5829//4723 5836//4723 5830//4723
f 5836//4724 5837//4724 5830//4724
f 5830//4725 5837//4725 5831//4725
f 5837//4726 5838//4726 5831//4726
f 5831//4727 5838//4727 5832//4727
f 5838//4728 5839//4728 5832//4728
f 5832//4729 5839//4729 5833//4729
f 5839//4730 5840//4730 5833//4730
f 5833//4731 5840//4731 5834//4731
f 5840//4732 5841//4732 5834//4732
f 5834//4733 5841//4733 5835//4733
f 5841//4734 5842//4734 5835//4734
f 5843//4735 5850//4735 5844//4735
f 5850//4736 5851//4736 5844//4736
f 5844//4737 5851//4737 5845//4737
f 5851//4738 5852//4738 5845//4738
f 5845//4739 5852//4739 5846//4739
f 5852//4740 5853//4740 5846//4740
f 5846//4741 5853//4741 5847//4741
f 5853//4742 5854//4742 5847//4742
f 5847//4743 5854//4743 5848//4743
f 5854//4744 5855//4744 5848//4744
f 5848//4745 5855//4745 5849//4745
f 5855//4746 5856//4746 5849//4746
f 5857//4555 5864//4555 5858//4555
f 5864//4556 5865//4556 5858//4556
f 5858//4557 5865//4557 5859//4557
f 5865//4558 5866//4558 5859//4558
f 5859//4559 5866//4559 5860//4559
f 5866//4560 5867//4560 5860//4560
f 5860//4561 5867//4561 5861//4561
f 5867//4562 5868//4562 5861//4562
f 5861//4563 5868//4563 5862//4563
f 5868//4564 5869//4564 5862//4564
f 5862//4565 5869//4565 5863//4565
f 5869//4566 5870//4566 5863//4566
f 5871//4567 5878//4567 5872//4567
f 5878//4568 5879//4568 5872//4568
f 5872//4569 5879//4569 5873//4569
f 5879//4570 5880//4570 5873//4570
f 5873//4571 5880//4571 5874//4571
f 5880//4572 5881//4572 5874//4572
f 5874//4573 5881//4573 5875//4573
f 5881//4574 5882//4574 5875//4574
f 5875//4575 5882//4575 5876//4575
f 5882//4576 5883//4576 5876//4576
f 5876//4577 5883//4577 5877//4577
f 5883//4578 5884//4578 5877//4578
f 5885//4579 5892//4579 5886//4579
f 5892//4580 5893//4580 5886//4580
f 5886//4581 5893//4581 5887//4581
f 5893//4582 5894//4582 5887//4582
f 5887//4583 5894//4583 5888//4583
f 5894//4584 5895//4584 5888//4584
f 5888//4585 5895//4585 5889//4585
f 5895//4586 5896//4586 5889//4586
f 5889//4587 5896//4587 5890//4587
f 5896//4588 5897//4588 5890//4588
f 5890//4589 5897//4589 5891//4589
f 5897//4590 5898//4590 5891//4590
f 5892//4591 5899//4591 5893//4591
f 5899//4592 5900//4592 5893//4592
f 5893//4593 5900//4593 5894//4593
f 5900//4594 5901//4594 5894//4594
f 5894//4595 5901//4595 5895//4595
f 5901//4596 5902//4596 5895//4596
f 5895//4597 5902//4597 5896//4597
f 5902//4598 5903//4598 5896//4598
f 5896//4599 5903//4599 5897//4599
f 5903//4600 5904//4600 5897//4600
f 5897//4601 5904//4601 5898//4601
f 5904//4602 5905//4602 5898//4602
f 5899//4603 5906//4603 5900//4603
f 5906//4604 5907//4604 5900//4604
f 5900//4605 5907//4605 5901//4605
f 5907//4606 5908//4606 5901//4606
f 5901//4607 5908//4607 5902//4607
f 5908//4608 5909//4608 5902//4608
f 5902//4609 5909//4609 5903//4609
f 5909//4610 5910//4610 5903//4610
f 5903//4611 5910//4611 5904//4611
f 5910//4612 5911//4612 5904//4612
f 5904//4613 5911//4613 5905//4613
f 5911//4614 5912//4614 5905//4614
f 5906//4615 5913//4615 5907//4615
f 5913//4616 5914//4616 5907//4616
f 5907//4617 5914//4617 5908//4617
f 5914//4618 5915//4618 5908//4618
f 5908//4619 5915//4619 5909//4619
f 5915//4620 5916//4620 5909//4620
f 5909//4621 5916//4621 5910//4621
f 5916//4622 5917//4622 5910//4622
f 5910//4623 5917//4623 5911//4623
f 5917//4624 5918//4624 5911//4624
f 5911//4625 5918//4625 5912//4625
f 5918//4626 5919//4626 5912//4626
f 5913//4627 5920//4627 5914//4627
f 5920//4628 5921//4628 5914//4628
f 5914//4629 5921//4629 5915//4629
f 5921//4630 5922//4630 5915//4630
f 5915//4631 5922//4631 5916//4631
f 5922//4632 5923//4632 5916//4632
f 5916//4633 5923//4633 5917//4633
f 5923//4634 5924//4634 5917//4634
f 5917//4635 5924//4635 5918//4635
f 5924//4636 5925//4636 5918//4636
f 5918//4637 5925//4637 5919//4637
f 5925//4638 5926//4638 5919//4638
f 5920//4639 5927//4639 5921//4639
f 5927//4640 5928//4640 5921//4640
f 5921//4641 5928//4641 5922//4641
f 5928//4642 5929//4642 5922//4642
f 5922//4643 5929//4643 5923//4643
f 5929//4644 5930//4644 5923//4644
f 5923//4645 5930//4645 5924//4645
f 5930//4646 5931//4646 5924//4646
f 5924//4647 5931//4647 5925//4647
f 5931//4648 5932//4648 5925//4648
f 5925//4649 5932//4649 5926//4649
f 5932//4650 5933//4650 5926//4650
f 5934//4651 5941//4651 5935//4651
f 5941//4652 5942//4652 5935//4652
f 5935//4653 5942//4653 5936//4653
f 5942//4654 5943//4654 5936//4654
f 5936//4655 5943//4655 5937//4655
f 5943//4656 5944//4656 5937//4656
f 5937//4657 5944//4657 5938//4657
f 5944//4658 5945//4658 5938//4658
f 5938//4659 5945//4659 5939//4659
f 5945//4660 5946//4660 5939//4660
f 5939//4661 5946//4661 5940//4661
f 5946//4662 5947//4662 5940//4662
f 5941//4663 5948//4663 5942//4663
f 5948//4664 5949//4664 5942//4664
f 5942//4665 5949//4665 5943//4665
f 5949//4666 5950//4666 5943//4666
f 5943//4667 5950//4667 5944//4667
f 5950//4668 5951//4668 5944//4668
f 5944//4669 5951//4669 5945//4669
f 5951//4670 5952//4670 5945//4670
f 5945//4671 5952//4671 5946//4671
f 5952//4672 5953//4672 5946//4672
f 5946//4673 5953//4673 5947//4673
f 5953//4674 5954//4674 5947//4674
f 5948//4675 5955//4675 5949//4675
f 5955//4676 5956//4676 5949//4676
f 5949//4677 5956//4677 5950//4677
f 5956//4678 5957//4678 5950//4678
f 5950//4679 5957//4679 5951//4679
f 5957//4680 5958//4680 5951//4680
f 5951//4681 5958//4681 5952//4681
f 5958//4682 5959//4682 5952//4682
f 5952//4683 5959//4683 5953//4683
f 5959//4684 5960//4684 5953//4684
f 5953//4685 5960//4685 5954//4685
f 5960//4686 5961//4686 5954//4686
f 5955//4687 5962//4687 5956//4687
f 5962//4688 5963//4688 5956//4688
f 5956//4689 5963//4689 5957//4689
f 5963//4690 5964//4690 5957//4690
f 5957//4691 5964//4691 5958//4691
f 5964//4692 5965//4692 5958//4692
f 5958//4693 5965//4693 5959//4693
f 5965//4694 5966//4694 5959//4694
f 5959//4695 5966//4695 5960//4695
f 5966//4696 5967//4696 5960//4696
f 5960//4697 5967//4697 5961//4697
f 5967//4698 5968//4698 5961//4698
f 5962//4699 5969//4699 5963//4699
f 5969//4700 5970//4700 5963//4700
f 5963//4701 5970//4701 5964//4701
f 5970//4702 5971//4702 5964//4702
f 5964//4703 5971//4703 5965//4703
f 5971//4704 5972//4704 5965//4704
f 5965//4705 5972//4705 5966//4705
f 5972//4706 5973//4706 5966//4706
f 5966//4707 5973//4707 5967//4707
f 5973//4708 5974//4708 5967//4708
f 5967//4709 5974//4709 5968//4709
f 5974//4710 5975//4710 5968//4710
f 5969//4711 5976//4711 5970//4711
f 5976//4712 5977//4712 5970//4712
f 5970//4713 5977//4713 5971//4713
f 5977//4714 5978//4714 5971//4714
f 5971//4715 5978//4715 5972//4715
f 5978//4716 5979//4716 5972//4716
f 5972//4717 5979//4717 5973//4717
f 5979//4718 5980//4718 5973//4718
f 5973//4719 5980//4719 5974//4719
f 5980//4720 5981//4720 5974//4720
f 5974//4721 5981//4721 5975//4721
f 5981//4722 5982//4722 5975//4722
f 5983//4723 5990//4723 5984//4723
f 5990//4724 5991//4724 5984//4724
f 5984//4725 5991//4725 5985//4725
f 5991//4726 5992//4726 5985//4726
f 5985//4727 5992//4727 5986//4727
f 5992//4728 5993//4728 5986//4728
f 5986//4729 5993//4729 5987//4729
f 5993//4730 5994//4730 5987//4730
f 5987//4731 5994//4731 5988//4731
f 5994//4732 5995//4732 5988//4732
f 5988//4733 5995//4733 5989//4733
f 5995//4734 5996//4734 5989//4734
f 5997//4735 6004//4735 5998//4735
f 6004//4736 6005//4736 5998//4736
f 5998//4737 6005//4737 5999//4737
f 6005//4738 6006//4738 5999//4738
f 5999//4739 6006//4739 6000//4739
f 6006//4740 6007//4740 6000//4740
f 6000//4741 6007//4741 6001//4741
f 6007//4742 6008//4742 6001//4742
f 6001//4743 6008//4743 6002//4743
f 6008//4744 6009//4744 6002//4744
f 6002//4745 6009//4745 6003//4745
f 6009//4746 6010//4746 6003//4746
o Hinterbein
usemtl wool_5
f 6011//4215 6018//4215 6012//4215
f 6018//4216 6019//4216 6012//4216
f 6012//4217 6019//4217 6013//4217
f 6019//4218 6020//4218 6013//4218
f 6013//4219 6020//4219 6014//4219
f 6020//4219 6021//4219 6014//4219
f 6014//4220 6021//4220 6015//4220
f 6021//4220 6022//4220 6015//4220
f 6015//4221 6022//4221 6016//4221
f 6022//4222 6023//4222 6016//4222
f 6016//4223 6023//4223 6017//4223
f 6023//4224 6024//4224 6017//4224
f 6025//4225 6032//4225 6026//4225
f 6032//4226 6033//4226 6026//4226
f 6026//4227 6033//4227 6027//4227
f 6033//4228 6034//4228 6027//4228
f 6027//4229 6034//4229 6028//4229
f 6034//4229 6035//4229 6028//4229
f 6028//4230 6035//4230 6029//4230
f 6035//4230 6036//4230 6029//4230
f 6029//4231 6036//4231 6030//4231
f 6036//4232 6037//4232 6030//4232
f 6030//4233 6037//4233 6031//4233
f 6037//4234 6038//4234 6031//4234
f 6039//4235 6046//4235 6040//4235
f 6046//4235 6047//4235 6040//4235
f 6040//4236 6047//4236 6041//4236
f 6047//4236 6048//4236 6041//4236
f 6041//4237 6048//4237 6042//4237
f 6048//4237 6049//4237 6042//4237
f 6042//4238 6049//4238 6043//4238
f 6049//4238 6050//4238 6043//4238
f 6043//4239 6050//4239 6044//4239
f 6050//4239 6051//4239 6044//4239
f 6044//4240 6051//4240 6045//4240
f 6051//4240 6052//4240 6045//4240
f 6046//4241 6053//4241 6047//4241
f 6053//4241 6054//4241 6047//4241
f 6047//4242 6054//4242 6048//4242
f 6054//4242 6055//4242 6048//4242
f 6048//4243 6055//4243 6049//4243
f 6055//4243 6056//4243 6049//4243
f 6049//4244 6056//4244 6050//4244
f 6056//4244 6057//4244 6050//4244
f 6050//4245 6057//4245 6051//4245
f 6057//4245 6058//4245 6051//4245
f 6051//4246 6058//4246 6052//4246
f 6058//4246 6059//4246 6052//4246
f 6053//4247 6060//4247 6054//4247
f 6060//4247 6061//4247 6054//4247
f 6054//4248 6061//4248 6055//4248
f 6061//4248 6062//4248 6055//4248
f 6055//4249 6062//4249 6056//4249
f 6062//4249 6063//4249 6056//4249
f 6056//4250 6063//4250 6057//4250
f 6063//4250 6064//4250 6057//4250
f 6057//4251 6064//4251 6058//4251
f 6064//4251 6065//4251 6058//4251
f 6058//4252 6065//4252 6059//4252
f 6065//4252 6066//4252 6059//4252
f 6060//4253 6067//4253 6061//4253
f 6067//4253 6068//4253 6061//4253
f 6061//4254 6068//4254 6062//4254
f 6068//4254 6069//4254 6062//4254
f 6062//4255 6069//4255 6063//4255
f 6069//4255 6070//4255 6063//4255
f 6063//4256 6070//4256 6064//4256
f 6070//4256 6071//4256 6064//4256
f 6064//4257 6071//4257 6065//4257
f 6071//4257 6072//4257 6065//4257
f 6065//4258 6072//4258 6066//4258
f 6072//4258 6073//4258 6066//4258
f 6067//4259 6074//4259 6068//4259
f 6074//4259 6075//4259 6068//4259
f 6068//4260 6075//4260 6069//4260
f 6075//4260 6076//4260 6069//4260
f 6069//4261 6076//4261 6070//4261
f 6076//4261 6077//4261 6070//4261
f 6070//4262 6077//4262 6071//4262
f 6077//4262 6078//4262 6071//4262
f 6071//4263 6078//4263 6072//4263
f 6078//4263 6079//4263 6072//4263
f 6072//4264 6079//4264 6073//4264
f 6079//4264 6080//4264 6073//4264
f 6074//4265 6081//4265 6075//4265
f 6081//4265 6082//4265 6075//4265
f 6075//4266 6082//4266 6076//4266
f 6082//4266 6083//4266 6076//4266
f 6076//4267 6083//4267 6077//4267
f 6083//4267 6084//4267 6077//4267
f 6077//4268 6084//4268 6078//4268
f 6084//4268 6085//4268 6078//4268
f 6078//4269 6085//4269 6079//4269
f 6085//4269 6086//4269 6079//4269
f 6079//4270 6086//4270 6080//4270
f 6086//4270 6087//4270 6080//4270
f 6088//4271 6095//4271 6089//4271
f 6095//4271 6096//4271 6089//4271
f 6089//4272 6096//4272 6090//4272
f 6096//4272 6097//4272 6090//4272
f 6090//4273 6097//4273 6091//4273
f 6097//4273 6098//4273 6091//4273
f 6091//4274 6098//4274 6092//4274
f 6098//4274 6099//4274 6092//4274
f 6092//4275 6099//4275 6093//4275
f 6099//4275 6100//4275 6093//4275
f 6093//4276 6100//4276 6094//4276
f 6100//4276 6101//4276 6094//4276
f 6095//4277 6102//4277 6096//4277
f 6102//4277 6103//4277 6096//4277
f 6096//4278 6103//4278 6097//4278
f 6103//4278 6104//4278 6097//4278
f 6097//4279 6104//4279 6098//4279
f 6104//4279 6105//4279 6098//4279
f 6098//4280 6105//4280 6099//4280
f 6105//4280 6106//4280 6099//4280
f 6099//4281 6106//4281 6100//4281
f 6106//4281 6107//4281 6100//4281
f 6100//4282 6107//4282 6101//4282
f 6107//4282 6108//4282 6101//4282
f 6102//4283 6109//4283 6103//4283
f 6109//4283 6110//4283 6103//4283
f 6103//4284 6110//4284 6104//4284
f 6110//4284 6111//4284 6104//4284
f 6104//4285 6111//4285 6105//4285
f 6111//4285 6112//4285 6105//4285
f 6105//4286 6112//4286 6106//4286
f 6112//4286 6113//4286 6106//4286
f 6106//4287 6113//4287 6107//4287
f 6113//4287 6114//4287 6107//4287
f 6107//4288 6114//4288 6108//4288
f 6114//4288 6115//4288 6108//4288
f 6109//4289 6116//4289 6110//4289
f 6116//4289 6117//4289 6110//4289
f 6110//4290 6117//4290 6111//4290
f 6117//4290 6118//4290 6111//4290
f 6111//4291 6118//4291 6112//4291
f 6118//4291 6119//4291 6112//4291
f 6112//4292 6119//4292 6113//4292
f 6119//4292 6120//4292 6113//4292
f 6113//4293 6120//4293 6114//4293
f 6120//4293 6121//4293 6114//4293
f 6114//4294 6121//4294 6115//4294
f 6121//4294 6122//4294 6115//4294
f 6116//4295 6123//4295 6117//4295
f 6123//4295 6124//4295 6117//4295
f 6117//4296 6124//4296 6118//4296
f 6124//4296 6125//4296 6118//4296
f 6118//4297 6125//4297 6119//4297
f 6125//4297 6126//4297 6119//4297
f 6119//4298 6126//4298 6120//4298
f 6126//4298 6127//4298 6120//4298
f 6120//4299 6127//4299 6121//4299
f 6127//4299 6128//4299 6121//4299
f 6121//4300 6128//4300 6122//4300
f 6128//4300 6129//4300 6122//4300
f 6123//4301 6130//4301 6124//4301
f 6130//4301 6131//4301 6124//4301
f 6124//4302 6131//4302 6125//4302
f 6131//4302 6132//4302 6125//4302
f 6125//4303 6132//4303 6126//4303
f 6132//4303 6133//4303 6126//4303
f 6126//4304 6133//4304 6127//4304
f 6133//4304 6134//4304 6127//4304
f 6127//4305 6134//4305 6128//4305
f 6134//4305 6135//4305 6128//4305
f 6128//4306 6135//4306 6129//4306
f 6135//4306 6136//4306 6129//4306
f 6137//4307 6144//4307 6138//4307
f 6144//4308 6145//4308 6138//4308
f 6138//4309 6145//4309 6139//4309
f 6145//4310 6146//4310 6139//4310
f 6139//4311 6146//4311 6140//4311
f 6146//4312 6147//4312 6140//4312
f 6140//4313 6147//4313 6141//4313
f 6147//4314 6148//4314 6141//4314
f 6141//4315 6148//4315 6142//4315
f 6148//4316 6149//4316 6142//4316
f 6142//4317 6149//4317 6143//4317
f 6149//4318 6150//4318 6143//4318
f 6151//4319 6158//4319 6152//4319
f 6158//4320 6159//4320 6152//4320
f 6152//4321 6159//4321 6153//4321
f 6159//4322 6160//4322 6153//4322
f 6153//4323 6160//4323 6154//4323
f 6160//4324 6161//4324 6154//4324
f 6154//4325 6161//4325 6155//4325
f 6161//4326 6162//4326 6155//4326
f 6155//4327 6162//4327 6156//4327
f 6162//4328 6163//4328 6156//4328
f 6156//4329 6163//4329 6157//4329
f 6163//4330 6164//4330 6157//4330
f 6165//4331 6172//4331 6166//4331
f 6172//4332 6173//4332 6166//4332
f 6166//4333 6173//4333 6167//4333
f 6173//4334 6174//4334 6167//4334
f 6167//4335 6174//4335 6168//4335
f 6174//4335 6175//4335 6168//4335
f 6168//4336 6175//4336 6169//4336
f 6175//4336 6176//4336 6169//4336
f 6169//4337 6176//4337 6170//4337
f 6176//4338 6177//4338 6170//4338
f 6170//4339 6177//4339 6171//4339
f 6177//4340 6178//4340 6171//4340
f 6179//4341 6186//4341 6180//4341
f 6186//4342 6187//4342 6180//4342
f 6180//4343 6187//4343 6181//4343
f 6187//4344 6188//4344 6181//4344
f 6181//4345 6188//4345 6182//4345
f 6188//4345 6189//4345 6182//4345
f 6182//4346 6189//4346 6183//4346
f 6189//4346 6190//4346 6183//4346
f 6183//4347 6190//4347 6184//4347
f 6190//4348 6191//4348 6184//4348
f 6184//4349 6191//4349 6185//4349
f 6191//4350 6192//4350 6185//4350
f 6193//4351 6200//4351 6194//4351
f 6200//4351 6201//4351 6194//4351
f 6194//4352 6201//4352 6195//4352
f 6201//4352 6202//4352 6195//4352
f 6195//4353 6202//4353 6196//4353
f 6202//4353 6203//4353 6196//4353
f 6196//4354 6203//4354 6197//4354
f 6203//4354 6204//4354 6197//4354
f 6197//4355 6204//4355 6198//4355
f 6204//4355 6205//4355 6198//4355
f 6198//4356 6205//4356 6199//4356
f 6205//4356 6206//4356 6199//4356
f 6200//4357 6207//4357 6201//4357
f 6207//4357 6208//4357 6201//4357
f 6201//4358 6208//4358 6202//4358
f 6208//4358 6209//4358 6202//4358
f 6202//4359 6209//4359 6203//4359
f 6209//4359 6210//4359 6203//4359
f 6203//4360 6210//4360 6204//4360
f 6210//4360 6211//4360 6204//4360
f 6204//4361 6211//4361 6205//4361
f 6211//4361 6212//4361 6205//4361
f 6205//4362 6212//4362 6206//4362
f 6212//4362 6213//4362 6206//4362
f 6207//4363 6214//4363 6208//4363
f 6214//4363 6215//4363 6208//4363
f 6208//4364 6215//4364 6209//4364
f 6215//4364 6216//4364 6209//4364
f 6209//4365 6216//4365 6210//4365
f 6216//4365 6217//4365 6210//4365
f 6210//4366 6217//4366 6211//4366
f 6217//4366 6218//4366 6211//4366
f 6211//4367 6218//4367 6212//4367
f 6218//4367 6219//4367 6212//4367
f 6212//4368 6219//4368 6213//4368
f 6219//4368 6220//4368 6213//4368
f 6214//4369 6221//4369 6215//4369
f 6221//4369 6222//4369 6215//4369
f 6215//4370 6222//4370 6216//4370
f 6222//4370 6223//4370 6216//4370
f 6216//4371 6223//4371 6217//4371
f 6223//4371 6224//4371 6217//4371
f 6217//4372 6224//4372 6218//4372
f 6224//4372 6225//4372 6218//4372
f 6218//4373 6225//4373 6219//4373
f 6225//4373 6226//4373 6219//4373
f 6219//4374 6226//4374 6220//4374
f 6226//4374 6227//4374 6220//4374
f 6221//4375 6228//4375 6222//4375
f 6228//4375 6229//4375 6222//4375
f 6222//4376 6229//4376 6223//4376
f 6229//4376 6230//4376 6223//4376
f 6223//4377 6230//4377 6224//4377
f 6230//4377 6231//4377 6224//4377
f 6224//4378 6231//4378 6225//4378
f 6231//4378 6232//4378 6225//4378
f 6225//4379 6232//4379 6226//4379
f 6232//4379 6233//4379 6226//4379
f 6226//4380 6233//4380 6227//4380
f 6233//4380 6234//4380 6227//4380
f 6228//4381 6235//4381 6229//4381
f 6235//4381 6236//4381 6229//4381
f 6229//4382 6236//4382 6230//4382
f 6236//4382 6237//4382 6230//4382
f 6230//4383 6237//4383 6231//4383
f 6237//4383 6238//4383 6231//4383
f 6231//4384 6238//4384 6232//4384
f 6238//4384 6239//4384 6232//4384
f 6232//4385 6239//4385 6233//4385
f 6239//4385 6240//4385 6233//4385
f 6233//4386 6240//4386 6234//4386
f 6240//4386 6241//4386 6234//4386
f 6242//4387 6249//4387 6243//4387
f 6249//4387 6250//4387 6243//4387
f 6243//4388 6250//4388 6244//4388
f 6250//4388 6251//4388 6244//4388
f 6244//4389 6251//4389 6245//4389
f 6251//4390 6252//4390 6245//4390
f 6245//4391 6252//4391 6246//4391
f 6252//4392 6253//4392 6246//4392
f 6246//4393 6253//4393 6247//4393
f 6253//4393 6254//4393 6247//4393
f 6247//4394 6254//4394 6248//4394
f 6254//4394 6255//4394 6248//4394
f 6249//4395 6256//4395 6250//4395
f 6256//4395 6257//4395 6250//4395
f 6250//4396 6257//4396 6251//4396
f 6257//4396 6258//4396 6251//4396
f 6251//4397 6258//4397 6252//4397
f 6258//4397 6259//4397 6252//4397
f 6252//4398 6259//4398 6253//4398
f 6259//4398 6260//4398 6253//4398
f 6253//4399 6260//4399 6254//4399
f 6260//4399 6261//4399 6254//4399
f 6254//4400 6261//4400 6255//4400
f 6261//4400 6262//4400 6255//4400
f 6256//4401 6263//4401 6257//4401
f 6263//4401 6264//4401 6257//4401
f 6257//4402 6264//4402 6258//4402
f 6264//4402 6265//4402 6258//4402
f 6258//4403 6265//4403 6259//4403
f 6265//4403 6266//4403 6259//4403
f 6259//4404 6266//4404 6260//4404
f 6266//4404 6267//4404 6260//4404
f 6260//4405 6267//4405 6261//4405
f 6267//4405 6268//4405 6261//4405
f 6261//4406 6268//4406 6262//4406
f 6268//4406 6269//4406 6262//4406
f 6263//4407 6270//4407 6264//4407
f 6270//4407 6271//4407 6264//4407
f 6264//4408 6271//4408 6265//4408
f 6271//4408 6272//4408 6265//4408
f 6265//4409 6272//4409 6266//4409
f 6272//4409 6273//4409 6266//4409
f 6266//4410 6273//4410 6267//4410
f 6273//4410 6274//4410 6267//4410
f 6267//4411 6274//4411 6268//4411
f 6274//4411 6275//4411 6268//4411
f 6268//4412 6275//4412 6269//4412
f 6275//4412 6276//4412 6269//4412
f 6270//4413 6277//4413 6271//4413
f 6277//4413 6278//4413 6271//4413
f 6271//4414 6278//4414 6272//4414
f 6278//4414 6279//4414 6272//4414
f 6272//4415 6279//4415 6273//4415
f 6279//4415 6280//4415 6273//4415
f 6273//4416 6280//4416 6274//4416
f 6280//4416 6281//4416 6274//4416
f 6274//4417 6281//4417 6275//4417
f 6281//4417 6282//4417 6275//4417
f 6275//4418 6282//4418 6276//4418
f 6282//4418 6283//4418 6276//4418
f 6277//4419 6284//4419 6278//4419
f 6284//4419 6285//4419 6278//4419
f 6278//4420 6285//4420 6279//4420
f 6285//4420 6286//4420 6279//4420
f 6279//4421 6286//4421 6280//4421
f 6286//4422 6287//4422 6280//4422
f 6280//4423 6287//4423 6281//4423
f 6287//4424 6288//4424 6281//4424
f 6281//4425 6288//4425 6282//4425
f 6288//4425 6289//4425 6282//4425
f 6282//4426 6289//4426 6283//4426
f 6289//4426 6290//4426 6283//4426
f 6291//4427 6298//4427 6292//4427
f 6298//4428 6299//4428 6292//4428
f 6292//4429 6299//4429 6293//4429
f 6299//4430 6300//4430 6293//4430
f 6293//4431 6300//4431 6294//4431
f 6300//4432 6301//4432 6294//4432
f 6294//4433 6301//4433 6295//4433
f 6301//4434 6302//4434 6295//4434
f 6295//4435 6302//4435 6296//4435
f 6302//4436 6303//4436 6296//4436
f 6296//4437 6303//4437 6297//4437
f 6303//4438 6304//4438 6297//4438
f 6305//4439 6312//4439 6306//4439
f 6312//4440 6313//4440 6306//4440
f 6306//4441 6313//4441 6307//4441
f 6313//4442 6314//4442 6307//4442
f 6307//4443 6314//4443 6308//4443
f 6314//4444 6315//4444 6308//4444
f 6308//4445 6315//4445 6309//4445
f 6315//4446 6316//4446 6309//4446
f 6309//4447 6316//4447 6310//4447
f 6316//4448 6317//4448 6310//4448
f 6310//4449 6317//4449 6311//4449
f 6317//4450 6318//4450 6311//4450
f 6319//4215 6326//4215 6320//4215
f 6326//4216 6327//4216 6320//4216
f 6320//4217 6327//4217 6321//4217
f 6327//4218 6328//4218 6321//4218
f 6321//4219 6328//4219 6322//4219
f 6328//4219 6329//4219 6322//4219
f 6322//4220 6329//4220 6323//4220
f 6329//4220 6330//4220 6323//4220
f 6323//4221 6330//4221 6324//4221
f 6330//4222 6331//4222 6324//4222
f 6324//4223 6331//4223 6325//4223
f 6331//4224 6332//4224 6325//4224
f 6333//4225 6340//4225 6334//4225
f 6340//4226 6341//4226 6334//4226
f 6334//4227 6341//4227 6335//4227
f 6341//4228 6342//4228 6335//4228
f 6335//4229 6342//4229 6336//4229
f 6342//4229 6343//4229 6336//4229
f 6336//4230 6343//4230 6337//4230
f 6343//4230 6344//4230 6337//4230
f 6337//4231 6344//4231 6338//4231
f 6344//4232 6345//4232 6338//4232
f 6338//4233 6345//4233 6339//4233
f 6345//4234 6346//4234 6339//4234
f 6347//4235 6354//4235 6348//4235
f 6354//4235 6355//4235 6348//4235
f 6348//4236 6355//4236 6349//4236
f 6355//4236 6356//4236 6349//4236
f 6349//4237 6356//4237 6350//4237
f 6356//4237 6357//4237 6350//4237
f 6350//4238 6357//4238 6351//4238
f 6357//4238 6358//4238 6351//4238
f 6351//4239 6358//4239 6352//4239
f 6358//4239 6359//4239 6352//4239
f 6352//4240 6359//4240 6353//4240
f 6359//4240 6360//4240 6353//4240
f 6354//4241 6361//4241 6355//4241
f 6361//4241 6362//4241 6355//4241
f 6355//4242 6362//4242 6356//4242
f 6362//4242 6363//4242 6356//4242
f 6356//4243 6363//4243 6357//4243
f 6363//4243 6364//4243 6357//4243
f 6357//4244 6364//4244 6358//4244
f 6364//4244 6365//4244 6358//4244
f 6358//4245 6365//4245 6359//4245
f 6365//4245 6366//4245 6359//4245
f 6359//4246 6366//4246 6360//4246
f 6366//4246 6367//4246 6360//4246
f 6361//4247 6368//4247 6362//4247
f 6368//4247 6369//4247 6362//4247
f 6362//4248 6369//4248 6363//4248
f 6369//4248 6370//4248 6363//4248
f 6363//4249 6370//4249 6364//4249
f 6370//4249 6371//4249 6364//4249
f 6364//4250 6371//4250 6365//4250
f 6371//4250 6372//4250 6365//4250
f 6365//4251 6372//4251 6366//4251
f 6372//4251 6373//4251 6366//4251
f 6366//4252 6373//4252 6367//4252
f 6373//4252 6374//4252 6367//4252
f 6368//4253 6375//4253 6369//4253
f 6375//4253 6376//4253 6369//4253
f 6369//4254 6376//4254 6370//4254
f 6376//4254 6377//4254 6370//4254
f 6370//4255 6377//4255 6371//4255
f 6377//4255 6378//4255 6371//4255
f 6371//4256 6378//4256 6372//4256
f 6378//4256 6379//4256 6372//4256
f 6372//4257 6379//4257 6373//4257
f 6379//4257 6380//4257 6373//4257
f 6373//4258 6380//4258 6374//4258
f 6380//4258 6381//4258 6374//4258
f 6375//4259 6382//4259 6376//4259
f 6382//4259 6383//4259 6376//4259
f 6376//4260 6383//4260 6377//4260
f 6383//4260 6384//4260 6377//4260
f 6377//4261 6384//4261 6378//4261
f 6384//4261 6385//4261 6378//4261
f 6378//4262 6385//4262 6379//4262
f 6385//4262 6386//4262 6379//4262
f 6379//4263 6386//4263 6380//4263
f 6386//4263 6387//4263 6380//4263
f 6380//4264 6387//4264 6381//4264
f 6387//4264 6388//4264 6381//4264
f 6382//4265 6389//4265 6383//4265
f 6389//4265 6390//4265 6383//4265
f 6383//4266 6390//4266 6384//4266
f 6390//4266 6391//4266 6384//4266
f 6384//4267 6391//4267 6385//4267
f 6391//4267 6392//4267 6385//4267
f 6385//4268 6392//4268 6386//4268
f 6392//4268 6393//4268 6386//4268
f 6386//4269 6393//4269 6387//4269
f 6393//4269 6394//4269 6387//4269
f 6387//4270 6394//4270 6388//4270
f 6394//4270 6395//4270 6388//4270
f 6396//4271 6403//4271 6397//4271
f 6403//4271 6404//4271 6397//4271
f 6397//4272 6404//4272 6398//4272
f 6404//4272 6405//4272 6398//4272
f 6398//4273 6405//4273 6399//4273
f 6405//4273 6406//4273 6399//4273
f 6399//4274 6406//4274 6400//4274
f 6406//4274 6407//4274 6400//4274
f 6400//4275 6407//4275 6401//4275
f 6407//4275 6408//4275 6401//4275
f 6401//4276 6408//4276 6402//4276
f 6408//4276 6409//4276 6402//4276
f 6403//4277 6410//4277 6404//4277
f 6410//4277 6411//4277 6404//4277
f 6404//4278 6411//4278 6405//4278
f 6411//4278 6412//4278 6405//4278
f 6405//4279 6412//4279 6406//4279
f 6412//4279 6413//4279 6406//4279
f 6406//4280 6413//4280 6407//4280
f 6413//4280 6414//4280 6407//4280
f 6407//4281 6414//4281 6408//4281
f 6414//4281 6415//4281 6408//4281
f 6408//4282 6415//4282 6409//4282
f 6415//4282 6416//4282 6409//4282
f 6410//4283 6417//4283 6411//4283
f 6417//4283 6418//4283 6411//4283
f 6411//4284 6418//4284 6412//4284
f 6418//4284 6419//4284 6412//4284
f 6412//4285 6419//4285 6413//4285
f 6419//4285 6420//4285 6413//4285
f 6413//4286 6420//4286 6414//4286
f 6420//4286 6421//4286 6414//4286
f 6414//4287 6421//4287 6415//4287
f 6421//4287 6422//4287 6415//4287
f 6415//4288 6422//4288 6416//4288
f 6422//4288 6423//4288 6416//4288
f 6417//4289 6424//4289 6418//4289
f 6424//4289 6425//4289 6418//4289
f 6418//4290 6425//4290 6419//4290
f 6425//4290 6426//4290 6419//4290
f 6419//4291 6426//4291 6420//4291
f 6426//4291 6427//4291 6420//4291
f 6420//4292 6427//4292 6421//4292
f 6427//4292 6428//4292 6421//4292
f 6421//4293 6428//4293 6422//4293
f 6428//4293 6429//4293 6422//4293
f 6422//4294 6429//4294 6423//4294
f 6429//4294 6430//4294 6423//4294
f 6424//4295 6431//4295 6425//4295
f 6431//4295 6432//4295 6425//4295
f 6425//4296 6432//4296 6426//4296
f 6432//4296 6433//4296 6426//4296
f 6426//4297 6433//4297 6427//4297
f 6433//4297 6434//4297 6427//4297
f 6427//4298 6434//4298 6428//4298
f 6434//4298 6435//4298 6428//4298
f 6428//4299 6435//4299 6429//4299
f 6435//4299 6436//4299 6429//4299
f 6429//4300 6436//4300 6430//4300
f 6436//4300 6437//4300 6430//4300
f 6431//4301 6438//4301 6432//4301
f 6438//4301 6439//4301 6432//4301
f 6432//4302 6439//4302 6433//4302
f 6439//4302 6440//4302 6433//4302
f 6433//4303 6440//4303 6434//4303
f 6440//4303 6441//4303 6434//4303
f 6434//4304 6441//4304 6435//4304
f 6441//4304 6442//4304 6435//4304
f 6435//4305 6442//4305 6436//4305
f 6442//4305 6443//4305 6436//4305
f 6436//4306 6443//4306 6437//4306
f 6443//4306 6444//4306 6437//4306
f 6445//4307 6452//4307 6446//4307
f 6452//4308 6453//4308 6446//4308
f 6446//4309 6453//4309 6447//4309
f 6453//4310 6454//4310 6447//4310
f 6447//4311 6454//4311 6448//4311
f 6454//4312 6455//4312 6448//4312
f 6448//4313 6455//4313 6449//4313
f 6455//4314 6456//4314 6449//4314
f 6449//4315 6456//4315 6450//4315
f 6456//4316 6457//4316 6450//4316
f 6450//4317 6457//4317 6451//4317
f 6457//4318 6458//4318 6451//4318
f 6459//4319 6466//4319 6460//4319
f 6466//4320 6467//4320 6460//4320
f 6460//4321 6467//4321 6461//4321
f 6467//4322 6468//4322 6461//4322
f 6461//4323 6468//4323 6462//4323
f 6468//4324 6469//4324 6462//4324
f 6462//4325 6469//4325 6463//4325
f 6469//4326 6470//4326 6463//4326
f 6463//4327 6470//4327 6464//4327
f 6470//4328 6471//4328 6464//4328
f 6464//4329 6471//4329 6465//4329
f 6471//4330 6472//4330 6465//4330
f 6473//4331 6480//4331 6474//4331
f 6480//4332 6481//4332 6474//4332
f 6474//4333 6481//4333 6475//4333
f 6481//4334 6482//4334 6475//4334
f 6475//4335 6482//4335 6476//4335
f 6482//4335 6483//4335 6476//4335
f 6476//4336 6483//4336 6477//4336
f 6483//4336 6484//4336 6477//4336
f 6477//4337 6484//4337 6478//4337
f 6484//4338 6485//4338 6478//4338
f 6478//4339 6485//4339 6479//4339
f 6485//4340 6486//4340 6479//4340
f 6487//4341 6494//4341 6488//4341
f 6494//4342 6495//4342 6488//4342
f 6488//4343 6495//4343 6489//4343
f 6495//4344 6496//4344 6489//4344
f 6489//4345 6496//4345 6490//4345
f 6496//4345 6497//4345 6490//4345
f 6490//4346 6497//4346 6491//4346
f 6497//4346 6498//4346 6491//4346
f 6491//4347 6498//4347 6492//4347
f 6498//4348 6499//4348 6492//4348
f 6492//4349 6499//4349 6493//4349
f 6499//4350 6500//4350 6493//4350
f 6501//4351 6508//4351 6502//4351
f 6508//4351 6509//4351 6502//4351
f 6502//4352 6509//4352 6503//4352
f 6509//4352 6510//4352 6503//4352
f 6503//4353 6510//4353 6504//4353
f 6510//4353 6511//4353 6504//4353
f 6504//4354 6511//4354 6505//4354
f 6511//4354 6512//4354 6505//4354
f 6505//4355 6512//4355 6506//4355
f 6512//4355 6513//4355 6506//4355
f 6506//4356 6513//4356 6507//4356
f 6513//4356 6514//4356 6507//4356
f 6508//4357 6515//4357 6509//4357
f 6515//4357 6516//4357 6509//4357
f 6509//4358 6516//4358 6510//4358
f 6516//4358 6517//4358 6510//4358
f 6510//4359 6517//4359 6511//4359
f 6517//4359 6518//4359 6511//4359
f 6511//4360 6518//4360 6512//4360
f 6518//4360 6519//4360 6512//4360
f 6512//4361 6519//4361 6513//4361
f 6519//4361 6520//4361 6513//4361
f 6513//4362 6520//4362 6514//4362
f 6520//4362 6521//4362 6514//4362
f 6515//4363 6522//4363 6516//4363
f 6522//4363 6523//4363 6516//4363
f 6516//4364 6523//4364 6517//4364
f 6523//4364 6524//4364 6517//4364
f 6517//4365 6524//4365 6518//4365
f 6524//4365 6525//4365 6518//4365
f 6518//4366 6525//4366 6519//4366
f 6525//4366 6526//4366 6519//4366
f 6519//4367 6526//4367 6520//4367
f 6526//4367 6527//4367 6520//4367
f 6520//4368 6527//4368 6521//4368
f 6527//4368 6528//4368 6521//4368
f 6522//4369 6529//4369 6523//4369
f 6529//4369 6530//4369 6523//4369
f 6523//4370 6530//4370 6524//4370
f 6530//4370 6531//4370 6524//4370
f 6524//4371 6531//4371 6525//4371
f 6531//4371 6532//4371 6525//4371
f 6525//4372 6532//4372 6526//4372
f 6532//4372 6533//4372 6526//4372
f 6526//4373 6533//4373 6527//4373
f 6533//4373 6534//4373 6527//4373
f 6527//4374 6534//4374 6528//4374
f 6534//4374 6535//4374 6528//4374
f 6529//4375 6536//4375 6530//4375
f 6536//4375 6537//4375 6530//4375
f 6530//4376 6537//4376 6531//4376
f 6537//4376 6538//4376 6531//4376
f 6531//4377 6538//4377 6532//4377
f 6538//4377 6539//4377 6532//4377
f 6532//4378 6539//4378 6533//4378
f 6539//4378 6540//4378 6533//4378
f 6533//4379 6540//4379 6534//4379
f 6540//4379 6541//4379 6534//4379
f 6534//4380 6541//4380 6535//4380
f 6541//4380 6542//4380 6535//4380
f 6536//4381 6543//4381 6537//4381
f 6543//4381 6544//4381 6537//4381
f 6537//4382 6544//4382 6538//4382
f 6544//4382 6545//4382 6538//4382
f 6538//4383 6545//4383 6539//4383
f 6545//4383 6546//4383 6539//4383
f 6539//4384 6546//4384 6540//4384
f 6546//4384 6547//4384 6540//4384
f 6540//4385 6547//4385 6541//4385
f 6547//4385 6548//4385 6541//4385
f 6541//4386 6548//4386 6542//4386
f 6548//4386 6549//4386 6542//4386
f 6550//4387 6557//4387 6551//4387
f 6557//4387 6558//4387 6551//4387
f 6551//4388 6558//4388 6552//4388
f 6558//4388 6559//4388 6552//4388
f 6552//4389 6559//4389 6553//4389
f 6559//4390 6560//4390 6553//4390
f 6553//4391 6560//4391 6554//4391
f 6560//4392 6561//4392 6554//4392
f 6554//4393 6561//4393 6555//4393
f 6561//4393 6562//4393 6555//4393
f 6555//4394 6562//4394 6556//4394
f 6562//4394 6563//4394 6556//4394
f 6557//4395 6564//4395 6558//4395
f 6564//4395 6565//4395 6558//4395
f 6558//4396 6565//4396 6559//4396
f 6565//4396 6566//4396 6559//4396
f 6559//4397 6566//4397 6560//4397
f 6566//4397 6567//4397 6560//4397
f 6560//4398 6567//4398 6561//4398
f 6567//4398 6568//4398 6561//4398
f 6561//4399 6568//4399 6562//4399
f 6568//4399 6569//4399 6562//4399
f 6562//4400 6569//4400 6563//4400
f 6569//4400 6570//4400 6563//4400
f 6564//4401 6571//4401 6565//4401
f 6571//4401 6572//4401 6565//4401
f 6565//4402 6572//4402 6566//4402
f 6572//4402 6573//4402 6566//4402
f 6566//4403 6573//4403 6567//4403
f 6573//4403 6574//4403 6567//4403
f 6567//4404 6574//4404 6568//4404
f 6574//4404 6575//4404 6568//4404
f 6568//4405 6575//4405 6569//4405
f 6575//4405 6576//4405 6569//4405
f 6569//4406 6576//4406 6570//4406
f 6576//4406 6577//4406 6570//4406
f 6571//4407 6578//4407 6572//4407
f 6578//4407 6579//4407 6572//4407
f 6572//4408 6579//4408 6573//4408
f 6579//4408 6580//4408 6573//4408
f 6573//4409 6580//4409 6574//4409
f 6580//4409 6581//4409 6574//4409
f 6574//4410 6581//4410 6575//4410
f 6581//4410 6582//4410 6575//4410
f 6575//4411 6582//4411 6576//4411
f 6582//4411 6583//4411 6576//4411
f 6576//4412 6583//4412 6577//4412
f 6583//4412 6584//4412 6577//4412
f 6578//4413 6585//4413 6579//4413
f 6585//4413 6586//4413 6579//4413
f 6579//4414 6586//4414 6580//4414
f 6586//4414 6587//4414 6580//4414
f 6580//4415 6587//4415 6581//4415
f 6587//4415 6588//4415 6581//4415
f 6581//4416 6588//4416 6582//4416
f 6588//4416 6589//4416 6582//4416
f 6582//4417 6589//4417 6583//4417
f 6589//4417 6590//4417 6583//4417
f 6583//4418 6590//4418 6584//4418
f 6590//4418 6591//4418 6584//4418
f 6585//4419 6592//4419 6586//4419
f 6592//4419 6593//4419 6586//4419
f 6586//4420 6593//4420 6587//4420
f 6593//4420 6594//4420 6587//4420
f 6587//4421 6594//4421 6588//4421
f 6594//4422 6595//4422 6588//4422
f 6588//4423 6595//4423 6589//4423
f 6595//4424 6596//4424 6589//4424
f 6589//4425 6596//4425 6590//4425
f 6596//4425 6597//4425 6590//4425
f 6590//4426 6597//4426 6591//4426
f 6597//4426 6598//4426 6591//4426
f 6599//4427 6606//4427 6600//4427
f 6606//4428 6607//4428 6600//4428
f 6600//4429 6607//4429 6601//4429
f 6607//4430 6608//4430 6601//4430
f 6601//4431 6608//4431 6602//4431
f 6608//4432 6609//4432 6602//4432
f 6602//4433 6609//4433 6603//4433
f 6609//4434 6610//4434 6603//4434
f 6603//4435 6610//4435 6604//4435
f 6610//4436 6611//4436 6604//4436
f 6604//4437 6611//4437 6605//4437
f 6611//4438 6612//4438 6605//4438
f 6613//4439 6620//4439 6614//4439
f 6620//4440 6621//4440 6614//4440
f 6614//4441 6621//4441 6615//4441
f 6621//4442 6622//4442 6615//4442
f 6615//4443 6622//4443 6616//4443
f 6622//4444 6623//4444 6616//4444
f 6616//4445 6623//4445 6617//4445
f 6623//4446 6624//4446 6617//4446
f 6617//4447 6624//4447 6618//4447
f 6624//4448 6625//4448 6618//4448
f 6618//4449 6625//4449 6619//4449
f 6625//4450 6626//4450 6619//4450
o Hinterhuf
usemtl wool_6
f 6627//4451 6634//4451 6628//4451
f 6634//4452 6635//4452 6628//4452
f 6628//4453 6635//4453 6629//4453
f 6635//4454 6636//4454 6629//4454
f 6629//4455 6636//4455 6630//4455
f 6636//4455 6637//4455 6630//4455
f 6630//4456 6637//4456 6631//4456
f 6637//4456 6638//4456 6631//4456
f 6631//4457 6638//4457 6632//4457
f 6638//4458 6639//4458 6632//4458
f 6632//4459 6639//4459 6633//4459
f 6639//4460 6640//4460 6633//4460
f 6641//4461 6648//4461 6642//4461
f 6648//4462 6649//4462 6642//4462
f 6642//4463 6649//4463 6643//4463
f 6649//4464 6650//4464 6643//4464
f 6643//4465 6650//4465 6644//4465
f 6650//4465 6651//4465 6644//4465
f 6644//4466 6651//4466 6645//4466
f 6651//4466 6652//4466 6645//4466
f 6645//4467 6652//4467 6646//4467
f 6652//4468 6653//4468 6646//4468
f 6646//4469 6653//4469 6647//4469
f 6653//4470 6654//4470 6647//4470
f 6655//4471 6662//4471 6656//4471
f 6662//4471 6663//4471 6656//4471
f 6656//4472 6663//4472 6657//4472
f 6663//4472 6664//4472 6657//4472
f 6657//4473 6664//4473 6658//4473
f 6664//4473 6665//4473 6658//4473
f 6658//4474 6665//4474 6659//4474
f 6665//4474 6666//4474 6659//4474
f 6659//4475 6666//4475 6660//4475
f 6666//4475 6667//4475 6660//4475
f 6660//4476 6667//4476 6661//4476
f 6667//4476 6668//4476 6661//4476
f 6662//4477 6669//4477 6663//4477
f 6669//4477 6670//4477 6663//4477
f 6663//4478 6670//4478 6664//4478
f 6670//4478 6671//4478 6664//4478
f 6664//4479 6671//4479 6665//4479
f 6671//4479 6672//4479 6665//4479
f 6665//4480 6672//4480 6666//4480
f 6672//4480 6673//4480 6666//4480
f 6666//4481 6673//4481 6667//4481
f 6673//4481 6674//4481 6667//4481
f 6667//4482 6674//4482 6668//4482
f 6674//4482 6675//4482 6668//4482
f 6669//4483 6676//4483 6670//4483
f 6676//4483 6677//4483 6670//4483
f 6670//4484 6677//4484 6671//4484
f 6677//4484 6678//4484 6671//4484
f 6671//4485 6678//4485 6672//4485
f 6678//4485 6679//4485 6672//4485
f 6672//4486 6679//4486 6673//4486
f 6679//4486 6680//4486 6673//4486
f 6673//4487 6680//4487 6674//4487
f 6680//4487 6681//4487 6674//4487
f 6674//4488 6681//4488 6675//4488
f 6681//4488 6682//4488 6675//4488
f 6676//4483 6683//4483 6677//4483
f 6683//4483 6684//4483 6677//4483
f 6677//4484 6684//4484 6678//4484
f 6684//4484 6685//4484 6678//4484
f 6678//4485 6685//4485 6679//4485
f 6685//4485 6686//4485 6679//4485
f 6679//4486 6686//4486 6680//4486
f 6686//4486 6687//4486 6680//4486
f 6680//4487 6687//4487 6681//4487
f 6687//4487 6688//4487 6681//4487
f 6681//4488 6688//4488 6682//4488
f 6688//4488 6689//4488 6682//4488
f 6683//4489 6690//4489 6684//4489
f 6690//4489 6691//4489 6684//4489
f 6684//4490 6691//4490 6685//4490
f 6691//4490 6692//4490 6685//4490
f 6685//4491 6692//4491 6686//4491
f 6692//4491 6693//4491 6686//4491
f 6686//4492 6693//4492 6687//4492
f 6693//4492 6694//4492 6687//4492
f 6687//4493 6694//4493 6688//4493
f 6694//4493 6695//4493 6688//4493
f 6688//4494 6695//4494 6689//4494
f 6695//4494 6696//4494 6689//4494
f 6690//4495 6697//4495 6691//4495
f 6697//4495 6698//4495 6691//4495
f 6691//4496 6698//4496 6692//4496
f 6698//4496 6699//4496 6692//4496
f 6692//4497 6699//4497 6693//4497
f 6699//4497 6700//4497 6693//4497
f 6693//4498 6700//4498 6694//4498
f 6700//4498 6701//4498 6694//4498
f 6694//4499 6701//4499 6695//4499
f 6701//4499 6702//4499 6695//4499
f 6695//4500 6702//4500 6696//4500
f 6702//4500 6703//4500 6696//4500
f 6704//4501 6711//4501 6705//4501
f 6711//4501 6712//4501 6705//4501
f 6705//4502 6712//4502 6706//4502
f 6712//4502 6713//4502 6706//4502
f 6706//4503 6713//4503 6707//4503
f 6713//4503 6714//4503 6707//4503
f 6707//4504 6714//4504 6708//4504
f 6714//4504 6715//4504 6708//4504
f 6708//4505 6715//4505 6709//4505
f 6715//4505 6716//4505 6709//4505
f 6709//4506 6716//4506 6710//4506
f 6716//4506 6717//4506 6710//4506
f 6711//4507 6718//4507 6712//4507
f 6718//4507 6719//4507 6712//4507
f 6712//4508 6719//4508 6713//4508
f 6719//4508 6720//4508 6713//4508
f 6713//4509 6720//4509 6714//4509
f 6720//4509 6721//4509 6714//4509
f 6714//4510 6721//4510 6715//4510
f 6721//4510 6722//4510 6715//4510
f 6715//4511 6722//4511 6716//4511
f 6722//4511 6723//4511 6716//4511
f 6716//4512 6723//4512 6717//4512
f 6723//4512 6724//4512 6717//4512
f 6718//4513 6725//4513 6719//4513
f 6725//4513 6726//4513 6719//4513
f 6719//4514 6726//4514 6720//4514
f 6726//4514 6727//4514 6720//4514
f 6720//4515 6727//4515 6721//4515
f 6727//4515 6728//4515 6721//4515
f 6721//4516 6728//4516 6722//4516
f 6728//4516 6729//4516 6722//4516
f 6722//4517 6729//4517 6723//4517
f 6729//4517 6730//4517 6723//4517
f 6723//4518 6730//4518 6724//4518
f 6730//4518 6731//4518 6724//4518
f 6725//4513 6732//4513 6726//4513
f 6732//4513 6733//4513 6726//4513
f 6726//4514 6733//4514 6727//4514
f 6733//4514 6734//4514 6727//4514
f 6727//4515 6734//4515 6728//4515
f 6734//4515 6735//4515 6728//4515
f 6728//4516 6735//4516 6729//4516
f 6735//4516 6736//4516 6729//4516
f 6729//4517 6736//4517 6730//4517
f 6736//4517 6737//4517 6730//4517
f 6730//4518 6737//4518 6731//4518
f 6737//4518 6738//4518 6731//4518
f 6732//4519 6739//4519 6733//4519
f 6739//4519 6740//4519 6733//4519
f 6733//4520 6740//4520 6734//4520
f 6740//4520 6741//4520 6734//4520
f 6734//4521 6741//4521 6735//4521
f 6741//4521 6742//4521 6735//4521
f 6735//4522 6742//4522 6736//4522
f 6742//4522 6743//4522 6736//4522
f 6736//4523 6743//4523 6737//4523
f 6743//4523 6744//4523 6737//4523
f 6737//4524 6744//4524 6738//4524
f 6744//4524 6745//4524 6738//4524
f 6739//4525 6746//4525 6740//4525
f 6746//4525 6747//4525 6740//4525
f 6740//4526 6747//4526 6741//4526
f 6747//4526 6748//4526 6741//4526
f 6741//4527 6748//4527 6742//4527
f 6748//4527 6749//4527 6742//4527
f 6742//4528 6749//4528 6743//4528
f 6749//4528 6750//4528 6743//4528
f 6743//4529 6750//4529 6744//4529
f 6750//4529 6751//4529 6744//4529
f 6744//4530 6751//4530 6745//4530
f 6751//4530 6752//4530 6745//4530
f 6753//4531 6760//4531 6754//4531
f 6760//4532 6761//4532 6754//4532
f 6754//4533 6761//4533 6755//4533
f 6761//4534 6762//4534 6755//4534
f 6755//4535 6762//4535 6756//4535
f 6762//4536 6763//4536 6756//4536
f 6756//4537 6763//4537 6757//4537
f 6763//4538 6764//4538 6757//4538
f 6757//4539 6764//4539 6758//4539
f 6764//4540 6765//4540 6758//4540
f 6758//4541 6765//4541 6759//4541
f 6765//4542 6766//4542 6759//4542
f 6767//4543 6774//4543 6768//4543
f 6774//4544 6775//4544 6768//4544
f 6768//4545 6775//4545 6769//4545
f 6775//4546 6776//4546 6769//4546
f 6769//4547 6776//4547 6770//4547
f 6776//4548 6777//4548 6770//4548
f 6770//4549 6777//4549 6771//4549
f 6777//4550 6778//4550 6771//4550
f 6771//4551 6778//4551 6772//4551
f 6778//4552 6779//4552 6772//4552
f 6772//4553 6779//4553 6773//4553
f 6779//4554 6780//4554 6773//4554
f 6781//4451 6788//4451 6782//4451
f 6788//4452 6789//4452 6782//4452
f 6782//4453 6789//4453 6783//4453
f 6789//4454 6790//4454 6783//4454
f 6783//4455 6790//4455 6784//4455
f 6790//4455 6791//4455 6784//4455
f 6784//4456 6791//4456 6785//4456
f 6791//4456 6792//4456 6785//4456
f 6785//4457 6792//4457 6786//4457
f 6792//4458 6793//4458 6786//4458
f 6786//4459 6793//4459 6787//4459
f 6793//4460 6794//4460 6787//4460
f 6795//4461 6802//4461 6796//4461
f 6802//4462 6803//4462 6796//4462
f 6796//4463 6803//4463 6797//4463
f 6803//4464 6804//4464 6797//4464
f 6797//4465 6804//4465 6798//4465
f 6804//4465 6805//4465 6798//4465
f 6798//4466 6805//4466 6799//4466
f 6805//4466 6806//4466 6799//4466
f 6799//4467 6806//4467 6800//4467
f 6806//4468 6807//4468 6800//4468
f 6800//4469 6807//4469 6801//4469
f 6807//4470 6808//4470 6801//4470
f 6809//4471 6816//4471 6810//4471
f 6816//4471 6817//4471 6810//4471
f 6810//4472 6817//4472 6811//4472
f 6817//4472 6818//4472 6811//4472
f 6811//4473 6818//4473 6812//4473
f 6818//4473 6819//4473 6812//4473
f 6812//4474 6819//4474 6813//4474
f 6819//4474 6820//4474 6813//4474
f 6813//4475 6820//4475 6814//4475
f 6820//4475 6821//4475 6814//4475
f 6814//4476 6821//4476 6815//4476
f 6821//4476 6822//4476 6815//4476
f 6816//4477 6823//4477 6817//4477
f 6823//4477 6824//4477 6817//4477
f 6817//4478 6824//4478 6818//4478
f 6824//4478 6825//4478 6818//4478
f 6818//4479 6825//4479 6819//4479
f 6825//4479 6826//4479 6819//4479
f 6819//4480 6826//4480 6820//4480
f 6826//4480 6827//4480 6820//4480
f 6820//4481 6827//4481 6821//4481
f 6827//4481 6828//4481 6821//4481
f 6821//4482 6828//4482 6822//4482
f 6828//4482 6829//4482 6822//4482
f 6823//4483 6830//4483 6824//4483
f 6830//4483 6831//4483 6824//4483
f 6824//4484 6831//4484 6825//4484
f 6831//4484 6832//4484 6825//4484
f 6825//4485 6832//4485 6826//4485
f 6832//4485 6833//4485 6826//4485
f 6826//4486 6833//4486 6827//4486
f 6833//4486 6834//4486 6827//4486
f 6827//4487 6834//4487 6828//4487
f 6834//4487 6835//4487 6828//4487
f 6828//4488 6835//4488 6829//4488
f 6835//4488 6836//4488 6829//4488
f 6830//4483 6837//4483 6831//4483
f 6837//4483 6838//4483 6831//4483
f 6831//4484 6838//4484 6832//4484
f 6838//4484 6839//4484 6832//4484
f 6832//4485 6839//4485 6833//4485
f 6839//4485 6840//4485 6833//4485
f 6833//4486 6840//4486 6834//4486
f 6840//4486 6841//4486 6834//4486
f 6834//4487 6841//4487 6835//4487
f 6841//4487 6842//4487 6835//4487
f 6835//4488 6842//4488 6836//4488
f 6842//4488 6843//4488 6836//4488
f 6837//4489 6844//4489 6838//4489
f 6844//4489 6845//4489 6838//4489
f 6838//4490 6845//4490 6839//4490
f 6845//4490 6846//4490 6839//4490
f 6839//4491 6846//4491 6840//4491
f 6846//4491 6847//4491 6840//4491
f 6840//4492 6847//4492 6841//4492
f 6847//4492 6848//4492 6841//4492
f 6841//4493 6848//4493 6842//4493
f 6848//4493 6849//4493 6842//4493
f 6842//4494 6849//4494 6843//4494
f 6849//4494 6850//4494 6843//4494
f 6844//4495 6851//4495 6845//4495
f 6851//4495 6852//4495 6845//4495
f 6845//4496 6852//4496 6846//4496
f 6852//4496 6853//4496 6846//4496
f 6846//4497 6853//4497 6847//4497
f 6853//4497 6854//4497 6847//4497
f 6847//4498 6854//4498 6848//4498
f 6854//4498 6855//4498 6848//4498
f 6848//4499 6855//4499 6849//4499
f 6855//4499 6856//4499 6849//4499
f 6849//4500 6856//4500 6850//4500
f 6856//4500 6857//4500 6850//4500
f 6858//4501 6865//4501 6859//4501
f 6865//4501 6866//4501 6859//4501
f 6859//4502 6866//4502 6860//4502
f 6866//4502 6867//4502 6860//4502
f 6860//4503 6867//4503 6861//4503
f 6867//4503 6868//4503 6861//4503
f 6861//4504 6868//4504 6862//4504
f 6868//4504 6869//4504 6862//4504
f 6862//4505 6869//4505 6863//4505
f 6869//4505 6870//4505 6863//4505
f 6863//4506 6870//4506 6864//4506
f 6870//4506 6871//4506 6864//4506
f 6865//4507 6872//4507 6866//4507
f 6872//4507 6873//4507 6866//4507
f 6866//4508 6873//4508 6867//4508
f 6873//4508 6874//4508 6867//4508
f 6867//4509 6874//4509 6868//4509
f 6874//4509 6875//4509 6868//4509
f 6868//4510 6875//4510 6869//4510
f 6875//4510 6876//4510 6869//4510
f 6869//4511 6876//4511 6870//4511
f 6876//4511 6877//4511 6870//4511
f 6870//4512 6877//4512 6871//4512
f 6877//4512 6878//4512 6871//4512
f 6872//4513 6879//4513 6873//4513
f 6879//4513 6880//4513 6873//4513
f 6873//4514 6880//4514 6874//4514
f 6880//4514 6881//4514 6874//4514
f 6874//4515 6881//4515 6875//4515
f 6881//4515 6882//4515 6875//4515
f 6875//4516 6882//4516 6876//4516
f 6882//4516 6883//4516 6876//4516
f 6876//4517 6883//4517 6877//4517
f 6883//4517 6884//4517 6877//4517
f 6877//4518 6884//4518 6878//4518
f 6884//4518 6885//4518 6878//4518
f 6879//4513 6886//4513 6880//4513
f 6886//4513 6887//4513 6880//4513
f 6880//4514 6887//4514 6881//4514
f 6887//4514 6888//4514 6881//4514
f 6881//4515 6888//4515 6882//4515
f 6888//4515 6889//4515 6882//4515
f 6882//4516 6889//4516 6883//4516
f 6889//4516 6890//4516 6883//4516
f 6883//4517 6890//4517 6884//4517
f 6890//4517 6891//4517 6884//4517
f 6884//4518 6891//4518 6885//4518
f 6891//4518 6892//4518 6885//4518
f 6886//4519 6893//4519 6887//4519
f 6893//4519 6894//4519 6887//4519
f 6887//4520 6894//4520 6888//4520
f 6894//4520 6895//4520 6888//4520
f 6888//4521 6895//4521 6889//4521
f 6895//4521 6896//4521 6889//4521
f 6889//4522 6896//4522 6890//4522
f 6896//4522 6897//4522 6890//4522
f 6890//4523 6897//4523 6891//4523
f 6897//4523 6898//4523 6891//4523
f 6891//4524 6898//4524 6892//4524
f 6898//4524 6899//4524 6892//4524
f 6893//4525 6900//4525 6894//4525
f 6900//4525 6901//4525 6894//4525
f 6894//4526 6901//4526 6895//4526
f 6901//4526 6902//4526 6895//4526
f 6895//4527 6902//4527 6896//4527
f 6902//4527 6903//4527 6896//4527
f 6896//4528 6903//4528 6897//4528
f 6903//4528 6904//4528 6897//4528
f 6897//4529 6904//4529 6898//4529
f 6904//4529 6905//4529 6898//4529
f 6898//4530 6905//4530 6899//4530
f 6905//4530 6906//4530 6899//4530
f 6907//4531 6914//4531 6908//4531
f 6914//4532 6915//4532 6908//4532
f 6908//4533 6915//4533 6909//4533
f 6915//4534 6916//4534 6909//4534
f 6909//4535 6916//4535 6910//4535
f 6916//4536 6917//4536 6910//4536
f 6910//4537 6917//4537 6911//4537
f 6917//4538 6918//4538 6911//4538
f 6911//4539 6918//4539 6912//4539
f 6918//4540 6919//4540 6912//4540
f 6912//4541 6919//4541 6913//4541
f 6919//4542 6920//4542 6913//4542
f 6921//4543 6928//4543 6922//4543
f 6928//4544 6929//4544 6922//4544
f 6922//4545 6929//4545 6923//4545
f 6929//4546 6930//4546 6923//4546
f 6923//4547 6930//4547 6924//4547
f 6930//4548 6931//4548 6924//4548
f 6924//4549 6931//4549 6925//4549
f 6931//4550 6932//4550 6925//4550
f 6925//4551 6932//4551 6926//4551
f 6932//4552 6933//4552 6926//4552
f 6926//4553 6933//4553 6927//4553
f 6933//4554 6934//4554 6927//4554
o Schwanz
usemtl wool_5
f 6935//4747 6942//4747 6936//4747
f 6942//4747 6943//4747 6936//4747
f 6936//4748 6943//4748 6937//4748
f 6943//4748 6944//4748 6937//4748
f 6937//4749 6944//4749 6938//4749
f 6944//4749 6945//4749 6938//4749
f 6938//4750 6945//4750 6939//4750
f 6945//4750 6946//4750 6939//4750
f 6939//4751 6946//4751 6940//4751
f 6946//4751 6947//4751 6940//4751
f 6940//4752 6947//4752 6941//4752
f 6947//4752 6948//4752 6941//4752
f 6942//4753 6949//4753 6943//4753
f 6949//4753 6950//4753 6943//4753
f 6943//4754 6950//4754 6944//4754
f 6950//4754 6951//4754 6944//4754
f 6944//4755 6951//4755 6945//4755
f 6951//4755 6952//4755 6945//4755
f 6945//4756 6952//4756 6946//4756
f 6952//4756 6953//4756 6946//4756
f 6946//4757 6953//4757 6947//4757
f 6953//4757 6954//4757 6947//4757
f 6947//4758 6954//4758 6948//4758
f 6954//4758 6955//4758 6948//4758
f 6949//4759 6956//4759 6950//4759
f 6956//4759 6957//4759 6950//4759
f 6950//4760 6957//4760 6951//4760
f 6957//4760 6958//4760 6951//4760
f 6951//4761 6958//4761 6952//4761
f 6958//4761 6959//4761 6952//4761
f 6952//4762 6959//4762 6953//4762
f 6959//4762 6960//4762 6953//4762
f 6953//4763 6960//4763 6954//4763
f 6960//4763 6961//4763 6954//4763
f 6954//4764 6961//4764 6955//4764
f 6961//4764 6962//4764 6955//4764
f 6956//4765 6963//4765 6957//4765
f 6963//4765 6964//4765 6957//4765
f 6957//4766 6964//4766 6958//4766
f 6964//4766 6965//4766 6958//4766
f 6958//4767 6965//4767 6959//4767
f 6965//4767 6966//4767 6959//4767
f 6959//4768 6966//4768 6960//4768
f 6966//4768 6967//4768 6960//4768
f 6960//4769 6967//4769 6961//4769
f 6967//4769 6968//4769 6961//4769
f 6961//4770 6968//4770 6962//4770
f 6968//4770 6969//4770 6962//4770
f 6963//4771 6970//4771 6964//4771
f 6970//4771 6971//4771 6964//4771
f 6964//4772 6971//4772 6965//4772
f 6971//4772 6972//4772 6965//4772
f 6965//4773 6972//4773 6966//4773
f 6972//4773 6973//4773 6966//4773
f 6966//4774 6973//4774 6967//4774
f 6973//4774 6974//4774 6967//4774
f 6967//4775 6974//4775 6968//4775
f 6974//4775 6975//4775 6968//4775
f 6968//4776 6975//4776 6969//4776
f 6975//4776 6976//4776 6969//4776
f 6970//4777 6977//4777 6971//4777
f 6977//4777 6978//4777 6971//4777
f 6971//4778 6978//4778 6972//4778
f 6978//4778 6979//4778 6972//4778
f 6972//4779 6979//4779 6973//4779
f 6979//4779 6980//4779 6973//4779
f 6973//4780 6980//4780 6974//4780
f 6980//4780 6981//4780 6974//4780
f 6974//4781 6981//4781 6975//4781
f 6981//4781 6982//4781 6975//4781
f 6975//4782 6982//4782 6976//4782
f 6982//4782 6983//4782 6976//4782
f 6984//4783 6991//4783 6985//4783
f 6991//4783 6992//4783 6985//4783
f 6985//4784 6992//4784 6986//4784
f 6992//4784 6993//4784 6986//4784
f 6986//4785 6993//4785 6987//4785
f 6993//4785 6994//4785 6987//4785
f 6987//4786 6994//4786 6988//4786
f 6994//4786 6995//4786 6988//4786
f 6988//4787 6995//4787 6989//4787
f 6995//4787 6996//4787 6989//4787
f 6989//4788 6996//4788 6990//4788
f 6996//4788 6997//4788 6990//4788
f 6991//4789 6998//4789 6992//4789
f 6998//4789 6999//4789 6992//4789
f 6992//4790 6999//4790 6993//4790
f 6999//4790 7000//4790 6993//4790
f 6993//4791 7000//4791 6994//4791
f 7000//4791 7001//4791 6994//4791
f 6994//4792 7001//4792 6995//4792
f 7001//4792 7002//4792 6995//4792
f 6995//4793 7002//4793 6996//4793
f 7002//4793 7003//4793 6996//4793
f 6996//4794 7003//4794 6997//4794
f 7003//4794 7004//4794 6997//4794
f 6998//4795 7005//4795 6999//4795
f 7005//4795 7006//4795 6999//4795
f 6999//4796 7006//4796 7000//4796
f 7006//4796 7007//4796 7000//4796
f 7000//4797 7007//4797 7001//4797
f 7007//4797 7008//4797 7001//4797
f 7001//4798 7008//4798 7002//4798
f 7008//4798 7009//4798 7002//4798
f 7002//4799 7009//4799 7003//4799
f 7009//4799 7010//4799 7003//4799
f 7003//4800 7010//4800 7004//4800
f 7010//4800 7011//4800 7004//4800
f 7005//4801 7012//4801 7006//4801
f 7012//4801 7013//4801 7006//4801
f 7006//4802 7013//4802 7007//4802
f 7013//4802 7014//4802 7007//4802
f 7007//4803 7014//4803 7008//4803
f 7014//4803 7015//4803 7008//4803
f 7008//4804 7015//4804 7009//4804
f 7015//4804 7016//4804 7009//4804
f 7009//4805 7016//4805 7010//4805
f 7016//4805 7017//4805 7010//4805
f 7010//4806 7017//4806 7011//4806
f 7017//4806 7018//4806 7011//4806
f 7012//4807 7019//4807 7013//4807
f 7019//4807 7020//4807 7013//4807
f 7013//4808 7020//4808 7014//4808
f 7020//4808 7021//4808 7014//4808
f 7014//4809 7021//4809 7015//4809
f 7021//4809 7022//4809 7015//4809
f 7015//4810 7022//4810 7016//4810
f 7022//4810 7023//4810 7016//4810
f 7016//4811 7023//4811 7017//4811
f 7023//4811 7024//4811 7017//4811
f 7017//4812 7024//4812 7018//4812
f 7024//4812 7025//4812 7018//4812
f 7019//4813 7026//4813 7020//4813
f 7026//4813 7027//4813 7020//4813
f 7020//4814 7027//4814 7021//4814
f 7027//4814 7028//4814 7021//4814
f 7021//4815 7028//4815 7022//4815
f 7028//4815 7029//4815 7022//4815
f 7022//4816 7029//4816 7023//4816
f 7029//4816 7030//4816 7023//4816
f 7023//4817 7030//4817 7024//4817
f 7030//4817 7031//4817 7024//4817
f 7024//4818 7031//4818 7025//4818
f 7031//4818 7032//4818 7025//4818
f 7033//4819 7040//4819 7034//4819
f 7040//4819 7041//4819 7034//4819
f 7034//4820 7041//4820 7035//4820
f 7041//4820 7042//4820 7035//4820
f 7035//4821 7042//4821 7036//4821
f 7042//4821 7043//4821 7036//4821
f 7036//4822 7043//4822 7037//4822
f 7043//4822 7044//4822 7037//4822
f 7037//4823 7044//4823 7038//4823
f 7044//4823 7045//4823 7038//4823
f 7038//4824 7045//4824 7039//4824
f 7045//4824 7046//4824 7039//4824
f 7040//4825 7047//4825 7041//4825
f 7047//4825 7048//4825 7041//4825
f 7041//4826 7048//4826 7042//4826
f 7048//4826 7049//4826 7042//4826
f 7042//4827 7049//4827 7043//4827
f 7049//4827 7050//4827 7043//4827
f 7043//4828 7050//4828 7044//4828
f 7050//4828 7051//4828 7044//4828
f 7044//4829 7051//4829 7045//4829
f 7051//4829 7052//4829 7045//4829
f 7045//4830 7052//4830 7046//4830
f 7052//4830 7053//4830 7046//4830
f 7047//4831 7054//4831 7048//4831
f 7054//4831 7055//4831 7048//4831
f 7048//4832 7055//4832 7049//4832
f 7055//4832 7056//4832 7049//4832
f 7049//4833 7056//4833 7050//4833
f 7056//4833 7057//4833 7050//4833
f 7050//4834 7057//4834 7051//4834
f 7057//4834 7058//4834 7051//4834
f 7051//4835 7058//4835 7052//4835
f 7058//4835 7059//4835 7052//4835
f 7052//4836 7059//4836 7053//4836
f 7059//4836 7060//4836 7053//4836
f 7054//4837 7061//4837 7055//4837
f 7061//4837 7062//4837 7055//4837
f 7055//4838 7062//4838 7056//4838
f 7062//4838 7063//4838 7056//4838
f 7056//4839 7063//4839 7057//4839
f 7063//4839 7064//4839 7057//4839
f 7057//4840 7064//4840 7058//4840
f 7064//4840 7065//4840 7058//4840
f 7058//4841 7065//4841 7059//4841
f 7065//4841 7066//4841 7059//4841
f 7059//4842 7066//4842 7060//4842
f 7066//4842 7067//4842 7060//4842
f 7061//4843 7068//4843 7062//4843
f 7068//4843 7069//4843 7062//4843
f 7062//4844 7069//4844 7063//4844
f 7069//4844 7070//4844 7063//4844
f 7063//4845 7070//4845 7064//4845
f 7070//4845 7071//4845 7064//4845
f 7064//4846 7071//4846 7065//4846
f 7071//4846 7072//4846 7065//4846
f 7065//4847 7072//4847 7066//4847
f 7072//4847 7073//4847 7066//4847
f 7066//4848 7073//4848 7067//4848
f 7073//4848 7074//4848 7067//4848
f 7068//4849 7075//4849 7069//4849
f 7075//4849 7076//4849 7069//4849
f 7069//4850 7076//4850 7070//4850
f 7076//4850 7077//4850 7070//4850
f 7070//4851 7077//4851 7071//4851
f 7077//4851 7078//4851 7071//4851
f 7071//4852 7078//4852 7072//4852
f 7078//4852 7079//4852 7072//4852
f 7072//4853 7079//4853 7073//4853
f 7079//4853 7080//4853 7073//4853
f 7073//4854 7080//4854 7074//4854
f 7080//4854 7081//4854 7074//4854
f 7082//4855 7089//4855 7083//4855
f 7089//4855 7090//4855 7083//4855
f 7083//4856 7090//4856 7084//4856
f 7090//4856 7091//4856 7084//4856
f 7084//4857 7091//4857 7085//4857
f 7091//4857 7092//4857 7085//4857
f 7085//4858 7092//4858 7086//4858
f 7092//4858 7093//4858 7086//4858
f 7086//4859 7093//4859 7087//4859
f 7093//4859 7094//4859 7087//4859
f 7087//4860 7094//4860 7088//4860
f 7094//4860 7095//4860 7088//4860
f 7089//4861 7096//4861 7090//4861
f 7096//4861 7097//4861 7090//4861
f 7090//4862 7097//4862 7091//4862
f 7097//4862 7098//4862 7091//4862
f 7091//4863 7098//4863 7092//4863
f 7098//4863 7099//4863 7092//4863
f 7092//4864 7099//4864 7093//4864
f 7099//4864 7100//4864 7093//4864
f 7093//4865 7100//4865 7094//4865
f 7100//4865 7101//4865 7094//4865
f 7094//4866 7101//4866 7095//4866
f 7101//4866 7102//4866 7095//4866
f 7096//4867 7103//4867 7097//4867
f 7103//4867 7104//4867 7097//4867
f 7097//4868 7104//4868 7098//4868
f 7104//4868 7105//4868 7098//4868
f 7098//4869 7105//4869 7099//4869
f 7105//4869 7106//4869 7099//4869
f 7099//4870 7106//4870 7100//4870
f 7106//4870 7107//4870 7100//4870
f 7100//4871 7107//4871 7101//4871
f 7107//4871 7108//4871 7101//4871
f 7101//4872 7108//4872 7102//4872
f 7108//4872 7109//4872 7102//4872
f 7103//4873 7110//4873 7104//4873
f 7110//4873 7111//4873 7104//4873
f 7104//4874 7111//4874 7105//4874
f 7111//4874 7112//4874 7105//4874
f 7105//4875 7112//4875 7106//4875
f 7112//4875 7113//4875 7106//4875
f 7106//4876 7113//4876 7107//4876
f 7113//4876 7114//4876 7107//4876
f 7107//4877 7114//4877 7108//4877
f 7114//4877 7115//4877 7108//4877
f 7108//4878 7115//4878 7109//4878
f 7115//4878 7116//4878 7109//4878
f 7110//4879 7117//4879 7111//4879
f 7117//4879 7118//4879 7111//4879
f 7111//4880 7118//4880 7112//4880
f 7118//4880 7119//4880 7112//4880
f 7112//4881 7119//4881 7113//4881
f 7119//4881 7120//4881 7113//4881
f 7113//4882 7120//4882 7114//4882
f 7120//4882 7121//4882 7114//4882
f 7114//4883 7121//4883 7115//4883
f 7121//4883 7122//4883 7115//4883
f 7115//4884 7122//4884 7116//4884
f 7122//4884 7123//4884 7116//4884
f 7117//4885 7124//4885 7118//4885
f 7124//4885 7125//4885 7118//4885
f 7118//4886 7125//4886 7119//4886
f 7125//4886 7126//4886 7119//4886
f 7119//4887 7126//4887 7120//4887
f 7126//4887 7127//4887 7120//4887
f 7120//4888 7127//4888 7121//4888
f 7127//4888 7128//4888 7121//4888
f 7121//4889 7128//4889 7122//4889
f 7128//4889 7129//4889 7122//4889
f 7122//4890 7129//4890 7123//4890
f 7129//4890 7130//4890 7123//4890
f 7131//4891 7138//4891 7132//4891
f 7138//4891 7139//4891 7132//4891
f 7132//4891 7139//4891 7133//4891
f 7139//4891 7140//4891 7133//4891
f 7133//4891 7140//4891 7134//4891
f 7140//4891 7141//4891 7134//4891
f 7134//4891 7141//4891 7135//4891
f 7141//4891 7142//4891 7135//4891
f 7135//4891 7142//4891 7136//4891
f 7142//4891 7143//4891 7136//4891
f 7136//4891 7143//4891 7137//4891
f 7143//4891 7144//4891 7137//4891
f 7138//4891 7145//4891 7139//4891
f 7145//4891 7146//4891 7139//4891
f 7139//4891 7146//4891 7140//4891
f 7146//4891 7147//4891 7140//4891
f 7140//4891 7147//4891 7141//4891
f 7147//4891 7148//4891 7141//4891
f 7141//4891 7148//4891 7142//4891
f 7148//4891 7149//4891 7142//4891
f 7142//4891 7149//4891 7143//4891
f 7149//4891 7150//4891 7143//4891
f 7143//4891 7150//4891 7144//4891
f 7150//4891 7151//4891 7144//4891
f 7145//4891 7152//4891 7146//4891
f 7152//4891 7153//4891 7146//4891
f 7146//4891 7153//4891 7147//4891
f 7153//4891 7154//4891 7147//4891
f 7147//4891 7154//4891 7148//4891
f 7154//4891 7155//4891 7148//4891
f 7148//4891 7155//4891 7149//4891
f 7155//4891 7156//4891 7149//4891
f 7149//4891 7156//4891 7150//4891
f 7156//4891 7157//4891 7150//4891
f 7150//4891 7157//4891 7151//4891
f 7157//4891 7158//4891 7151//4891
f 7152//4891 7159//4891 7153//4891
f 7159//4891 7160//4891 7153//4891
f 7153//4891 7160//4891 7154//4891
f 7160//4891 7161//4891 7154//4891
f 7154//4891 7161//4891 7155//4891
f 7161//4891 7162//4891 7155//4891
f 7155//4891 7162//4891 7156//4891
f 7162//4891 7163//4891 7156//4891
f 7156//4891 7163//4891 7157//4891
f 7163//4891 7164//4891 7157//4891
f 7157//4891 7164//4891 7158//4891
f 7164//4891 7165//4891 7158//4891
f 7159//4891 7166//4891 7160//4891
f 7166//4891 7167//4891 7160//4891
f 7160//4891 7167//4891 7161//4891
f 7167//4891 7168//4891 7161//4891
f 7161//4891 7168//4891 7162//4891
f 7168//4891 7169//4891 7162//4891
f 7162//4891 7169//4891 7163//4891
f 7169//4891 7170//4891 7163//4891
f 7163//4891 7170//4891 7164//4891
f 7170//4891 7171//4891 7164//4891
f 7164//4891 7171//4891 7165//4891
f 7171//4891 7172//4891 7165//4891
f 7166//4891 7173//4891 7167//4891
f 7173//4891 7174//4891 7167//4891
f 7167//4891 7174//4891 7168//4891
f 7174//4891 7175//4891 7168//4891
f 7168//4891 7175//4891 7169//4891
f 7175//4891 7176//4891 7169//4891
f 7169//4891 7176//4891 7170//4891
f 7176//4891 7177//4891 7170//4891
f 7170//4891 7177//4891 7171//4891
f 7177//4891 7178//4891 7171//4891
f 7171//4891 7178//4891 7172//4891
f 7178//4891 7179//4891 7172//4891
f 7180//4892 7187//4892 7181//4892
f 7187//4892 7188//4892 7181//4892
f 7181//4892 7188//4892 7182//4892
f 7188//4892 7189//4892 7182//4892
f 7182//4892 7189//4892 7183//4892
f 7189//4892 7190//4892 7183//4892
f 7183//4892 7190//4892 7184//4892
f 7190//4892 7191//4892 7184//4892
f 7184//4892 7191//4892 7185//4892
f 7191//4892 7192//4892 7185//4892
f 7185//4892 7192//4892 7186//4892
f 7192//4892 7193//4892 7186//4892
f 7187//4892 7194//4892 7188//4892
f 7194//4892 7195//4892 7188//4892
f 7188//4892 7195//4892 7189//4892
f 7195//4892 7196//4892 7189//4892
f 7189//4892 7196//4892 7190//4892
f 7196//4892 7197//4892 7190//4892
f 7190//4892 7197//4892 7191//4892
f 7197//4892 7198//4892 7191//4892
f 7191//4892 7198//4892 7192//4892
f 7198//4892 7199//4892 7192//4892
f 7192//4892 7199//4892 7193//4892
f 7199//4892 7200//4892 7193//4892
f 7194//4892 7201//4892 7195//4892
f 7201//4892 7202//4892 7195//4892
f 7195//4892 7202//4892 7196//4892
f 7202//4892 7203//4892 7196//4892
f 7196//4892 7203//4892 7197//4892
f 7203//4892 7204//4892 7197//4892
f 7197//4892 7204//4892 7198//4892
f 7204//4892 7205//4892 7198//4892
f 7198//4892 7205//4892 7199//4892
f 7205//4892 7206//4892 7199//4892
f 7199//4892 7206//4892 7200//4892
f 7206//4892 7207//4892 7200//4892
f 7201//4892 7208//4892 7202//4892
f 7208//4892 7209//4892 7202//4892
f 7202//4892 7209//4892 7203//4892
f 7209//4892 7210//4892 7203//4892
f 7203//4892 7210//4892 7204//4892
f 7210//4892 7211//4892 7204//4892
f 7204//4892 7211//4892 7205//4892
f 7211//4892 7212//4892 7205//4892
f 7205//4892 7212//4892 7206//4892
f 7212//4892 7213//4892 7206//4892
f 7206//4892 7213//4892 7207//4892
f 7213//4892 7214//4892 7207//4892
f 7208//4892 7215//4892 7209//4892
f 7215//4892 7216//4892 7209//4892
f 7209//4892 7216//4892 7210//4892
f 7216//4892 7217//4892 7210//4892
f 7210//4892 7217//4892 7211//4892
f 7217//4892 7218//4892 7211//4892
f 7211//4892 7218//4892 7212//4892
f 7218//4892 7219//4892 7212//4892
f 7212//4892 7219//4892 7213//4892
f 7219//4892 7220//4892 7213//4892
f 7213//4892 7220//4892 7214//4892
f 7220//4892 7221//4892 7214//4892
f 7215//4892 7222//4892 7216//4892
f 7222//4892 7223//4892 7216//4892
f 7216//4892 7223//4892 7217//4892
f 7223//4892 7224//4892 7217//4892
f 7217//4892 7224//4892 7218//4892
f 7224//4892 7225//4892 7218//4892
f 7218//4892 7225//4892 7219//4892
f 7225//4892 7226//4892 7219//4892
f 7219//4892 7226//4892 7220//4892
f 7226//4892 7227//4892 7220//4892
f 7220//4892 7227//4892 7221//4892
f 7227//4892 7228//4892 7221//4892
f 7229//4893 7236//4893 7230//4893
f 7236//4893 7237//4893 7230//4893
f 7230//4894 7237//4894 7231//4894
f 7237//4894 7238//4894 7231//4894
f 7231//4895 7238//4895 7232//4895
f 7238//4895 7239//4895 7232//4895
f 7232//4896 7239//4896 7233//4896
f 7239//4896 7240//4896 7233//4896
f 7233//4897 7240//4897 7234//4897
f 7240//4897 7241//4897 7234//4897
f 7234//4898 7241//4898 7235//4898
f 7241//4898 7242//4898 7235//4898
f 7236//4899 7243//4899 7237//4899
f 7243//4899 7244//4899 7237//4899
f 7237//4900 7244//4900 7238//4900
f 7244//4900 7245//4900 7238//4900
f 7238//4901 7245//4901 7239//4901
f 7245//4901 7246//4901 7239//4901
f 7239//4902 7246//4902 7240//4902
f 7246//4902 7247//4902 7240//4902
f 7240//4903 7247//4903 7241//4903
f 7247//4903 7248//4903 7241//4903
f 7241//4904 7248//4904 7242//4904
f 7248//4904 7249//4904 7242//4904
f 7243//4905 7250//4905 7244//4905
f 7250//4905 7251//4905 7244//4905
f 7244//4906 7251//4906 7245//4906
f 7251//4906 7252//4906 7245//4906
f 7245//4907 7252//4907 7246//4907
f 7252//4907 7253//4907 7246//4907
f 7246//4908 7253//4908 7247//4908
f 7253//4908 7254//4908 7247//4908
f 7247//4909 7254//4909 7248//4909
f 7254//4909 7255//4909 7248//4909
f 7248//4910 7255//4910 7249//4910
f 7255//4910 7256//4910 7249//4910
f 7250//4911 7257//4911 7251//4911
f 7257//4911 7258//4911 7251//4911
f 7251//4912 7258//4912 7252//4912
f 7258//4912 7259//4912 7252//4912
f 7252//4913 7259//4913 7253//4913
f 7259//4913 7260//4913 7253//4913
f 7253//4914 7260//4914 7254//4914
f 7260//4914 7261//4914 7254//4914
f 7254//4915 7261//4915 7255//4915
f 7261//4915 7262//4915 7255//4915
f 7255//4916 7262//4916 7256//4916
f 7262//4916 7263//4916 7256//4916
f 7257//4917 7264//4917 7258//4917
f 7264//4917 7265//4917 7258//4917
f 7258//4918 7265//4918 7259//4918
f 7265//4918 7266//4918 7259//4918
f 7259//4919 7266//4919 7260//4919
f 7266//4919 7267//4919 7260//4919
f 7260//4920 7267//4920 7261//4920
f 7267//4920 7268//4920 7261//4920
f 7261//4921 7268//4921 7262//4921
f 7268//4921 7269//4921 7262//4921
f 7262//4922 7269//4922 7263//4922
f 7269//4922 7270//4922 7263//4922
f 7264//4923 7271//4923 7265//4923
f 7271//4923 7272//4923 7265//4923
f 7265//4924 7272//4924 7266//4924
f 7272//4924 7273//4924 7266//4924
f 7266//4925 7273//4925 7267//4925
f 7273//4925 7274//4925 7267//4925
f 7267//4926 7274//4926 7268//4926
f 7274//4926 7275//4926 7268//4926
f 7268//4927 7275//4927 7269//4927
f 7275//4927 7276//4927 7269//4927
f 7269//4928 7276//4928 7270//4928
f 7276//4928 7277//4928 7270//4928
f 7278//4929 7285//4929 7279//4929
f 7285//4929 7286//4929 7279//4929
f 7279//4930 7286//4930 7280//4930
f 7286//4930 7287//4930 7280//4930
f 7280//4931 7287//4931 7281//4931
f 7287//4931 7288//4931 7281//4931
f 7281//4932 7288//4932 7282//4932
f 7288//4932 7289//4932 7282//4932
f 7282//4933 7289//4933 7283//4933
f 7289//4933 7290//4933 7283//4933
f 7283//4934 7290//4934 7284//4934
f 7290//4934 7291//4934 7284//4934
f 7285//4935 7292//4935 7286//4935
f 7292//4935 7293//4935 7286//4935
f 7286//4936 7293//4936 7287//4936
f 7293//4936 7294//4936 7287//4936
f 7287//4937 7294//4937 7288//4937
f 7294//4937 7295//4937 7288//4937
f 7288//4938 7295//4938 7289//4938
f 7295//4938 7296//4938 7289//4938
f 7289//4939 7296//4939 7290//4939
f 7296//4939 7297//4939 7290//4939
f 7290//4940 7297//4940 7291//4940
f 7297//4940 7298//4940 7291//4940
f 7292//4941 7299//4941 7293//4941
f 7299//4941 7300//4941 7293//4941
f 7293//4942 7300//4942 7294//4942
f 7300//4942 7301//4942 7294//4942
f 7294//4943 7301//4943 7295//4943
f 7301//4943 7302//4943 7295//4943
f 7295//4944 7302//4944 7296//4944
f 7302//4944 7303//4944 7296//4944
f 7296//4945 7303//4945 7297//4945
f 7303//4945 7304//4945 7297//4945
f 7297//4946 7304//4946 7298//4946
f 7304//4946 7305//4946 7298//4946
f 7299//4947 7306//4947 7300//4947
f 7306//4947 7307//4947 7300//4947
f 7300//4948 7307//4948 7301//4948
f 7307//4948 7308//4948 7301//4948
f 7301//4949 7308//4949 7302//4949
f 7308//4949 7309//4949 7302//4949
f 7302//4950 7309//4950 7303//4950
f 7309//4950 7310//4950 7303//4950
f 7303//4951 7310//4951 7304//4951
f 7310//4951 7311//4951 7304//4951
f 7304//4952 7311//4952 7305//4952
f 7311//4952 7312//4952 7305//4952
f 7306//4953 7313//4953 7307//4953
f 7313//4953 7314//4953 7307//4953
f 7307//4954 7314//4954 7308//4954
f 7314//4955 7315//4955 7308//4955
f 7308//4956 7315//4956 7309//4956
f 7315//4956 7316//4956 7309//4956
f 7309//4957 7316//4957 7310//4957
f 7316//4957 7317//4957 7310//4957
f 7310//4958 7317//4958 7311//4958
f 7317//4958 7318//4958 7311//4958
f 7311//4959 7318//4959 7312//4959
f 7318//4959 7319//4959 7312//4959
f 7313//4960 7320//4960 7314//4960
f 7320//4960 7321//4960 7314//4960
f 7314//4961 7321//4961 7315//4961
f 7321//4961 7322//4961 7315//4961
f 7315//4962 7322//4962 7316//4962
f 7322//4962 7323//4962 7316//4962
f 7316//4963 7323//4963 7317//4963
f 7323//4963 7324//4963 7317//4963
f 7317//4964 7324//4964 7318//4964
f 7324//4964 7325//4964 7318//4964
f 7318//4965 7325//4965 7319//4965
f 7325//4965 7326//4965 7319//4965
f 7327//4966 7334//4966 7328//4966
f 7334//4966 7335//4966 7328//4966
f 7328//4967 7335//4967 7329//4967
f 7335//4967 7336//4967 7329//4967
f 7329//4968 7336//4968 7330//4968
f 7336//4968 7337//4968 7330//4968
f 7330//4969 7337//4969 7331//4969
f 7337//4969 7338//4969 7331//4969
f 7331//4970 7338//4970 7332//4970
f 7338//4970 7339//4970 7332//4970
f 7332//4971 7339//4971 7333//4971
f 7339//4971 7340//4971 7333//4971
f 7334//4972 7341//4972 7335//4972
f 7341//4972 7342//4972 7335//4972
f 7335//4973 7342//4973 7336//4973
f 7342//4973 7343//4973 7336//4973
f 7336//4974 7343//4974 7337//4974
f 7343//4974 7344//4974 7337//4974
f 7337//4975 7344//4975 7338//4975
f 7344//4975 7345//4975 7338//4975
f 7338//4976 7345//4976 7339//4976
f 7345//4976 7346//4976 7339//4976
f 7339//4977 7346//4977 7340//4977
f 7346//4977 7347//4977 7340//4977
f 7341//4978 7348//4978 7342//4978
f 7348//4978 7349//4978 7342//4978
f 7342//4979 7349//4979 7343//4979
f 7349//4979 7350//4979 7343//4979
f 7343//4980 7350//4980 7344//4980
f 7350//4980 7351//4980 7344//4980
f 7344//4981 7351//4981 7345//4981
f 7351//4981 7352//4981 7345//4981
f 7345//4982 7352//4982 7346//4982
f 7352//4982 7353//4982 7346//4982
f 7346//4983 7353//4983 7347//4983
f 7353//4983 7354//4983 7347//4983
f 7348//4984 7355//4984 7349//4984
f 7355//4984 7356//4984 7349//4984
f 7349//4985 7356//4985 7350//4985
f 7356//4985 7357//4985 7350//4985
f 7350//4986 7357//4986 7351//4986
f 7357//4986 7358//4986 7351//4986
f 7351//4987 7358//4987 7352//4987
f 7358//4987 7359//4987 7352//4987
f 7352//4988 7359//4988 7353//4988
f 7359//4988 7360//4988 7353//4988
f 7353//4989 7360//4989 7354//4989
f 7360//4989 7361//4989 7354//4989
f 7355//4990 7362//4990 7356//4990
f 7362//4990 7363//4990 7356//4990
f 7356//4991 7363//4991 7357//4991
f 7363//4991 7364//4991 7357//4991
f 7357//4992 7364//4992 7358//4992
f 7364//4992 7365//4992 7358//4992
f 7358//4993 7365//4993 7359//4993
f 7365//4993 7366//4993 7359//4993
f 7359//4994 7366//4994 7360//4994
f 7366//4994 7367//4994 7360//4994
f 7360//4995 7367//4995 7361//4995
f 7367//4995 7368//4995 7361//4995
f 7362//4996 7369//4996 7363//4996
f 7369//4996 7370//4996 7363//4996
f 7363//4997 7370//4997 7364//4997
f 7370//4997 7371//4997 7364//4997
f 7364//4998 7371//4998 7365//4998
f 7371//4998 7372//4998 7365//4998
f 7365//4999 7372//4999 7366//4999
f 7372//4999 7373//4999 7366//4999
f 7366//5000 7373//5000 7367//5000
f 7373//5000 7374//5000 7367//5000
f 7367//5001 7374//5001 7368//5001
f 7374//5001 7375//5001 7368//5001
f 7376//5002 7383//5002 7377//5002
f 7383//5002 7384//5002 7377//5002
f 7377//5003 7384//5003 7378//5003
f 7384//5003 7385//5003 7378//5003
f 7378//5004 7385//5004 7379//5004
f 7385//5004 7386//5004 7379//5004
f 7379//5005 7386//5005 7380//5005
f 7386//5005 7387//5005 7380//5005
f 7380//5006 7387//5006 7381//5006
f 7387//5006 7388//5006 7381//5006
f 7381//5007 7388//5007 7382//5007
f 7388//5007 7389//5007 7382//5007
f 7383//5008 7390//5008 7384//5008
f 7390//5008 7391//5008 7384//5008
f 7384//5009 7391//5009 7385//5009
f 7391//5009 7392//5009 7385//5009
f 7385//5010 7392//5010 7386//5010
f 7392//5010 7393//5010 7386//5010
f 7386//5011 7393//5011 7387//5011
f 7393//5011 7394//5011 7387//5011
f 7387//5012 7394//5012 7388//5012
f 7394//5012 7395//5012 7388//5012
f 7388//5013 7395//5013 7389//5013
f 7395//5013 7396//5013 7389//5013
f 7390//5014 7397//5014 7391//5014
f 7397//5014 7398//5014 7391//5014
f 7391//5015 7398//5015 7392//5015
f 7398//5016 7399//5016 7392//5016
f 7392//5017 7399//5017 7393//5017
f 7399//5017 7400//5017 7393//5017
f 7393//5018 7400//5018 7394//5018
f 7400//5018 7401//5018 7394//5018
f 7394//5019 7401//5019 7395//5019
f 7401//5019 7402//5019 7395//5019
f 7395//5020 7402//5020 7396//5020
f 7402//5020 7403//5020 7396//5020
f 7397//5021 7404//5021 7398//5021
f 7404//5021 7405//5021 7398//5021
f 7398//5022 7405//5022 7399//5022
f 7405//5022 7406//5022 7399//5022
f 7399//5023 7406//5023 7400//5023
f 7406//5023 7407//5023 7400//5023
f 7400//5024 7407//5024 7401//5024
f 7407//5024 7408//5024 7401//5024
f 7401//5025 7408//5025 7402//5025
f 7408//5025 7409//5025 7402//5025
f 7402//5026 7409//5026 7403//5026
f 7409//5026 7410//5026 7403//5026
f 7404//5027 7411//5027 7405//5027
f 7411//5027 7412//5027 7405//5027
f 7405//5028 7412//5028 7406//5028
f 7412//5029 7413//5029 7406//5029
f 7406//5030 7413//5030 7407//5030
f 7413//5030 7414//5030 7407//5030
f 7407//5031 7414//5031 7408//5031
f 7414//5031 7415//5031 7408//5031
f 7408//5032 7415//5032 7409//5032
f 7415//5032 7416//5032 7409//5032
f 7409//5033 7416//5033 7410//5033
f 7416//5033 7417//5033 7410//5033
f 7411//5034 7418//5034 7412//5034
f 7418//5034 7419//5034 7412//5034
f 7412//5035 7419//5035 7413//5035
f 7419//5035 7420//5035 7413//5035
f 7413//5036 7420//5036 7414//5036
f 7420//5036 7421//5036 7414//5036
f 7414//5037 7421//5037 7415//5037
f 7421//5037 7422//5037 7415//5037
f 7415//5038 7422//5038 7416//5038
f 7422//5038 7423//5038 7416//5038
f 7416//5039 7423//5039 7417//5039
f 7423//5039 7424//5039 7417//5039
f 7425//5040 7432//5040 7426//5040
f 7432//5040 7433//5040 7426//5040
f 7426//5040 7433//5040 7427//5040
f 7433//5040 7434//5040 7427//5040
f 7427//5040 7434//5040 7428//5040
f 7434//5040 7435//5040 7428//5040
f 7428//5040 7435//5040 7429//5040
f 7435//5040 7436//5040 7429//5040
f 7429//5040 7436//5040 7430//5040
f 7436//5040 7437//5040 7430//5040
f 7430//5040 7437//5040 7431//5040
f 7437//5040 7438//5040 7431//5040
f 7432//5040 7439//5040 7433//5040
f 7439//5040 7440//5040 7433//5040
f 7433//5040 7440//5040 7434//5040
f 7440//5040 7441//5040 7434//5040
f 7434//5040 7441//5040 7435//5040
f 7441//5040 7442//5040 7435//5040
f 7435//5040 7442//5040 7436//5040
f 7442//5040 7443//5040 7436//5040
f 7436//5040 7443//5040 7437//5040
f 7443//5040 7444//5040 7437//5040
f 7437//5040 7444//5040 7438//5040
f 7444//5040 7445//5040 7438//5040
f 7439//5040 7446//5040 7440//5040
f 7446//5040 7447//5040 7440//5040
f 7440//5040 7447//5040 7441//5040
f 7447//5040 7448//5040 7441//5040
f 7441//5040 7448//5040 7442//5040
f 7448//5040 7449//5040 7442//5040
f 7442//5040 7449//5040 7443//5040
f 7449//5040 7450//5040 7443//5040
f 7443//5040 7450//5040 7444//5040
f 7450//5040 7451//5040 7444//5040
f 7444//5040 7451//5040 7445//5040
f 7451//5040 7452//5040 7445//5040
f 7446//5040 7453//5040 7447//5040
f 7453//5040 7454//5040 7447//5040
f 7447//5040 7454//5040 7448//5040
f 7454//5040 7455//5040 7448//5040
f 7448//5040 7455//5040 7449//5040
f 7455//5040 7456//5040 7449//5040
f 7449//5040 7456//5040 7450//5040
f 7456//5040 7457//5040 7450//5040
f 7450//5040 7457//5040 7451//5040
f 7457//5040 7458//5040 7451//5040
f 7451//5040 7458//5040 7452//5040
f 7458//5040 7459//5040 7452//5040
f 7453//5040 7460//5040 7454//5040
f 7460//5040 7461//5040 7454//5040
f 7454//5040 7461//5040 7455//5040
f 7461//5040 7462//5040 7455//5040
f 7455//5040 7462//5040 7456//5040
f 7462//5040 7463//5040 7456//5040
f 7456//5040 7463//5040 7457//5040
f 7463//5040 7464//5040 7457//5040
f 7457//5040 7464//5040 7458//5040
f 7464//5040 7465//5040 7458//5040
f 7458//5040 7465//5040 7459//5040
f 7465//5040 7466//5040 7459//5040
f 7460//5040 7467//5040 7461//5040
f 7467//5040 7468//5040 7461//5040
f 7461//5040 7468//5040 7462//5040
f 7468//5040 7469//5040 7462//5040
f 7462//5040 7469//5040 7463//5040
f 7469//5040 7470//5040 7463//5040
f 7463//5040 7470//5040 7464//5040
f 7470//5040 7471//5040 7464//5040
f 7464//5040 7471//5040 7465//5040
f 7471//5040 7472//5040 7465//5040
f 7465//5040 7472//5040 7466//5040
f 7472//5040 7473//5040 7466//5040
f 7474//5041 7481//5041 7475//5041
f 7481//5041 7482//5041 7475//5041
f 7475//5041 7482//5041 7476//5041
f 7482//5041 7483//5041 7476//5041
f 7476//5041 7483//5041 7477//5041
f 7483//5041 7484//5041 7477//5041
f 7477//5041 7484//5041 7478//5041
f 7484//5041 7485//5041 7478//5041
f 7478//5041 7485//5041 7479//5041
f 7485//5041 7486//5041 7479//5041
f 7479//5041 7486//5041 7480//5041
f 7486//5041 7487//5041 7480//5041
f 7481//5041 7488//5041 7482//5041
f 7488//5041 7489//5041 7482//5041
f 7482//5041 7489//5041 7483//5041
f 7489//5041 7490//5041 7483//5041
f 7483//5041 7490//5041 7484//5041
f 7490//5041 7491//5041 7484//5041
f 7484//5041 7491//5041 7485//5041
f 7491//5041 7492//5041 7485//5041
f 7485//5041 7492//5041 7486//5041
f 7492//5041 7493//5041 7486//5041
f 7486//5041 7493//5041 7487//5041
f 7493//5041 7494//5041 7487//5041
f 7488//5041 7495//5041 7489//5041
f 7495//5041 7496//5041 7489//5041
f 7489//5041 7496//5041 7490//5041
f 7496//5041 7497//5041 7490//5041
f 7490//5041 7497//5041 7491//5041
f 7497//5041 7498//5041 7491//5041
f 7491//5041 7498//5041 7492//5041
f 7498//5041 7499//5041 7492//5041
f 7492//5041 7499//5041 7493//5041
f 7499//5041 7500//5041 7493//5041
f 7493//5041 7500//5041 7494//5041
f 7500//5041 7501//5041 7494//5041
f 7495//5041 7502//5041 7496//5041
f 7502//5041 7503//5041 7496//5041
f 7496//5041 7503//5041 7497//5041
f 7503//5041 7504//5041 7497//5041
f 7497//5041 7504//5041 7498//5041
f 7504//5041 7505//5041 7498//5041
f 7498//5041 7505//5041 7499//5041
f 7505//5041 7506//5041 7499//5041
f 7499//5041 7506//5041 7500//5041
f 7506//5041 7507//5041 7500//5041
f 7500//5041 7507//5041 7501//5041
f 7507//5041 7508//5041 7501//5041
f 7502//5041 7509//5041 7503//5041
f 7509//5041 7510//5041 7503//5041
f 7503//5041 7510//5041 7504//5041
f 7510//5041 7511//5041 7504//5041
f 7504//5041 7511//5041 7505//5041
f 7511//5041 7512//5041 7505//5041
f 7505//5041 7512//5041 7506//5041
f 7512//5041 7513//5041 7506//5041
f 7506//5041 7513//5041 7507//5041
f 7513//5041 7514//5041 7507//5041
f 7507//5041 7514//5041 7508//5041
f 7514//5041 7515//5041 7508//5041
f 7509//5041 7516//5041 7510//5041
f 7516//5041 7517//5041 7510//5041
f 7510//5041 7517//5041 7511//5041
f 7517//5041 7518//5041 7511//5041
f 7511//5041 7518//5041 7512//5041
f 7518//5041 7519//5041 7512//5041
f 7512//5041 7519//5041 7513//5041
f 7519//5041 7520//5041 7513//5041
f 7513//5041 7520//5041 7514//5041
f 7520//5041 7521//5041 7514//5041
f 7514//5041 7521//5041 7515//5041
f 7521//5041 7522//5041 7515//5041
f 7523//5042 7530//5042 7524//5042
f 7530//5042 7531//5042 7524//5042
f 7524//5043 7531//5043 7525//5043
f 7531//5043 7532//5043 7525//5043
f 7525//5044 7532//5044 7526//5044
f 7532//5044 7533//5044 7526//5044
f 7526//5045 7533//5045 7527//5045
f 7533//5045 7534//5045 7527//5045
f 7527//5046 7534//5046 7528//5046
f 7534//5046 7535//5046 7528//5046
f 7528//5047 7535//5047 7529//5047
f 7535//5047 7536//5047 7529//5047
f 7530//5048 7537//5048 7531//5048
f 7537//5048 7538//5048 7531//5048
f 7531//5049 7538//5049 7532//5049
f 7538//5049 7539//5049 7532//5049
f 7532//5050 7539//5050 7533//5050
f 7539//5050 7540//5050 7533//5050
f 7533//5051 7540//5051 7534//5051
f 7540//5051 7541//5051 7534//5051
f 7534//5052 7541//5052 7535//5052
f 7541//5052 7542//5052 7535//5052
f 7535//5053 7542//5053 7536//5053
f 7542//5053 7543//5053 7536//5053
f 7537//5054 7544//5054 7538//5054
f 7544//5054 7545//5054 7538//5054
f 7538//5055 7545//5055 7539//5055
f 7545//5055 7546//5055 7539//5055
f 7539//5056 7546//5056 7540//5056
f 7546//5056 7547//5056 7540//5056
f 7540//5057 7547//5057 7541//5057
f 7547//5057 7548//5057 7541//5057
f 7541//5058 7548//5058 7542//5058
f 7548//5058 7549//5058 7542//5058
f 7542//5059 7549//5059 7543//5059
f 7549//5059 7550//5059 7543//5059
f 7544//5060 7551//5060 7545//5060
f 7551//5060 7552//5060 7545//5060
f 7545//5061 7552//5061 7546//5061
f 7552//5061 7553//5061 7546//5061
f 7546//5062 7553//5062 7547//5062
f 7553//5062 7554//5062 7547//5062
f 7547//5063 7554//5063 7548//5063
f 7554//5063 7555//5063 7548//5063
f 7548//5064 7555//5064 7549//5064
f 7555//5064 7556//5064 7549//5064
f 7549//5065 7556//5065 7550//5065
f 7556//5065 7557//5065 7550//5065
f 7551//5066 7558//5066 7552//5066
f 7558//5066 7559//5066 7552//5066
f 7552//5067 7559//5067 7553//5067
f 7559//5067 7560//5067 7553//5067
f 7553//5068 7560//5068 7554//5068
f 7560//5068 7561//5068 7554//5068
f 7554//5068 7561//5068 7555//5068
f 7561//5068 7562//5068 7555//5068
f 7555//5069 7562//5069 7556//5069
f 7562//5069 7563//5069 7556//5069
f 7556//5070 7563//5070 7557//5070
f 7563//5070 7564//5070 7557//5070
f 7558//5071 7565//5071 7559//5071
f 7565//5071 7566//5071 7559//5071
f 7559//5072 7566//5072 7560//5072
f 7566//5072 7567//5072 7560//5072
f 7560//5073 7567//5073 7561//5073
f 7567//5073 7568//5073 7561//5073
f 7561//5074 7568//5074 7562//5074
f 7568//5074 7569//5074 7562//5074
f 7562//5075 7569//5075 7563//5075
f 7569//5075 7570//5075 7563//5075
f 7563//5076 7570//5076 7564//5076
f 7570//5076 7571//5076 7564//5076
f 7572//5077 7579//5077 7573//5077
f 7579//5077 7580//5077 7573//5077
f 7573//5078 7580//5078 7574//5078
f 7580//5078 7581//5078 7574//5078
f 7574//5079 7581//5079 7575//5079
f 7581//5079 7582//5079 7575//5079
f 7575//5080 7582//5080 7576//5080
f 7582//5080 7583//5080 7576//5080
f 7576//5081 7583//5081 7577//5081
f 7583//5081 7584//5081 7577//5081
f 7577//5082 7584//5082 7578//5082
f 7584//5082 7585//5082 7578//5082
f 7579//5083 7586//5083 7580//5083
f 7586//5083 7587//5083 7580//5083
f 7580//5084 7587//5084 7581//5084
f 7587//5084 7588//5084 7581//5084
f 7581//5085 7588//5085 7582//5085
f 7588//5085 7589//5085 7582//5085
f 7582//5086 7589//5086 7583//5086
f 7589//5086 7590//5086 7583//5086
f 7583//5087 7590//5087 7584//5087
f 7590//5087 7591//5087 7584//5087
f 7584//5088 7591//5088 7585//5088
f 7591//5088 7592//5088 7585//5088
f 7586//5089 7593//5089 7587//5089
f 7593//5089 7594//5089 7587//5089
f 7587//5090 7594//5090 7588//5090
f 7594//5090 7595//5090 7588//5090
f 7588//5091 7595//5091 7589//5091
f 7595//5091 7596//5091 7589//5091
f 7589//5092 7596//5092 7590//5092
f 7596//5092 7597//5092 7590//5092
f 7590//5093 7597//5093 7591//5093
f 7597//5093 7598//5093 7591//5093
f 7591//5094 7598//5094 7592//5094
f 7598//5094 7599//5094 7592//5094
f 7593//5095 7600//5095 7594//5095
f 7600//5095 7601//5095 7594//5095
f 7594//5096 7601//5096 7595//5096
f 7601//5096 7602//5096 7595//5096
f 7595//5097 7602//5097 7596//5097
f 7602//5097 7603//5097 7596//5097
f 7596//5098 7603//5098 7597//5098
f 7603//5098 7604//5098 7597//5098
f 7597//5099 7604//5099 7598//5099
f 7604//5099 7605//5099 7598//5099
f 7598//5100 7605//5100 7599//5100
f 7605//5100 7606//5100 7599//5100
f 7600//5101 7607//5101 7601//5101
f 7607//5101 7608//5101 7601//5101
f 7601//5102 7608//5102 7602//5102
f 7608//5102 7609//5102 7602//5102
f 7602//5103 7609//5103 7603//5103
f 7609//5103 7610//5103 7603//5103
f 7603//5103 7610//5103 7604//5103
f 7610//5103 7611//5103 7604//5103
f 7604//5104 7611//5104 7605//5104
f 7611//5104 7612//5104 7605//5104
f 7605//5105 7612//5105 7606//5105
f 7612//5105 7613//5105 7606//5105
f 7607//5106 7614//5106 7608//5106
f 7614//5106 7615//5106 7608//5106
f 7608//5107 7615//5107 7609//5107
f 7615//5107 7616//5107 7609//5107
f 7609//5108 7616//5108 7610//5108
f 7616//5108 7617//5108 7610//5108
f 7610//5109 7617//5109 7611//5109
f 7617//5109 7618//5109 7611//5109
f 7611//5110 7618//5110 7612//5110
f 7618//5110 7619//5110 7612//5110
f 7612//5111 7619//5111 7613//5111
f 7619//5111 7620//5111 7613//5111
f 7621//5112 7628//5112 7622//5112
f 7628//5112 7629//5112 7622//5112
f 7622//5113 7629//5113 7623//5113
f 7629//5113 7630//5113 7623//5113
f 7623//5114 7630//5114 7624//5114
f 7630//5114 7631//5114 7624//5114
f 7624//5115 7631//5115 7625//5115
f 7631//5115 7632//5115 7625//5115
f 7625//5116 7632//5116 7626//5116
f 7632//5116 7633//5116 7626//5116
f 7626//5117 7633//5117 7627//5117
f 7633//5117 7634//5117 7627//5117
f 7628//5118 7635//5118 7629//5118
f 7635//5118 7636//5118 7629//5118
f 7629//5119 7636//5119 7630//5119
f 7636//5119 7637//5119 7630//5119
f 7630//5120 7637//5120 7631//5120
f 7637//5120 7638//5120 7631//5120
f 7631//5121 7638//5121 7632//5121
f 7638//5121 7639//5121 7632//5121
f 7632//5122 7639//5122 7633//5122
f 7639//5122 7640//5122 7633//5122
f 7633//5123 7640//5123 7634//5123
f 7640//5123 7641//5123 7634//5123
f 7635//5124 7642//5124 7636//5124
f 7642//5124 7643//5124 7636//5124
f 7636//5125 7643//5125 7637//5125
f 7643//5125 7644//5125 7637//5125
f 7637//5126 7644//5126 7638//5126
f 7644//5126 7645//5126 7638//5126
f 7638//5127 7645//5127 7639//5127
f 7645//5127 7646//5127 7639//5127
f 7639//5128 7646//5128 7640//5128
f 7646//5128 7647//5128 7640//5128
f 7640//5129 7647//5129 7641//5129
f 7647//5129 7648//5129 7641//5129
f 7642//5130 7649//5130 7643//5130
f 7649//5130 7650//5130 7643//5130
f 7643//5131 7650//5131 7644//5131
f 7650//5131 7651//5131 7644//5131
f 7644//5132 7651//5132 7645//5132
f 7651//5132 7652//5132 7645//5132
f 7645//5133 7652//5133 7646//5133
f 7652//5133 7653//5133 7646//5133
f 7646//5134 7653//5134 7647//5134
f 7653//5134 7654//5134 7647//5134
f 7647//5135 7654//5135 7648//5135
f 7654//5135 7655//5135 7648//5135
f 7649//5136 7656//5136 7650//5136
f 7656//5137 7657//5137 7650//5137
f 7650//5138 7657//5138 7651//5138
f 7657//5138 7658//5138 7651//5138
f 7651//5139 7658//5139 7652//5139
f 7658//5139 7659//5139 7652//5139
f 7652//5140 7659//5140 7653//5140
f 7659//5140 7660//5140 7653//5140
f 7653//5141 7660//5141 7654//5141
f 7660//5141 7661//5141 7654//5141
f 7654//5142 7661//5142 7655//5142
f 7661//5142 7662//5142 7655//5142
f 7656//5143 7663//5143 7657//5143
f 7663//5143 7664//5143 7657//5143
f 7657//5144 7664//5144 7658//5144
f 7664//5144 7665//5144 7658//5144
f 7658//5145 7665//5145 7659//5145
f 7665//5145 7666//5145 7659//5145
f 7659//5146 7666//5146 7660//5146
f 7666//5146 7667//5146 7660//5146
f 7660//5147 7667//5147 7661//5147
f 7667//5147 7668//5147 7661//5147
f 7661//5148 7668//5148 7662//5148
f 7668//5148 7669//5148 7662//5148
f 7670//5149 7677//5149 7671//5149
f 7677//5149 7678//5149 7671//5149
f 7671//5150 7678//5150 7672//5150
f 7678//5150 7679//5150 7672//5150
f 7672//5151 7679//5151 7673//5151
f 7679//5151 7680//5151 7673//5151
f 7673//5152 7680//5152 7674//5152
f 7680//5152 7681//5152 7674//5152
f 7674//5153 7681//5153 7675//5153
f 7681//5153 7682//5153 7675//5153
f 7675//5154 7682//5154 7676//5154
f 7682//5154 7683//5154 7676//5154
f 7677//5155 7684//5155 7678//5155
f 7684//5155 7685//5155 7678//5155
f 7678//5156 7685//5156 7679//5156
f 7685//5156 7686//5156 7679//5156
f 7679//5157 7686//5157 7680//5157
f 7686//5157 7687//5157 7680//5157
f 7680//5158 7687//5158 7681//5158
f 7687//5158 7688//5158 7681//5158
f 7681//5159 7688//5159 7682//5159
f 7688//5159 7689//5159 7682//5159
f 7682//5160 7689//5160 7683//5160
f 7689//5160 7690//5160 7683//5160
f 7684//5161 7691//5161 7685//5161
f 7691//5161 7692//5161 7685//5161
f 7685//5162 7692//5162 7686//5162
f 7692//5162 7693//5162 7686//5162
f 7686//5163 7693//5163 7687//5163
f 7693//5163 7694//5163 7687//5163
f 7687//5164 7694//5164 7688//5164
f 7694//5164 7695//5164 7688//5164
f 7688//5165 7695//5165 7689//5165
f 7695//5165 7696//5165 7689//5165
f 7689//5166 7696//5166 7690//5166
f 7696//5166 7697//5166 7690//5166
f 7691//5167 7698//5167 7692//5167
f 7698//5167 7699//5167 7692//5167
f 7692//5168 7699//5168 7693//5168
f 7699//5168 7700//5168 7693//5168
f 7693//5169 7700//5169 7694//5169
f 7700//5169 7701//5169 7694//5169
f 7694//5170 7701//5170 7695//5170
f 7701//5170 7702//5170 7695//5170
f 7695//5171 7702//5171 7696//5171
f 7702//5171 7703//5171 7696//5171
f 7696//5172 7703//5172 7697//5172
f 7703//5172 7704//5172 7697//5172
f 7698//5173 7705//5173 7699//5173
f 7705//5173 7706//5173 7699//5173
f 7699//5174 7706//5174 7700//5174
f 7706//5174 7707//5174 7700//5174
f 7700//5175 7707//5175 7701//5175
f 7707//5175 7708//5175 7701//5175
f 7701//5176 7708//5176 7702//5176
f 7708//5176 7709//5176 7702//5176
f 7702//5177 7709//5177 7703//5177
f 7709//5177 7710//5177 7703//5177
f 7703//5178 7710//5178 7704//5178
f 7710//5178 7711//5178 7704//5178
f 7705//5179 7712//5179 7706//5179
f 7712//5179 7713//5179 7706//5179
f 7706//5180 7713//5180 7707//5180
f 7713//5180 7714//5180 7707//5180
f 7707//5181 7714//5181 7708//5181
f 7714//5181 7715//5181 7708//5181
f 7708//5182 7715//5182 7709//5182
f 7715//5182 7716//5182 7709//5182
f 7709//5183 7716//5183 7710//5183
f 7716//5183 7717//5183 7710//5183
f 7710//5184 7717//5184 7711//5184
f 7717//5184 7718//5184 7711//5184
f 7719//5185 7726//5185 7720//5185
f 7726//5185 7727//5185 7720//5185
f 7720//5185 7727//5185 7721//5185
f 7727//5185 7728//5185 7721//5185
f 7721//5185 7728//5185 7722//5185
f 7728//5185 7729//5185 7722//5185
f 7722//5185 7729//5185 7723//5185
f 7729//5185 7730//5185 7723//5185
f 7723//5185 7730//5185 7724//5185
f 7730//5185 7731//5185 7724//5185
f 7724//5185 7731//5185 7725//5185
f 7731//5185 7732//5185 7725//5185
f 7726//5185 7733//5185 7727//5185
f 7733//5185 7734//5185 7727//5185
f 7727//5185 7734//5185 7728//5185
f 7734//5185 7735//5185 7728//5185
f 7728//5185 7735//5185 7729//5185
f 7735//5185 7736//5185 7729//5185
f 7729//5185 7736//5185 7730//5185
f 7736//5185 7737//5185 7730//5185
f 7730//5185 7737//5185 7731//5185
f 7737//5185 7738//5185 7731//5185
f 7731//5185 7738//5185 7732//5185
f 7738//5185 7739//5185 7732//5185
f 7733//5185 7740//5185 7734//5185
f 7740//5185 7741//5185 7734//5185
f 7734//5185 7741//5185 7735//5185
f 7741//5185 7742//5185 7735//5185
f 7735//5185 7742//5185 7736//5185
f 7742//5185 7743//5185 7736//5185
f 7736//5185 7743//5185 7737//5185
f 7743//5185 7744//5185 7737//5185
f 7737//5185 7744//5185 7738//5185
f 7744//5185 7745//5185 7738//5185
f 7738//5185 7745//5185 7739//5185
f 7745//5185 7746//5185 7739//5185
f 7740//5185 7747//5185 7741//5185
f 7747//5185 7748//5185 7741//5185
f 7741//5185 7748//5185 7742//5185
f 7748//5185 7749//5185 7742//5185
f 7742//5185 7749//5185 7743//5185
f 7749//5185 7750//5185 7743//5185
f 7743//5185 7750//5185 7744//5185
f 7750//5185 7751//5185 7744//5185
f 7744//5185 7751//5185 7745//5185
f 7751//5185 7752//5185 7745//5185
f 7745//5185 7752//5185 7746//5185
f 7752//5185 7753//5185 7746//5185
f 7747//5185 7754//5185 7748//5185
f 7754//5185 7755//5185 7748//5185
f 7748//5185 7755//5185 7749//5185
f 7755//5185 7756//5185 7749//5185
f 7749//5185 7756//5185 7750//5185
f 7756//5185 7757//5185 7750//5185
f 7750//5185 7757//5185 7751//5185
f 7757//5185 7758//5185 7751//5185
f 7751//5185 7758//5185 7752//5185
f 7758//5185 7759//5185 7752//5185
f 7752//5185 7759//5185 7753//5185
f 7759//5185 7760//5185 7753//5185
f 7754//5185 7761//5185 7755//5185
f 7761//5185 7762//5185 7755//5185
f 7755//5185 7762//5185 7756//5185
f 7762//5185 7763//5185 7756//5185
f 7756//5185 7763//5185 7757//5185
f 7763//5185 7764//5185 7757//5185
f 7757//5185 7764//5185 7758//5185
f 7764//5185 7765//5185 7758//5185
f 7758//5185 7765//5185 7759//5185
f 7765//5185 7766//5185 7759//5185
f 7759//5185 7766//5185 7760//5185
f 7766//5185 7767//5185 7760//5185
f 7768//5186 7775//5186 7769//5186
f 7775//5186 7776//5186 7769//5186
f 7769//5186 7776//5186 7770//5186
f 7776//5186 7777//5186 7770//5186
f 7770//5186 7777//5186 7771//5186
f 7777//5186 7778//5186 7771//5186
f 7771//5186 7778//5186 7772//5186
f 7778//5186 7779//5186 7772//5186
f 7772//5186 7779//5186 7773//5186
f 7779//5186 7780//5186 7773//5186
f 7773//5186 7780//5186 7774//5186
f 7780//5186 7781//5186 7774//5186
f 7775//5186 7782//5186 7776//5186
f 7782//5186 7783//5186 7776//5186
f 7776//5186 7783//5186 7777//5186
f 7783//5186 7784//5186 7777//5186
f 7777//5186 7784//5186 7778//5186
f 7784//5186 7785//5186 7778//5186
f 7778//5186 7785//5186 7779//5186
f 7785//5186 7786//5186 7779//5186
f 7779//5186 7786//5186 7780//5186
f 7786//5186 7787//5186 7780//5186
f 7780//5186 7787//5186 7781//5186
f 7787//5186 7788//5186 7781//5186
f 7782//5186 7789//5186 7783//5186
f 7789//5186 7790//5186 7783//5186
f 7783//5186 7790//5186 7784//5186
f 7790//5186 7791//5186 7784//5186
f 7784//5186 7791//5186 7785//5186
f 7791//5186 7792//5186 7785//5186
f 7785//5186 7792//5186 7786//5186
f 7792//5186 7793//5186 7786//5186
f 7786//5186 7793//5186 7787//5186
f 7793//5186 7794//5186 7787//5186
f 7787//5186 7794//5186 7788//5186
f 7794//5186 7795//5186 7788//5186
f 7789//5186 7796//5186 7790//5186
f 7796//5186 7797//5186 7790//5186
f 7790//5186 7797//5186 7791//5186
f 7797//5186 7798//5186 7791//5186
f 7791//5186 7798//5186 7792//5186
f 7798//5186 7799//5186 7792//5186
f 7792//5186 7799//5186 7793//5186
f 7799//5186 7800//5186 7793//5186
f 7793//5186 7800//5186 7794//5186
f 7800//5186 7801//5186 7794//5186
f 7794//5186 7801//5186 7795//5186
f 7801//5186 7802//5186 7795//5186
f 7796//5186 7803//5186 7797//5186
f 7803//5186 7804//5186 7797//5186
f 7797//5186 7804//5186 7798//5186
f 7804//5186 7805//5186 7798//5186
f 7798//5186 7805//5186 7799//5186
f 7805//5186 7806//5186 7799//5186
f 7799//5186 7806//5186 7800//5186
f 7806//5186 7807//5186 7800//5186
f 7800//5186 7807//5186 7801//5186
f 7807//5186 7808//5186 7801//5186
f 7801//5186 7808//5186 7802//5186
f 7808//5186 7809//5186 7802//5186
f 7803//5186 7810//5186 7804//5186
f 7810//5186 7811//5186 7804//5186
f 7804//5186 7811//5186 7805//5186
f 7811//5186 7812//5186 7805//5186
f 7805//5186 7812//5186 7806//5186
f 7812//5186 7813//5186 7806//5186
f 7806//5186 7813//5186 7807//5186
f 7813//5186 7814//5186 7807//5186
f 7807//5186 7814//5186 7808//5186
f 7814//5186 7815//5186 7808//5186
f 7808//5186 7815//5186 7809//5186
f 7815//5186 7816//5186 7809//5186
o Borstenkamm
usemtl wool_6
f 7817//5187 7824//5187 7818//5187
f 7824//5188 7825//5188 7818//5188
f 7818//5189 7825//5189 7819//5189
f 7825//5190 7826//5190 7819//5190
f 7819//5191 7826//5191 7820//5191
f 7826//5192 7827//5192 7820//5192
f 7820//5193 7827//5193 7821//5193
f 7827//5194 7828//5194 7821//5194
f 7821//5195 7828//5195 7822//5195
f 7828//5196 7829//5196 7822//5196
f 7822//5197 7829//5197 7823//5197
f 7829//5198 7830//5198 7823//5198
f 7824//5199 7831//5199 7825//5199
f 7831//5200 7832//5200 7825//5200
f 7825//5201 7832//5201 7826//5201
f 7832//5202 7833//5202 7826//5202
f 7826//5203 7833//5203 7827//5203
f 7833//5204 7834//5204 7827//5204
f 7827//5205 7834//5205 7828//5205
f 7834//5206 7835//5206 7828//5206
f 7828//5207 7835//5207 7829//5207
f 7835//5208 7836//5208 7829//5208
f 7829//5209 7836//5209 7830//5209
f 7836//5210 7837//5210 7830//5210
f 7831//5211 7838//5211 7832//5211
f 7838//5212 7839//5212 7832//5212
f 7832//5213 7839//5213 7833//5213
f 7839//5214 7840//5214 7833//5214
f 7833//5215 7840//5215 7834//5215
f 7840//5216 7841//5216 7834//5216
f 7834//5217 7841//5217 7835//5217
f 7841//5218 7842//5218 7835//5218
f 7835//5219 7842//5219 7836//5219
f 7842//5220 7843//5220 7836//5220
f 7836//5221 7843//5221 7837//5221
f 7843//5222 7844//5222 7837//5222
f 7838//5223 7845//5223 7839//5223
f 7845//5224 7846//5224 7839//5224
f 7839//5225 7846//5225 7840//5225
f 7846//5226 7847//5226 7840//5226
f 7840//5227 7847//5227 7841//5227
f 7847//5228 7848//5228 7841//5228
f 7841//5229 7848//5229 7842//5229
f 7848//5230 7849//5230 7842//5230
f 7842//5231 7849//5231 7843//5231
f 7849//5232 7850//5232 7843//5232
f 7843//5233 7850//5233 7844//5233
f 7850//5234 7851//5234 7844//5234
f 7845//5235 7852//5235 7846//5235
f 7852//5236 7853//5236 7846//5236
f 7846//5237 7853//5237 7847//5237
f 7853//5238 7854//5238 7847//5238
f 7847//5239 7854//5239 7848//5239
f 7854//5240 7855//5240 7848//5240
f 7848//5241 7855//5241 7849//5241
f 7855//5242 7856//5242 7849//5242
f 7849//5243 7856//5243 7850//5243
f 7856//5244 7857//5244 7850//5244
f 7850//5245 7857//5245 7851//5245
f 7857//5246 7858//5246 7851//5246
f 7852//5247 7859//5247 7853//5247
f 7859//5248 7860//5248 7853//5248
f 7853//5249 7860//5249 7854//5249
f 7860//5250 7861//5250 7854//5250
f 7854//5251 7861//5251 7855//5251
f 7861//5252 7862//5252 7855//5252
f 7855//5253 7862//5253 7856//5253
f 7862//5254 7863//5254 7856//5254
f 7856//5255 7863//5255 7857//5255
f 7863//5256 7864//5256 7857//5256
f 7857//5257 7864//5257 7858//5257
f 7864//5258 7865//5258 7858//5258
f 7866//5259 7873//5259 7867//5259
f 7873//5260 7874//5260 7867//5260
f 7867//5261 7874//5261 7868//5261
f 7874//5262 7875//5262 7868//5262
f 7868//5263 7875//5263 7869//5263
f 7875//5264 7876//5264 7869//5264
f 7869//5265 7876//5265 7870//5265
f 7876//5266 7877//5266 7870//5266
f 7870//5267 7877//5267 7871//5267
f 7877//5268 7878//5268 7871//5268
f 7871//5269 7878//5269 7872//5269
f 7878//5270 7879//5270 7872//5270
f 7873//5271 7880//5271 7874//5271
f 7880//5272 7881//5272 7874//5272
f 7874//5273 7881//5273 7875//5273
f 7881//5274 7882//5274 7875//5274
f 7875//5275 7882//5275 7876//5275
f 7882//5276 7883//5276 7876//5276
f 7876//5277 7883//5277 7877//5277
f 7883//5278 7884//5278 7877//5278
f 7877//5279 7884//5279 7878//5279
f 7884//5280 7885//5280 7878//5280
f 7878//5281 7885//5281 7879//5281
f 7885//5282 7886//5282 7879//5282
f 7880//5283 7887//5283 7881//5283
f 7887//5284 7888//5284 7881//5284
f 7881//5285 7888//5285 7882//5285
f 7888//5286 7889//5286 7882//5286
f 7882//5287 7889//5287 7883//5287
f 7889//5288 7890//5288 7883//5288
f 7883//5289 7890//5289 7884//5289
f 7890//5290 7891//5290 7884//5290
f 7884//5291 7891//5291 7885//5291
f 7891//5292 7892//5292 7885//5292
f 7885//5293 7892//5293 7886//5293
f 7892//5294 7893//5294 7886//5294
f 7887//5295 7894//5295 7888//5295
f 7894//5296 7895//5296 7888//5296
f 7888//5297 7895//5297 7889//5297
f 7895//5298 7896//5298 7889//5298
f 7889//5299 7896//5299 7890//5299
f 7896//5300 7897//5300 7890//5300
f 7890//5301 7897//5301 7891//5301
f 7897//5302 7898//5302 7891//5302
f 7891//5303 7898//5303 7892//5303
f 7898//5304 7899//5304 7892//5304
f 7892//5305 7899//5305 7893//5305
f 7899//5306 7900//5306 7893//5306
f 7894//5307 7901//5307 7895//5307
f 7901//5308 7902//5308 7895//5308
f 7895//5309 7902//5309 7896//5309
f 7902//5310 7903//5310 7896//5310
f 7896//5311 7903//5311 7897//5311
f 7903//5312 7904//5312 7897//5312
f 7897//5313 7904//5313 7898//5313
f 7904//5314 7905//5314 7898//5314
f 7898//5315 7905//5315 7899//5315
f 7905//5316 7906//5316 7899//5316
f 7899//5317 7906//5317 7900//5317
f 7906//5318 7907//5318 7900//5318
f 7901//5319 7908//5319 7902//5319
f 7908//5320 7909//5320 7902//5320
f 7902//5321 7909//5321 7903//5321
f 7909//5322 7910//5322 7903//5322
f 7903//5323 7910//5323 7904//5323
f 7910//5324 7911//5324 7904//5324
f 7904//5325 7911//5325 7905//5325
f 7911//5326 7912//5326 7905//5326
f 7905//5327 7912//5327 7906//5327
f 7912//5328 7913//5328 7906//5328
f 7906//5329 7913//5329 7907//5329
f 7913//5330 7914//5330 7907//5330
f 7915//5331 7922//5331 7916//5331
f 7922//5332 7923//5332 7916//5332
f 7916//5333 7923//5333 7917//5333
f 7923//5334 7924//5334 7917//5334
f 7917//5335 7924//5335 7918//5335
f 7924//5336 7925//5336 7918//5336
f 7918//5337 7925//5337 7919//5337
f 7925//5338 7926//5338 7919//5338
f 7919//5339 7926//5339 7920//5339
f 7926//5340 7927//5340 7920//5340
f 7920//5341 7927//5341 7921//5341
f 7927//5342 7928//5342 7921//5342
f 7922//5343 7929//5343 7923//5343
f 7929//5344 7930//5344 7923//5344
f 7923//5345 7930//5345 7924//5345
f 7930//5346 7931//5346 7924//5346
f 7924//5347 7931//5347 7925//5347
f 7931//5348 7932//5348 7925//5348
f 7925//5349 7932//5349 7926//5349
f 7932//5350 7933//5350 7926//5350
f 7926//5351 7933//5351 7927//5351
f 7933//5352 7934//5352 7927//5352
f 7927//5353 7934//5353 7928//5353
f 7934//5354 7935//5354 7928//5354
f 7929//5355 7936//5355 7930//5355
f 7936//5356 7937//5356 7930//5356
f 7930//5357 7937//5357 7931//5357
f 7937//5358 7938//5358 7931//5358
f 7931//5359 7938//5359 7932//5359
f 7938//5360 7939//5360 7932//5360
f 7932//5361 7939//5361 7933//5361
f 7939//5362 7940//5362 7933//5362
f 7933//5363 7940//5363 7934//5363
f 7940//5364 7941//5364 7934//5364
f 7934//5365 7941//5365 7935//5365
f 7941//5366 7942//5366 7935//5366
f 7936//5367 7943//5367 7937//5367
f 7943//5368 7944//5368 7937//5368
f 7937//5369 7944//5369 7938//5369
f 7944//5370 7945//5370 7938//5370
f 7938//5371 7945//5371 7939//5371
f 7945//5372 7946//5372 7939//5372
f 7939//5373 7946//5373 7940//5373
f 7946//5374 7947//5374 7940//5374
f 7940//5375 7947//5375 7941//5375
f 7947//5376 7948//5376 7941//5376
f 7941//5377 7948//5377 7942//5377
f 7948//5378 7949//5378 7942//5378
f 7943//5379 7950//5379 7944//5379
f 7950//5380 7951//5380 7944//5380
f 7944//5381 7951//5381 7945//5381
f 7951//5382 7952//5382 7945//5382
f 7945//5383 7952//5383 7946//5383
f 7952//5384 7953//5384 7946//5384
f 7946//5385 7953//5385 7947//5385
f 7953//5386 7954//5386 7947//5386
f 7947//5387 7954//5387 7948//5387
f 7954//5388 7955//5388 7948//5388
f 7948//5389 7955//5389 7949//5389
f 7955//5390 7956//5390 7949//5390
f 7950//5391 7957//5391 7951//5391
f 7957//5392 7958//5392 7951//5392
f 7951//5393 7958//5393 7952//5393
f 7958//5394 7959//5394 7952//5394
f 7952//5395 7959//5395 7953//5395
f 7959//5396 7960//5396 7953//5396
f 7953//5397 7960//5397 7954//5397
f 7960//5398 7961//5398 7954//5398
f 7954//5399 7961//5399 7955//5399
f 7961//5400 7962//5400 7955//5400
f 7955//5401 7962//5401 7956//5401
f 7962//5402 7963//5402 7956//5402
f 7964//5403 7971//5403 7965//5403
f 7971//5404 7972//5404 7965//5404
f 7965//5405 7972//5405 7966//5405
f 7972//5406 7973//5406 7966//5406
f 7966//5407 7973//5407 7967//5407
f 7973//5408 7974//5408 7967//5408
f 7967//5409 7974//5409 7968//5409
f 7974//5410 7975//5410 7968//5410
f 7968//5411 7975//5411 7969//5411
f 7975//5412 7976//5412 7969//5412
f 7969//5413 7976//5413 7970//5413
f 7976//5414 7977//5414 7970//5414
f 7971//5415 7978//5415 7972//5415
f 7978//5416 7979//5416 7972//5416
f 7972//5417 7979//5417 7973//5417
f 7979//5418 7980//5418 7973//5418
f 7973//5419 7980//5419 7974//5419
f 7980//5420 7981//5420 7974//5420
f 7974//5421 7981//5421 7975//5421
f 7981//5422 7982//5422 7975//5422
f 7975//5423 7982//5423 7976//5423
f 7982//5424 7983//5424 7976//5424
f 7976//5425 7983//5425 7977//5425
f 7983//5426 7984//5426 7977//5426
f 7978//5427 7985//5427 7979//5427
f 7985//5428 7986//5428 7979//5428
f 7979//5429 7986//5429 7980//5429
f 7986//5430 7987//5430 7980//5430
f 7980//5431 7987//5431 7981//5431
f 7987//5432 7988//5432 7981//5432
f 7981//5433 7988//5433 7982//5433
f 7988//5434 7989//5434 7982//5434
f 7982//5435 7989//5435 7983//5435
f 7989//5436 7990//5436 7983//5436
f 7983//5437 7990//5437 7984//5437
f 7990//5438 7991//5438 7984//5438
f 7985//5439 7992//5439 7986//5439
f 7992//5440 7993//5440 7986//5440
f 7986//5441 7993//5441 7987//5441
f 7993//5442 7994//5442 7987//5442
f 7987//5443 7994//5443 7988//5443
f 7994//5444 7995//5444 7988//5444
f 7988//5445 7995//5445 7989//5445
f 7995//5446 7996//5446 7989//5446
f 7989//5447 7996//5447 7990//5447
f 7996//5448 7997//5448 7990//5448
f 7990//5449 7997//5449 7991//5449
f 7997//5450 7998//5450 7991//5450
f 7992//5451 7999//5451 7993//5451
f 7999//5452 8000//5452 7993//5452
f 7993//5453 8000//5453 7994//5453
f 8000//5454 8001//5454 7994//5454
f 7994//5455 8001//5455 7995//5455
f 8001//5456 8002//5456 7995//5456
f 7995//5457 8002//5457 7996//5457
f 8002//5458 8003//5458 7996//5458
f 7996//5459 8003//5459 7997//5459
f 8003//5460 8004//5460 7997//5460
f 7997//5461 8004//5461 7998//5461
f 8004//5462 8005//5462 7998//5462
f 7999//5463 8006//5463 8000//5463
f 8006//5464 8007//5464 8000//5464
f 8000//5465 8007//5465 8001//5465
f 8007//5466 8008//5466 8001//5466
f 8001//5467 8008//5467 8002//5467
f 8008//5468 8009//5468 8002//5468
f 8002//5469 8009//5469 8003//5469
f 8009//5470 8010//5470 8003//5470
f 8003//5471 8010//5471 8004//5471
f 8010//5472 8011//5472 8004//5472
f 8004//5473 8011//5473 8005//5473
f 8011//5474 8012//5474 8005//5474
f 8013//5475 8020//5475 8014//5475
f 8020//5475 8021//5475 8014//5475
f 8014//5475 8021//5475 8015//5475
f 8021//5475 8022//5475 8015//5475
f 8015//5475 8022//5475 8016//5475
f 8022//5475 8023//5475 8016//5475
f 8016//5475 8023//5475 8017//5475
f 8023//5475 8024//5475 8017//5475
f 8017//5475 8024//5475 8018//5475
f 8024//5475 8025//5475 8018//5475
f 8018//5475 8025//5475 8019//5475
f 8025//5475 8026//5475 8019//5475
f 8020//5475 8027//5475 8021//5475
f 8027//5475 8028//5475 8021//5475
f 8021//5475 8028//5475 8022//5475
f 8028//5475 8029//5475 8022//5475
f 8022//5475 8029//5475 8023//5475
f 8029//5475 8030//5475 8023//5475
f 8023//5475 8030//5475 8024//5475
f 8030//5475 8031//5475 8024//5475
f 8024//5475 8031//5475 8025//5475
f 8031//5475 8032//5475 8025//5475
f 8025//5475 8032//5475 8026//5475
f 8032//5475 8033//5475 8026//5475
f 8027//5475 8034//5475 8028//5475
f 8034//5475 8035//5475 8028//5475
f 8028//5475 8035//5475 8029//5475
f 8035//5475 8036//5475 8029//5475
f 8029//5475 8036//5475 8030//5475
f 8036//5475 8037//5475 8030//5475
f 8030//5475 8037//5475 8031//5475
f 8037//5475 8038//5475 8031//5475
f 8031//5475 8038//5475 8032//5475
f 8038//5475 8039//5475 8032//5475
f 8032//5475 8039//5475 8033//5475
f 8039//5475 8040//5475 8033//5475
f 8034//5475 8041//5475 8035//5475
f 8041//5475 8042//5475 8035//5475
f 8035//5475 8042//5475 8036//5475
f 8042//5475 8043//5475 8036//5475
f 8036//5475 8043//5475 8037//5475
f 8043//5475 8044//5475 8037//5475
f 8037//5475 8044//5475 8038//5475
f 8044//5475 8045//5475 8038//5475
f 8038//5475 8045//5475 8039//5475
f 8045//5475 8046//5475 8039//5475
f 8039//5475 8046//5475 8040//5475
f 8046//5475 8047//5475 8040//5475
f 8041//5475 8048//5475 8042//5475
f 8048//5475 8049//5475 8042//5475
f 8042//5475 8049//5475 8043//5475
f 8049//5475 8050//5475 8043//5475
f 8043//5475 8050//5475 8044//5475
f 8050//5475 8051//5475 8044//5475
f 8044//5475 8051//5475 8045//5475
f 8051//5475 8052//5475 8045//5475
f 8045//5475 8052//5475 8046//5475
f 8052//5475 8053//5475 8046//5475
f 8046//5475 8053//5475 8047//5475
f 8053//5475 8054//5475 8047//5475
f 8048//5475 8055//5475 8049//5475
f 8055//5475 8056//5475 8049//5475
f 8049//5475 8056//5475 8050//5475
f 8056//5475 8057//5475 8050//5475
f 8050//5475 8057//5475 8051//5475
f 8057//5475 8058//5475 8051//5475
f 8051//5475 8058//5475 8052//5475
f 8058//5475 8059//5475 8052//5475
f 8052//5475 8059//5475 8053//5475
f 8059//5475 8060//5475 8053//5475
f 8053//5475 8060//5475 8054//5475
f 8060//5475 8061//5475 8054//5475
f 8062//5476 8069//5476 8063//5476
f 8069//5476 8070//5476 8063//5476
f 8063//5476 8070//5476 8064//5476
f 8070//5476 8071//5476 8064//5476
f 8064//5476 8071//5476 8065//5476
f 8071//5476 8072//5476 8065//5476
f 8065//5476 8072//5476 8066//5476
f 8072//5476 8073//5476 8066//5476
f 8066//5476 8073//5476 8067//5476
f 8073//5476 8074//5476 8067//5476
f 8067//5476 8074//5476 8068//5476
f 8074//5476 8075//5476 8068//5476
f 8069//5476 8076//5476 8070//5476
f 8076//5476 8077//5476 8070//5476
f 8070//5476 8077//5476 8071//5476
f 8077//5476 8078//5476 8071//5476
f 8071//5476 8078//5476 8072//5476
f 8078//5476 8079//5476 8072//5476
f 8072//5476 8079//5476 8073//5476
f 8079//5476 8080//5476 8073//5476
f 8073//5476 8080//5476 8074//5476
f 8080//5476 8081//5476 8074//5476
f 8074//5476 8081//5476 8075//5476
f 8081//5476 8082//5476 8075//5476
f 8076//5476 8083//5476 8077//5476
f 8083//5476 8084//5476 8077//5476
f 8077//5476 8084//5476 8078//5476
f 8084//5476 8085//5476 8078//5476
f 8078//5476 8085//5476 8079//5476
f 8085//5476 8086//5476 8079//5476
f 8079//5476 8086//5476 8080//5476
f 8086//5476 8087//5476 8080//5476
f 8080//5476 8087//5476 8081//5476
f 8087//5476 8088//5476 8081//5476
f 8081//5476 8088//5476 8082//5476
f 8088//5476 8089//5476 8082//5476
f 8083//5476 8090//5476 8084//5476
f 8090//5476 8091//5476 8084//5476
f 8084//5476 8091//5476 8085//5476
f 8091//5476 8092//5476 8085//5476
f 8085//5476 8092//5476 8086//5476
f 8092//5476 8093//5476 8086//5476
f 8086//5476 8093//5476 8087//5476
f 8093//5476 8094//5476 8087//5476
f 8087//5476 8094//5476 8088//5476
f 8094//5476 8095//5476 8088//5476
f 8088//5476 8095//5476 8089//5476
f 8095//5476 8096//5476 8089//5476
f 8090//5476 8097//5476 8091//5476
f 8097//5476 8098//5476 8091//5476
f 8091//5476 8098//5476 8092//5476
f 8098//5476 8099//5476 8092//5476
f 8092//5476 8099//5476 8093//5476
f 8099//5476 8100//5476 8093//5476
f 8093//5476 8100//5476 8094//5476
f 8100//5476 8101//5476 8094//5476
f 8094//5476 8101//5476 8095//5476
f 8101//5476 8102//5476 8095//5476
f 8095//5476 8102//5476 8096//5476
f 8102//5476 8103//5476 8096//5476
f 8097//5476 8104//5476 8098//5476
f 8104//5476 8105//5476 8098//5476
f 8098//5476 8105//5476 8099//5476
f 8105//5476 8106//5476 8099//5476
f 8099//5476 8106//5476 8100//5476
f 8106//5476 8107//5476 8100//5476
f 8100//5476 8107//5476 8101//5476
f 8107//5476 8108//5476 8101//5476
f 8101//5476 8108//5476 8102//5476
f 8108//5476 8109//5476 8102//5476
f 8102//5476 8109//5476 8103//5476
f 8109//5476 8110//5476 8103//5476
f 8111//5477 8118//5477 8112//5477
f 8118//5478 8119//5478 8112//5478
f 8112//5479 8119//5479 8113//5479
f 8119//5480 8120//5480 8113//5480
f 8113//5481 8120//5481 8114//5481
f 8120//5482 8121//5482 8114//5482
f 8114//5483 8121//5483 8115//5483
f 8121//5484 8122//5484 8115//5484
f 8115//5485 8122//5485 8116//5485
f 8122//5486 8123//5486 8116//5486
f 8116//5487 8123//5487 8117//5487
f 8123//5488 8124//5488 8117//5488
f 8118//5489 8125//5489 8119//5489
f 8125//5490 8126//5490 8119//5490
f 8119//5491 8126//5491 8120//5491
f 8126//5492 8127//5492 8120//5492
f 8120//5493 8127//5493 8121//5493
f 8127//5494 8128//5494 8121//5494
f 8121//5495 8128//5495 8122//5495
f 8128//5496 8129//5496 8122//5496
f 8122//5497 8129//5497 8123//5497
f 8129//5498 8130//5498 8123//5498
f 8123//5499 8130//5499 8124//5499
f 8130//5500 8131//5500 8124//5500
f 8125//5501 8132//5501 8126//5501
f 8132//5502 8133//5502 8126//5502
f 8126//5503 8133//5503 8127//5503
f 8133//5504 8134//5504 8127//5504
f 8127//5505 8134//5505 8128//5505
f 8134//5506 8135//5506 8128//5506
f 8128//5507 8135//5507 8129//5507
f 8135//5508 8136//5508 8129//5508
f 8129//5509 8136//5509 8130//5509
f 8136//5510 8137//5510 8130//5510
f 8130//5511 8137//5511 8131//5511
f 8137//5512 8138//5512 8131//5512
f 8132//5513 8139//5513 8133//5513
f 8139//5514 8140//5514 8133//5514
f 8133//5515 8140//5515 8134//5515
f 8140//5516 8141//5516 8134//5516
f 8134//5517 8141//5517 8135//5517
f 8141//5518 8142//5518 8135//5518
f 8135//5519 8142//5519 8136//5519
f 8142//5520 8143//5520 8136//5520
f 8136//5521 8143//5521 8137//5521
f 8143//5522 8144//5522 8137//5522
f 8137//5523 8144//5523 8138//5523
f 8144//5524 8145//5524 8138//5524
f 8139//5525 8146//5525 8140//5525
f 8146//5526 8147//5526 8140//5526
f 8140//5527 8147//5527 8141//5527
f 8147//5528 8148//5528 8141//5528
f 8141//5529 8148//5529 8142//5529
f 8148//5530 8149//5530 8142//5530
f 8142//5531 8149//5531 8143//5531
f 8149//5532 8150//5532 8143//5532
f 8143//5533 8150//5533 8144//5533
f 8150//5534 8151//5534 8144//5534
f 8144//5535 8151//5535 8145//5535
f 8151//5536 8152//5536 8145//5536
f 8146//5537 8153//5537 8147//5537
f 8153//5538 8154//5538 8147//5538
f 8147//5539 8154//5539 8148//5539
f 8154//5540 8155//5540 8148//5540
f 8148//5541 8155//5541 8149//5541
f 8155//5542 8156//5542 8149//5542
f 8149//5543 8156//5543 8150//5543
f 8156//5544 8157//5544 8150//5544
f 8150//5545 8157//5545 8151//5545
f 8157//5546 8158//5546 8151//5546
f 8151//5547 8158//5547 8152//5547
f 8158//5548 8159//5548 8152//5548
f 8160//5549 8167//5549 8161//5549
f 8167//5550 8168//5550 8161//5550
f 8161//5551 8168//5551 8162//5551
f 8168//5552 8169//5552 8162//5552
f 8162//5553 8169//5553 8163//5553
f 8169//5554 8170//5554 8163//5554
f 8163//5555 8170//5555 8164//5555
f 8170//5556 8171//5556 8164//5556
f 8164//5557 8171//5557 8165//5557
f 8171//5558 8172//5558 8165//5558
f 8165//5559 8172//5559 8166//5559
f 8172//5560 8173//5560 8166//5560
f 8167//5561 8174//5561 8168//5561
f 8174//5562 8175//5562 8168//5562
f 8168//5563 8175//5563 8169//5563
f 8175//5564 8176//5564 8169//5564
f 8169//5565 8176//5565 8170//5565
f 8176//5566 8177//5566 8170//5566
f 8170//5567 8177//5567 8171//5567
f 8177//5568 8178//5568 8171//5568
f 8171//5569 8178//5569 8172//5569
f 8178//5570 8179//5570 8172//5570
f 8172//5571 8179//5571 8173//5571
f 8179//5572 8180//5572 8173//5572
f 8174//5573 8181//5573 8175//5573
f 8181//5574 8182//5574 8175//5574
f 8175//5575 8182//5575 8176//5575
f 8182//5576 8183//5576 8176//5576
f 8176//5577 8183//5577 8177//5577
f 8183//5578 8184//5578 8177//5578
f 8177//5579 8184//5579 8178//5579
f 8184//5580 8185//5580 8178//5580
f 8178//5581 8185//5581 8179//5581
f 8185//5582 8186//5582 8179//5582
f 8179//5583 8186//5583 8180//5583
f 8186//5584 8187//5584 8180//5584
f 8181//5585 8188//5585 8182//5585
f 8188//5586 8189//5586 8182//5586
f 8182//5587 8189//5587 8183//5587
f 8189//5588 8190//5588 8183//5588
f 8183//5589 8190//5589 8184//5589
f 8190//5590 8191//5590 8184//5590
f 8184//5591 8191//5591 8185//5591
f 8191//5592 8192//5592 8185//5592
f 8185//5593 8192//5593 8186//5593
f 8192//5594 8193//5594 8186//5594
f 8186//5595 8193//5595 8187//5595
f 8193//5596 8194//5596 8187//5596
f 8188//5597 8195//5597 8189//5597
f 8195//5598 8196//5598 8189//5598
f 8189//5599 8196//5599 8190//5599
f 8196//5600 8197//5600 8190//5600
f 8190//5601 8197//5601 8191//5601
f 8197//5602 8198//5602 8191//5602
f 8191//5603 8198//5603 8192//5603
f 8198//5604 8199//5604 8192//5604
f 8192//5605 8199//5605 8193//5605
f 8199//5606 8200//5606 8193//5606
f 8193//5607 8200//5607 8194//5607
f 8200//5608 8201//5608 8194//5608
f 8195//5609 8202//5609 8196//5609
f 8202//5610 8203//5610 8196//5610
f 8196//5611 8203//5611 8197//5611
f 8203//5612 8204//5612 8197//5612
f 8197//5613 8204//5613 8198//5613
f 8204//5614 8205//5614 8198//5614
f 8198//5615 8205//5615 8199//5615
f 8205//5616 8206//5616 8199//5616
f 8199//5617 8206//5617 8200//5617
f 8206//5618 8207//5618 8200//5618
f 8200//5619 8207//5619 8201//5619
f 8207//5620 8208//5620 8201//5620
f 8209//5621 8216//5621 8210//5621
f 8216//5622 8217//5622 8210//5622
f 8210//5623 8217//5623 8211//5623
f 8217//5624 8218//5624 8211//5624
f 8211//5625 8218//5625 8212//5625
f 8218//5626 8219//5626 8212//5626
f 8212//5627 8219//5627 8213//5627
f 8219//5628 8220//5628 8213//5628
f 8213//5629 8220//5629 8214//5629
f 8220//5630 8221//5630 8214//5630
f 8214//5631 8221//5631 8215//5631
f 8221//5632 8222//5632 8215//5632
f 8216//5633 8223//5633 8217//5633
f 8223//5634 8224//5634 8217//5634
f 8217//5635 8224//5635 8218//5635
f 8224//5636 8225//5636 8218//5636
f 8218//5637 8225//5637 8219//5637
f 8225//5638 8226//5638 8219//5638
f 8219//5639 8226//5639 8220//5639
f 8226//5640 8227//5640 8220//5640
f 8220//5641 8227//5641 8221//5641
f 8227//5642 8228//5642 8221//5642
f 8221//5643 8228//5643 8222//5643
f 8228//5644 8229//5644 8222//5644
f 8223//5645 8230//5645 8224//5645
f 8230//5646 8231//5646 8224//5646
f 8224//5647 8231//5647 8225//5647
f 8231//5648 8232//5648 8225//5648
f 8225//5649 8232//5649 8226//5649
f 8232//5650 8233//5650 8226//5650
f 8226//5651 8233//5651 8227//5651
f 8233//5652 8234//5652 8227//5652
f 8227//5653 8234//5653 8228//5653
f 8234//5654 8235//5654 8228//5654
f 8228//5655 8235//5655 8229//5655
f 8235//5656 8236//5656 8229//5656
f 8230//5657 8237//5657 8231//5657
f 8237//5658 8238//5658 8231//5658
f 8231//5659 8238//5659 8232//5659
f 8238//5660 8239//5660 8232//5660
f 8232//5661 8239//5661 8233//5661
f 8239//5662 8240//5662 8233//5662
f 8233//5663 8240//5663 8234//5663
f 8240//5664 8241//5664 8234//5664
f 8234//5665 8241//5665 8235//5665
f 8241//5666 8242//5666 8235//5666
f 8235//5667 8242//5667 8236//5667
f 8242//5668 8243//5668 8236//5668
f 8237//5669 8244//5669 8238//5669
f 8244//5670 8245//5670 8238//5670
f 8238//5671 8245//5671 8239//5671
f 8245//5672 8246//5672 8239//5672
f 8239//5673 8246//5673 8240//5673
f 8246//5674 8247//5674 8240//5674
f 8240//5675 8247//5675 8241//5675
f 8247//5676 8248//5676 8241//5676
f 8241//5677 8248//5677 8242//5677
f 8248//5678 8249//5678 8242//5678
f 8242//5679 8249//5679 8243//5679
f 8249//5680 8250//5680 8243//5680
f 8244//5681 8251//5681 8245//5681
f 8251//5682 8252//5682 8245//5682
f 8245//5683 8252//5683 8246//5683
f 8252//5684 8253//5684 8246//5684
f 8246//5685 8253//5685 8247//5685
f 8253//5686 8254//5686 8247//5686
f 8247//5687 8254//5687 8248//5687
f 8254//5688 8255//5688 8248//5688
f 8248//5689 8255//5689 8249//5689
f 8255//5690 8256//5690 8249//5690
f 8249//5691 8256//5691 8250//5691
f 8256//5692 8257//5692 8250//5692
f 8258//5693 8265//5693 8259//5693
f 8265//5694 8266//5694 8259//5694
f 8259//5695 8266//5695 8260//5695
f 8266//5696 8267//5696 8260//5696
f 8260//5697 8267//5697 8261//5697
f 8267//5698 8268//5698 8261//5698
f 8261//5699 8268//5699 8262//5699
f 8268//5700 8269//5700 8262//5700
f 8262//5701 8269//5701 8263//5701
f 8269//5702 8270//5702 8263//5702
f 8263//5703 8270//5703 8264//5703
f 8270//5704 8271//5704 8264//5704
f 8265//5705 8272//5705 8266//5705
f 8272//5706 8273//5706 8266//5706
f 8266//5707 8273//5707 8267//5707
f 8273//5708 8274//5708 8267//5708
f 8267//5709 8274//5709 8268//5709
f 8274//5710 8275//5710 8268//5710
f 8268//5711 8275//5711 8269//5711
f 8275//5712 8276//5712 8269//5712
f 8269//5713 8276//5713 8270//5713
f 8276//5714 8277//5714 8270//5714
f 8270//5715 8277//5715 8271//5715
f 8277//5716 8278//5716 8271//5716
f 8272//5717 8279//5717 8273//5717
f 8279//5718 8280//5718 8273//5718
f 8273//5719 8280//5719 8274//5719
f 8280//5720 8281//5720 8274//5720
f 8274//5721 8281//5721 8275//5721
f 8281//5722 8282//5722 8275//5722
f 8275//5723 8282//5723 8276//5723
f 8282//5724 8283//5724 8276//5724
f 8276//5725 8283//5725 8277//5725
f 8283//5726 8284//5726 8277//5726
f 8277//5727 8284//5727 8278//5727
f 8284//5728 8285//5728 8278//5728
f 8279//5729 8286//5729 8280//5729
f 8286//5730 8287//5730 8280//5730
f 8280//5731 8287//5731 8281//5731
f 8287//5732 8288//5732 8281//5732
f 8281//5733 8288//5733 8282//5733
f 8288//5734 8289//5734 8282//5734
f 8282//5735 8289//5735 8283//5735
f 8289//5736 8290//5736 8283//5736
f 8283//5737 8290//5737 8284//5737
f 8290//5738 8291//5738 8284//5738
f 8284//5739 8291//5739 8285//5739
f 8291//5740 8292//5740 8285//5740
f 8286//5741 8293//5741 8287//5741
f 8293//5742 8294//5742 8287//5742
f 8287//5743 8294//5743 8288//5743
f 8294//5744 8295//5744 8288//5744
f 8288//5745 8295//5745 8289//5745
f 8295//5746 8296//5746 8289//5746
f 8289//5747 8296//5747 8290//5747
f 8296//5748 8297//5748 8290//5748
f 8290//5749 8297//5749 8291//5749
f 8297//5750 8298//5750 8291//5750
f 8291//5751 8298//5751 8292//5751
f 8298//5752 8299//5752 8292//5752
f 8293//5753 8300//5753 8294//5753
f 8300//5754 8301//5754 8294//5754
f 8294//5755 8301//5755 8295//5755
f 8301//5756 8302//5756 8295//5756
f 8295//5757 8302//5757 8296//5757
f 8302//5758 8303//5758 8296//5758
f 8296//5759 8303//5759 8297//5759
f 8303//5760 8304//5760 8297//5760
f 8297//5761 8304//5761 8298//5761
f 8304//5762 8305//5762 8298//5762
f 8298//5763 8305//5763 8299//5763
f 8305//5764 8306//5764 8299//5764
f 8307//5475 8314//5475 8308//5475
f 8314//5475 8315//5475 8308//5475
f 8308//5475 8315//5475 8309//5475
f 8315//5475 8316//5475 8309//5475
f 8309//5475 8316//5475 8310//5475
f 8316//5475 8317//5475 8310//5475
f 8310//5475 8317//5475 8311//5475
f 8317//5475 8318//5475 8311//5475
f 8311//5475 8318//5475 8312//5475
f 8318//5475 8319//5475 8312//5475
f 8312//5475 8319//5475 8313//5475
f 8319//5475 8320//5475 8313//5475
f 8314//5475 8321//5475 8315//5475
f 8321//5475 8322//5475 8315//5475
f 8315//5475 8322//5475 8316//5475
f 8322//5475 8323//5475 8316//5475
f 8316//5475 8323//5475 8317//5475
f 8323//5475 8324//5475 8317//5475
f 8317//5475 8324//5475 8318//5475
f 8324//5475 8325//5475 8318//5475
f 8318//5475 8325//5475 8319//5475
f 8325//5475 8326//5475 8319//5475
f 8319//5475 8326//5475 8320//5475
f 8326//5475 8327//5475 8320//5475
f 8321//5475 8328//5475 8322//5475
f 8328//5475 8329//5475 8322//5475
f 8322//5475 8329//5475 8323//5475
f 8329//5475 8330//5475 8323//5475
f 8323//5475 8330//5475 8324//5475
f 8330//5475 8331//5475 8324//5475
f 8324//5475 8331//5475 8325//5475
f 8331//5475 8332//5475 8325//5475
f 8325//5475 8332//5475 8326//5475
f 8332//5475 8333//5475 8326//5475
f 8326//5475 8333//5475 8327//5475
f 8333//5475 8334//5475 8327//5475
f 8328//5475 8335//5475 8329//5475
f 8335//5475 8336//5475 8329//5475
f 8329//5475 8336//5475 8330//5475
f 8336//5475 8337//5475 8330//5475
f 8330//5475 8337//5475 8331//5475
f 8337//5475 8338//5475 8331//5475
f 8331//5475 8338//5475 8332//5475
f 8338//5475 8339//5475 8332//5475
f 8332//5475 8339//5475 8333//5475
f 8339//5475 8340//5475 8333//5475
f 8333//5475 8340//5475 8334//5475
f 8340//5475 8341//5475 8334//5475
f 8335//5475 8342//5475 8336//5475
f 8342//5475 8343//5475 8336//5475
f 8336//5475 8343//5475 8337//5475
f 8343//5475 8344//5475 8337//5475
f 8337//5475 8344//5475 8338//5475
f 8344//5475 8345//5475 8338//5475
f 8338//5475 8345//5475 8339//5475
f 8345//5475 8346//5475 8339//5475
f 8339//5475 8346//5475 8340//5475
f 8346//5475 8347//5475 8340//5475
f 8340//5475 8347//5475 8341//5475
f 8347//5475 8348//5475 8341//5475
f 8342//5475 8349//5475 8343//5475
f 8349//5475 8350//5475 8343//5475
f 8343//5475 8350//5475 8344//5475
f 8350//5475 8351//5475 8344//5475
f 8344//5475 8351//5475 8345//5475
f 8351//5475 8352//5475 8345//5475
f 8345//5475 8352//5475 8346//5475
f 8352//5475 8353//5475 8346//5475
f 8346//5475 8353//5475 8347//5475
f 8353//5475 8354//5475 8347//5475
f 8347//5475 8354//5475 8348//5475
f 8354//5475 8355//5475 8348//5475
f 8356//5476 8363//5476 8357//5476
f 8363//5476 8364//5476 8357//5476
f 8357//5476 8364//5476 8358//5476
f 8364//5476 8365//5476 8358//5476
f 8358//5476 8365//5476 8359//5476
f 8365//5476 8366//5476 8359//5476
f 8359//5476 8366//5476 8360//5476
f 8366//5476 8367//5476 8360//5476
f 8360//5476 8367//5476 8361//5476
f 8367//5476 8368//5476 8361//5476
f 8361//5476 8368//5476 8362//5476
f 8368//5476 8369//5476 8362//5476
f 8363//5476 8370//5476 8364//5476
f 8370//5476 8371//5476 8364//5476
f 8364//5476 8371//5476 8365//5476
f 8371//5476 8372//5476 8365//5476
f 8365//5476 8372//5476 8366//5476
f 8372//5476 8373//5476 8366//5476
f 8366//5476 8373//5476 8367//5476
f 8373//5476 8374//5476 8367//5476
f 8367//5476 8374//5476 8368//5476
f 8374//5476 8375//5476 8368//5476
f 8368//5476 8375//5476 8369//5476
f 8375//5476 8376//5476 8369//5476
f 8370//5476 8377//5476 8371//5476
f 8377//5476 8378//5476 8371//5476
f 8371//5476 8378//5476 8372//5476
f 8378//5476 8379//5476 8372//5476
f 8372//5476 8379//5476 8373//5476
f 8379//5476 8380//5476 8373//5476
f 8373//5476 8380//5476 8374//5476
f 8380//5476 8381//5476 8374//5476
f 8374//5476 8381//5476 8375//5476
f 8381//5476 8382//5476 8375//5476
f 8375//5476 8382//5476 8376//5476
f 8382//5476 8383//5476 8376//5476
f 8377//5476 8384//5476 8378//5476
f 8384//5476 8385//5476 8378//5476
f 8378//5476 8385//5476 8379//5476
f 8385//5476 8386//5476 8379//5476
f 8379//5476 8386//5476 8380//5476
f 8386//5476 8387//5476 8380//5476
f 8380//5476 8387//5476 8381//5476
f 8387//5476 8388//5476 8381//5476
f 8381//5476 8388//5476 8382//5476
f 8388//5476 8389//5476 8382//5476
f 8382//5476 8389//5476 8383//5476
f 8389//5476 8390//5476 8383//5476
f 8384//5476 8391//5476 8385//5476
f 8391//5476 8392//5476 8385//5476
f 8385//5476 8392//5476 8386//5476
f 8392//5476 8393//5476 8386//5476
f 8386//5476 8393//5476 8387//5476
f 8393//5476 8394//5476 8387//5476
f 8387//5476 8394//5476 8388//5476
f 8394//5476 8395//5476 8388//5476
f 8388//5476 8395//5476 8389//5476
f 8395//5476 8396//5476 8389//5476
f 8389//5476 8396//5476 8390//5476
f 8396//5476 8397//5476 8390//5476
f 8391//5476 8398//5476 8392//5476
f 8398//5476 8399//5476 8392//5476
f 8392//5476 8399//5476 8393//5476
f 8399//5476 8400//5476 8393//5476
f 8393//5476 8400//5476 8394//5476
f 8400//5476 8401//5476 8394//5476
f 8394//5476 8401//5476 8395//5476
f 8401//5476 8402//5476 8395//5476
f 8395//5476 8402//5476 8396//5476
f 8402//5476 8403//5476 8396//5476
f 8396//5476 8403//5476 8397//5476
f 8403//5476 8404//5476 8397//5476
f 8405//5765 8412//5765 8406//5765
f 8412//5766 8413//5766 8406//5766
f 8406//5767 8413//5767 8407//5767
f 8413//5768 8414//5768 8407//5768
f 8407//5769 8414//5769 8408//5769
f 8414//5770 8415//5770 8408//5770
f 8408//5771 8415//5771 8409//5771
f 8415//5772 8416//5772 8409//5772
f 8409//5773 8416//5773 8410//5773
f 8416//5774 8417//5774 8410//5774
f 8410//5775 8417//5775 8411//5775
f 8417//5776 8418//5776 8411//5776
f 8412//5777 8419//5777 8413//5777
f 8419//5778 8420//5778 8413//5778
f 8413//5779 8420//5779 8414//5779
f 8420//5780 8421//5780 8414//5780
f 8414//5781 8421//5781 8415//5781
f 8421//5782 8422//5782 8415//5782
f 8415//5783 8422//5783 8416//5783
f 8422//5784 8423//5784 8416//5784
f 8416//5785 8423//5785 8417//5785
f 8423//5786 8424//5786 8417//5786
f 8417//5787 8424//5787 8418//5787
f 8424//5788 8425//5788 8418//5788
f 8419//5789 8426//5789 8420//5789
f 8426//5790 8427//5790 8420//5790
f 8420//5791 8427//5791 8421//5791
f 8427//5792 8428//5792 8421//5792
f 8421//5793 8428//5793 8422//5793
f 8428//5794 8429//5794 8422//5794
f 8422//5795 8429//5795 8423//5795
f 8429//5796 8430//5796 8423//5796
f 8423//5797 8430//5797 8424//5797
f 8430//5798 8431//5798 8424//5798
f 8424//5799 8431//5799 8425//5799
f 8431//5800 8432//5800 8425//5800
f 8426//5801 8433//5801 8427//5801
f 8433//5802 8434//5802 8427//5802
f 8427//5803 8434//5803 8428//5803
f 8434//5804 8435//5804 8428//5804
f 8428//5805 8435//5805 8429//5805
f 8435//5806 8436//5806 8429//5806
f 8429//5807 8436//5807 8430//5807
f 8436//5808 8437//5808 8430//5808
f 8430//5809 8437//5809 8431//5809
f 8437//5810 8438//5810 8431//5810
f 8431//5811 8438//5811 8432//5811
f 8438//5812 8439//5812 8432//5812
f 8433//5813 8440//5813 8434//5813
f 8440//5814 8441//5814 8434//5814
f 8434//5815 8441//5815 8435//5815
f 8441//5816 8442//5816 8435//5816
f 8435//5817 8442//5817 8436//5817
f 8442//5818 8443//5818 8436//5818
f 8436//5819 8443//5819 8437//5819
f 8443//5820 8444//5820 8437//5820
f 8437//5821 8444//5821 8438//5821
f 8444//5822 8445//5822 8438//5822
f 8438//5823 8445//5823 8439//5823
f 8445//5824 8446//5824 8439//5824
f 8440//5825 8447//5825 8441//5825
f 8447//5826 8448//5826 8441//5826
f 8441//5827 8448//5827 8442//5827
f 8448//5828 8449//5828 8442//5828
f 8442//5829 8449//5829 8443//5829
f 8449//5830 8450//5830 8443//5830
f 8443//5831 8450//5831 8444//5831
f 8450//5832 8451//5832 8444//5832
f 8444//5833 8451//5833 8445//5833
f 8451//5834 8452//5834 8445//5834
f 8445//5835 8452//5835 8446//5835
f 8452//5836 8453//5836 8446//5836
f 8454//5837 8461//5837 8455//5837
f 8461//5838 8462//5838 8455//5838
f 8455//5839 8462//5839 8456//5839
f 8462//5840 8463//5840 8456//5840
f 8456//5841 8463//5841 8457//5841
f 8463//5842 8464//5842 8457//5842
f 8457//5843 8464//5843 8458//5843
f 8464//5844 8465//5844 8458//5844
f 8458//5845 8465//5845 8459//5845
f 8465//5846 8466//5846 8459//5846
f 8459//5847 8466//5847 8460//5847
f 8466//5848 8467//5848 8460//5848
f 8461//5849 8468//5849 8462//5849
f 8468//5850 8469//5850 8462//5850
f 8462//5851 8469//5851 8463//5851
f 8469//5852 8470//5852 8463//5852
f 8463//5853 8470//5853 8464//5853
f 8470//5854 8471//5854 8464//5854
f 8464//5855 8471//5855 8465//5855
f 8471//5856 8472//5856 8465//5856
f 8465//5857 8472//5857 8466//5857
f 8472//5858 8473//5858 8466//5858
f 8466//5859 8473//5859 8467//5859
f 8473//5860 8474//5860 8467//5860
f 8468//5861 8475//5861 8469//5861
f 8475//5862 8476//5862 8469//5862
f 8469//5863 8476//5863 8470//5863
f 8476//5864 8477//5864 8470//5864
f 8470//5865 8477//5865 8471//5865
f 8477//5866 8478//5866 8471//5866
f 8471//5867 8478//5867 8472//5867
f 8478//5868 8479//5868 8472//5868
f 8472//5869 8479//5869 8473//5869
f 8479//5870 8480//5870 8473//5870
f 8473//5871 8480//5871 8474//5871
f 8480//5872 8481//5872 8474//5872
f 8475//5873 8482//5873 8476//5873
f 8482//5874 8483//5874 8476//5874
f 8476//5875 8483//5875 8477//5875
f 8483//5876 8484//5876 8477//5876
f 8477//5877 8484//5877 8478//5877
f 8484//5878 8485//5878 8478//5878
f 8478//5879 8485//5879 8479//5879
f 8485//5880 8486//5880 8479//5880
f 8479//5881 8486//5881 8480//5881
f 8486//5882 8487//5882 8480//5882
f 8480//5883 8487//5883 8481//5883
f 8487//5884 8488//5884 8481//5884
f 8482//5885 8489//5885 8483//5885
f 8489//5886 8490//5886 8483//5886
f 8483//5887 8490//5887 8484//5887
f 8490//5888 8491//5888 8484//5888
f 8484//5889 8491//5889 8485//5889
f 8491//5890 8492//5890 8485//5890
f 8485//5891 8492//5891 8486//5891
f 8492//5892 8493//5892 8486//5892
f 8486//5893 8493//5893 8487//5893
f 8493//5894 8494//5894 8487//5894
f 8487//5895 8494//5895 8488//5895
f 8494//5896 8495//5896 8488//5896
f 8489//5897 8496//5897 8490//5897
f 8496//5898 8497//5898 8490//5898
f 8490//5899 8497//5899 8491//5899
f 8497//5900 8498//5900 8491//5900
f 8491//5901 8498//5901 8492//5901
f 8498//5902 8499//5902 8492//5902
f 8492//5903 8499//5903 8493//5903
f 8499//5904 8500//5904 8493//5904
f 8493//5905 8500//5905 8494//5905
f 8500//5906 8501//5906 8494//5906
f 8494//5907 8501//5907 8495//5907
f 8501//5908 8502//5908 8495//5908
f 8503//5909 8510//5909 8504//5909
f 8510//5910 8511//5910 8504//5910
f 8504//5911 8511//5911 8505//5911
f 8511//5912 8512//5912 8505//5912
f 8505//5913 8512//5913 8506//5913
f 8512//5914 8513//5914 8506//5914
f 8506//5915 8513//5915 8507//5915
f 8513//5916 8514//5916 8507//5916
f 8507//5917 8514//5917 8508//5917
f 8514//5918 8515//5918 8508//5918
f 8508//5919 8515//5919 8509//5919
f 8515//5920 8516//5920 8509//5920
f 8510//5921 8517//5921 8511//5921
f 8517//5922 8518//5922 8511//5922
f 8511//5923 8518//5923 8512//5923
f 8518//5924 8519//5924 8512//5924
f 8512//5925 8519//5925 8513//5925
f 8519//5926 8520//5926 8513//5926
f 8513//5927 8520//5927 8514//5927
f 8520//5928 8521//5928 8514//5928
f 8514//5929 8521//5929 8515//5929
f 8521//5930 8522//5930 8515//5930
f 8515//5931 8522//5931 8516//5931
f 8522//5932 8523//5932 8516//5932
f 8517//5933 8524//5933 8518//5933
f 8524//5934 8525//5934 8518//5934
f 8518//5935 8525//5935 8519//5935
f 8525//5936 8526//5936 8519//5936
f 8519//5937 8526//5937 8520//5937
f 8526//5938 8527//5938 8520//5938
f 8520//5939 8527//5939 8521//5939
f 8527//5940 8528//5940 8521//5940
f 8521//5941 8528//5941 8522//5941
f 8528//5942 8529//5942 8522//5942
f 8522//5943 8529//5943 8523//5943
f 8529//5944 8530//5944 8523//5944
f 8524//5945 8531//5945 8525//5945
f 8531//5946 8532//5946 8525//5946
f 8525//5947 8532//5947 8526//5947
f 8532//5948 8533//5948 8526//5948
f 8526//5949 8533//5949 8527//5949
f 8533//5950 8534//5950 8527//5950
f 8527//5951 8534//5951 8528//5951
f 8534//5952 8535//5952 8528//5952
f 8528//5953 8535//5953 8529//5953
f 8535//5954 8536//5954 8529//5954
f 8529//5955 8536//5955 8530//5955
f 8536//5956 8537//5956 8530//5956
f 8531//5957 8538//5957 8532//5957
f 8538//5958 8539//5958 8532//5958
f 8532//5959 8539//5959 8533//5959
f 8539//5960 8540//5960 8533//5960
f 8533//5961 8540//5961 8534//5961
f 8540//5962 8541//5962 8534//5962
f 8534//5963 8541//5963 8535//5963
f 8541//5964 8542//5964 8535//5964
f 8535//5965 8542//5965 8536//5965
f 8542//5966 8543//5966 8536//5966
f 8536//5967 8543//5967 8537//5967
f 8543//5968 8544//5968 8537//5968
f 8538//5969 8545//5969 8539//5969
f 8545//5970 8546//5970 8539//5970
f 8539//5971 8546//5971 8540//5971
f 8546//5972 8547//5972 8540//5972
f 8540//5973 8547//5973 8541//5973
f 8547//5974 8548//5974 8541//5974
f 8541//5975 8548//5975 8542//5975
f 8548//5976 8549//5976 8542//5976
f 8542//5977 8549//5977 8543//5977
f 8549//5978 8550//5978 8543//5978
f 8543//5979 8550//5979 8544//5979
f 8550//5980 8551//5980 8544//5980
f 8552//5981 8559//5981 8553//5981
f 8559//5982 8560//5982 8553//5982
f 8553//5983 8560//5983 8554//5983
f 8560//5984 8561//5984 8554//5984
f 8554//5985 8561//5985 8555//5985
f 8561//5986 8562//5986 8555//5986
f 8555//5987 8562//5987 8556//5987
f 8562//5988 8563//5988 8556//5988
f 8556//5989 8563//5989 8557//5989
f 8563//5990 8564//5990 8557//5990
f 8557//5991 8564//5991 8558//5991
f 8564//5992 8565//5992 8558//5992
f 8559//5993 8566//5993 8560//5993
f 8566//5994 8567//5994 8560//5994
f 8560//5995 8567//5995 8561//5995
f 8567//5996 8568//5996 8561//5996
f 8561//5997 8568//5997 8562//5997
f 8568//5998 8569//5998 8562//5998
f 8562//5999 8569//5999 8563//5999
f 8569//6000 8570//6000 8563//6000
f 8563//6001 8570//6001 8564//6001
f 8570//6002 8571//6002 8564//6002
f 8564//6003 8571//6003 8565//6003
f 8571//6004 8572//6004 8565//6004
f 8566//6005 8573//6005 8567//6005
f 8573//6006 8574//6006 8567//6006
f 8567//6007 8574//6007 8568//6007
f 8574//6008 8575//6008 8568//6008
f 8568//6009 8575//6009 8569//6009
f 8575//6010 8576//6010 8569//6010
f 8569//6011 8576//6011 8570//6011
f 8576//6012 8577//6012 8570//6012
f 8570//6013 8577//6013 8571//6013
f 8577//6014 8578//6014 8571//6014
f 8571//6015 8578//6015 8572//6015
f 8578//6016 8579//6016 8572//6016
f 8573//6017 8580//6017 8574//6017
f 8580//6018 8581//6018 8574//6018
f 8574//6019 8581//6019 8575//6019
f 8581//6020 8582//6020 8575//6020
f 8575//6021 8582//6021 8576//6021
f 8582//6022 8583//6022 8576//6022
f 8576//6023 8583//6023 8577//6023
f 8583//6024 8584//6024 8577//6024
f 8577//6025 8584//6025 8578//6025
f 8584//6026 8585//6026 8578//6026
f 8578//6027 8585//6027 8579//6027
f 8585//6028 8586//6028 8579//6028
f 8580//6029 8587//6029 8581//6029
f 8587//6030 8588//6030 8581//6030
f 8581//6031 8588//6031 8582//6031
f 8588//6032 8589//6032 8582//6032
f 8582//6033 8589//6033 8583//6033
f 8589//6034 8590//6034 8583//6034
f 8583//6035 8590//6035 8584//6035
f 8590//6036 8591//6036 8584//6036
f 8584//6037 8591//6037 8585//6037
f 8591//6038 8592//6038 8585//6038
f 8585//6039 8592//6039 8586//6039
f 8592//6040 8593//6040 8586//6040
f 8587//6041 8594//6041 8588//6041
f 8594//6042 8595//6042 8588//6042
f 8588//6043 8595//6043 8589//6043
f 8595//6044 8596//6044 8589//6044
f 8589//6045 8596//6045 8590//6045
f 8596//6046 8597//6046 8590//6046
f 8590//6047 8597//6047 8591//6047
f 8597//6048 8598//6048 8591//6048
f 8591//6049 8598//6049 8592//6049
f 8598//6050 8599//6050 8592//6050
f 8592//6051 8599//6051 8593//6051
f 8599//6052 8600//6052 8593//6052
f 8601//5475 8608//5475 8602//5475
f 8608//5475 8609//5475 8602//5475
f 8602//5475 8609//5475 8603//5475
f 8609//5475 8610//5475 8603//5475
f 8603//5475 8610//5475 8604//5475
f 8610//5475 8611//5475 8604//5475
f 8604//5475 8611//5475 8605//5475
f 8611//5475 8612//5475 8605//5475
f 8605//5475 8612//5475 8606//5475
f 8612//5475 8613//5475 8606//5475
f 8606//5475 8613//5475 8607//5475
f 8613//5475 8614//5475 8607//5475
f 8608//5475 8615//5475 8609//5475
f 8615//5475 8616//5475 8609//5475
f 8609//5475 8616//5475 8610//5475
f 8616//5475 8617//5475 8610//5475
f 8610//5475 8617//5475 8611//5475
f 8617//5475 8618//5475 8611//5475
f 8611//5475 8618//5475 8612//5475
f 8618//5475 8619//5475 8612//5475
f 8612//5475 8619//5475 8613//5475
f 8619//5475 8620//5475 8613//5475
f 8613//5475 8620//5475 8614//5475
f 8620//5475 8621//5475 8614//5475
f 8615//5475 8622//5475 8616//5475
f 8622//5475 8623//5475 8616//5475
f 8616//5475 8623//5475 8617//5475
f 8623//5475 8624//5475 8617//5475
f 8617//5475 8624//5475 8618//5475
f 8624//5475 8625//5475 8618//5475
f 8618//5475 8625//5475 8619//5475
f 8625//5475 8626//5475 8619//5475
f 8619//5475 8626//5475 8620//5475
f 8626//5475 8627//5475 8620//5475
f 8620//5475 8627//5475 8621//5475
f 8627//5475 8628//5475 8621//5475
f 8622//5475 8629//5475 8623//5475
f 8629//5475 8630//5475 8623//5475
f 8623//5475 8630//5475 8624//5475
f 8630//5475 8631//5475 8624//5475
f 8624//5475 8631//5475 8625//5475
f 8631//5475 8632//5475 8625//5475
f 8625//5475 8632//5475 8626//5475
f 8632//5475 8633//5475 8626//5475
f 8626//5475 8633//5475 8627//5475
f 8633//5475 8634//5475 8627//5475
f 8627//5475 8634//5475 8628//5475
f 8634//5475 8635//5475 8628//5475
f 8629//5475 8636//5475 8630//5475
f 8636//5475 8637//5475 8630//5475
f 8630//5475 8637//5475 8631//5475
f 8637//5475 8638//5475 8631//5475
f 8631//5475 8638//5475 8632//5475
f 8638//5475 8639//5475 8632//5475
f 8632//5475 8639//5475 8633//5475
f 8639//5475 8640//5475 8633//5475
f 8633//5475 8640//5475 8634//5475
f 8640//5475 8641//5475 8634//5475
f 8634//5475 8641//5475 8635//5475
f 8641//5475 8642//5475 8635//5475
f 8636//5475 8643//5475 8637//5475
f 8643//5475 8644//5475 8637//5475
f 8637//5475 8644//5475 8638//5475
f 8644//5475 8645//5475 8638//5475
f 8638//5475 8645//5475 8639//5475
f 8645//5475 8646//5475 8639//5475
f 8639//5475 8646//5475 8640//5475
f 8646//5475 8647//5475 8640//5475
f 8640//5475 8647//5475 8641//5475
f 8647//5475 8648//5475 8641//5475
f 8641//5475 8648//5475 8642//5475
f 8648//5475 8649//5475 8642//5475
f 8650//5476 8657//5476 8651//5476
f 8657//5476 8658//5476 8651//5476
f 8651//5476 8658//5476 8652//5476
f 8658//5476 8659//5476 8652//5476
f 8652//5476 8659//5476 8653//5476
f 8659//5476 8660//5476 8653//5476
f 8653//5476 8660//5476 8654//5476
f 8660//5476 8661//5476 8654//5476
f 8654//5476 8661//5476 8655//5476
f 8661//5476 8662//5476 8655//5476
f 8655//5476 8662//5476 8656//5476
f 8662//5476 8663//5476 8656//5476
f 8657//5476 8664//5476 8658//5476
f 8664//5476 8665//5476 8658//5476
f 8658//5476 8665//5476 8659//5476
f 8665//5476 8666//5476 8659//5476
f 8659//5476 8666//5476 8660//5476
f 8666//5476 8667//5476 8660//5476
f 8660//5476 8667//5476 8661//5476
f 8667//5476 8668//5476 8661//5476
f 8661//5476 8668//5476 8662//5476
f 8668//5476 8669//5476 8662//5476
f 8662//5476 8669//5476 8663//5476
f 8669//5476 8670//5476 8663//5476
f 8664//5476 8671//5476 8665//5476
f 8671//5476 8672//5476 8665//5476
f 8665//5476 8672//5476 8666//5476
f 8672//5476 8673//5476 8666//5476
f 8666//5476 8673//5476 8667//5476
f 8673//5476 8674//5476 8667//5476
f 8667//5476 8674//5476 8668//5476
f 8674//5476 8675//5476 8668//5476
f 8668//5476 8675//5476 8669//5476
f 8675//5476 8676//5476 8669//5476
f 8669//5476 8676//5476 8670//5476
f 8676//5476 8677//5476 8670//5476
f 8671//5476 8678//5476 8672//5476
f 8678//5476 8679//5476 8672//5476
f 8672//5476 8679//5476 8673//5476
f 8679//5476 8680//5476 8673//5476
f 8673//5476 8680//5476 8674//5476
f 8680//5476 8681//5476 8674//5476
f 8674//5476 8681//5476 8675//5476
f 8681//5476 8682//5476 8675//5476
f 8675//5476 8682//5476 8676//5476
f 8682//5476 8683//5476 8676//5476
f 8676//5476 8683//5476 8677//5476
f 8683//5476 8684//5476 8677//5476
f 8678//5476 8685//5476 8679//5476
f 8685//5476 8686//5476 8679//5476
f 8679//5476 8686//5476 8680//5476
f 8686//5476 8687//5476 8680//5476
f 8680//5476 8687//5476 8681//5476
f 8687//5476 8688//5476 8681//5476
f 8681//5476 8688//5476 8682//5476
f 8688//5476 8689//5476 8682//5476
f 8682//5476 8689//5476 8683//5476
f 8689//5476 8690//5476 8683//5476
f 8683//5476 8690//5476 8684//5476
f 8690//5476 8691//5476 8684//5476
f 8685//5476 8692//5476 8686//5476
f 8692//5476 8693//5476 8686//5476
f 8686//5476 8693//5476 8687//5476
f 8693//5476 8694//5476 8687//5476
f 8687//5476 8694//5476 8688//5476
f 8694//5476 8695//5476 8688//5476
f 8688//5476 8695//5476 8689//5476
f 8695//5476 8696//5476 8689//5476
f 8689//5476 8696//5476 8690//5476
f 8696//5476 8697//5476 8690//5476
f 8690//5476 8697//5476 8691//5476
f 8697//5476 8698//5476 8691//5476
f 8699//6053 8706//6053 8700//6053
f 8706//6054 8707//6054 8700//6054
f 8700//6055 8707//6055 8701//6055
f 8707//6056 8708//6056 8701//6056
f 8701//6057 8708//6057 8702//6057
f 8708//6058 8709//6058 8702//6058
f 8702//6059 8709//6059 8703//6059
f 8709//6060 8710//6060 8703//6060
f 8703//6061 8710//6061 8704//6061
f 8710//6062 8711//6062 8704//6062
f 8704//6063 8711//6063 8705//6063
f 8711//6064 8712//6064 8705//6064
f 8706//6065 8713//6065 8707//6065
f 8713//6066 8714//6066 8707//6066
f 8707//6067 8714//6067 8708//6067
f 8714//6068 8715//6068 8708//6068
f 8708//6069 8715//6069 8709//6069
f 8715//6070 8716//6070 8709//6070
f 8709//6071 8716//6071 8710//6071
f 8716//6072 8717//6072 8710//6072
f 8710//6073 8717//6073 8711//6073
f 8717//6074 8718//6074 8711//6074
f 8711//6075 8718//6075 8712//6075
f 8718//6076 8719//6076 8712//6076
f 8713//6077 8720//6077 8714//6077
f 8720//6078 8721//6078 8714//6078
f 8714//6079 8721//6079 8715//6079
f 8721//6080 8722//6080 8715//6080
f 8715//6081 8722//6081 8716//6081
f 8722//6082 8723//6082 8716//6082
f 8716//6083 8723//6083 8717//6083
f 8723//6084 8724//6084 8717//6084
f 8717//6085 8724//6085 8718//6085
f 8724//6086 8725//6086 8718//6086
f 8718//6087 8725//6087 8719//6087
f 8725//6088 8726//6088 8719//6088
f 8720//6089 8727//6089 8721//6089
f 8727//6090 8728//6090 8721//6090
f 8721//6091 8728//6091 8722//6091
f 8728//6092 8729//6092 8722//6092
f 8722//6093 8729//6093 8723//6093
f 8729//6094 8730//6094 8723//6094
f 8723//6095 8730//6095 8724//6095
f 8730//6096 8731//6096 8724//6096
f 8724//6097 8731//6097 8725//6097
f 8731//6098 8732//6098 8725//6098
f 8725//6099 8732//6099 8726//6099
f 8732//6100 8733//6100 8726//6100
f 8727//6101 8734//6101 8728//6101
f 8734//6102 8735//6102 8728//6102
f 8728//6103 8735//6103 8729//6103
f 8735//6104 8736//6104 8729//6104
f 8729//6105 8736//6105 8730//6105
f 8736//6106 8737//6106 8730//6106
f 8730//6107 8737//6107 8731//6107
f 8737//6108 8738//6108 8731//6108
f 8731//6109 8738//6109 8732//6109
f 8738//6110 8739//6110 8732//6110
f 8732//6111 8739//6111 8733//6111
f 8739//6112 8740//6112 8733//6112
f 8734//6113 8741//6113 8735//6113
f 8741//6114 8742//6114 8735//6114
f 8735//6115 8742//6115 8736//6115
f 8742//6116 8743//6116 8736//6116
f 8736//6117 8743//6117 8737//6117
f 8743//6118 8744//6118 8737//6118
f 8737//6119 8744//6119 8738//6119
f 8744//6120 8745//6120 8738//6120
f 8738//6121 8745//6121 8739//6121
f 8745//6122 8746//6122 8739//6122
f 8739//6123 8746//6123 8740//6123
f 8746//6124 8747//6124 8740//6124
f 8748//6125 8755//6125 8749//6125
f 8755//6126 8756//6126 8749//6126
f 8749//6127 8756//6127 8750//6127
f 8756//6128 8757//6128 8750//6128
f 8750//6129 8757//6129 8751//6129
f 8757//6130 8758//6130 8751//6130
f 8751//6131 8758//6131 8752//6131
f 8758//6132 8759//6132 8752//6132
f 8752//6133 8759//6133 8753//6133
f 8759//6134 8760//6134 8753//6134
f 8753//6135 8760//6135 8754//6135
f 8760//6136 8761//6136 8754//6136
f 8755//6137 8762//6137 8756//6137
f 8762//6138 8763//6138 8756//6138
f 8756//6139 8763//6139 8757//6139
f 8763//6140 8764//6140 8757//6140
f 8757//6141 8764//6141 8758//6141
f 8764//6142 8765//6142 8758//6142
f 8758//6143 8765//6143 8759//6143
f 8765//6144 8766//6144 8759//6144
f 8759//6145 8766//6145 8760//6145
f 8766//6146 8767//6146 8760//6146
f 8760//6147 8767//6147 8761//6147
f 8767//6148 8768//6148 8761//6148
f 8762//6149 8769//6149 8763//6149
f 8769//6150 8770//6150 8763//6150
f 8763//6151 8770//6151 8764//6151
f 8770//6152 8771//6152 8764//6152
f 8764//6153 8771//6153 8765//6153
f 8771//6154 8772//6154 8765//6154
f 8765//6155 8772//6155 8766//6155
f 8772//6156 8773//6156 8766//6156
f 8766//6157 8773//6157 8767//6157
f 8773//6158 8774//6158 8767//6158
f 8767//6159 8774//6159 8768//6159
f 8774//6160 8775//6160 8768//6160
f 8769//6161 8776//6161 8770//6161
f 8776//6162 8777//6162 8770//6162
f 8770//6163 8777//6163 8771//6163
f 8777//6164 8778//6164 8771//6164
f 8771//6165 8778//6165 8772//6165
f 8778//6166 8779//6166 8772//6166
f 8772//6167 8779//6167 8773//6167
f 8779//6168 8780//6168 8773//6168
f 8773//6169 8780//6169 8774//6169
f 8780//6170 8781//6170 8774//6170
f 8774//6171 8781//6171 8775//6171
f 8781//6172 8782//6172 8775//6172
f 8776//6173 8783//6173 8777//6173
f 8783//6174 8784//6174 8777//6174
f 8777//6175 8784//6175 8778//6175
f 8784//6176 8785//6176 8778//6176
f 8778//6177 8785//6177 8779//6177
f 8785//6178 8786//6178 8779//6178
f 8779//6179 8786//6179 8780//6179
f 8786//6180 8787//6180 8780//6180
f 8780//6181 8787//6181 8781//6181
f 8787//6182 8788//6182 8781//6182
f 8781//6183 8788//6183 8782//6183
f 8788//6184 8789//6184 8782//6184
f 8783//6185 8790//6185 8784//6185
f 8790//6186 8791//6186 8784//6186
f 8784//6187 8791//6187 8785//6187
f 8791//6188 8792//6188 8785//6188
f 8785//6189 8792//6189 8786//6189
f 8792//6190 8793//6190 8786//6190
f 8786//6191 8793//6191 8787//6191
f 8793//6192 8794//6192 8787//6192
f 8787//6193 8794//6193 8788//6193
f 8794//6194 8795//6194 8788//6194
f 8788//6195 8795//6195 8789//6195
f 8795//6196 8796//6196 8789//6196
f 8797//6197 8804//6197 8798//6197
f 8804//6198 8805//6198 8798//6198
f 8798//6199 8805//6199 8799//6199
f 8805//6200 8806//6200 8799//6200
f 8799//6201 8806//6201 8800//6201
f 8806//6202 8807//6202 8800//6202
f 8800//6203 8807//6203 8801//6203
f 8807//6204 8808//6204 8801//6204
f 8801//6205 8808//6205 8802//6205
f 8808//6206 8809//6206 8802//6206
f 8802//6207 8809//6207 8803//6207
f 8809//6208 8810//6208 8803//6208
f 8804//6209 8811//6209 8805//6209
f 8811//6210 8812//6210 8805//6210
f 8805//6211 8812//6211 8806//6211
f 8812//6212 8813//6212 8806//6212
f 8806//6213 8813//6213 8807//6213
f 8813//6214 8814//6214 8807//6214
f 8807//6215 8814//6215 8808//6215
f 8814//6216 8815//6216 8808//6216
f 8808//6217 8815//6217 8809//6217
f 8815//6218 8816//6218 8809//6218
f 8809//6219 8816//6219 8810//6219
f 8816//6220 8817//6220 8810//6220
f 8811//6221 8818//6221 8812//6221
f 8818//6222 8819//6222 8812//6222
f 8812//6223 8819//6223 8813//6223
f 8819//6224 8820//6224 8813//6224
f 8813//6225 8820//6225 8814//6225
f 8820//6226 8821//6226 8814//6226
f 8814//6227 8821//6227 8815//6227
f 8821//6228 8822//6228 8815//6228
f 8815//6229 8822//6229 8816//6229
f 8822//6230 8823//6230 8816//6230
f 8816//6231 8823//6231 8817//6231
f 8823//6232 8824//6232 8817//6232
f 8818//6233 8825//6233 8819//6233
f 8825//6234 8826//6234 8819//6234
f 8819//6235 8826//6235 8820//6235
f 8826//6236 8827//6236 8820//6236
f 8820//6237 8827//6237 8821//6237
f 8827//6238 8828//6238 8821//6238
f 8821//6239 8828//6239 8822//6239
f 8828//6240 8829//6240 8822//6240
f 8822//6241 8829//6241 8823//6241
f 8829//6242 8830//6242 8823//6242
f 8823//6243 8830//6243 8824//6243
f 8830//6244 8831//6244 8824//6244
f 8825//6245 8832//6245 8826//6245
f 8832//6246 8833//6246 8826//6246
f 8826//6247 8833//6247 8827//6247
f 8833//6248 8834//6248 8827//6248
f 8827//6249 8834//6249 8828//6249
f 8834//6250 8835//6250 8828//6250
f 8828//6251 8835//6251 8829//6251
f 8835//6252 8836//6252 8829//6252
f 8829//6253 8836//6253 8830//6253
f 8836//6254 8837//6254 8830//6254
f 8830//6255 8837//6255 8831//6255
f 8837//6256 8838//6256 8831//6256
f 8832//6257 8839//6257 8833//6257
f 8839//6258 8840//6258 8833//6258
f 8833//6259 8840//6259 8834//6259
f 8840//6260 8841//6260 8834//6260
f 8834//6261 8841//6261 8835//6261
f 8841//6262 8842//6262 8835//6262
f 8835//6263 8842//6263 8836//6263
f 8842//6264 8843//6264 8836//6264
f 8836//6265 8843//6265 8837//6265
f 8843//6266 8844//6266 8837//6266
f 8837//6267 8844//6267 8838//6267
f 8844//6268 8845//6268 8838//6268
f 8846//6269 8853//6269 8847//6269
f 8853//6270 8854//6270 8847//6270
f 8847//6271 8854//6271 8848//6271
f 8854//6272 8855//6272 8848//6272
f 8848//6273 8855//6273 8849//6273
f 8855//6274 8856//6274 8849//6274
f 8849//6275 8856//6275 8850//6275
f 8856//6276 8857//6276 8850//6276
f 8850//6277 8857//6277 8851//6277
f 8857//6278 8858//6278 8851//6278
f 8851//6279 8858//6279 8852//6279
f 8858//6280 8859//6280 8852//6280
f 8853//6281 8860//6281 8854//6281
f 8860//6282 8861//6282 8854//6282
f 8854//6283 8861//6283 8855//6283
f 8861//6284 8862//6284 8855//6284
f 8855//6285 8862//6285 8856//6285
f 8862//6286 8863//6286 8856//6286
f 8856//6287 8863//6287 8857//6287
f 8863//6288 8864//6288 8857//6288
f 8857//6289 8864//6289 8858//6289
f 8864//6290 8865//6290 8858//6290
f 8858//6291 8865//6291 8859//6291
f 8865//6292 8866//6292 8859//6292
f 8860//6293 8867//6293 8861//6293
f 8867//6294 8868//6294 8861//6294
f 8861//6295 8868//6295 8862//6295
f 8868//6296 8869//6296 8862//6296
f 8862//6297 8869//6297 8863//6297
f 8869//6298 8870//6298 8863//6298
f 8863//6299 8870//6299 8864//6299
f 8870//6300 8871//6300 8864//6300
f 8864//6301 8871//6301 8865//6301
f 8871//6302 8872//6302 8865//6302
f 8865//6303 8872//6303 8866//6303
f 8872//6304 8873//6304 8866//6304
f 8867//6305 8874//6305 8868//6305
f 8874//6306 8875//6306 8868//6306
f 8868//6307 8875//6307 8869//6307
f 8875//6308 8876//6308 8869//6308
f 8869//6309 8876//6309 8870//6309
f 8876//6310 8877//6310 8870//6310
f 8870//6311 8877//6311 8871//6311
f 8877//6312 8878//6312 8871//6312
f 8871//6313 8878//6313 8872//6313
f 8878//6314 8879//6314 8872//6314
f 8872//6315 8879//6315 8873//6315
f 8879//6316 8880//6316 8873//6316
f 8874//6317 8881//6317 8875//6317
f 8881//6318 8882//6318 8875//6318
f 8875//6319 8882//6319 8876//6319
f 8882//6320 8883//6320 8876//6320
f 8876//6321 8883//6321 8877//6321
f 8883//6322 8884//6322 8877//6322
f 8877//6323 8884//6323 8878//6323
f 8884//6324 8885//6324 8878//6324
f 8878//6325 8885//6325 8879//6325
f 8885//6326 8886//6326 8879//6326
f 8879//6327 8886//6327 8880//6327
f 8886//6328 8887//6328 8880//6328
f 8881//6329 8888//6329 8882//6329
f 8888//6330 8889//6330 8882//6330
f 8882//6331 8889//6331 8883//6331
f 8889//6332 8890//6332 8883//6332
f 8883//6333 8890//6333 8884//6333
f 8890//6334 8891//6334 8884//6334
f 8884//6335 8891//6335 8885//6335
f 8891//6336 8892//6336 8885//6336
f 8885//6337 8892//6337 8886//6337
f 8892//6338 8893//6338 8886//6338
f 8886//6339 8893//6339 8887//6339
f 8893//6340 8894//6340 8887//6340
f 8895//5475 8902//5475 8896//5475
f 8902//5475 8903//5475 8896//5475
f 8896//5475 8903//5475 8897//5475
f 8903//5475 8904//5475 8897//5475
f 8897//5475 8904//5475 8898//5475
f 8904//5475 8905//5475 8898//5475
f 8898//5475 8905//5475 8899//5475
f 8905//5475 8906//5475 8899//5475
f 8899//5475 8906//5475 8900//5475
f 8906//5475 8907//5475 8900//5475
f 8900//5475 8907//5475 8901//5475
f 8907//5475 8908//5475 8901//5475
f 8902//5475 8909//5475 8903//5475
f 8909//5475 8910//5475 8903//5475
f 8903//5475 8910//5475 8904//5475
f 8910//5475 8911//5475 8904//5475
f 8904//5475 8911//5475 8905//5475
f 8911//5475 8912//5475 8905//5475
f 8905//5475 8912//5475 8906//5475
f 8912//5475 8913//5475 8906//5475
f 8906//5475 8913//5475 8907//5475
f 8913//5475 8914//5475 8907//5475
f 8907//5475 8914//5475 8908//5475
f 8914//5475 8915//5475 8908//5475
f 8909//5475 8916//5475 8910//5475
f 8916//5475 8917//5475 8910//5475
f 8910//5475 8917//5475 8911//5475
f 8917//5475 8918//5475 8911//5475
f 8911//5475 8918//5475 8912//5475
f 8918//5475 8919//5475 8912//5475
f 8912//5475 8919//5475 8913//5475
f 8919//5475 8920//5475 8913//5475
f 8913//5475 8920//5475 8914//5475
f 8920//5475 8921//5475 8914//5475
f 8914//5475 8921//5475 8915//5475
f 8921//5475 8922//5475 8915//5475
f 8916//5475 8923//5475 8917//5475
f 8923//5475 8924//5475 8917//5475
f 8917//5475 8924//5475 8918//5475
f 8924//5475 8925//5475 8918//5475
f 8918//5475 8925//5475 8919//5475
f 8925//5475 8926//5475 8919//5475
f 8919//5475 8926//5475 8920//5475
f 8926//5475 8927//5475 8920//5475
f 8920//5475 8927//5475 8921//5475
f 8927//5475 8928//5475 8921//5475
f 8921//5475 8928//5475 8922//5475
f 8928//5475 8929//5475 8922//5475
f 8923//5475 8930//5475 8924//5475
f 8930//5475 8931//5475 8924//5475
f 8924//5475 8931//5475 8925//5475
f 8931//5475 8932//5475 8925//5475
f 8925//5475 8932//5475 8926//5475
f 8932//5475 8933//5475 8926//5475
f 8926//5475 8933//5475 8927//5475
f 8933//5475 8934//5475 8927//5475
f 8927//5475 8934//5475 8928//5475
f 8934//5475 8935//5475 8928//5475
f 8928//5475 8935//5475 8929//5475
f 8935//5475 8936//5475 8929//5475
f 8930//5475 8937//5475 8931//5475
f 8937//5475 8938//5475 8931//5475
f 8931//5475 8938//5475 8932//5475
f 8938//5475 8939//5475 8932//5475
f 8932//5475 8939//5475 8933//5475
f 8939//5475 8940//5475 8933//5475
f 8933//5475 8940//5475 8934//5475
f 8940//5475 8941//5475 8934//5475
f 8934//5475 8941//5475 8935//5475
f 8941//5475 8942//5475 8935//5475
f 8935//5475 8942//5475 8936//5475
f 8942//5475 8943//5475 8936//5475
f 8944//5476 8951//5476 8945//5476
f 8951//5476 8952//5476 8945//5476
f 8945//5476 8952//5476 8946//5476
f 8952//5476 8953//5476 8946//5476
f 8946//5476 8953//5476 8947//5476
f 8953//5476 8954//5476 8947//5476
f 8947//5476 8954//5476 8948//5476
f 8954//5476 8955//5476 8948//5476
f 8948//5476 8955//5476 8949//5476
f 8955//5476 8956//5476 8949//5476
f 8949//5476 8956//5476 8950//5476
f 8956//5476 8957//5476 8950//5476
f 8951//5476 8958//5476 8952//5476
f 8958//5476 8959//5476 8952//5476
f 8952//5476 8959//5476 8953//5476
f 8959//5476 8960//5476 8953//5476
f 8953//5476 8960//5476 8954//5476
f 8960//5476 8961//5476 8954//5476
f 8954//5476 8961//5476 8955//5476
f 8961//5476 8962//5476 8955//5476
f 8955//5476 8962//5476 8956//5476
f 8962//5476 8963//5476 8956//5476
f 8956//5476 8963//5476 8957//5476
f 8963//5476 8964//5476 8957//5476
f 8958//5476 8965//5476 8959//5476
f 8965//5476 8966//5476 8959//5476
f 8959//5476 8966//5476 8960//5476
f 8966//5476 8967//5476 8960//5476
f 8960//5476 8967//5476 8961//5476
f 8967//5476 8968//5476 8961//5476
f 8961//5476 8968//5476 8962//5476
f 8968//5476 8969//5476 8962//5476
f 8962//5476 8969//5476 8963//5476
f 8969//5476 8970//5476 8963//5476
f 8963//5476 8970//5476 8964//5476
f 8970//5476 8971//5476 8964//5476
f 8965//5476 8972//5476 8966//5476
f 8972//5476 8973//5476 8966//5476
f 8966//5476 8973//5476 8967//5476
f 8973//5476 8974//5476 8967//5476
f 8967//5476 8974//5476 8968//5476
f 8974//5476 8975//5476 8968//5476
f 8968//5476 8975//5476 8969//5476
f 8975//5476 8976//5476 8969//5476
f 8969//5476 8976//5476 8970//5476
f 8976//5476 8977//5476 8970//5476
f 8970//5476 8977//5476 8971//5476
f 8977//5476 8978//5476 8971//5476
f 8972//5476 8979//5476 8973//5476
f 8979//5476 8980//5476 8973//5476
f 8973//5476 8980//5476 8974//5476
f 8980//5476 8981//5476 8974//5476
f 8974//5476 8981//5476 8975//5476
f 8981//5476 8982//5476 8975//5476
f 8975//5476 8982//5476 8976//5476
f 8982//5476 8983//5476 8976//5476
f 8976//5476 8983//5476 8977//5476
f 8983//5476 8984//5476 8977//5476
f 8977//5476 8984//5476 8978//5476
f 8984//5476 8985//5476 8978//5476
f 8979//5476 8986//5476 8980//5476
f 8986//5476 8987//5476 8980//5476
f 8980//5476 8987//5476 8981//5476
f 8987//5476 8988//5476 8981//5476
f 8981//5476 8988//5476 8982//5476
f 8988//5476 8989//5476 8982//5476
f 8982//5476 8989//5476 8983//5476
f 8989//5476 8990//5476 8983//5476
f 8983//5476 8990//5476 8984//5476
f 8990//5476 8991//5476 8984//5476
f 8984//5476 8991//5476 8985//5476
f 8991//5476 8992//5476 8985//5476
f 8993//6341 9000//6341 8994//6341
f 9000//6342 9001//6342 8994//6342
f 8994//6343 9001//6343 8995//6343
f 9001//6344 9002//6344 8995//6344
f 8995//6345 9002//6345 8996//6345
f 9002//6346 9003//6346 8996//6346
f 8996//6347 9003//6347 8997//6347
f 9003//6348 9004//6348 8997//6348
f 8997//6349 9004//6349 8998//6349
f 9004//6350 9005//6350 8998//6350
f 8998//6351 9005//6351 8999//6351
f 9005//6352 9006//6352 8999//6352
f 9000//6353 9007//6353 9001//6353
f 9007//6354 9008//6354 9001//6354
f 9001//6355 9008//6355 9002//6355
f 9008//6356 9009//6356 9002//6356
f 9002//6357 9009//6357 9003//6357
f 9009//6358 9010//6358 9003//6358
f 9003//6359 9010//6359 9004//6359
f 9010//6360 9011//6360 9004//6360
f 9004//6361 9011//6361 9005//6361
f 9011//6362 9012//6362 9005//6362
f 9005//6363 9012//6363 9006//6363
f 9012//6364 9013//6364 9006//6364
f 9007//6365 9014//6365 9008//6365
f 9014//6366 9015//6366 9008//6366
f 9008//6367 9015//6367 9009//6367
f 9015//6368 9016//6368 9009//6368
f 9009//6369 9016//6369 9010//6369
f 9016//6370 9017//6370 9010//6370
f 9010//6371 9017//6371 9011//6371
f 9017//6372 9018//6372 9011//6372
f 9011//6373 9018//6373 9012//6373
f 9018//6374 9019//6374 9012//6374
f 9012//6375 9019//6375 9013//6375
f 9019//6376 9020//6376 9013//6376
f 9014//6377 9021//6377 9015//6377
f 9021//6378 9022//6378 9015//6378
f 9015//6379 9022//6379 9016//6379
f 9022//6380 9023//6380 9016//6380
f 9016//6381 9023//6381 9017//6381
f 9023//6382 9024//6382 9017//6382
f 9017//6383 9024//6383 9018//6383
f 9024//6384 9025//6384 9018//6384
f 9018//6385 9025//6385 9019//6385
f 9025//6386 9026//6386 9019//6386
f 9019//6387 9026//6387 9020//6387
f 9026//6388 9027//6388 9020//6388
f 9021//6389 9028//6389 9022//6389
f 9028//6390 9029//6390 9022//6390
f 9022//6391 9029//6391 9023//6391
f 9029//6392 9030//6392 9023//6392
f 9023//6393 9030//6393 9024//6393
f 9030//6394 9031//6394 9024//6394
f 9024//6395 9031//6395 9025//6395
f 9031//6396 9032//6396 9025//6396
f 9025//6397 9032//6397 9026//6397
f 9032//6398 9033//6398 9026//6398
f 9026//6399 9033//6399 9027//6399
f 9033//6400 9034//6400 9027//6400
f 9028//6401 9035//6401 9029//6401
f 9035//6402 9036//6402 9029//6402
f 9029//6403 9036//6403 9030//6403
f 9036//6404 9037//6404 9030//6404
f 9030//6405 9037//6405 9031//6405
f 9037//6406 9038//6406 9031//6406
f 9031//6407 9038//6407 9032//6407
f 9038//6408 9039//6408 9032//6408
f 9032//6409 9039//6409 9033//6409
f 9039//6410 9040//6410 9033//6410
f 9033//6411 9040//6411 9034//6411
f 9040//6412 9041//6412 9034//6412
f 9042//6413 9049//6413 9043//6413
f 9049//6414 9050//6414 9043//6414
f 9043//6415 9050//6415 9044//6415
f 9050//6416 9051//6416 9044//6416
f 9044//6417 9051//6417 9045//6417
f 9051//6418 9052//6418 9045//6418
f 9045//6419 9052//6419 9046//6419
f 9052//6420 9053//6420 9046//6420
f 9046//6421 9053//6421 9047//6421
f 9053//6422 9054//6422 9047//6422
f 9047//6423 9054//6423 9048//6423
f 9054//6424 9055//6424 9048//6424
f 9049//6425 9056//6425 9050//6425
f 9056//6426 9057//6426 9050//6426
f 9050//6427 9057//6427 9051//6427
f 9057//6428 9058//6428 9051//6428
f 9051//6429 9058//6429 9052//6429
f 9058//6430 9059//6430 9052//6430
f 9052//6431 9059//6431 9053//6431
f 9059//6432 9060//6432 9053//6432
f 9053//6433 9060//6433 9054//6433
f 9060//6434 9061//6434 9054//6434
f 9054//6435 9061//6435 9055//6435
f 9061//6436 9062//6436 9055//6436
f 9056//6437 9063//6437 9057//6437
f 9063//6438 9064//6438 9057//6438
f 9057//6439 9064//6439 9058//6439
f 9064//6440 9065//6440 9058//6440
f 9058//6441 9065//6441 9059//6441
f 9065//6442 9066//6442 9059//6442
f 9059//6443 9066//6443 9060//6443
f 9066//6444 9067//6444 9060//6444
f 9060//6445 9067//6445 9061//6445
f 9067//6446 9068//6446 9061//6446
f 9061//6447 9068//6447 9062//6447
f 9068//6448 9069//6448 9062//6448
f 9063//6449 9070//6449 9064//6449
f 9070//6450 9071//6450 9064//6450
f 9064//6451 9071//6451 9065//6451
f 9071//6452 9072//6452 9065//6452
f 9065//6453 9072//6453 9066//6453
f 9072//6454 9073//6454 9066//6454
f 9066//6455 9073//6455 9067//6455
f 9073//6456 9074//6456 9067//6456
f 9067//6457 9074//6457 9068//6457
f 9074//6458 9075//6458 9068//6458
f 9068//6459 9075//6459 9069//6459
f 9075//6460 9076//6460 9069//6460
f 9070//6461 9077//6461 9071//6461
f 9077//6462 9078//6462 9071//6462
f 9071//6463 9078//6463 9072//6463
f 9078//6464 9079//6464 9072//6464
f 9072//6465 9079//6465 9073//6465
f 9079//6466 9080//6466 9073//6466
f 9073//6467 9080//6467 9074//6467
f 9080//6468 9081//6468 9074//6468
f 9074//6469 9081//6469 9075//6469
f 9081//6470 9082//6470 9075//6470
f 9075//6471 9082//6471 9076//6471
f 9082//6472 9083//6472 9076//6472
f 9077//6473 9084//6473 9078//6473
f 9084//6474 9085//6474 9078//6474
f 9078//6475 9085//6475 9079//6475
f 9085//6476 9086//6476 9079//6476
f 9079//6477 9086//6477 9080//6477
f 9086//6478 9087//6478 9080//6478
f 9080//6479 9087//6479 9081//6479
f 9087//6480 9088//6480 9081//6480
f 9081//6481 9088//6481 9082//6481
f 9088//6482 9089//6482 9082//6482
f 9082//6483 9089//6483 9083//6483
f 9089//6484 9090//6484 9083//6484
f 9091//6485 9098//6485 9092//6485
f 9098//6486 9099//6486 9092//6486
f 9092//6487 9099//6487 9093//6487
f 9099//6488 9100//6488 9093//6488
f 9093//6489 9100//6489 9094//6489
f 9100//6490 9101//6490 9094//6490
f 9094//6491 9101//6491 9095//6491
f 9101//6492 9102//6492 9095//6492
f 9095//6493 9102//6493 9096//6493
f 9102//6494 9103//6494 9096//6494
f 9096//6495 9103//6495 9097//6495
f 9103//6496 9104//6496 9097//6496
f 9098//6497 9105//6497 9099//6497
f 9105//6498 9106//6498 9099//6498
f 9099//6499 9106//6499 9100//6499
f 9106//6500 9107//6500 9100//6500
f 9100//6501 9107//6501 9101//6501
f 9107//6502 9108//6502 9101//6502
f 9101//6503 9108//6503 9102//6503
f 9108//6504 9109//6504 9102//6504
f 9102//6505 9109//6505 9103//6505
f 9109//6506 9110//6506 9103//6506
f 9103//6507 9110//6507 9104//6507
f 9110//6508 9111//6508 9104//6508
f 9105//6509 9112//6509 9106//6509
f 9112//6510 9113//6510 9106//6510
f 9106//6511 9113//6511 9107//6511
f 9113//6512 9114//6512 9107//6512
f 9107//6513 9114//6513 9108//6513
f 9114//6514 9115//6514 9108//6514
f 9108//6515 9115//6515 9109//6515
f 9115//6516 9116//6516 9109//6516
f 9109//6517 9116//6517 9110//6517
f 9116//6518 9117//6518 9110//6518
f 9110//6519 9117//6519 9111//6519
f 9117//6520 9118//6520 9111//6520
f 9112//6521 9119//6521 9113//6521
f 9119//6522 9120//6522 9113//6522
f 9113//6523 9120//6523 9114//6523
f 9120//6524 9121//6524 9114//6524
f 9114//6525 9121//6525 9115//6525
f 9121//6526 9122//6526 9115//6526
f 9115//6527 9122//6527 9116//6527
f 9122//6528 9123//6528 9116//6528
f 9116//6529 9123//6529 9117//6529
f 9123//6530 9124//6530 9117//6530
f 9117//6531 9124//6531 9118//6531
f 9124//6532 9125//6532 9118//6532
f 9119//6533 9126//6533 9120//6533
f 9126//6534 9127//6534 9120//6534
f 9120//6535 9127//6535 9121//6535
f 9127//6536 9128//6536 9121//6536
f 9121//6537 9128//6537 9122//6537
f 9128//6538 9129//6538 9122//6538
f 9122//6539 9129//6539 9123//6539
f 9129//6540 9130//6540 9123//6540
f 9123//6541 9130//6541 9124//6541
f 9130//6542 9131//6542 9124//6542
f 9124//6543 9131//6543 9125//6543
f 9131//6544 9132//6544 9125//6544
f 9126//6545 9133//6545 9127//6545
f 9133//6546 9134//6546 9127//6546
f 9127//6547 9134//6547 9128//6547
f 9134//6548 9135//6548 9128//6548
f 9128//6549 9135//6549 9129//6549
f 9135//6550 9136//6550 9129//6550
f 9129//6551 9136//6551 9130//6551
f 9136//6552 9137//6552 9130//6552
f 9130//6553 9137//6553 9131//6553
f 9137//6554 9138//6554 9131//6554
f 9131//6555 9138//6555 9132//6555
f 9138//6556 9139//6556 9132//6556
f 9140//6557 9147//6557 9141//6557
f 9147//6558 9148//6558 9141//6558
f 9141//6559 9148//6559 9142//6559
f 9148//6560 9149//6560 9142//6560
f 9142//6561 9149//6561 9143//6561
f 9149//6562 9150//6562 9143//6562
f 9143//6563 9150//6563 9144//6563
f 9150//6564 9151//6564 9144//6564
f 9144//6565 9151//6565 9145//6565
f 9151//6566 9152//6566 9145//6566
f 9145//6567 9152//6567 9146//6567
f 9152//6568 9153//6568 9146//6568
f 9147//6569 9154//6569 9148//6569
f 9154//6570 9155//6570 9148//6570
f 9148//6571 9155//6571 9149//6571
f 9155//6572 9156//6572 9149//6572
f 9149//6573 9156//6573 9150//6573
f 9156//6574 9157//6574 9150//6574
f 9150//6575 9157//6575 9151//6575
f 9157//6576 9158//6576 9151//6576
f 9151//6577 9158//6577 9152//6577
f 9158//6578 9159//6578 9152//6578
f 9152//6579 9159//6579 9153//6579
f 9159//6580 9160//6580 9153//6580
f 9154//6581 9161//6581 9155//6581
f 9161//6582 9162//6582 9155//6582
f 9155//6583 9162//6583 9156//6583
f 9162//6584 9163//6584 9156//6584
f 9156//6585 9163//6585 9157//6585
f 9163//6586 9164//6586 9157//6586
f 9157//6587 9164//6587 9158//6587
f 9164//6588 9165//6588 9158//6588
f 9158//6589 9165//6589 9159//6589
f 9165//6590 9166//6590 9159//6590
f 9159//6591 9166//6591 9160//6591
f 9166//6592 9167//6592 9160//6592
f 9161//6593 9168//6593 9162//6593
f 9168//6594 9169//6594 9162//6594
f 9162//6595 9169//6595 9163//6595
f 9169//6596 9170//6596 9163//6596
f 9163//6597 9170//6597 9164//6597
f 9170//6598 9171//6598 9164//6598
f 9164//6599 9171//6599 9165//6599
f 9171//6600 9172//6600 9165//6600
f 9165//6601 9172//6601 9166//6601
f 9172//6602 9173//6602 9166//6602
f 9166//6603 9173//6603 9167//6603
f 9173//6604 9174//6604 9167//6604
f 9168//6605 9175//6605 9169//6605
f 9175//6606 9176//6606 9169//6606
f 9169//6607 9176//6607 9170//6607
f 9176//6608 9177//6608 9170//6608
f 9170//6609 9177//6609 9171//6609
f 9177//6610 9178//6610 9171//6610
f 9171//6611 9178//6611 9172//6611
f 9178//6612 9179//6612 9172//6612
f 9172//6613 9179//6613 9173//6613
f 9179//6614 9180//6614 9173//6614
f 9173//6615 9180//6615 9174//6615
f 9180//6616 9181//6616 9174//6616
f 9175//6617 9182//6617 9176//6617
f 9182//6618 9183//6618 9176//6618
f 9176//6619 9183//6619 9177//6619
f 9183//6620 9184//6620 9177//6620
f 9177//6621 9184//6621 9178//6621
f 9184//6622 9185//6622 9178//6622
f 9178//6623 9185//6623 9179//6623
f 9185//6624 9186//6624 9179//6624
f 9179//6625 9186//6625 9180//6625
f 9186//6626 9187//6626 9180//6626
f 9180//6627 9187//6627 9181//6627
f 9187//6628 9188//6628 9181//6628
f 9189//5475 9196//5475 9190//5475
f 9196//5475 9197//5475 9190//5475
f 9190//5475 9197//5475 9191//5475
f 9197//5475 9198//5475 9191//5475
f 9191//5475 9198//5475 9192//5475
f 9198//5475 9199//5475 9192//5475
f 9192//5475 9199//5475 9193//5475
f 9199//5475 9200//5475 9193//5475
f 9193//5475 9200//5475 9194//5475
f 9200//5475 9201//5475 9194//5475
f 9194//5475 9201//5475 9195//5475
f 9201//5475 9202//5475 9195//5475
f 9196//5475 9203//5475 9197//5475
f 9203//5475 9204//5475 9197//5475
f 9197//5475 9204//5475 9198//5475
f 9204//5475 9205//5475 9198//5475
f 9198//5475 9205//5475 9199//5475
f 9205//5475 9206//5475 9199//5475
f 9199//5475 9206//5475 9200//5475
f 9206//5475 9207//5475 9200//5475
f 9200//5475 9207//5475 9201//5475
f 9207//5475 9208//5475 9201//5475
f 9201//5475 9208//5475 9202//5475
f 9208//5475 9209//5475 9202//5475
f 9203//5475 9210//5475 9204//5475
f 9210//5475 9211//5475 9204//5475
f 9204//5475 9211//5475 9205//5475
f 9211//5475 9212//5475 9205//5475
f 9205//5475 9212//5475 9206//5475
f 9212//5475 9213//5475 9206//5475
f 9206//5475 9213//5475 9207//5475
f 9213//5475 9214//5475 9207//5475
f 9207//5475 9214//5475 9208//5475
f 9214//5475 9215//5475 9208//5475
f 9208//5475 9215//5475 9209//5475
f 9215//5475 9216//5475 9209//5475
f 9210//5475 9217//5475 9211//5475
f 9217//5475 9218//5475 9211//5475
f 9211//5475 9218//5475 9212//5475
f 9218//5475 9219//5475 9212//5475
f 9212//5475 9219//5475 9213//5475
f 9219//5475 9220//5475 9213//5475
f 9213//5475 9220//5475 9214//5475
f 9220//5475 9221//5475 9214//5475
f 9214//5475 9221//5475 9215//5475
f 9221//5475 9222//5475 9215//5475
f 9215//5475 9222//5475 9216//5475
f 9222//5475 9223//5475 9216//5475
f 9217//5475 9224//5475 9218//5475
f 9224//5475 9225//5475 9218//5475
f 9218//5475 9225//5475 9219//5475
f 9225//5475 9226//5475 9219//5475
f 9219//5475 9226//5475 9220//5475
f 9226//5475 9227//5475 9220//5475
f 9220//5475 9227//5475 9221//5475
f 9227//5475 9228//5475 9221//5475
f 9221//5475 9228//5475 9222//5475
f 9228//5475 9229//5475 9222//5475
f 9222//5475 9229//5475 9223//5475
f 9229//5475 9230//5475 9223//5475
f 9224//5475 9231//5475 9225//5475
f 9231//5475 9232//5475 9225//5475
f 9225//5475 9232//5475 9226//5475
f 9232//5475 9233//5475 9226//5475
f 9226//5475 9233//5475 9227//5475
f 9233//5475 9234//5475 9227//5475
f 9227//5475 9234//5475 9228//5475
f 9234//5475 9235//5475 9228//5475
f 9228//5475 9235//5475 9229//5475
f 9235//5475 9236//5475 9229//5475
f 9229//5475 9236//5475 9230//5475
f 9236//5475 9237//5475 9230//5475
f 9238//5476 9245//5476 9239//5476
f 9245//5476 9246//5476 9239//5476
f 9239//5476 9246//5476 9240//5476
f 9246//5476 9247//5476 9240//5476
f 9240//5476 9247//5476 9241//5476
f 9247//5476 9248//5476 9241//5476
f 9241//5476 9248//5476 9242//5476
f 9248//5476 9249//5476 9242//5476
f 9242//5476 9249//5476 9243//5476
f 9249//5476 9250//5476 9243//5476
f 9243//5476 9250//5476 9244//5476
f 9250//5476 9251//5476 9244//5476
f 9245//5476 9252//5476 9246//5476
f 9252//5476 9253//5476 9246//5476
f 9246//5476 9253//5476 9247//5476
f 9253//5476 9254//5476 9247//5476
f 9247//5476 9254//5476 9248//5476
f 9254//5476 9255//5476 9248//5476
f 9248//5476 9255//5476 9249//5476
f 9255//5476 9256//5476 9249//5476
f 9249//5476 9256//5476 9250//5476
f 9256//5476 9257//5476 9250//5476
f 9250//5476 9257//5476 9251//5476
f 9257//5476 9258//5476 9251//5476
f 9252//5476 9259//5476 9253//5476
f 9259//5476 9260//5476 9253//5476
f 9253//5476 9260//5476 9254//5476
f 9260//5476 9261//5476 9254//5476
f 9254//5476 9261//5476 9255//5476
f 9261//5476 9262//5476 9255//5476
f 9255//5476 9262//5476 9256//5476
f 9262//5476 9263//5476 9256//5476
f 9256//5476 9263//5476 9257//5476
f 9263//5476 9264//5476 9257//5476
f 9257//5476 9264//5476 9258//5476
f 9264//5476 9265//5476 9258//5476
f 9259//5476 9266//5476 9260//5476
f 9266//5476 9267//5476 9260//5476
f 9260//5476 9267//5476 9261//5476
f 9267//5476 9268//5476 9261//5476
f 9261//5476 9268//5476 9262//5476
f 9268//5476 9269//5476 9262//5476
f 9262//5476 9269//5476 9263//5476
f 9269//5476 9270//5476 9263//5476
f 9263//5476 9270//5476 9264//5476
f 9270//5476 9271//5476 9264//5476
f 9264//5476 9271//5476 9265//5476
f 9271//5476 9272//5476 9265//5476
f 9266//5476 9273//5476 9267//5476
f 9273//5476 9274//5476 9267//5476
f 9267//5476 9274//5476 9268//5476
f 9274//5476 9275//5476 9268//5476
f 9268//5476 9275//5476 9269//5476
f 9275//5476 9276//5476 9269//5476
f 9269//5476 9276//5476 9270//5476
f 9276//5476 9277//5476 9270//5476
f 9270//5476 9277//5476 9271//5476
f 9277//5476 9278//5476 9271//5476
f 9271//5476 9278//5476 9272//5476
f 9278//5476 9279//5476 9272//5476
f 9273//5476 9280//5476 9274//5476
f 9280//5476 9281//5476 9274//5476
f 9274//5476 9281//5476 9275//5476
f 9281//5476 9282//5476 9275//5476
f 9275//5476 9282//5476 9276//5476
f 9282//5476 9283//5476 9276//5476
f 9276//5476 9283//5476 9277//5476
f 9283//5476 9284//5476 9277//5476
f 9277//5476 9284//5476 9278//5476
f 9284//5476 9285//5476 9278//5476
f 9278//5476 9285//5476 9279//5476
f 9285//5476 9286//5476 9279//5476
f 9287//6629 9294//6629 9288//6629
f 9294//6630 9295//6630 9288//6630
f 9288//6631 9295//6631 9289//6631
f 9295//6632 9296//6632 9289//6632
f 9289//6633 9296//6633 9290//6633
f 9296//6634 9297//6634 9290//6634
f 9290//6635 9297//6635 9291//6635
f 9297//6636 9298//6636 9291//6636
f 9291//6637 9298//6637 9292//6637
f 9298//6638 9299//6638 9292//6638
f 9292//6639 9299//6639 9293//6639
f 9299//6640 9300//6640 9293//6640
f 9294//6641 9301//6641 9295//6641
f 9301//6642 9302//6642 9295//6642
f 9295//6643 9302//6643 9296//6643
f 9302//6644 9303//6644 9296//6644
f 9296//6645 9303//6645 9297//6645
f 9303//6646 9304//6646 9297//6646
f 9297//6647 9304//6647 9298//6647
f 9304//6648 9305//6648 9298//6648
f 9298//6649 9305//6649 9299//6649
f 9305//6650 9306//6650 9299//6650
f 9299//6651 9306//6651 9300//6651
f 9306//6652 9307//6652 9300//6652
f 9301//6653 9308//6653 9302//6653
f 9308//6654 9309//6654 9302//6654
f 9302//6655 9309//6655 9303//6655
f 9309//6656 9310//6656 9303//6656
f 9303//6657 9310//6657 9304//6657
f 9310//6658 9311//6658 9304//6658
f 9304//6659 9311//6659 9305//6659
f 9311//6660 9312//6660 9305//6660
f 9305//6661 9312//6661 9306//6661
f 9312//6662 9313//6662 9306//6662
f 9306//6663 9313//6663 9307//6663
f 9313//6664 9314//6664 9307//6664
f 9308//6665 9315//6665 9309//6665
f 9315//6666 9316//6666 9309//6666
f 9309//6667 9316//6667 9310//6667
f 9316//6668 9317//6668 9310//6668
f 9310//6669 9317//6669 9311//6669
f 9317//6670 9318//6670 9311//6670
f 9311//6671 9318//6671 9312//6671
f 9318//6672 9319//6672 9312//6672
f 9312//6673 9319//6673 9313//6673
f 9319//6674 9320//6674 9313//6674
f 9313//6675 9320//6675 9314//6675
f 9320//6676 9321//6676 9314//6676
f 9315//6677 9322//6677 9316//6677
f 9322//6678 9323//6678 9316//6678
f 9316//6679 9323//6679 9317//6679
f 9323//6680 9324//6680 9317//6680
f 9317//6681 9324//6681 9318//6681
f 9324//6682 9325//6682 9318//6682
f 9318//6683 9325//6683 9319//6683
f 9325//6684 9326//6684 9319//6684
f 9319//6685 9326//6685 9320//6685
f 9326//6686 9327//6686 9320//6686
f 9320//6687 9327//6687 9321//6687
f 9327//6688 9328//6688 9321//6688
f 9322//6689 9329//6689 9323//6689
f 9329//6690 9330//6690 9323//6690
f 9323//6691 9330//6691 9324//6691
f 9330//6692 9331//6692 9324//6692
f 9324//6693 9331//6693 9325//6693
f 9331//6694 9332//6694 9325//6694
f 9325//6695 9332//6695 9326//6695
f 9332//6696 9333//6696 9326//6696
f 9326//6697 9333//6697 9327//6697
f 9333//6698 9334//6698 9327//6698
f 9327//6699 9334//6699 9328//6699
f 9334//6700 9335//6700 9328//6700
f 9336//6701 9343//6701 9337//6701
f 9343//6702 9344//6702 9337//6702
f 9337//6703 9344//6703 9338//6703
f 9344//6704 9345//6704 9338//6704
f 9338//6705 9345//6705 9339//6705
f 9345//6706 9346//6706 9339//6706
f 9339//6707 9346//6707 9340//6707
f 9346//6708 9347//6708 9340//6708
f 9340//6709 9347//6709 9341//6709
f 9347//6710 9348//6710 9341//6710
f 9341//6711 9348//6711 9342//6711
f 9348//6712 9349//6712 9342//6712
f 9343//6713 9350//6713 9344//6713
f 9350//6714 9351//6714 9344//6714
f 9344//6715 9351//6715 9345//6715
f 9351//6716 9352//6716 9345//6716
f 9345//6717 9352//6717 9346//6717
f 9352//6718 9353//6718 9346//6718
f 9346//6719 9353//6719 9347//6719
f 9353//6720 9354//6720 9347//6720
f 9347//6721 9354//6721 9348//6721
f 9354//6722 9355//6722 9348//6722
f 9348//6723 9355//6723 9349//6723
f 9355//6724 9356//6724 9349//6724
f 9350//6725 9357//6725 9351//6725
f 9357//6726 9358//6726 9351//6726
f 9351//6727 9358//6727 9352//6727
f 9358//6728 9359//6728 9352//6728
f 9352//6729 9359//6729 9353//6729
f 9359//6730 9360//6730 9353//6730
f 9353//6731 9360//6731 9354//6731
f 9360//6732 9361//6732 9354//6732
f 9354//6733 9361//6733 9355//6733
f 9361//6734 9362//6734 9355//6734
f 9355//6735 9362//6735 9356//6735
f 9362//6736 9363//6736 9356//6736
f 9357//6737 9364//6737 9358//6737
f 9364//6738 9365//6738 9358//6738
f 9358//6739 9365//6739 9359//6739
f 9365//6740 9366//6740 9359//6740
f 9359//6741 9366//6741 9360//6741
f 9366//6742 9367//6742 9360//6742
f 9360//6743 9367//6743 9361//6743
f 9367//6744 9368//6744 9361//6744
f 9361//6745 9368//6745 9362//6745
f 9368//6746 9369//6746 9362//6746
f 9362//6747 9369//6747 9363//6747
f 9369//6748 9370//6748 9363//6748
f 9364//6749 9371//6749 9365//6749
f 9371//6750 9372//6750 9365//6750
f 9365//6751 9372//6751 9366//6751
f 9372//6752 9373//6752 9366//6752
f 9366//6753 9373//6753 9367//6753
f 9373//6754 9374//6754 9367//6754
f 9367//6755 9374//6755 9368//6755
f 9374//6756 9375//6756 9368//6756
f 9368//6757 9375//6757 9369//6757
f 9375//6758 9376//6758 9369//6758
f 9369//6759 9376//6759 9370//6759
f 9376//6760 9377//6760 9370//6760
f 9371//6761 9378//6761 9372//6761
f 9378//6762 9379//6762 9372//6762
f 9372//6763 9379//6763 9373//6763
f 9379//6764 9380//6764 9373//6764
f 9373//6765 9380//6765 9374//6765
f 9380//6766 9381//6766 9374//6766
f 9374//6767 9381//6767 9375//6767
f 9381//6768 9382//6768 9375//6768
f 9375//6769 9382//6769 9376//6769
f 9382//6770 9383//6770 9376//6770
f 9376//6771 9383//6771 9377//6771
f 9383//6772 9384//6772 9377//6772
f 9385//6773 9392//6773 9386//6773
f 9392//6774 9393//6774 9386//6774
f 9386//6775 9393//6775 9387//6775
f 9393//6776 9394//6776 9387//6776
f 9387//6777 9394//6777 9388//6777
f 9394//6778 9395//6778 9388//6778
f 9388//6779 9395//6779 9389//6779
f 9395//6780 9396//6780 9389//6780
f 9389//6781 9396//6781 9390//6781
f 9396//6782 9397//6782 9390//6782
f 9390//6783 9397//6783 9391//6783
f 9397//6784 9398//6784 9391//6784
f 9392//6785 9399//6785 9393//6785
f 9399//6786 9400//6786 9393//6786
f 9393//6787 9400//6787 9394//6787
f 9400//6788 9401//6788 9394//6788
f 9394//6789 9401//6789 9395//6789
f 9401//6790 9402//6790 9395//6790
f 9395//6791 9402//6791 9396//6791
f 9402//6792 9403//6792 9396//6792
f 9396//6793 9403//6793 9397//6793
f 9403//6794 9404//6794 9397//6794
f 9397//6795 9404//6795 9398//6795
f 9404//6796 9405//6796 9398//6796
f 9399//6797 9406//6797 9400//6797
f 9406//6798 9407//6798 9400//6798
f 9400//6799 9407//6799 9401//6799
f 9407//6800 9408//6800 9401//6800
f 9401//6801 9408//6801 9402//6801
f 9408//6802 9409//6802 9402//6802
f 9402//6803 9409//6803 9403//6803
f 9409//6804 9410//6804 9403//6804
f 9403//6805 9410//6805 9404//6805
f 9410//6806 9411//6806 9404//6806
f 9404//6807 9411//6807 9405//6807
f 9411//6808 9412//6808 9405//6808
f 9406//6809 9413//6809 9407//6809
f 9413//6810 9414//6810 9407//6810
f 9407//6811 9414//6811 9408//6811
f 9414//6812 9415//6812 9408//6812
f 9408//6813 9415//6813 9409//6813
f 9415//6814 9416//6814 9409//6814
f 9409//6815 9416//6815 9410//6815
f 9416//6816 9417//6816 9410//6816
f 9410//6817 9417//6817 9411//6817
f 9417//6818 9418//6818 9411//6818
f 9411//6819 9418//6819 9412//6819
f 9418//6820 9419//6820 9412//6820
f 9413//6821 9420//6821 9414//6821
f 9420//6822 9421//6822 9414//6822
f 9414//6823 9421//6823 9415//6823
f 9421//6824 9422//6824 9415//6824
f 9415//6825 9422//6825 9416//6825
f 9422//6826 9423//6826 9416//6826
f 9416//6827 9423//6827 9417//6827
f 9423//6828 9424//6828 9417//6828
f 9417//6829 9424//6829 9418//6829
f 9424//6830 9425//6830 9418//6830
f 9418//6831 9425//6831 9419//6831
f 9425//6832 9426//6832 9419//6832
f 9420//6833 9427//6833 9421//6833
f 9427//6834 9428//6834 9421//6834
f 9421//6835 9428//6835 9422//6835
f 9428//6836 9429//6836 9422//6836
f 9422//6837 9429//6837 9423//6837
f 9429//6838 9430//6838 9423//6838
f 9423//6839 9430//6839 9424//6839
f 9430//6840 9431//6840 9424//6840
f 9424//6841 9431//6841 9425//6841
f 9431//6842 9432//6842 9425//6842
f 9425//6843 9432//6843 9426//6843
f 9432//6844 9433//6844 9426//6844
f 9434//6845 9441//6845 9435//6845
f 9441//6846 9442//6846 9435//6846
f 9435//6847 9442//6847 9436//6847
f 9442//6848 9443//6848 9436//6848
f 9436//6849 9443//6849 9437//6849
f 9443//6850 9444//6850 9437//6850
f 9437//6851 9444//6851 9438//6851
f 9444//6852 9445//6852 9438//6852
f 9438//6853 9445//6853 9439//6853
f 9445//6854 9446//6854 9439//6854
f 9439//6855 9446//6855 9440//6855
f 9446//6856 9447//6856 9440//6856
f 9441//6857 9448//6857 9442//6857
f 9448//6858 9449//6858 9442//6858
f 9442//6859 9449//6859 9443//6859
f 9449//6860 9450//6860 9443//6860
f 9443//6861 9450//6861 9444//6861
f 9450//6862 9451//6862 9444//6862
f 9444//6863 9451//6863 9445//6863
f 9451//6864 9452//6864 9445//6864
f 9445//6865 9452//6865 9446//6865
f 9452//6866 9453//6866 9446//6866
f 9446//6867 9453//6867 9447//6867
f 9453//6868 9454//6868 9447//6868
f 9448//6869 9455//6869 9449//6869
f 9455//6870 9456//6870 9449//6870
f 9449//6871 9456//6871 9450//6871
f 9456//6872 9457//6872 9450//6872
f 9450//6873 9457//6873 9451//6873
f 9457//6874 9458//6874 9451//6874
f 9451//6875 9458//6875 9452//6875
f 9458//6876 9459//6876 9452//6876
f 9452//6877 9459//6877 9453//6877
f 9459//6878 9460//6878 9453//6878
f 9453//6879 9460//6879 9454//6879
f 9460//6880 9461//6880 9454//6880
f 9455//6881 9462//6881 9456//6881
f 9462//6882 9463//6882 9456//6882
f 9456//6883 9463//6883 9457//6883
f 9463//6884 9464//6884 9457//6884
f 9457//6885 9464//6885 9458//6885
f 9464//6886 9465//6886 9458//6886
f 9458//6887 9465//6887 9459//6887
f 9465//6888 9466//6888 9459//6888
f 9459//6889 9466//6889 9460//6889
f 9466//6890 9467//6890 9460//6890
f 9460//6891 9467//6891 9461//6891
f 9467//6892 9468//6892 9461//6892
f 9462//6893 9469//6893 9463//6893
f 9469//6894 9470//6894 9463//6894
f 9463//6895 9470//6895 9464//6895
f 9470//6896 9471//6896 9464//6896
f 9464//6897 9471//6897 9465//6897
f 9471//6898 9472//6898 9465//6898
f 9465//6899 9472//6899 9466//6899
f 9472//6900 9473//6900 9466//6900
f 9466//6901 9473//6901 9467//6901
f 9473//6902 9474//6902 9467//6902
f 9467//6903 9474//6903 9468//6903
f 9474//6904 9475//6904 9468//6904
f 9469//6905 9476//6905 9470//6905
f 9476//6906 9477//6906 9470//6906
f 9470//6907 9477//6907 9471//6907
f 9477//6908 9478//6908 9471//6908
f 9471//6909 9478//6909 9472//6909
f 9478//6910 9479//6910 9472//6910
f 9472//6911 9479//6911 9473//6911
f 9479//6912 9480//6912 9473//6912
f 9473//6913 9480//6913 9474//6913
f 9480//6914 9481//6914 9474//6914
f 9474//6915 9481//6915 9475//6915
f 9481//6916 9482//6916 9475//6916
f 9483//5475 9490//5475 9484//5475
f 9490//5475 9491//5475 9484//5475
f 9484//5475 9491//5475 9485//5475
f 9491//5475 9492//5475 9485//5475
f 9485//5475 9492//5475 9486//5475
f 9492//5475 9493//5475 9486//5475
f 9486//5475 9493//5475 9487//5475
f 9493//5475 9494//5475 9487//5475
f 9487//5475 9494//5475 9488//5475
f 9494//5475 9495//5475 9488//5475
f 9488//5475 9495//5475 9489//5475
f 9495//5475 9496//5475 9489//5475
f 9490//5475 9497//5475 9491//5475
f 9497//5475 9498//5475 9491//5475
f 9491//5475 9498//5475 9492//5475
f 9498//5475 9499//5475 9492//5475
f 9492//5475 9499//5475 9493//5475
f 9499//5475 9500//5475 9493//5475
f 9493//5475 9500//5475 9494//5475
f 9500//5475 9501//5475 9494//5475
f 9494//5475 9501//5475 9495//5475
f 9501//5475 9502//5475 9495//5475
f 9495//5475 9502//5475 9496//5475
f 9502//5475 9503//5475 9496//5475
f 9497//5475 9504//5475 9498//5475
f 9504//5475 9505//5475 9498//5475
f 9498//5475 9505//5475 9499//5475
f 9505//5475 9506//5475 9499//5475
f 9499//5475 9506//5475 9500//5475
f 9506//5475 9507//5475 9500//5475
f 9500//5475 9507//5475 9501//5475
f 9507//5475 9508//5475 9501//5475
f 9501//5475 9508//5475 9502//5475
f 9508//5475 9509//5475 9502//5475
f 9502//5475 9509//5475 9503//5475
f 9509//5475 9510//5475 9503//5475
f 9504//5475 9511//5475 9505//5475
f 9511//5475 9512//5475 9505//5475
f 9505//5475 9512//5475 9506//5475
f 9512//5475 9513//5475 9506//5475
f 9506//5475 9513//5475 9507//5475
f 9513//5475 9514//5475 9507//5475
f 9507//5475 9514//5475 9508//5475
f 9514//5475 9515//5475 9508//5475
f 9508//5475 9515//5475 9509//5475
f 9515//5475 9516//5475 9509//5475
f 9509//5475 9516//5475 9510//5475
f 9516//5475 9517//5475 9510//5475
f 9511//5475 9518//5475 9512//5475
f 9518//5475 9519//5475 9512//5475
f 9512//5475 9519//5475 9513//5475
f 9519//5475 9520//5475 9513//5475
f 9513//5475 9520//5475 9514//5475
f 9520//5475 9521//5475 9514//5475
f 9514//5475 9521//5475 9515//5475
f 9521//5475 9522//5475 9515//5475
f 9515//5475 9522//5475 9516//5475
f 9522//5475 9523//5475 9516//5475
f 9516//5475 9523//5475 9517//5475
f 9523//5475 9524//5475 9517//5475
f 9518//5475 9525//5475 9519//5475
f 9525//5475 9526//5475 9519//5475
f 9519//5475 9526//5475 9520//5475
f 9526//5475 9527//5475 9520//5475
f 9520//5475 9527//5475 9521//5475
f 9527//5475 9528//5475 9521//5475
f 9521//5475 9528//5475 9522//5475
f 9528//5475 9529//5475 9522//5475
f 9522//5475 9529//5475 9523//5475
f 9529//5475 9530//5475 9523//5475
f 9523//5475 9530//5475 9524//5475
f 9530//5475 9531//5475 9524//5475
f 9532//5476 9539//5476 9533//5476
f 9539//5476 9540//5476 9533//5476
f 9533//5476 9540//5476 9534//5476
f 9540//5476 9541//5476 9534//5476
f 9534//5476 9541//5476 9535//5476
f 9541//5476 9542//5476 9535//5476
f 9535//5476 9542//5476 9536//5476
f 9542//5476 9543//5476 9536//5476
f 9536//5476 9543//5476 9537//5476
f 9543//5476 9544//5476 9537//5476
f 9537//5476 9544//5476 9538//5476
f 9544//5476 9545//5476 9538//5476
f 9539//5476 9546//5476 9540//5476
f 9546//5476 9547//5476 9540//5476
f 9540//5476 9547//5476 9541//5476
f 9547//5476 9548//5476 9541//5476
f 9541//5476 9548//5476 9542//5476
f 9548//5476 9549//5476 9542//5476
f 9542//5476 9549//5476 9543//5476
f 9549//5476 9550//5476 9543//5476
f 9543//5476 9550//5476 9544//5476
f 9550//5476 9551//5476 9544//5476
f 9544//5476 9551//5476 9545//5476
f 9551//5476 9552//5476 9545//5476
f 9546//5476 9553//5476 9547//5476
f 9553//5476 9554//5476 9547//5476
f 9547//5476 9554//5476 9548//5476
f 9554//5476 9555//5476 9548//5476
f 9548//5476 9555//5476 9549//5476
f 9555//5476 9556//5476 9549//5476
f 9549//5476 9556//5476 9550//5476
f 9556//5476 9557//5476 9550//5476
f 9550//5476 9557//5476 9551//5476
f 9557//5476 9558//5476 9551//5476
f 9551//5476 9558//5476 9552//5476
f 9558//5476 9559//5476 9552//5476
f 9553//5476 9560//5476 9554//5476
f 9560//5476 9561//5476 9554//5476
f 9554//5476 9561//5476 9555//5476
f 9561//5476 9562//5476 9555//5476
f 9555//5476 9562//5476 9556//5476
f 9562//5476 9563//5476 9556//5476
f 9556//5476 9563//5476 9557//5476
f 9563//5476 9564//5476 9557//5476
f 9557//5476 9564//5476 9558//5476
f 9564//5476 9565//5476 9558//5476
f 9558//5476 9565//5476 9559//5476
f 9565//5476 9566//5476 9559//5476
f 9560//5476 9567//5476 9561//5476
f 9567//5476 9568//5476 9561//5476
f 9561//5476 9568//5476 9562//5476
f 9568//5476 9569//5476 9562//5476
f 9562//5476 9569//5476 9563//5476
f 9569//5476 9570//5476 9563//5476
f 9563//5476 9570//5476 9564//5476
f 9570//5476 9571//5476 9564//5476
f 9564//5476 9571//5476 9565//5476
f 9571//5476 9572//5476 9565//5476
f 9565//5476 9572//5476 9566//5476
f 9572//5476 9573//5476 9566//5476
f 9567//5476 9574//5476 9568//5476
f 9574//5476 9575//5476 9568//5476
f 9568//5476 9575//5476 9569//5476
f 9575//5476 9576//5476 9569//5476
f 9569//5476 9576//5476 9570//5476
f 9576//5476 9577//5476 9570//5476
f 9570//5476 9577//5476 9571//5476
f 9577//5476 9578//5476 9571//5476
f 9571//5476 9578//5476 9572//5476
f 9578//5476 9579//5476 9572//5476
f 9572//5476 9579//5476 9573//5476
f 9579//5476 9580//5476 9573//5476
o Hauer
usemtl ivory_1
f 9581//6917 9588//6917 9582//6917
f 9588//6918 9589//6918 9582//6918
f 9582//6919 9589//6919 9583//6919
f 9589//6920 9590//6920 9583//6920
f 9583//6921 9590//6921 9584//6921
f 9590//6922 9591//6922 9584//6922
f 9584//6923 9591//6923 9585//6923
f 9591//6924 9592//6924 9585//6924
f 9585//6925 9592//6925 9586//6925
f 9592//6926 9593//6926 9586//6926
f 9586//6927 9593//6927 9587//6927
f 9593//6928 9594//6928 9587//6928
f 9588//6929 9595//6929 9589//6929
f 9595//6930 9596//6930 9589//6930
f 9589//6931 9596//6931 9590//6931
f 9596//6932 9597//6932 9590//6932
f 9590//6933 9597//6933 9591//6933
f 9597//6934 9598//6934 9591//6934
f 9591//6935 9598//6935 9592//6935
f 9598//6936 9599//6936 9592//6936
f 9592//6937 9599//6937 9593//6937
f 9599//6938 9600//6938 9593//6938
f 9593//6939 9600//6939 9594//6939
f 9600//6940 9601//6940 9594//6940
f 9595//6941 9602//6941 9596//6941
f 9602//6942 9603//6942 9596//6942
f 9596//6943 9603//6943 9597//6943
f 9603//6944 9604//6944 9597//6944
f 9597//6945 9604//6945 9598//6945
f 9604//6946 9605//6946 9598//6946
f 9598//6947 9605//6947 9599//6947
f 9605//6948 9606//6948 9599//6948
f 9599//6949 9606//6949 9600//6949
f 9606//6950 9607//6950 9600//6950
f 9600//6951 9607//6951 9601//6951
f 9607//6952 9608//6952 9601//6952
f 9602//6953 9609//6953 9603//6953
f 9609//6954 9610//6954 9603//6954
f 9603//6955 9610//6955 9604//6955
f 9610//6956 9611//6956 9604//6956
f 9604//6957 9611//6957 9605//6957
f 9611//6958 9612//6958 9605//6958
f 9605//6959 9612//6959 9606//6959
f 9612//6960 9613//6960 9606//6960
f 9606//6961 9613//6961 9607//6961
f 9613//6962 9614//6962 9607//6962
f 9607//6963 9614//6963 9608//6963
f 9614//6964 9615//6964 9608//6964
f 9609//6965 9616//6965 9610//6965
f 9616//6966 9617//6966 9610//6966
f 9610//6967 9617//6967 9611//6967
f 9617//6968 9618//6968 9611//6968
f 9611//6969 9618//6969 9612//6969
f 9618//6970 9619//6970 9612//6970
f 9612//6971 9619//6971 9613//6971
f 9619//6972 9620//6972 9613//6972
f 9613//6973 9620//6973 9614//6973
f 9620//6974 9621//6974 9614//6974
f 9614//6975 9621//6975 9615//6975
f 9621//6976 9622//6976 9615//6976
f 9616//6977 9623//6977 9617//6977
f 9623//6978 9624//6978 9617//6978
f 9617//6979 9624//6979 9618//6979
f 9624//6980 9625//6980 9618//6980
f 9618//6981 9625//6981 9619//6981
f 9625//6982 9626//6982 9619//6982
f 9619//6983 9626//6983 9620//6983
f 9626//6984 9627//6984 9620//6984
f 9620//6985 9627//6985 9621//6985
f 9627//6986 9628//6986 9621//6986
f 9621//6987 9628//6987 9622//6987
f 9628//6988 9629//6988 9622//6988
f 9630//6989 9637//6989 9631//6989
f 9637//6990 9638//6990 9631//6990
f 9631//6991 9638//6991 9632//6991
f 9638//6992 9639//6992 9632//6992
f 9632//6993 9639//6993 9633//6993
f 9639//6994 9640//6994 9633//6994
f 9633//6995 9640//6995 9634//6995
f 9640//6996 9641//6996 9634//6996
f 9634//6997 9641//6997 9635//6997
f 9641//6998 9642//6998 9635//6998
f 9635//6999 9642//6999 9636//6999
f 9642//7000 9643//7000 9636//7000
f 9637//7001 9644//7001 9638//7001
f 9644//7002 9645//7002 9638//7002
f 9638//7003 9645//7003 9639//7003
f 9645//7004 9646//7004 9639//7004
f 9639//7005 9646//7005 9640//7005
f 9646//7006 9647//7006 9640//7006
f 9640//7007 9647//7007 9641//7007
f 9647//7008 9648//7008 9641//7008
f 9641//7009 9648//7009 9642//7009
f 9648//7010 9649//7010 9642//7010
f 9642//7011 9649//7011 9643//7011
f 9649//7012 9650//7012 9643//7012
f 9644//7013 9651//7013 9645//7013
f 9651//7014 9652//7014 9645//7014
f 9645//7015 9652//7015 9646//7015
f 9652//7016 9653//7016 9646//7016
f 9646//7017 9653//7017 9647//7017
f 9653//7018 9654//7018 9647//7018
f 9647//7019 9654//7019 9648//7019
f 9654//7020 9655//7020 9648//7020
f 9648//7021 9655//7021 9649//7021
f 9655//7022 9656//7022 9649//7022
f 9649//7023 9656//7023 9650//7023
f 9656//7024 9657//7024 9650//7024
f 9651//7025 9658//7025 9652//7025
f 9658//7026 9659//7026 9652//7026
f 9652//7027 9659//7027 9653//7027
f 9659//7028 9660//7028 9653//7028
f 9653//7029 9660//7029 9654//7029
f 9660//7030 9661//7030 9654//7030
f 9654//7031 9661//7031 9655//7031
f 9661//7032 9662//7032 9655//7032
f 9655//7033 9662//7033 9656//7033
f 9662//7034 9663//7034 9656//7034
f 9656//7035 9663//7035 9657//7035
f 9663//7036 9664//7036 9657//7036
f 9658//7037 9665//7037 9659//7037
f 9665//7038 9666//7038 9659//7038
f 9659//7039 9666//7039 9660//7039
f 9666//7040 9667//7040 9660//7040
f 9660//7041 9667//7041 9661//7041
f 9667//7042 9668//7042 9661//7042
f 9661//7043 9668//7043 9662//7043
f 9668//7044 9669//7044 9662//7044
f 9662//7045 9669//7045 9663//7045
f 9669//7046 9670//7046 9663//7046
f 9663//7047 9670//7047 9664//7047
f 9670//7048 9671//7048 9664//7048
f 9665//7049 9672//7049 9666//7049
f 9672//7050 9673//7050 9666//7050
f 9666//7051 9673//7051 9667//7051
f 9673//7052 9674//7052 9667//7052
f 9667//7053 9674//7053 9668//7053
f 9674//7054 9675//7054 9668//7054
f 9668//7055 9675//7055 9669//7055
f 9675//7056 9676//7056 9669//7056
f 9669//7057 9676//7057 9670//7057
f 9676//7058 9677//7058 9670//7058
f 9670//7059 9677//7059 9671//7059
f 9677//7060 9678//7060 9671//7060
f 9679//7061 9686//7061 9680//7061
f 9686//7062 9687//7062 9680//7062
f 9680//7063 9687//7063 9681//7063
f 9687//7064 9688//7064 9681//7064
f 9681//7065 9688//7065 9682//7065
f 9688//7066 9689//7066 9682//7066
f 9682//7067 9689//7067 9683//7067
f 9689//7068 9690//7068 9683//7068
f 9683//7069 9690//7069 9684//7069
f 9690//7070 9691//7070 9684//7070
f 9684//7071 9691//7071 9685//7071
f 9691//7072 9692//7072 9685//7072
f 9686//7073 9693//7073 9687//7073
f 9693//7074 9694//7074 9687//7074
f 9687//7075 9694//7075 9688//7075
f 9694//7076 9695//7076 9688//7076
f 9688//7077 9695//7077 9689//7077
f 9695//7078 9696//7078 9689//7078
f 9689//7079 9696//7079 9690//7079
f 9696//7080 9697//7080 9690//7080
f 9690//7081 9697//7081 9691//7081
f 9697//7082 9698//7082 9691//7082
f 9691//7083 9698//7083 9692//7083
f 9698//7084 9699//7084 9692//7084
f 9693//7085 9700//7085 9694//7085
f 9700//7086 9701//7086 9694//7086
f 9694//7087 9701//7087 9695//7087
f 9701//7088 9702//7088 9695//7088
f 9695//7089 9702//7089 9696//7089
f 9702//7090 9703//7090 9696//7090
f 9696//7091 9703//7091 9697//7091
f 9703//7092 9704//7092 9697//7092
f 9697//7093 9704//7093 9698//7093
f 9704//7094 9705//7094 9698//7094
f 9698//7095 9705//7095 9699//7095
f 9705//7096 9706//7096 9699//7096
f 9700//7097 9707//7097 9701//7097
f 9707//7098 9708//7098 9701//7098
f 9701//7099 9708//7099 9702//7099
f 9708//7100 9709//7100 9702//7100
f 9702//7101 9709//7101 9703//7101
f 9709//7102 9710//7102 9703//7102
f 9703//7103 9710//7103 9704//7103
f 9710//7104 9711//7104 9704//7104
f 9704//7105 9711//7105 9705//7105
f 9711//7106 9712//7106 9705//7106
f 9705//7107 9712//7107 9706//7107
f 9712//7108 9713//7108 9706//7108
f 9707//7109 9714//7109 9708//7109
f 9714//7110 9715//7110 9708//7110
f 9708//7111 9715//7111 9709//7111
f 9715//7112 9716//7112 9709//7112
f 9709//7113 9716//7113 9710//7113
f 9716//7114 9717//7114 9710//7114
f 9710//7115 9717//7115 9711//7115
f 9717//7116 9718//7116 9711//7116
f 9711//7117 9718//7117 9712//7117
f 9718//7118 9719//7118 9712//7118
f 9712//7119 9719//7119 9713//7119
f 9719//7120 9720//7120 9713//7120
f 9714//7121 9721//7121 9715//7121
f 9721//7122 9722//7122 9715//7122
f 9715//7123 9722//7123 9716//7123
f 9722//7124 9723//7124 9716//7124
f 9716//7125 9723//7125 9717//7125
f 9723//7126 9724//7126 9717//7126
f 9717//7127 9724//7127 9718//7127
f 9724//7128 9725//7128 9718//7128
f 9718//7129 9725//7129 9719//7129
f 9725//7130 9726//7130 9719//7130
f 9719//7131 9726//7131 9720//7131
f 9726//7132 9727//7132 9720//7132
f 9728//7133 9735//7133 9729//7133
f 9735//7134 9736//7134 9729//7134
f 9729//7135 9736//7135 9730//7135
f 9736//7136 9737//7136 9730//7136
f 9730//7137 9737//7137 9731//7137
f 9737//7138 9738//7138 9731//7138
f 9731//7139 9738//7139 9732//7139
f 9738//7140 9739//7140 9732//7140
f 9732//7141 9739//7141 9733//7141
f 9739//7142 9740//7142 9733//7142
f 9733//7143 9740//7143 9734//7143
f 9740//7144 9741//7144 9734//7144
f 9735//7145 9742//7145 9736//7145
f 9742//7146 9743//7146 9736//7146
f 9736//7147 9743//7147 9737//7147
f 9743//7148 9744//7148 9737//7148
f 9737//7149 9744//7149 9738//7149
f 9744//7150 9745//7150 9738//7150
f 9738//7151 9745//7151 9739//7151
f 9745//7152 9746//7152 9739//7152
f 9739//7153 9746//7153 9740//7153
f 9746//7154 9747//7154 9740//7154
f 9740//7155 9747//7155 9741//7155
f 9747//7156 9748//7156 9741//7156
f 9742//7157 9749//7157 9743//7157
f 9749//7158 9750//7158 9743//7158
f 9743//7159 9750//7159 9744//7159
f 9750//7160 9751//7160 9744//7160
f 9744//7161 9751//7161 9745//7161
f 9751//7162 9752//7162 9745//7162
f 9745//7163 9752//7163 9746//7163
f 9752//7164 9753//7164 9746//7164
f 9746//7165 9753//7165 9747//7165
f 9753//7166 9754//7166 9747//7166
f 9747//7167 9754//7167 9748//7167
f 9754//7168 9755//7168 9748//7168
f 9749//7169 9756//7169 9750//7169
f 9756//7170 9757//7170 9750//7170
f 9750//7171 9757//7171 9751//7171
f 9757//7172 9758//7172 9751//7172
f 9751//7173 9758//7173 9752//7173
f 9758//7174 9759//7174 9752//7174
f 9752//7175 9759//7175 9753//7175
f 9759//7176 9760//7176 9753//7176
f 9753//7177 9760//7177 9754//7177
f 9760//7178 9761//7178 9754//7178
f 9754//7179 9761//7179 9755//7179
f 9761//7180 9762//7180 9755//7180
f 9756//7181 9763//7181 9757//7181
f 9763//7182 9764//7182 9757//7182
f 9757//7183 9764//7183 9758//7183
f 9764//7184 9765//7184 9758//7184
f 9758//7185 9765//7185 9759//7185
f 9765//7186 9766//7186 9759//7186
f 9759//7187 9766//7187 9760//7187
f 9766//7188 9767//7188 9760//7188
f 9760//7189 9767//7189 9761//7189
f 9767//7190 9768//7190 9761//7190
f 9761//7191 9768//7191 9762//7191
f 9768//7192 9769//7192 9762//7192
f 9763//7193 9770//7193 9764//7193
f 9770//7194 9771//7194 9764//7194
f 9764//7195 9771//7195 9765//7195
f 9771//7196 9772//7196 9765//7196
f 9765//7197 9772//7197 9766//7197
f 9772//7198 9773//7198 9766//7198
f 9766//7199 9773//7199 9767//7199
f 9773//7200 9774//7200 9767//7200
f 9767//7201 9774//7201 9768//7201
f 9774//7202 9775//7202 9768//7202
f 9768//7203 9775//7203 9769//7203
f 9775//7204 9776//7204 9769//7204
f 9777//7205 9784//7205 9778//7205
f 9784//7205 9785//7205 9778//7205
f 9778//7205 9785//7205 9779//7205
f 9785//7205 9786//7205 9779//7205
f 9779//7205 9786//7205 9780//7205
f 9786//7205 9787//7205 9780//7205
f 9780//7205 9787//7205 9781//7205
f 9787//7205 9788//7205 9781//7205
f 9781//7205 9788//7205 9782//7205
f 9788//7205 9789//7205 9782//7205
f 9782//7205 9789//7205 9783//7205
f 9789//7205 9790//7205 9783//7205
f 9784//7205 9791//7205 9785//7205
f 9791//7205 9792//7205 9785//7205
f 9785//7205 9792//7205 9786//7205
f 9792//7205 9793//7205 9786//7205
f 9786//7205 9793//7205 9787//7205
f 9793//7205 9794//7205 9787//7205
f 9787//7205 9794//7205 9788//7205
f 9794//7205 9795//7205 9788//7205
f 9788//7205 9795//7205 9789//7205
f 9795//7205 9796//7205 9789//7205
f 9789//7205 9796//7205 9790//7205
f 9796//7205 9797//7205 9790//7205
f 9791//7205 9798//7205 9792//7205
f 9798//7205 9799//7205 9792//7205
f 9792//7205 9799//7205 9793//7205
f 9799//7205 9800//7205 9793//7205
f 9793//7205 9800//7205 9794//7205
f 9800//7205 9801//7205 9794//7205
f 9794//7205 9801//7205 9795//7205
f 9801//7205 9802//7205 9795//7205
f 9795//7205 9802//7205 9796//7205
f 9802//7205 9803//7205 9796//7205
f 9796//7205 9803//7205 9797//7205
f 9803//7205 9804//7205 9797//7205
f 9798//7205 9805//7205 9799//7205
f 9805//7205 9806//7205 9799//7205
f 9799//7205 9806//7205 9800//7205
f 9806//7205 9807//7205 9800//7205
f 9800//7205 9807//7205 9801//7205
f 9807//7205 9808//7205 9801//7205
f 9801//7205 9808//7205 9802//7205
f 9808//7205 9809//7205 9802//7205
f 9802//7205 9809//7205 9803//7205
f 9809//7205 9810//7205 9803//7205
f 9803//7205 9810//7205 9804//7205
f 9810//7205 9811//7205 9804//7205
f 9805//7205 9812//7205 9806//7205
f 9812//7205 9813//7205 9806//7205
f 9806//7205 9813//7205 9807//7205
f 9813//7205 9814//7205 9807//7205
f 9807//7205 9814//7205 9808//7205
f 9814//7205 9815//7205 9808//7205
f 9808//7205 9815//7205 9809//7205
f 9815//7205 9816//7205 9809//7205
f 9809//7205 9816//7205 9810//7205
f 9816//7205 9817//7205 9810//7205
f 9810//7205 9817//7205 9811//7205
f 9817//7205 9818//7205 9811//7205
f 9812//7205 9819//7205 9813//7205
f 9819//7205 9820//7205 9813//7205
f 9813//7205 9820//7205 9814//7205
f 9820//7205 9821//7205 9814//7205
f 9814//7205 9821//7205 9815//7205
f 9821//7205 9822//7205 9815//7205
f 9815//7205 9822//7205 9816//7205
f 9822//7205 9823//7205 9816//7205
f 9816//7205 9823//7205 9817//7205
f 9823//7205 9824//7205 9817//7205
f 9817//7205 9824//7205 9818//7205
f 9824//7205 9825//7205 9818//7205
f 9826//7206 9833//7206 9827//7206
f 9833//7206 9834//7206 9827//7206
f 9827//7206 9834//7206 9828//7206
f 9834//7206 9835//7206 9828//7206
f 9828//7206 9835//7206 9829//7206
f 9835//7206 9836//7206 9829//7206
f 9829//7206 9836//7206 9830//7206
f 9836//7206 9837//7206 9830//7206
f 9830//7206 9837//7206 9831//7206
f 9837//7206 9838//7206 9831//7206
f 9831//7206 9838//7206 9832//7206
f 9838//7206 9839//7206 9832//7206
f 9833//7206 9840//7206 9834//7206
f 9840//7206 9841//7206 9834//7206
f 9834//7206 9841//7206 9835//7206
f 9841//7206 9842//7206 9835//7206
f 9835//7206 9842//7206 9836//7206
f 9842//7206 9843//7206 9836//7206
f 9836//7206 9843//7206 9837//7206
f 9843//7206 9844//7206 9837//7206
f 9837//7206 9844//7206 9838//7206
f 9844//7206 9845//7206 9838//7206
f 9838//7206 9845//7206 9839//7206
f 9845//7206 9846//7206 9839//7206
f 9840//7206 9847//7206 9841//7206
f 9847//7206 9848//7206 9841//7206
f 9841//7206 9848//7206 9842//7206
f 9848//7206 9849//7206 9842//7206
f 9842//7206 9849//7206 9843//7206
f 9849//7206 9850//7206 9843//7206
f 9843//7206 9850//7206 9844//7206
f 9850//7206 9851//7206 9844//7206
f 9844//7206 9851//7206 9845//7206
f 9851//7206 9852//7206 9845//7206
f 9845//7206 9852//7206 9846//7206
f 9852//7206 9853//7206 9846//7206
f 9847//7206 9854//7206 9848//7206
f 9854//7206 9855//7206 9848//7206
f 9848//7206 9855//7206 9849//7206
f 9855//7206 9856//7206 9849//7206
f 9849//7206 9856//7206 9850//7206
f 9856//7206 9857//7206 9850//7206
f 9850//7206 9857//7206 9851//7206
f 9857//7206 9858//7206 9851//7206
f 9851//7206 9858//7206 9852//7206
f 9858//7206 9859//7206 9852//7206
f 9852//7206 9859//7206 9853//7206
f 9859//7206 9860//7206 9853//7206
f 9854//7206 9861//7206 9855//7206
f 9861//7206 9862//7206 9855//7206
f 9855//7206 9862//7206 9856//7206
f 9862//7206 9863//7206 9856//7206
f 9856//7206 9863//7206 9857//7206
f 9863//7206 9864//7206 9857//7206
f 9857//7206 9864//7206 9858//7206
f 9864//7206 9865//7206 9858//7206
f 9858//7206 9865//7206 9859//7206
f 9865//7206 9866//7206 9859//7206
f 9859//7206 9866//7206 9860//7206
f 9866//7206 9867//7206 9860//7206
f 9861//7206 9868//7206 9862//7206
f 9868//7206 9869//7206 9862//7206
f 9862//7206 9869//7206 9863//7206
f 9869//7206 9870//7206 9863//7206
f 9863//7206 9870//7206 9864//7206
f 9870//7206 9871//7206 9864//7206
f 9864//7206 9871//7206 9865//7206
f 9871//7206 9872//7206 9865//7206
f 9865//7206 9872//7206 9866//7206
f 9872//7206 9873//7206 9866//7206
f 9866//7206 9873//7206 9867//7206
f 9873//7206 9874//7206 9867//7206
f 9875//7207 9882//7207 9876//7207
f 9882//7208 9883//7208 9876//7208
f 9876//7209 9883//7209 9877//7209
f 9883//7210 9884//7210 9877//7210
f 9877//7211 9884//7211 9878//7211
f 9884//7212 9885//7212 9878//7212
f 9878//7213 9885//7213 9879//7213
f 9885//7214 9886//7214 9879//7214
f 9879//7215 9886//7215 9880//7215
f 9886//7216 9887//7216 9880//7216
f 9880//7217 9887//7217 9881//7217
f 9887//7218 9888//7218 9881//7218
f 9882//7219 9889//7219 9883//7219
f 9889//7220 9890//7220 9883//7220
f 9883//7221 9890//7221 9884//7221
f 9890//7222 9891//7222 9884//7222
f 9884//7223 9891//7223 9885//7223
f 9891//7224 9892//7224 9885//7224
f 9885//7225 9892//7225 9886//7225
f 9892//7226 9893//7226 9886//7226
f 9886//7227 9893//7227 9887//7227
f 9893//7228 9894//7228 9887//7228
f 9887//7229 9894//7229 9888//7229
f 9894//7230 9895//7230 9888//7230
f 9889//7231 9896//7231 9890//7231
f 9896//7232 9897//7232 9890//7232
f 9890//7233 9897//7233 9891//7233
f 9897//7234 9898//7234 9891//7234
f 9891//7235 9898//7235 9892//7235
f 9898//7236 9899//7236 9892//7236
f 9892//7237 9899//7237 9893//7237
f 9899//7238 9900//7238 9893//7238
f 9893//7239 9900//7239 9894//7239
f 9900//7240 9901//7240 9894//7240
f 9894//7241 9901//7241 9895//7241
f 9901//7242 9902//7242 9895//7242
f 9896//7243 9903//7243 9897//7243
f 9903//7244 9904//7244 9897//7244
f 9897//7245 9904//7245 9898//7245
f 9904//7246 9905//7246 9898//7246
f 9898//7247 9905//7247 9899//7247
f 9905//7248 9906//7248 9899//7248
f 9899//7249 9906//7249 9900//7249
f 9906//7250 9907//7250 9900//7250
f 9900//7251 9907//7251 9901//7251
f 9907//7252 9908//7252 9901//7252
f 9901//7253 9908//7253 9902//7253
f 9908//7254 9909//7254 9902//7254
f 9903//7255 9910//7255 9904//7255
f 9910//7256 9911//7256 9904//7256
f 9904//7257 9911//7257 9905//7257
f 9911//7258 9912//7258 9905//7258
f 9905//7259 9912//7259 9906//7259
f 9912//7260 9913//7260 9906//7260
f 9906//7261 9913//7261 9907//7261
f 9913//7262 9914//7262 9907//7262
f 9907//7263 9914//7263 9908//7263
f 9914//7264 9915//7264 9908//7264
f 9908//7265 9915//7265 9909//7265
f 9915//7266 9916//7266 9909//7266
f 9910//7267 9917//7267 9911//7267
f 9917//7268 9918//7268 9911//7268
f 9911//7269 9918//7269 9912//7269
f 9918//7270 9919//7270 9912//7270
f 9912//7271 9919//7271 9913//7271
f 9919//7272 9920//7272 9913//7272
f 9913//7273 9920//7273 9914//7273
f 9920//7274 9921//7274 9914//7274
f 9914//7275 9921//7275 9915//7275
f 9921//7276 9922//7276 9915//7276
f 9915//7277 9922//7277 9916//7277
f 9922//7278 9923//7278 9916//7278
f 9924//7279 9931//7279 9925//7279
f 9931//7280 9932//7280 9925//7280
f 9925//7281 9932//7281 9926//7281
f 9932//7282 9933//7282 9926//7282
f 9926//7283 9933//7283 9927//7283
f 9933//7284 9934//7284 9927//7284
f 9927//7285 9934//7285 9928//7285
f 9934//7286 9935//7286 9928//7286
f 9928//7287 9935//7287 9929//7287
f 9935//7288 9936//7288 9929//7288
f 9929//7289 9936//7289 9930//7289
f 9936//7290 9937//7290 9930//7290
f 9931//7291 9938//7291 9932//7291
f 9938//7292 9939//7292 9932//7292
f 9932//7293 9939//7293 9933//7293
f 9939//7294 9940//7294 9933//7294
f 9933//7295 9940//7295 9934//7295
f 9940//7296 9941//7296 9934//7296
f 9934//7297 9941//7297 9935//7297
f 9941//7298 9942//7298 9935//7298
f 9935//7299 9942//7299 9936//7299
f 9942//7300 9943//7300 9936//7300
f 9936//7301 9943//7301 9937//7301
f 9943//7302 9944//7302 9937//7302
f 9938//7303 9945//7303 9939//7303
f 9945//7304 9946//7304 9939//7304
f 9939//7305 9946//7305 9940//7305
f 9946//7306 9947//7306 9940//7306
f 9940//7307 9947//7307 9941//7307
f 9947//7308 9948//7308 9941//7308
f 9941//7309 9948//7309 9942//7309
f 9948//7310 9949//7310 9942//7310
f 9942//7311 9949//7311 9943//7311
f 9949//7312 9950//7312 9943//7312
f 9943//7313 9950//7313 9944//7313
f 9950//7314 9951//7314 9944//7314
f 9945//7315 9952//7315 9946//7315
f 9952//7316 9953//7316 9946//7316
f 9946//7317 9953//7317 9947//7317
f 9953//7318 9954//7318 9947//7318
f 9947//7319 9954//7319 9948//7319
f 9954//7320 9955//7320 9948//7320
f 9948//7321 9955//7321 9949//7321
f 9955//7322 9956//7322 9949//7322
f 9949//7323 9956//7323 9950//7323
f 9956//7324 9957//7324 9950//7324
f 9950//7325 9957//7325 9951//7325
f 9957//7326 9958//7326 9951//7326
f 9952//7327 9959//7327 9953//7327
f 9959//7328 9960//7328 9953//7328
f 9953//7329 9960//7329 9954//7329
f 9960//7330 9961//7330 9954//7330
f 9954//7331 9961//7331 9955//7331
f 9961//7332 9962//7332 9955//7332
f 9955//7333 9962//7333 9956//7333
f 9962//7334 9963//7334 9956//7334
f 9956//7335 9963//7335 9957//7335
f 9963//7336 9964//7336 9957//7336
f 9957//7337 9964//7337 9958//7337
f 9964//7338 9965//7338 9958//7338
f 9959//7339 9966//7339 9960//7339
f 9966//7340 9967//7340 9960//7340
f 9960//7341 9967//7341 9961//7341
f 9967//7342 9968//7342 9961//7342
f 9961//7343 9968//7343 9962//7343
f 9968//7344 9969//7344 9962//7344
f 9962//7345 9969//7345 9963//7345
f 9969//7346 9970//7346 9963//7346
f 9963//7347 9970//7347 9964//7347
f 9970//7348 9971//7348 9964//7348
f 9964//7349 9971//7349 9965//7349
f 9971//7350 9972//7350 9965//7350
f 9973//7351 9980//7351 9974//7351
f 9980//7352 9981//7352 9974//7352
f 9974//7353 9981//7353 9975//7353
f 9981//7354 9982//7354 9975//7354
f 9975//7355 9982//7355 9976//7355
f 9982//7356 9983//7356 9976//7356
f 9976//7357 9983//7357 9977//7357
f 9983//7358 9984//7358 9977//7358
f 9977//7359 9984//7359 9978//7359
f 9984//7360 9985//7360 9978//7360
f 9978//7361 9985//7361 9979//7361
f 9985//7362 9986//7362 9979//7362
f 9980//7363 9987//7363 9981//7363
f 9987//7364 9988//7364 9981//7364
f 9981//7365 9988//7365 9982//7365
f 9988//7366 9989//7366 9982//7366
f 9982//7367 9989//7367 9983//7367
f 9989//7368 9990//7368 9983//7368
f 9983//7369 9990//7369 9984//7369
f 9990//7370 9991//7370 9984//7370
f 9984//7371 9991//7371 9985//7371
f 9991//7372 9992//7372 9985//7372
f 9985//7373 9992//7373 9986//7373
f 9992//7374 9993//7374 9986//7374
f 9987//7375 9994//7375 9988//7375
f 9994//7376 9995//7376 9988//7376
f 9988//7377 9995//7377 9989//7377
f 9995//7378 9996//7378 9989//7378
f 9989//7379 9996//7379 9990//7379
f 9996//7380 9997//7380 9990//7380
f 9990//7381 9997//7381 9991//7381
f 9997//7382 9998//7382 9991//7382
f 9991//7383 9998//7383 9992//7383
f 9998//7384 9999//7384 9992//7384
f 9992//7385 9999//7385 9993//7385
f 9999//7386 10000//7386 9993//7386
f 9994//7387 10001//7387 9995//7387
f 10001//7388 10002//7388 9995//7388
f 9995//7389 10002//7389 9996//7389
f 10002//7390 10003//7390 9996//7390
f 9996//7391 10003//7391 9997//7391
f 10003//7392 10004//7392 9997//7392
f 9997//7393 10004//7393 9998//7393
f 10004//7394 10005//7394 9998//7394
f 9998//7395 10005//7395 9999//7395
f 10005//7396 10006//7396 9999//7396
f 9999//7397 10006//7397 10000//7397
f 10006//7398 10007//7398 10000//7398
f 10001//7399 10008//7399 10002//7399
f 10008//7400 10009//7400 10002//7400
f 10002//7401 10009//7401 10003//7401
f 10009//7402 10010//7402 10003//7402
f 10003//7403 10010//7403 10004//7403
f 10010//7404 10011//7404 10004//7404
f 10004//7405 10011//7405 10005//7405
f 10011//7406 10012//7406 10005//7406
f 10005//7407 10012//7407 10006//7407
f 10012//7408 10013//7408 10006//7408
f 10006//7409 10013//7409 10007//7409
f 10013//7410 10014//7410 10007//7410
f 10008//7411 10015//7411 10009//7411
f 10015//7412 10016//7412 10009//7412
f 10009//7413 10016//7413 10010//7413
f 10016//7414 10017//7414 10010//7414
f 10010//7415 10017//7415 10011//7415
f 10017//7416 10018//7416 10011//7416
f 10011//7417 10018//7417 10012//7417
f 10018//7418 10019//7418 10012//7418
f 10012//7419 10019//7419 10013//7419
f 10019//7420 10020//7420 10013//7420
f 10013//7421 10020//7421 10014//7421
f 10020//7422 10021//7422 10014//7422
f 10022//7423 10029//7423 10023//7423
f 10029//7424 10030//7424 10023//7424
f 10023//7425 10030//7425 10024//7425
f 10030//7426 10031//7426 10024//7426
f 10024//7427 10031//7427 10025//7427
f 10031//7428 10032//7428 10025//7428
f 10025//7429 10032//7429 10026//7429
f 10032//7430 10033//7430 10026//7430
f 10026//7431 10033//7431 10027//7431
f 10033//7432 10034//7432 10027//7432
f 10027//7433 10034//7433 10028//7433
f 10034//7434 10035//7434 10028//7434
f 10029//7435 10036//7435 10030//7435
f 10036//7436 10037//7436 10030//7436
f 10030//7437 10037//7437 10031//7437
f 10037//7438 10038//7438 10031//7438
f 10031//7439 10038//7439 10032//7439
f 10038//7440 10039//7440 10032//7440
f 10032//7441 10039//7441 10033//7441
f 10039//7442 10040//7442 10033//7442
f 10033//7443 10040//7443 10034//7443
f 10040//7444 10041//7444 10034//7444
f 10034//7445 10041//7445 10035//7445
f 10041//7446 10042//7446 10035//7446
f 10036//7447 10043//7447 10037//7447
f 10043//7448 10044//7448 10037//7448
f 10037//7449 10044//7449 10038//7449
f 10044//7450 10045//7450 10038//7450
f 10038//7451 10045//7451 10039//7451
f 10045//7452 10046//7452 10039//7452
f 10039//7453 10046//7453 10040//7453
f 10046//7454 10047//7454 10040//7454
f 10040//7455 10047//7455 10041//7455
f 10047//7456 10048//7456 10041//7456
f 10041//7457 10048//7457 10042//7457
f 10048//7458 10049//7458 10042//7458
f 10043//7459 10050//7459 10044//7459
f 10050//7460 10051//7460 10044//7460
f 10044//7461 10051//7461 10045//7461
f 10051//7462 10052//7462 10045//7462
f 10045//7463 10052//7463 10046//7463
f 10052//7464 10053//7464 10046//7464
f 10046//7465 10053//7465 10047//7465
f 10053//7466 10054//7466 10047//7466
f 10047//7467 10054//7467 10048//7467
f 10054//7468 10055//7468 10048//7468
f 10048//7469 10055//7469 10049//7469
f 10055//7470 10056//7470 10049//7470
f 10050//7471 10057//7471 10051//7471
f 10057//7472 10058//7472 10051//7472
f 10051//7473 10058//7473 10052//7473
f 10058//7474 10059//7474 10052//7474
f 10052//7475 10059//7475 10053//7475
f 10059//7476 10060//7476 10053//7476
f 10053//7477 10060//7477 10054//7477
f 10060//7478 10061//7478 10054//7478
f 10054//7479 10061//7479 10055//7479
f 10061//7480 10062//7480 10055//7480
f 10055//7481 10062//7481 10056//7481
f 10062//7482 10063//7482 10056//7482
f 10057//7483 10064//7483 10058//7483
f 10064//7484 10065//7484 10058//7484
f 10058//7485 10065//7485 10059//7485
f 10065//7486 10066//7486 10059//7486
f 10059//7487 10066//7487 10060//7487
f 10066//7488 10067//7488 10060//7488
f 10060//7489 10067//7489 10061//7489
f 10067//7490 10068//7490 10061//7490
f 10061//7491 10068//7491 10062//7491
f 10068//7492 10069//7492 10062//7492
f 10062//7493 10069//7493 10063//7493
f 10069//7494 10070//7494 10063//7494
f 10071//7495 10078//7495 10072//7495
f 10078//7495 10079//7495 10072//7495
f 10072//7495 10079//7495 10073//7495
f 10079//7495 10080//7495 10073//7495
f 10073//7495 10080//7495 10074//7495
f 10080//7495 10081//7495 10074//7495
f 10074//7495 10081//7495 10075//7495
f 10081//7495 10082//7495 10075//7495
f 10075//7495 10082//7495 10076//7495
f 10082//7495 10083//7495 10076//7495
f 10076//7495 10083//7495 10077//7495
f 10083//7495 10084//7495 10077//7495
f 10078//7495 10085//7495 10079//7495
f 10085//7495 10086//7495 10079//7495
f 10079//7495 10086//7495 10080//7495
f 10086//7495 10087//7495 10080//7495
f 10080//7495 10087//7495 10081//7495
f 10087//7495 10088//7495 10081//7495
f 10081//7495 10088//7495 10082//7495
f 10088//7495 10089//7495 10082//7495
f 10082//7495 10089//7495 10083//7495
f 10089//7495 10090//7495 10083//7495
f 10083//7495 10090//7495 10084//7495
f 10090//7495 10091//7495 10084//7495
f 10085//7495 10092//7495 10086//7495
f 10092//7495 10093//7495 10086//7495
f 10086//7495 10093//7495 10087//7495
f 10093//7495 10094//7495 10087//7495
f 10087//7495 10094//7495 10088//7495
f 10094//7495 10095//7495 10088//7495
f 10088//7495 10095//7495 10089//7495
f 10095//7495 10096//7495 10089//7495
f 10089//7495 10096//7495 10090//7495
f 10096//7495 10097//7495 10090//7495
f 10090//7495 10097//7495 10091//7495
f 10097//7495 10098//7495 10091//7495
f 10092//7495 10099//7495 10093//7495
f 10099//7495 10100//7495 10093//7495
f 10093//7495 10100//7495 10094//7495
f 10100//7495 10101//7495 10094//7495
f 10094//7495 10101//7495 10095//7495
f 10101//7495 10102//7495 10095//7495
f 10095//7495 10102//7495 10096//7495
f 10102//7495 10103//7495 10096//7495
f 10096//7495 10103//7495 10097//7495
f 10103//7495 10104//7495 10097//7495
f 10097//7495 10104//7495 10098//7495
f 10104//7495 10105//7495 10098//7495
f 10099//7495 10106//7495 10100//7495
f 10106//7495 10107//7495 10100//7495
f 10100//7495 10107//7495 10101//7495
f 10107//7495 10108//7495 10101//7495
f 10101//7495 10108//7495 10102//7495
f 10108//7495 10109//7495 10102//7495
f 10102//7495 10109//7495 10103//7495
f 10109//7495 10110//7495 10103//7495
f 10103//7495 10110//7495 10104//7495
f 10110//7495 10111//7495 10104//7495
f 10104//7495 10111//7495 10105//7495
f 10111//7495 10112//7495 10105//7495
f 10106//7495 10113//7495 10107//7495
f 10113//7495 10114//7495 10107//7495
f 10107//7495 10114//7495 10108//7495
f 10114//7495 10115//7495 10108//7495
f 10108//7495 10115//7495 10109//7495
f 10115//7495 10116//7495 10109//7495
f 10109//7495 10116//7495 10110//7495
f 10116//7495 10117//7495 10110//7495
f 10110//7495 10117//7495 10111//7495
f 10117//7495 10118//7495 10111//7495
f 10111//7495 10118//7495 10112//7495
f 10118//7495 10119//7495 10112//7495
f 10120//7496 10127//7496 10121//7496
f 10127//7496 10128//7496 10121//7496
f 10121//7496 10128//7496 10122//7496
f 10128//7496 10129//7496 10122//7496
f 10122//7496 10129//7496 10123//7496
f 10129//7496 10130//7496 10123//7496
f 10123//7496 10130//7496 10124//7496
f 10130//7496 10131//7496 10124//7496
f 10124//7496 10131//7496 10125//7496
f 10131//7496 10132//7496 10125//7496
f 10125//7496 10132//7496 10126//7496
f 10132//7496 10133//7496 10126//7496
f 10127//7496 10134//7496 10128//7496
f 10134//7496 10135//7496 10128//7496
f 10128//7496 10135//7496 10129//7496
f 10135//7496 10136//7496 10129//7496
f 10129//7496 10136//7496 10130//7496
f 10136//7496 10137//7496 10130//7496
f 10130//7496 10137//7496 10131//7496
f 10137//7496 10138//7496 10131//7496
f 10131//7496 10138//7496 10132//7496
f 10138//7496 10139//7496 10132//7496
f 10132//7496 10139//7496 10133//7496
f 10139//7496 10140//7496 10133//7496
f 10134//7496 10141//7496 10135//7496
f 10141//7496 10142//7496 10135//7496
f 10135//7496 10142//7496 10136//7496
f 10142//7496 10143//7496 10136//7496
f 10136//7496 10143//7496 10137//7496
f 10143//7496 10144//7496 10137//7496
f 10137//7496 10144//7496 10138//7496
f 10144//7496 10145//7496 10138//7496
f 10138//7496 10145//7496 10139//7496
f 10145//7496 10146//7496 10139//7496
f 10139//7496 10146//7496 10140//7496
f 10146//7496 10147//7496 10140//7496
f 10141//7496 10148//7496 10142//7496
f 10148//7496 10149//7496 10142//7496
f 10142//7496 10149//7496 10143//7496
f 10149//7496 10150//7496 10143//7496
f 10143//7496 10150//7496 10144//7496
f 10150//7496 10151//7496 10144//7496
f 10144//7496 10151//7496 10145//7496
f 10151//7496 10152//7496 10145//7496
f 10145//7496 10152//7496 10146//7496
f 10152//7496 10153//7496 10146//7496
f 10146//7496 10153//7496 10147//7496
f 10153//7496 10154//7496 10147//7496
f 10148//7496 10155//7496 10149//7496
f 10155//7496 10156//7496 10149//7496
f 10149//7496 10156//7496 10150//7496
f 10156//7496 10157//7496 10150//7496
f 10150//7496 10157//7496 10151//7496
f 10157//7496 10158//7496 10151//7496
f 10151//7496 10158//7496 10152//7496
f 10158//7496 10159//7496 10152//7496
f 10152//7496 10159//7496 10153//7496
f 10159//7496 10160//7496 10153//7496
f 10153//7496 10160//7496 10154//7496
f 10160//7496 10161//7496 10154//7496
f 10155//7496 10162//7496 10156//7496
f 10162//7496 10163//7496 10156//7496
f 10156//7496 10163//7496 10157//7496
f 10163//7496 10164//7496 10157//7496
f 10157//7496 10164//7496 10158//7496
f 10164//7496 10165//7496 10158//7496
f 10158//7496 10165//7496 10159//7496
f 10165//7496 10166//7496 10159//7496
f 10159//7496 10166//7496 10160//7496
f 10166//7496 10167//7496 10160//7496
f 10160//7496 10167//7496 10161//7496
f 10167//7496 10168//7496 10161//7496
